connection_status,data_class,depth_rank_codes,edge_id,hazard_overlap_status,hazard_capability_status,inundation_depth_m,inundation_depth_reason,official_closure,scenario_state,source_class,official_closure_reason
NOT_CONNECTED,MODEL_DERIVED,,kyoto-arashiyama:osm-way-000022727319:nodes-000243776548-001215761678,NO_OVERLAP,NOT_CONNECTED,,A31b category codes are not converted to measured depth,,UNKNOWN,MODEL,The hazard polygon is not an official road-closure record
NOT_CONNECTED,MODEL_DERIVED,,kyoto-arashiyama:osm-way-000022727319:nodes-001215761678-003255952277,NO_OVERLAP,NOT_CONNECTED,,A31b category codes are not converted to measured depth,,UNKNOWN,MODEL,The hazard polygon is not an official road-closure record
NOT_CONNECTED,MODEL_DERIVED,,kyoto-arashiyama:osm-way-000022727319:nodes-003255952277-003832838076,NO_OVERLAP,NOT_CONNECTED,,A31b category codes are not converted to measured depth,,UNKNOWN,MODEL,The hazard polygon is not an official road-closure record
NOT_CONNECTED,MODEL_DERIVED,,kyoto-arashiyama:osm-way-000022727319:nodes-003832838076-014102818766,NO_OVERLAP,NOT_CONNECTED,,A31b category codes are not converted to measured depth,,UNKNOWN,MODEL,The hazard polygon is not an official road-closure record
NOT_CONNECTED,MODEL_DERIVED,,kyoto-arashiyama:osm-way-000022727319:nodes-013805963837-014102818766,NO_OVERLAP,NOT_CONNECTED,,A31b category codes are not converted to measured depth,,UNKNOWN,MODEL,The hazard polygon is not an official road-closure record
NOT_CONNECTED,MODEL_DERIVED,,kyoto-arashiyama:osm-way-000028640677:nodes-000243776546-004280313263,NO_OVERLAP,NOT_CONNECTED,,A31b category codes are not converted to measured depth,,UNKNOWN,MODEL,The hazard polygon is not an official road-closure record
NOT_CONNECTED,MODEL_DERIVED,,kyoto-arashiyama:osm-way-000047584105:nodes-000605405498-003256137075,NO_OVERLAP,NOT_CONNECTED,,A31b category codes are not converted to measured depth,,UNKNOWN,MODEL,The hazard polygon is not an official road-closure record
NOT_CONNECTED,MODEL_DERIVED,,kyoto-arashiyama:osm-way-000047584105:nodes-000605405565-011738078383,NO_OVERLAP,NOT_CONNECTED,,A31b category codes are not converted to measured depth,,UNKNOWN,MODEL,The hazard polygon is not an official road-closure record
NOT_CONNECTED,MODEL_DERIVED,,kyoto-arashiyama:osm-way-000047584105:nodes-000605405565-011738078384,NO_OVERLAP,NOT_CONNECTED,,A31b category codes are not converted to measured depth,,UNKNOWN,MODEL,The hazard polygon is not an official road-closure record
NOT_CONNECTED,MODEL_DERIVED,,kyoto-arashiyama:osm-way-000047584105:nodes-000605405572-011738078382,NO_OVERLAP,NOT_CONNECTED,,A31b category codes are not converted to measured depth,,UNKNOWN,MODEL,The hazard polygon is not an official road-closure record
NOT_CONNECTED,MODEL_DERIVED,,kyoto-arashiyama:osm-way-000047584105:nodes-000605405572-011738078383,NO_OVERLAP,NOT_CONNECTED,,A31b category codes are not converted to measured depth,,UNKNOWN,MODEL,The hazard polygon is not an official road-closure record
NOT_CONNECTED,MODEL_DERIVED,,kyoto-arashiyama:osm-way-000047584105:nodes-000605405580-000605405585,NO_OVERLAP,NOT_CONNECTED,,A31b category codes are not converted to measured depth,,UNKNOWN,MODEL,The hazard polygon is not an official road-closure record
NOT_CONNECTED,MODEL_DERIVED,,kyoto-arashiyama:osm-way-000047584105:nodes-000605405580-011738078381,NO_OVERLAP,NOT_CONNECTED,,A31b category codes are not converted to measured depth,,UNKNOWN,MODEL,The hazard polygon is not an official road-closure record
NOT_CONNECTED,MODEL_DERIVED,,kyoto-arashiyama:osm-way-000047584105:nodes-000605405585-012783555045,NO_OVERLAP,NOT_CONNECTED,,A31b category codes are not converted to measured depth,,UNKNOWN,MODEL,The hazard polygon is not an official road-closure record
NOT_CONNECTED,MODEL_DERIVED,,kyoto-arashiyama:osm-way-000047584105:nodes-000605405587-000605405589,NO_OVERLAP,NOT_CONNECTED,,A31b category codes are not converted to measured depth,,UNKNOWN,MODEL,The hazard polygon is not an official road-closure record
NOT_CONNECTED,MODEL_DERIVED,,kyoto-arashiyama:osm-way-000047584105:nodes-000605405587-012783555045,NO_OVERLAP,NOT_CONNECTED,,A31b category codes are not converted to measured depth,,UNKNOWN,MODEL,The hazard polygon is not an official road-closure record
NOT_CONNECTED,MODEL_DERIVED,,kyoto-arashiyama:osm-way-000047584105:nodes-000605405589-003256137075,NO_OVERLAP,NOT_CONNECTED,,A31b category codes are not converted to measured depth,,UNKNOWN,MODEL,The hazard polygon is not an official road-closure record
NOT_CONNECTED,MODEL_DERIVED,,kyoto-arashiyama:osm-way-000047584105:nodes-011738078381-011738078382,NO_OVERLAP,NOT_CONNECTED,,A31b category codes are not converted to measured depth,,UNKNOWN,MODEL,The hazard polygon is not an official road-closure record
NOT_CONNECTED,MODEL_DERIVED,,kyoto-arashiyama:osm-way-000047584215:nodes-000243776548-001215761721,NO_OVERLAP,NOT_CONNECTED,,A31b category codes are not converted to measured depth,,UNKNOWN,MODEL,The hazard polygon is not an official road-closure record
NOT_CONNECTED,MODEL_DERIVED,,kyoto-arashiyama:osm-way-000047584215:nodes-000605415027-000605415029,NO_OVERLAP,NOT_CONNECTED,,A31b category codes are not converted to measured depth,,UNKNOWN,MODEL,The hazard polygon is not an official road-closure record
NOT_CONNECTED,MODEL_DERIVED,,kyoto-arashiyama:osm-way-000047584215:nodes-000605415029-000605415031,NO_OVERLAP,NOT_CONNECTED,,A31b category codes are not converted to measured depth,,UNKNOWN,MODEL,The hazard polygon is not an official road-closure record
NOT_CONNECTED,MODEL_DERIVED,,kyoto-arashiyama:osm-way-000047584215:nodes-000605415031-011279693964,NO_OVERLAP,NOT_CONNECTED,,A31b category codes are not converted to measured depth,,UNKNOWN,MODEL,The hazard polygon is not an official road-closure record
NOT_CONNECTED,MODEL_DERIVED,,kyoto-arashiyama:osm-way-000047584215:nodes-000605415036-000605415039,NO_OVERLAP,NOT_CONNECTED,,A31b category codes are not converted to measured depth,,UNKNOWN,MODEL,The hazard polygon is not an official road-closure record
NOT_CONNECTED,MODEL_DERIVED,,kyoto-arashiyama:osm-way-000047584215:nodes-000605415036-001332356080,NO_OVERLAP,NOT_CONNECTED,,A31b category codes are not converted to measured depth,,UNKNOWN,MODEL,The hazard polygon is not an official road-closure record
NOT_CONNECTED,MODEL_DERIVED,,kyoto-arashiyama:osm-way-000047584215:nodes-000605415039-001215761721,NO_OVERLAP,NOT_CONNECTED,,A31b category codes are not converted to measured depth,,UNKNOWN,MODEL,The hazard polygon is not an official road-closure record
NOT_CONNECTED,MODEL_DERIVED,,kyoto-arashiyama:osm-way-000047584215:nodes-001332356080-011279693964,NO_OVERLAP,NOT_CONNECTED,,A31b category codes are not converted to measured depth,,UNKNOWN,MODEL,The hazard polygon is not an official road-closure record
NOT_CONNECTED,MODEL_DERIVED,,kyoto-arashiyama:osm-way-000059377343:nodes-000243776548-000736395941,NO_OVERLAP,NOT_CONNECTED,,A31b category codes are not converted to measured depth,,UNKNOWN,MODEL,The hazard polygon is not an official road-closure record
NOT_CONNECTED,MODEL_DERIVED,,kyoto-arashiyama:osm-way-000059377343:nodes-000736395941-004280313263,NO_OVERLAP,NOT_CONNECTED,,A31b category codes are not converted to measured depth,,UNKNOWN,MODEL,The hazard polygon is not an official road-closure record
NOT_CONNECTED,MODEL_DERIVED,,kyoto-arashiyama:osm-way-000059377344:nodes-000243776546-002200792879,NO_OVERLAP,NOT_CONNECTED,,A31b category codes are not converted to measured depth,,UNKNOWN,MODEL,The hazard polygon is not an official road-closure record
NOT_CONNECTED,MODEL_DERIVED,,kyoto-arashiyama:osm-way-000059377344:nodes-000310718798-001215761691,NO_OVERLAP,NOT_CONNECTED,,A31b category codes are not converted to measured depth,,UNKNOWN,MODEL,The hazard polygon is not an official road-closure record
NOT_CONNECTED,MODEL_DERIVED,,kyoto-arashiyama:osm-way-000059377344:nodes-000310718798-004080109906,NO_OVERLAP,NOT_CONNECTED,,A31b category codes are not converted to measured depth,,UNKNOWN,MODEL,The hazard polygon is not an official road-closure record
NOT_CONNECTED,MODEL_DERIVED,,kyoto-arashiyama:osm-way-000059377344:nodes-000736395961-004080109906,NO_OVERLAP,NOT_CONNECTED,,A31b category codes are not converted to measured depth,,UNKNOWN,MODEL,The hazard polygon is not an official road-closure record
NOT_CONNECTED,MODEL_DERIVED,,kyoto-arashiyama:osm-way-000059377344:nodes-001215761691-002200792879,NO_OVERLAP,NOT_CONNECTED,,A31b category codes are not converted to measured depth,,UNKNOWN,MODEL,The hazard polygon is not an official road-closure record
NOT_CONNECTED,MODEL_DERIVED,,kyoto-arashiyama:osm-way-000059377345:nodes-000736395961-000736395986,NO_OVERLAP,NOT_CONNECTED,,A31b category codes are not converted to measured depth,,UNKNOWN,MODEL,The hazard polygon is not an official road-closure record
NOT_CONNECTED,MODEL_DERIVED,,kyoto-arashiyama:osm-way-000059377377:nodes-000310718799-005064078636,NO_OVERLAP,NOT_CONNECTED,,A31b category codes are not converted to measured depth,,UNKNOWN,MODEL,The hazard polygon is not an official road-closure record
NOT_CONNECTED,MODEL_DERIVED,,kyoto-arashiyama:osm-way-000059377377:nodes-002200899661-007273598704,NO_OVERLAP,NOT_CONNECTED,,A31b category codes are not converted to measured depth,,UNKNOWN,MODEL,The hazard polygon is not an official road-closure record
NOT_CONNECTED,MODEL_DERIVED,,kyoto-arashiyama:osm-way-000059377377:nodes-002200899661-007273598705,NO_OVERLAP,NOT_CONNECTED,,A31b category codes are not converted to measured depth,,UNKNOWN,MODEL,The hazard polygon is not an official road-closure record
NOT_CONNECTED,MODEL_DERIVED,,kyoto-arashiyama:osm-way-000059377377:nodes-005064078636-007273598704,NO_OVERLAP,NOT_CONNECTED,,A31b category codes are not converted to measured depth,,UNKNOWN,MODEL,The hazard polygon is not an official road-closure record
NOT_CONNECTED,MODEL_DERIVED,,kyoto-arashiyama:osm-way-000059379039:nodes-000605405572-000736426359,NO_OVERLAP,NOT_CONNECTED,,A31b category codes are not converted to measured depth,,UNKNOWN,MODEL,The hazard polygon is not an official road-closure record
NOT_CONNECTED,MODEL_DERIVED,,kyoto-arashiyama:osm-way-000059379039:nodes-000736426359-004269820526,NO_OVERLAP,NOT_CONNECTED,,A31b category codes are not converted to measured depth,,UNKNOWN,MODEL,The hazard polygon is not an official road-closure record
NOT_CONNECTED,MODEL_DERIVED,,kyoto-arashiyama:osm-way-000059379039:nodes-004269820526-012925548234,NO_OVERLAP,NOT_CONNECTED,,A31b category codes are not converted to measured depth,,UNKNOWN,MODEL,The hazard polygon is not an official road-closure record
NOT_CONNECTED,MODEL_DERIVED,,kyoto-arashiyama:osm-way-000059379039:nodes-012925548234-012925548235,NO_OVERLAP,NOT_CONNECTED,,A31b category codes are not converted to measured depth,,UNKNOWN,MODEL,The hazard polygon is not an official road-closure record
NOT_CONNECTED,MODEL_DERIVED,,kyoto-arashiyama:osm-way-000059379039:nodes-012925548235-012925548236,NO_OVERLAP,NOT_CONNECTED,,A31b category codes are not converted to measured depth,,UNKNOWN,MODEL,The hazard polygon is not an official road-closure record
NOT_CONNECTED,MODEL_DERIVED,,kyoto-arashiyama:osm-way-000059379041:nodes-000736426470-004269861778,NO_OVERLAP,NOT_CONNECTED,,A31b category codes are not converted to measured depth,,UNKNOWN,MODEL,The hazard polygon is not an official road-closure record
NOT_CONNECTED,MODEL_DERIVED,,kyoto-arashiyama:osm-way-000059379041:nodes-000736426496-002200792887,NO_OVERLAP,NOT_CONNECTED,,A31b category codes are not converted to measured depth,,UNKNOWN,MODEL,The hazard polygon is not an official road-closure record
NOT_CONNECTED,MODEL_DERIVED,,kyoto-arashiyama:osm-way-000059379041:nodes-000736426496-004269861778,NO_OVERLAP,NOT_CONNECTED,,A31b category codes are not converted to measured depth,,UNKNOWN,MODEL,The hazard polygon is not an official road-closure record
NOT_CONNECTED,MODEL_DERIVED,,kyoto-arashiyama:osm-way-000059379041:nodes-002200792859-004280069056,NO_OVERLAP,NOT_CONNECTED,,A31b category codes are not converted to measured depth,,UNKNOWN,MODEL,The hazard polygon is not an official road-closure record
NOT_CONNECTED,MODEL_DERIVED,,kyoto-arashiyama:osm-way-000059379041:nodes-002200792859-004280069069,NO_OVERLAP,NOT_CONNECTED,,A31b category codes are not converted to measured depth,,UNKNOWN,MODEL,The hazard polygon is not an official road-closure record
NOT_CONNECTED,MODEL_DERIVED,,kyoto-arashiyama:osm-way-000059379041:nodes-002200792867-004280069063,NO_OVERLAP,NOT_CONNECTED,,A31b category codes are not converted to measured depth,,UNKNOWN,MODEL,The hazard polygon is not an official road-closure record
NOT_CONNECTED,MODEL_DERIVED,,kyoto-arashiyama:osm-way-000059379041:nodes-002200792867-004280071828,NO_OVERLAP,NOT_CONNECTED,,A31b category codes are not converted to measured depth,,UNKNOWN,MODEL,The hazard polygon is not an official road-closure record
NOT_CONNECTED,MODEL_DERIVED,,kyoto-arashiyama:osm-way-000059379041:nodes-002200792887-004280071902,NO_OVERLAP,NOT_CONNECTED,,A31b category codes are not converted to measured depth,,UNKNOWN,MODEL,The hazard polygon is not an official road-closure record
NOT_CONNECTED,MODEL_DERIVED,,kyoto-arashiyama:osm-way-000059379041:nodes-004280069056-004280069063,NO_OVERLAP,NOT_CONNECTED,,A31b category codes are not converted to measured depth,,UNKNOWN,MODEL,The hazard polygon is not an official road-closure record
NOT_CONNECTED,MODEL_DERIVED,,kyoto-arashiyama:osm-way-000059379041:nodes-004280069069-005064078674,NO_OVERLAP,NOT_CONNECTED,,A31b category codes are not converted to measured depth,,UNKNOWN,MODEL,The hazard polygon is not an official road-closure record
NOT_CONNECTED,MODEL_DERIVED,,kyoto-arashiyama:osm-way-000059379041:nodes-004280071828-004280071902,NO_OVERLAP,NOT_CONNECTED,,A31b category codes are not converted to measured depth,,UNKNOWN,MODEL,The hazard polygon is not an official road-closure record
NOT_CONNECTED,MODEL_DERIVED,,kyoto-arashiyama:osm-way-000098569316:nodes-000310718800-001140310269,NO_OVERLAP,NOT_CONNECTED,,A31b category codes are not converted to measured depth,,UNKNOWN,MODEL,The hazard polygon is not an official road-closure record
NOT_CONNECTED,MODEL_DERIVED,1,kyoto-arashiyama:osm-way-000098569316:nodes-001140309973-001583573201,OVERLAPS,NOT_CONNECTED,,A31b category codes are not converted to measured depth,,UNKNOWN,MODEL,The hazard polygon is not an official road-closure record
NOT_CONNECTED,MODEL_DERIVED,,kyoto-arashiyama:osm-way-000098569316:nodes-001140310269-001583573201,NO_OVERLAP,NOT_CONNECTED,,A31b category codes are not converted to measured depth,,UNKNOWN,MODEL,The hazard polygon is not an official road-closure record
NOT_CONNECTED,MODEL_DERIVED,,kyoto-arashiyama:osm-way-000105187074:nodes-001212123705-007273598734,NO_OVERLAP,NOT_CONNECTED,,A31b category codes are not converted to measured depth,,UNKNOWN,MODEL,The hazard polygon is not an official road-closure record
NOT_CONNECTED,MODEL_DERIVED,,kyoto-arashiyama:osm-way-000105187074:nodes-001212123705-007273598735,NO_OVERLAP,NOT_CONNECTED,,A31b category codes are not converted to measured depth,,UNKNOWN,MODEL,The hazard polygon is not an official road-closure record
NOT_CONNECTED,MODEL_DERIVED,,kyoto-arashiyama:osm-way-000105187074:nodes-001212123730-007273598738,NO_OVERLAP,NOT_CONNECTED,,A31b category codes are not converted to measured depth,,UNKNOWN,MODEL,The hazard polygon is not an official road-closure record
NOT_CONNECTED,MODEL_DERIVED,,kyoto-arashiyama:osm-way-000105187074:nodes-001212123730-007273598740,NO_OVERLAP,NOT_CONNECTED,,A31b category codes are not converted to measured depth,,UNKNOWN,MODEL,The hazard polygon is not an official road-closure record
NOT_CONNECTED,MODEL_DERIVED,,kyoto-arashiyama:osm-way-000105187074:nodes-001212123753-007273598738,NO_OVERLAP,NOT_CONNECTED,,A31b category codes are not converted to measured depth,,UNKNOWN,MODEL,The hazard polygon is not an official road-closure record
NOT_CONNECTED,MODEL_DERIVED,,kyoto-arashiyama:osm-way-000105187074:nodes-001212123776-001212123859,NO_OVERLAP,NOT_CONNECTED,,A31b category codes are not converted to measured depth,,UNKNOWN,MODEL,The hazard polygon is not an official road-closure record
NOT_CONNECTED,MODEL_DERIVED,,kyoto-arashiyama:osm-way-000105187074:nodes-001212123776-007273598742,NO_OVERLAP,NOT_CONNECTED,,A31b category codes are not converted to measured depth,,UNKNOWN,MODEL,The hazard polygon is not an official road-closure record
NOT_CONNECTED,MODEL_DERIVED,,kyoto-arashiyama:osm-way-000105187074:nodes-001212123817-007273598735,NO_OVERLAP,NOT_CONNECTED,,A31b category codes are not converted to measured depth,,UNKNOWN,MODEL,The hazard polygon is not an official road-closure record
NOT_CONNECTED,MODEL_DERIVED,,kyoto-arashiyama:osm-way-000105187074:nodes-001212123817-007273598736,NO_OVERLAP,NOT_CONNECTED,,A31b category codes are not converted to measured depth,,UNKNOWN,MODEL,The hazard polygon is not an official road-closure record
NOT_CONNECTED,MODEL_DERIVED,,kyoto-arashiyama:osm-way-000105187074:nodes-001212123818-007273598740,NO_OVERLAP,NOT_CONNECTED,,A31b category codes are not converted to measured depth,,UNKNOWN,MODEL,The hazard polygon is not an official road-closure record
NOT_CONNECTED,MODEL_DERIVED,,kyoto-arashiyama:osm-way-000105187074:nodes-001212123818-007273598741,NO_OVERLAP,NOT_CONNECTED,,A31b category codes are not converted to measured depth,,UNKNOWN,MODEL,The hazard polygon is not an official road-closure record
NOT_CONNECTED,MODEL_DERIVED,,kyoto-arashiyama:osm-way-000105187074:nodes-001212123835-001212123885,NO_OVERLAP,NOT_CONNECTED,,A31b category codes are not converted to measured depth,,UNKNOWN,MODEL,The hazard polygon is not an official road-closure record
NOT_CONNECTED,MODEL_DERIVED,,kyoto-arashiyama:osm-way-000105187074:nodes-001212123835-007273598745,NO_OVERLAP,NOT_CONNECTED,,A31b category codes are not converted to measured depth,,UNKNOWN,MODEL,The hazard polygon is not an official road-closure record
NOT_CONNECTED,MODEL_DERIVED,,kyoto-arashiyama:osm-way-000105187074:nodes-001212123857-007273598732,NO_OVERLAP,NOT_CONNECTED,,A31b category codes are not converted to measured depth,,UNKNOWN,MODEL,The hazard polygon is not an official road-closure record
NOT_CONNECTED,MODEL_DERIVED,,kyoto-arashiyama:osm-way-000105187074:nodes-001212123857-007273598733,NO_OVERLAP,NOT_CONNECTED,,A31b category codes are not converted to measured depth,,UNKNOWN,MODEL,The hazard polygon is not an official road-closure record
NOT_CONNECTED,MODEL_DERIVED,,kyoto-arashiyama:osm-way-000105187074:nodes-001212123859-007273598744,NO_OVERLAP,NOT_CONNECTED,,A31b category codes are not converted to measured depth,,UNKNOWN,MODEL,The hazard polygon is not an official road-closure record
NOT_CONNECTED,MODEL_DERIVED,,kyoto-arashiyama:osm-way-000105187074:nodes-007273598733-007273598734,NO_OVERLAP,NOT_CONNECTED,,A31b category codes are not converted to measured depth,,UNKNOWN,MODEL,The hazard polygon is not an official road-closure record
NOT_CONNECTED,MODEL_DERIVED,,kyoto-arashiyama:osm-way-000105187074:nodes-007273598741-007273598743,NO_OVERLAP,NOT_CONNECTED,,A31b category codes are not converted to measured depth,,UNKNOWN,MODEL,The hazard polygon is not an official road-closure record
NOT_CONNECTED,MODEL_DERIVED,,kyoto-arashiyama:osm-way-000105187074:nodes-007273598742-007273598743,NO_OVERLAP,NOT_CONNECTED,,A31b category codes are not converted to measured depth,,UNKNOWN,MODEL,The hazard polygon is not an official road-closure record
NOT_CONNECTED,MODEL_DERIVED,,kyoto-arashiyama:osm-way-000105187074:nodes-007273598744-007273598745,NO_OVERLAP,NOT_CONNECTED,,A31b category codes are not converted to measured depth,,UNKNOWN,MODEL,The hazard polygon is not an official road-closure record
NOT_CONNECTED,MODEL_DERIVED,,kyoto-arashiyama:osm-way-000105574207:nodes-000243776548-003022373777,NO_OVERLAP,NOT_CONNECTED,,A31b category codes are not converted to measured depth,,UNKNOWN,MODEL,The hazard polygon is not an official road-closure record
NOT_CONNECTED,MODEL_DERIVED,,kyoto-arashiyama:osm-way-000105574207:nodes-001332356133-001332356340,NO_OVERLAP,NOT_CONNECTED,,A31b category codes are not converted to measured depth,,UNKNOWN,MODEL,The hazard polygon is not an official road-closure record
NOT_CONNECTED,MODEL_DERIVED,,kyoto-arashiyama:osm-way-000105574207:nodes-001332356133-003255952714,NO_OVERLAP,NOT_CONNECTED,,A31b category codes are not converted to measured depth,,UNKNOWN,MODEL,The hazard polygon is not an official road-closure record
NOT_CONNECTED,MODEL_DERIVED,,kyoto-arashiyama:osm-way-000105574207:nodes-001332356340-002835031333,NO_OVERLAP,NOT_CONNECTED,,A31b category codes are not converted to measured depth,,UNKNOWN,MODEL,The hazard polygon is not an official road-closure record
NOT_CONNECTED,MODEL_DERIVED,,kyoto-arashiyama:osm-way-000105574207:nodes-002835031333-003022373777,NO_OVERLAP,NOT_CONNECTED,,A31b category codes are not converted to measured depth,,UNKNOWN,MODEL,The hazard polygon is not an official road-closure record
NOT_CONNECTED,MODEL_DERIVED,,kyoto-arashiyama:osm-way-000105574207:nodes-003022373778-003255952714,NO_OVERLAP,NOT_CONNECTED,,A31b category codes are not converted to measured depth,,UNKNOWN,MODEL,The hazard polygon is not an official road-closure record
NOT_CONNECTED,MODEL_DERIVED,,kyoto-arashiyama:osm-way-000105574210:nodes-000736396179-002854305150,NO_OVERLAP,NOT_CONNECTED,,A31b category codes are not converted to measured depth,,UNKNOWN,MODEL,The hazard polygon is not an official road-closure record
NOT_CONNECTED,MODEL_DERIVED,,kyoto-arashiyama:osm-way-000105574210:nodes-001332356112-002854305150,NO_OVERLAP,NOT_CONNECTED,,A31b category codes are not converted to measured depth,,UNKNOWN,MODEL,The hazard polygon is not an official road-closure record
NOT_CONNECTED,MODEL_DERIVED,,kyoto-arashiyama:osm-way-000118456904:nodes-000736396179-001332356190,NO_OVERLAP,NOT_CONNECTED,,A31b category codes are not converted to measured depth,,UNKNOWN,MODEL,The hazard polygon is not an official road-closure record
NOT_CONNECTED,MODEL_DERIVED,1,kyoto-arashiyama:osm-way-000118456904:nodes-001332355492-001332356190,OVERLAPS,NOT_CONNECTED,,A31b category codes are not converted to measured depth,,UNKNOWN,MODEL,The hazard polygon is not an official road-closure record
NOT_CONNECTED,MODEL_DERIVED,1,kyoto-arashiyama:osm-way-000118456905:nodes-001332355492-001332355939,OVERLAPS,NOT_CONNECTED,,A31b category codes are not converted to measured depth,,UNKNOWN,MODEL,The hazard polygon is not an official road-closure record
NOT_CONNECTED,MODEL_DERIVED,1,kyoto-arashiyama:osm-way-000118456905:nodes-001332355492-001332356268,OVERLAPS,NOT_CONNECTED,,A31b category codes are not converted to measured depth,,UNKNOWN,MODEL,The hazard polygon is not an official road-closure record
NOT_CONNECTED,MODEL_DERIVED,,kyoto-arashiyama:osm-way-000118456905:nodes-001332355598-004280313282,NO_OVERLAP,NOT_CONNECTED,,A31b category codes are not converted to measured depth,,UNKNOWN,MODEL,The hazard polygon is not an official road-closure record
NOT_CONNECTED,MODEL_DERIVED,,kyoto-arashiyama:osm-way-000118456905:nodes-001332355598-010698628302,NO_OVERLAP,NOT_CONNECTED,,A31b category codes are not converted to measured depth,,UNKNOWN,MODEL,The hazard polygon is not an official road-closure record
NOT_CONNECTED,MODEL_DERIVED,1,kyoto-arashiyama:osm-way-000118456905:nodes-001332355939-002854305022,OVERLAPS,NOT_CONNECTED,,A31b category codes are not converted to measured depth,,UNKNOWN,MODEL,The hazard polygon is not an official road-closure record
NOT_CONNECTED,MODEL_DERIVED,,kyoto-arashiyama:osm-way-000118456905:nodes-001332356015-001332356268,NO_OVERLAP,NOT_CONNECTED,,A31b category codes are not converted to measured depth,,UNKNOWN,MODEL,The hazard polygon is not an official road-closure record
NOT_CONNECTED,MODEL_DERIVED,,kyoto-arashiyama:osm-way-000118456905:nodes-001332356015-010698628302,NO_OVERLAP,NOT_CONNECTED,,A31b category codes are not converted to measured depth,,UNKNOWN,MODEL,The hazard polygon is not an official road-closure record
NOT_CONNECTED,MODEL_DERIVED,,kyoto-arashiyama:osm-way-000118456905:nodes-001332356340-004280313282,NO_OVERLAP,NOT_CONNECTED,,A31b category codes are not converted to measured depth,,UNKNOWN,MODEL,The hazard polygon is not an official road-closure record
NOT_CONNECTED,MODEL_DERIVED,1,kyoto-arashiyama:osm-way-000118456916:nodes-001332355511-001332356286,OVERLAPS,NOT_CONNECTED,,A31b category codes are not converted to measured depth,,UNKNOWN,MODEL,The hazard polygon is not an official road-closure record
NOT_CONNECTED,MODEL_DERIVED,,kyoto-arashiyama:osm-way-000118456916:nodes-001332355511-002835031378,NO_OVERLAP,NOT_CONNECTED,,A31b category codes are not converted to measured depth,,UNKNOWN,MODEL,The hazard polygon is not an official road-closure record
NOT_CONNECTED,MODEL_DERIVED,,kyoto-arashiyama:osm-way-000118456916:nodes-001332355713-001332356206,NO_OVERLAP,NOT_CONNECTED,,A31b category codes are not converted to measured depth,,UNKNOWN,MODEL,The hazard polygon is not an official road-closure record
NOT_CONNECTED,MODEL_DERIVED,,kyoto-arashiyama:osm-way-000118456916:nodes-001332355713-004280313280,NO_OVERLAP,NOT_CONNECTED,,A31b category codes are not converted to measured depth,,UNKNOWN,MODEL,The hazard polygon is not an official road-closure record
NOT_CONNECTED,MODEL_DERIVED,,kyoto-arashiyama:osm-way-000118456916:nodes-001332355953-001332356206,NO_OVERLAP,NOT_CONNECTED,,A31b category codes are not converted to measured depth,,UNKNOWN,MODEL,The hazard polygon is not an official road-closure record
NOT_CONNECTED,MODEL_DERIVED,,kyoto-arashiyama:osm-way-000118456916:nodes-001332355953-002835031378,NO_OVERLAP,NOT_CONNECTED,,A31b category codes are not converted to measured depth,,UNKNOWN,MODEL,The hazard polygon is not an official road-closure record
NOT_CONNECTED,MODEL_DERIVED,,kyoto-arashiyama:osm-way-000118456916:nodes-001332356031-001332356394,NO_OVERLAP,NOT_CONNECTED,,A31b category codes are not converted to measured depth,,UNKNOWN,MODEL,The hazard polygon is not an official road-closure record
NOT_CONNECTED,MODEL_DERIVED,1,kyoto-arashiyama:osm-way-000118456916:nodes-001332356031-002835031425,OVERLAPS,NOT_CONNECTED,,A31b category codes are not converted to measured depth,,UNKNOWN,MODEL,The hazard polygon is not an official road-closure record
NOT_CONNECTED,MODEL_DERIVED,,kyoto-arashiyama:osm-way-000118456916:nodes-001332356206-001332356394,NO_OVERLAP,NOT_CONNECTED,,A31b category codes are not converted to measured depth,,UNKNOWN,MODEL,The hazard polygon is not an official road-closure record
NOT_CONNECTED,MODEL_DERIVED,1,kyoto-arashiyama:osm-way-000118456916:nodes-001332356286-002835031425,OVERLAPS,NOT_CONNECTED,,A31b category codes are not converted to measured depth,,UNKNOWN,MODEL,The hazard polygon is not an official road-closure record
NOT_CONNECTED,MODEL_DERIVED,,kyoto-arashiyama:osm-way-000118456916:nodes-002835031333-004280313280,NO_OVERLAP,NOT_CONNECTED,,A31b category codes are not converted to measured depth,,UNKNOWN,MODEL,The hazard polygon is not an official road-closure record
NOT_CONNECTED,MODEL_DERIVED,,kyoto-arashiyama:osm-way-000118456922:nodes-001332356015-010698690515,NO_OVERLAP,NOT_CONNECTED,,A31b category codes are not converted to measured depth,,UNKNOWN,MODEL,The hazard polygon is not an official road-closure record
NOT_CONNECTED,MODEL_DERIVED,,kyoto-arashiyama:osm-way-000118456922:nodes-001332356080-010698690515,NO_OVERLAP,NOT_CONNECTED,,A31b category codes are not converted to measured depth,,UNKNOWN,MODEL,The hazard polygon is not an official road-closure record
NOT_CONNECTED,MODEL_DERIVED,,kyoto-arashiyama:osm-way-000118456927:nodes-001332356112-003255952531,NO_OVERLAP,NOT_CONNECTED,,A31b category codes are not converted to measured depth,,UNKNOWN,MODEL,The hazard polygon is not an official road-closure record
NOT_CONNECTED,MODEL_DERIVED,,kyoto-arashiyama:osm-way-000118456927:nodes-001332356436-003255952531,NO_OVERLAP,NOT_CONNECTED,,A31b category codes are not converted to measured depth,,UNKNOWN,MODEL,The hazard polygon is not an official road-closure record
NOT_CONNECTED,MODEL_DERIVED,1,kyoto-arashiyama:osm-way-000118456959:nodes-001332356015-003255952673,OVERLAPS,NOT_CONNECTED,,A31b category codes are not converted to measured depth,,UNKNOWN,MODEL,The hazard polygon is not an official road-closure record
NOT_CONNECTED,MODEL_DERIVED,1,kyoto-arashiyama:osm-way-000118456959:nodes-001332356190-001332356333,OVERLAPS,NOT_CONNECTED,,A31b category codes are not converted to measured depth,,UNKNOWN,MODEL,The hazard polygon is not an official road-closure record
NOT_CONNECTED,MODEL_DERIVED,1,kyoto-arashiyama:osm-way-000118456959:nodes-001332356333-003255952673,OVERLAPS,NOT_CONNECTED,,A31b category codes are not converted to measured depth,,UNKNOWN,MODEL,The hazard polygon is not an official road-closure record
NOT_CONNECTED,MODEL_DERIVED,,kyoto-arashiyama:osm-way-000118457014:nodes-001332356133-004280313285,NO_OVERLAP,NOT_CONNECTED,,A31b category codes are not converted to measured depth,,UNKNOWN,MODEL,The hazard polygon is not an official road-closure record
NOT_CONNECTED,MODEL_DERIVED,,kyoto-arashiyama:osm-way-000118457014:nodes-001332356394-004280313285,NO_OVERLAP,NOT_CONNECTED,,A31b category codes are not converted to measured depth,,UNKNOWN,MODEL,The hazard polygon is not an official road-closure record
NOT_CONNECTED,MODEL_DERIVED,,kyoto-arashiyama:osm-way-000127608520:nodes-001411953171-001411953174,NO_OVERLAP,NOT_CONNECTED,,A31b category codes are not converted to measured depth,,UNKNOWN,MODEL,The hazard polygon is not an official road-closure record
NOT_CONNECTED,MODEL_DERIVED,,kyoto-arashiyama:osm-way-000127608526:nodes-001411953118-001411953121,NO_OVERLAP,NOT_CONNECTED,,A31b category codes are not converted to measured depth,,UNKNOWN,MODEL,The hazard polygon is not an official road-closure record
NOT_CONNECTED,MODEL_DERIVED,,kyoto-arashiyama:osm-way-000127608526:nodes-001411953118-001411953126,NO_OVERLAP,NOT_CONNECTED,,A31b category codes are not converted to measured depth,,UNKNOWN,MODEL,The hazard polygon is not an official road-closure record
NOT_CONNECTED,MODEL_DERIVED,,kyoto-arashiyama:osm-way-000127608526:nodes-001411953121-001411953123,NO_OVERLAP,NOT_CONNECTED,,A31b category codes are not converted to measured depth,,UNKNOWN,MODEL,The hazard polygon is not an official road-closure record
NOT_CONNECTED,MODEL_DERIVED,,kyoto-arashiyama:osm-way-000127608526:nodes-001411953123-001411953131,NO_OVERLAP,NOT_CONNECTED,,A31b category codes are not converted to measured depth,,UNKNOWN,MODEL,The hazard polygon is not an official road-closure record
NOT_CONNECTED,MODEL_DERIVED,,kyoto-arashiyama:osm-way-000127608526:nodes-001411953126-001411953143,NO_OVERLAP,NOT_CONNECTED,,A31b category codes are not converted to measured depth,,UNKNOWN,MODEL,The hazard polygon is not an official road-closure record
NOT_CONNECTED,MODEL_DERIVED,,kyoto-arashiyama:osm-way-000127608526:nodes-001411953131-001411953148,NO_OVERLAP,NOT_CONNECTED,,A31b category codes are not converted to measured depth,,UNKNOWN,MODEL,The hazard polygon is not an official road-closure record
NOT_CONNECTED,MODEL_DERIVED,,kyoto-arashiyama:osm-way-000127608526:nodes-001411953142-001411953155,NO_OVERLAP,NOT_CONNECTED,,A31b category codes are not converted to measured depth,,UNKNOWN,MODEL,The hazard polygon is not an official road-closure record
NOT_CONNECTED,MODEL_DERIVED,,kyoto-arashiyama:osm-way-000127608526:nodes-001411953143-001411953163,NO_OVERLAP,NOT_CONNECTED,,A31b category codes are not converted to measured depth,,UNKNOWN,MODEL,The hazard polygon is not an official road-closure record
NOT_CONNECTED,MODEL_DERIVED,,kyoto-arashiyama:osm-way-000127608526:nodes-001411953148-001411953152,NO_OVERLAP,NOT_CONNECTED,,A31b category codes are not converted to measured depth,,UNKNOWN,MODEL,The hazard polygon is not an official road-closure record
NOT_CONNECTED,MODEL_DERIVED,,kyoto-arashiyama:osm-way-000127608526:nodes-001411953152-001411953164,NO_OVERLAP,NOT_CONNECTED,,A31b category codes are not converted to measured depth,,UNKNOWN,MODEL,The hazard polygon is not an official road-closure record
NOT_CONNECTED,MODEL_DERIVED,,kyoto-arashiyama:osm-way-000127608526:nodes-001411953155-001411953158,NO_OVERLAP,NOT_CONNECTED,,A31b category codes are not converted to measured depth,,UNKNOWN,MODEL,The hazard polygon is not an official road-closure record
NOT_CONNECTED,MODEL_DERIVED,,kyoto-arashiyama:osm-way-000127608526:nodes-001411953158-001411953161,NO_OVERLAP,NOT_CONNECTED,,A31b category codes are not converted to measured depth,,UNKNOWN,MODEL,The hazard polygon is not an official road-closure record
NOT_CONNECTED,MODEL_DERIVED,,kyoto-arashiyama:osm-way-000127608526:nodes-001411953161-001411953165,NO_OVERLAP,NOT_CONNECTED,,A31b category codes are not converted to measured depth,,UNKNOWN,MODEL,The hazard polygon is not an official road-closure record
NOT_CONNECTED,MODEL_DERIVED,,kyoto-arashiyama:osm-way-000127608526:nodes-001411953163-001411953165,NO_OVERLAP,NOT_CONNECTED,,A31b category codes are not converted to measured depth,,UNKNOWN,MODEL,The hazard polygon is not an official road-closure record
NOT_CONNECTED,MODEL_DERIVED,,kyoto-arashiyama:osm-way-000127608526:nodes-001411953164-001411953170,NO_OVERLAP,NOT_CONNECTED,,A31b category codes are not converted to measured depth,,UNKNOWN,MODEL,The hazard polygon is not an official road-closure record
NOT_CONNECTED,MODEL_DERIVED,,kyoto-arashiyama:osm-way-000127608526:nodes-001411953170-002200899656,NO_OVERLAP,NOT_CONNECTED,,A31b category codes are not converted to measured depth,,UNKNOWN,MODEL,The hazard polygon is not an official road-closure record
NOT_CONNECTED,MODEL_DERIVED,,kyoto-arashiyama:osm-way-000127608526:nodes-001411953175-001411953180,NO_OVERLAP,NOT_CONNECTED,,A31b category codes are not converted to measured depth,,UNKNOWN,MODEL,The hazard polygon is not an official road-closure record
NOT_CONNECTED,MODEL_DERIVED,,kyoto-arashiyama:osm-way-000127608526:nodes-001411953175-002200899656,NO_OVERLAP,NOT_CONNECTED,,A31b category codes are not converted to measured depth,,UNKNOWN,MODEL,The hazard polygon is not an official road-closure record
NOT_CONNECTED,MODEL_DERIVED,,kyoto-arashiyama:osm-way-000127608526:nodes-001411953180-001411953183,NO_OVERLAP,NOT_CONNECTED,,A31b category codes are not converted to measured depth,,UNKNOWN,MODEL,The hazard polygon is not an official road-closure record
NOT_CONNECTED,MODEL_DERIVED,,kyoto-arashiyama:osm-way-000127608526:nodes-001411953183-001411953186,NO_OVERLAP,NOT_CONNECTED,,A31b category codes are not converted to measured depth,,UNKNOWN,MODEL,The hazard polygon is not an official road-closure record
NOT_CONNECTED,MODEL_DERIVED,,kyoto-arashiyama:osm-way-000127608557:nodes-001411953070-001411953096,NO_OVERLAP,NOT_CONNECTED,,A31b category codes are not converted to measured depth,,UNKNOWN,MODEL,The hazard polygon is not an official road-closure record
NOT_CONNECTED,MODEL_DERIVED,,kyoto-arashiyama:osm-way-000127608557:nodes-001411953096-001411953104,NO_OVERLAP,NOT_CONNECTED,,A31b category codes are not converted to measured depth,,UNKNOWN,MODEL,The hazard polygon is not an official road-closure record
NOT_CONNECTED,MODEL_DERIVED,,kyoto-arashiyama:osm-way-000127608557:nodes-001411953104-001411953107,NO_OVERLAP,NOT_CONNECTED,,A31b category codes are not converted to measured depth,,UNKNOWN,MODEL,The hazard polygon is not an official road-closure record
NOT_CONNECTED,MODEL_DERIVED,,kyoto-arashiyama:osm-way-000127608557:nodes-001411953107-001411953112,NO_OVERLAP,NOT_CONNECTED,,A31b category codes are not converted to measured depth,,UNKNOWN,MODEL,The hazard polygon is not an official road-closure record
NOT_CONNECTED,MODEL_DERIVED,,kyoto-arashiyama:osm-way-000127608557:nodes-001411953112-001411953119,NO_OVERLAP,NOT_CONNECTED,,A31b category codes are not converted to measured depth,,UNKNOWN,MODEL,The hazard polygon is not an official road-closure record
NOT_CONNECTED,MODEL_DERIVED,,kyoto-arashiyama:osm-way-000127608557:nodes-001411953119-001411953142,NO_OVERLAP,NOT_CONNECTED,,A31b category codes are not converted to measured depth,,UNKNOWN,MODEL,The hazard polygon is not an official road-closure record
NOT_CONNECTED,MODEL_DERIVED,,kyoto-arashiyama:osm-way-000127639594:nodes-001412234429-001412234481,NO_OVERLAP,NOT_CONNECTED,,A31b category codes are not converted to measured depth,,UNKNOWN,MODEL,The hazard polygon is not an official road-closure record
NOT_CONNECTED,MODEL_DERIVED,1,kyoto-arashiyama:osm-way-000127639594:nodes-001412234481-001412234525,OVERLAPS,NOT_CONNECTED,,A31b category codes are not converted to measured depth,,UNKNOWN,MODEL,The hazard polygon is not an official road-closure record
NOT_CONNECTED,MODEL_DERIVED,1,kyoto-arashiyama:osm-way-000127639594:nodes-001412234504-001412234525,OVERLAPS,NOT_CONNECTED,,A31b category codes are not converted to measured depth,,UNKNOWN,MODEL,The hazard polygon is not an official road-closure record
NOT_CONNECTED,MODEL_DERIVED,,kyoto-arashiyama:osm-way-000144867422:nodes-001583573186-001583573187,NO_OVERLAP,NOT_CONNECTED,,A31b category codes are not converted to measured depth,,UNKNOWN,MODEL,The hazard polygon is not an official road-closure record
NOT_CONNECTED,MODEL_DERIVED,,kyoto-arashiyama:osm-way-000144867422:nodes-001583573187-001583573188,NO_OVERLAP,NOT_CONNECTED,,A31b category codes are not converted to measured depth,,UNKNOWN,MODEL,The hazard polygon is not an official road-closure record
NOT_CONNECTED,MODEL_DERIVED,,kyoto-arashiyama:osm-way-000144867422:nodes-001583573188-001583573189,NO_OVERLAP,NOT_CONNECTED,,A31b category codes are not converted to measured depth,,UNKNOWN,MODEL,The hazard polygon is not an official road-closure record
NOT_CONNECTED,MODEL_DERIVED,,kyoto-arashiyama:osm-way-000144867422:nodes-001583573189-001583573190,NO_OVERLAP,NOT_CONNECTED,,A31b category codes are not converted to measured depth,,UNKNOWN,MODEL,The hazard polygon is not an official road-closure record
NOT_CONNECTED,MODEL_DERIVED,,kyoto-arashiyama:osm-way-000144867422:nodes-001583573190-001583573191,NO_OVERLAP,NOT_CONNECTED,,A31b category codes are not converted to measured depth,,UNKNOWN,MODEL,The hazard polygon is not an official road-closure record
NOT_CONNECTED,MODEL_DERIVED,,kyoto-arashiyama:osm-way-000144867422:nodes-001583573191-001583573192,NO_OVERLAP,NOT_CONNECTED,,A31b category codes are not converted to measured depth,,UNKNOWN,MODEL,The hazard polygon is not an official road-closure record
NOT_CONNECTED,MODEL_DERIVED,,kyoto-arashiyama:osm-way-000144867422:nodes-001583573192-001583573193,NO_OVERLAP,NOT_CONNECTED,,A31b category codes are not converted to measured depth,,UNKNOWN,MODEL,The hazard polygon is not an official road-closure record
NOT_CONNECTED,MODEL_DERIVED,,kyoto-arashiyama:osm-way-000144867422:nodes-001583573193-001583573194,NO_OVERLAP,NOT_CONNECTED,,A31b category codes are not converted to measured depth,,UNKNOWN,MODEL,The hazard polygon is not an official road-closure record
NOT_CONNECTED,MODEL_DERIVED,,kyoto-arashiyama:osm-way-000144867422:nodes-001583573194-001583573195,NO_OVERLAP,NOT_CONNECTED,,A31b category codes are not converted to measured depth,,UNKNOWN,MODEL,The hazard polygon is not an official road-closure record
NOT_CONNECTED,MODEL_DERIVED,,kyoto-arashiyama:osm-way-000144867422:nodes-001583573195-001583573196,NO_OVERLAP,NOT_CONNECTED,,A31b category codes are not converted to measured depth,,UNKNOWN,MODEL,The hazard polygon is not an official road-closure record
NOT_CONNECTED,MODEL_DERIVED,,kyoto-arashiyama:osm-way-000144867422:nodes-001583573196-001583573197,NO_OVERLAP,NOT_CONNECTED,,A31b category codes are not converted to measured depth,,UNKNOWN,MODEL,The hazard polygon is not an official road-closure record
NOT_CONNECTED,MODEL_DERIVED,,kyoto-arashiyama:osm-way-000144867422:nodes-001583573197-001583573198,NO_OVERLAP,NOT_CONNECTED,,A31b category codes are not converted to measured depth,,UNKNOWN,MODEL,The hazard polygon is not an official road-closure record
NOT_CONNECTED,MODEL_DERIVED,,kyoto-arashiyama:osm-way-000144867422:nodes-001583573198-001583573199,NO_OVERLAP,NOT_CONNECTED,,A31b category codes are not converted to measured depth,,UNKNOWN,MODEL,The hazard polygon is not an official road-closure record
NOT_CONNECTED,MODEL_DERIVED,,kyoto-arashiyama:osm-way-000144867422:nodes-001583573199-001583573200,NO_OVERLAP,NOT_CONNECTED,,A31b category codes are not converted to measured depth,,UNKNOWN,MODEL,The hazard polygon is not an official road-closure record
NOT_CONNECTED,MODEL_DERIVED,,kyoto-arashiyama:osm-way-000144867422:nodes-001583573200-001583573201,NO_OVERLAP,NOT_CONNECTED,,A31b category codes are not converted to measured depth,,UNKNOWN,MODEL,The hazard polygon is not an official road-closure record
NOT_CONNECTED,MODEL_DERIVED,,kyoto-arashiyama:osm-way-000152194156:nodes-000605415029-002854305047,NO_OVERLAP,NOT_CONNECTED,,A31b category codes are not converted to measured depth,,UNKNOWN,MODEL,The hazard polygon is not an official road-closure record
NOT_CONNECTED,MODEL_DERIVED,1,kyoto-arashiyama:osm-way-000183905457:nodes-001332355511-003255952801,OVERLAPS,NOT_CONNECTED,,A31b category codes are not converted to measured depth,,UNKNOWN,MODEL,The hazard polygon is not an official road-closure record
NOT_CONNECTED,MODEL_DERIVED,1,kyoto-arashiyama:osm-way-000183905457:nodes-001943230150-003255952925,OVERLAPS,NOT_CONNECTED,,A31b category codes are not converted to measured depth,,UNKNOWN,MODEL,The hazard polygon is not an official road-closure record
NOT_CONNECTED,MODEL_DERIVED,1,kyoto-arashiyama:osm-way-000183905457:nodes-003255952801-003255952925,OVERLAPS,NOT_CONNECTED,,A31b category codes are not converted to measured depth,,UNKNOWN,MODEL,The hazard polygon is not an official road-closure record
NOT_CONNECTED,MODEL_DERIVED,,kyoto-arashiyama:osm-way-000209923782:nodes-002200792867-004280071879,NO_OVERLAP,NOT_CONNECTED,,A31b category codes are not converted to measured depth,,UNKNOWN,MODEL,The hazard polygon is not an official road-closure record
NOT_CONNECTED,MODEL_DERIVED,,kyoto-arashiyama:osm-way-000209923782:nodes-004280071879-005064078686,NO_OVERLAP,NOT_CONNECTED,,A31b category codes are not converted to measured depth,,UNKNOWN,MODEL,The hazard polygon is not an official road-closure record
NOT_CONNECTED,MODEL_DERIVED,,kyoto-arashiyama:osm-way-000209923784:nodes-002200792893-004280071955,NO_OVERLAP,NOT_CONNECTED,,A31b category codes are not converted to measured depth,,UNKNOWN,MODEL,The hazard polygon is not an official road-closure record
NOT_CONNECTED,MODEL_DERIVED,,kyoto-arashiyama:osm-way-000209923784:nodes-002200792898-004280071955,NO_OVERLAP,NOT_CONNECTED,,A31b category codes are not converted to measured depth,,UNKNOWN,MODEL,The hazard polygon is not an official road-closure record
NOT_CONNECTED,MODEL_DERIVED,,kyoto-arashiyama:osm-way-000209923784:nodes-002200792898-004280071959,NO_OVERLAP,NOT_CONNECTED,,A31b category codes are not converted to measured depth,,UNKNOWN,MODEL,The hazard polygon is not an official road-closure record
NOT_CONNECTED,MODEL_DERIVED,,kyoto-arashiyama:osm-way-000209923785:nodes-002200792857-005064078653,NO_OVERLAP,NOT_CONNECTED,,A31b category codes are not converted to measured depth,,UNKNOWN,MODEL,The hazard polygon is not an official road-closure record
NOT_CONNECTED,MODEL_DERIVED,,kyoto-arashiyama:osm-way-000209923785:nodes-002200792857-005064078684,NO_OVERLAP,NOT_CONNECTED,,A31b category codes are not converted to measured depth,,UNKNOWN,MODEL,The hazard polygon is not an official road-closure record
NOT_CONNECTED,MODEL_DERIVED,,kyoto-arashiyama:osm-way-000209923785:nodes-002200792859-005064078684,NO_OVERLAP,NOT_CONNECTED,,A31b category codes are not converted to measured depth,,UNKNOWN,MODEL,The hazard polygon is not an official road-closure record
NOT_CONNECTED,MODEL_DERIVED,,kyoto-arashiyama:osm-way-000209923785:nodes-004080109906-005064078653,NO_OVERLAP,NOT_CONNECTED,,A31b category codes are not converted to measured depth,,UNKNOWN,MODEL,The hazard polygon is not an official road-closure record
NOT_CONNECTED,MODEL_DERIVED,,kyoto-arashiyama:osm-way-000209936996:nodes-000736396162-000736396163,NO_OVERLAP,NOT_CONNECTED,,A31b category codes are not converted to measured depth,,UNKNOWN,MODEL,The hazard polygon is not an official road-closure record
NOT_CONNECTED,MODEL_DERIVED,,kyoto-arashiyama:osm-way-000209936996:nodes-000736396163-007273598569,NO_OVERLAP,NOT_CONNECTED,,A31b category codes are not converted to measured depth,,UNKNOWN,MODEL,The hazard polygon is not an official road-closure record
NOT_CONNECTED,MODEL_DERIVED,,kyoto-arashiyama:osm-way-000209936997:nodes-001411953174-002200899656,NO_OVERLAP,NOT_CONNECTED,,A31b category codes are not converted to measured depth,,UNKNOWN,MODEL,The hazard polygon is not an official road-closure record
NOT_CONNECTED,MODEL_DERIVED,,kyoto-arashiyama:osm-way-000209936998:nodes-002200899657-002200899658,NO_OVERLAP,NOT_CONNECTED,,A31b category codes are not converted to measured depth,,UNKNOWN,MODEL,The hazard polygon is not an official road-closure record
NOT_CONNECTED,MODEL_DERIVED,,kyoto-arashiyama:osm-way-000209936998:nodes-002200899658-002200899659,NO_OVERLAP,NOT_CONNECTED,,A31b category codes are not converted to measured depth,,UNKNOWN,MODEL,The hazard polygon is not an official road-closure record
NOT_CONNECTED,MODEL_DERIVED,,kyoto-arashiyama:osm-way-000209936999:nodes-001411953165-002200899655,NO_OVERLAP,NOT_CONNECTED,,A31b category codes are not converted to measured depth,,UNKNOWN,MODEL,The hazard polygon is not an official road-closure record
NOT_CONNECTED,MODEL_DERIVED,,kyoto-arashiyama:osm-way-000209936999:nodes-001411953171-002200899657,NO_OVERLAP,NOT_CONNECTED,,A31b category codes are not converted to measured depth,,UNKNOWN,MODEL,The hazard polygon is not an official road-closure record
NOT_CONNECTED,MODEL_DERIVED,,kyoto-arashiyama:osm-way-000209936999:nodes-002200899655-002200899657,NO_OVERLAP,NOT_CONNECTED,,A31b category codes are not converted to measured depth,,UNKNOWN,MODEL,The hazard polygon is not an official road-closure record
NOT_CONNECTED,MODEL_DERIVED,1,kyoto-arashiyama:osm-way-000319185161:nodes-003255952673-006290653521,OVERLAPS,NOT_CONNECTED,,A31b category codes are not converted to measured depth,,UNKNOWN,MODEL,The hazard polygon is not an official road-closure record
NOT_CONNECTED,MODEL_DERIVED,,kyoto-arashiyama:osm-way-000319185161:nodes-003255952713-003255952714,NO_OVERLAP,NOT_CONNECTED,,A31b category codes are not converted to measured depth,,UNKNOWN,MODEL,The hazard polygon is not an official road-closure record
NOT_CONNECTED,MODEL_DERIVED,,kyoto-arashiyama:osm-way-000319185161:nodes-003255952713-006290653521,NO_OVERLAP,NOT_CONNECTED,,A31b category codes are not converted to measured depth,,UNKNOWN,MODEL,The hazard polygon is not an official road-closure record
NOT_CONNECTED,MODEL_DERIVED,,kyoto-arashiyama:osm-way-000319197948:nodes-003256136765-003256136783,NO_OVERLAP,NOT_CONNECTED,,A31b category codes are not converted to measured depth,,UNKNOWN,MODEL,The hazard polygon is not an official road-closure record
NOT_CONNECTED,MODEL_DERIVED,,kyoto-arashiyama:osm-way-000319197948:nodes-003256136783-003256136806,NO_OVERLAP,NOT_CONNECTED,,A31b category codes are not converted to measured depth,,UNKNOWN,MODEL,The hazard polygon is not an official road-closure record
NOT_CONNECTED,MODEL_DERIVED,,kyoto-arashiyama:osm-way-000319197948:nodes-003256136806-012783555040,NO_OVERLAP,NOT_CONNECTED,,A31b category codes are not converted to measured depth,,UNKNOWN,MODEL,The hazard polygon is not an official road-closure record
NOT_CONNECTED,MODEL_DERIVED,1,kyoto-arashiyama:osm-way-000319197948:nodes-003256136870-005064078740,OVERLAPS,NOT_CONNECTED,,A31b category codes are not converted to measured depth,,UNKNOWN,MODEL,The hazard polygon is not an official road-closure record
NOT_CONNECTED,MODEL_DERIVED,,kyoto-arashiyama:osm-way-000319197948:nodes-003256136870-012783555040,NO_OVERLAP,NOT_CONNECTED,,A31b category codes are not converted to measured depth,,UNKNOWN,MODEL,The hazard polygon is not an official road-closure record
NOT_CONNECTED,MODEL_DERIVED,1,kyoto-arashiyama:osm-way-000319197948:nodes-003256136910-005064078740,OVERLAPS,NOT_CONNECTED,,A31b category codes are not converted to measured depth,,UNKNOWN,MODEL,The hazard polygon is not an official road-closure record
NOT_CONNECTED,MODEL_DERIVED,,kyoto-arashiyama:osm-way-000319197951:nodes-003256136621-003256136784,NO_OVERLAP,NOT_CONNECTED,,A31b category codes are not converted to measured depth,,UNKNOWN,MODEL,The hazard polygon is not an official road-closure record
NOT_CONNECTED,MODEL_DERIVED,,kyoto-arashiyama:osm-way-000319197951:nodes-003256136621-003256136837,NO_OVERLAP,NOT_CONNECTED,,A31b category codes are not converted to measured depth,,UNKNOWN,MODEL,The hazard polygon is not an official road-closure record
NOT_CONNECTED,MODEL_DERIVED,,kyoto-arashiyama:osm-way-000319197951:nodes-003256136784-003256136803,NO_OVERLAP,NOT_CONNECTED,,A31b category codes are not converted to measured depth,,UNKNOWN,MODEL,The hazard polygon is not an official road-closure record
NOT_CONNECTED,MODEL_DERIVED,,kyoto-arashiyama:osm-way-000319197951:nodes-003256136803-003256136833,NO_OVERLAP,NOT_CONNECTED,,A31b category codes are not converted to measured depth,,UNKNOWN,MODEL,The hazard polygon is not an official road-closure record
NOT_CONNECTED,MODEL_DERIVED,1,kyoto-arashiyama:osm-way-000409724364:nodes-004115953996-004115953997,OVERLAPS,NOT_CONNECTED,,A31b category codes are not converted to measured depth,,UNKNOWN,MODEL,The hazard polygon is not an official road-closure record
NOT_CONNECTED,MODEL_DERIVED,1,kyoto-arashiyama:osm-way-000409724364:nodes-004115953997-004115953998,OVERLAPS,NOT_CONNECTED,,A31b category codes are not converted to measured depth,,UNKNOWN,MODEL,The hazard polygon is not an official road-closure record
NOT_CONNECTED,MODEL_DERIVED,1,kyoto-arashiyama:osm-way-000409724364:nodes-004115953998-004115953999,OVERLAPS,NOT_CONNECTED,,A31b category codes are not converted to measured depth,,UNKNOWN,MODEL,The hazard polygon is not an official road-closure record
NOT_CONNECTED,MODEL_DERIVED,1,kyoto-arashiyama:osm-way-000409724364:nodes-004115953999-004115954003,OVERLAPS,NOT_CONNECTED,,A31b category codes are not converted to measured depth,,UNKNOWN,MODEL,The hazard polygon is not an official road-closure record
NOT_CONNECTED,MODEL_DERIVED,1,kyoto-arashiyama:osm-way-000409724364:nodes-004115954001-004115954002,OVERLAPS,NOT_CONNECTED,,A31b category codes are not converted to measured depth,,UNKNOWN,MODEL,The hazard polygon is not an official road-closure record
NOT_CONNECTED,MODEL_DERIVED,1,kyoto-arashiyama:osm-way-000409724364:nodes-004115954001-004115954003,OVERLAPS,NOT_CONNECTED,,A31b category codes are not converted to measured depth,,UNKNOWN,MODEL,The hazard polygon is not an official road-closure record
NOT_CONNECTED,MODEL_DERIVED,1,kyoto-arashiyama:osm-way-000409724364:nodes-004115954002-004115954009,OVERLAPS,NOT_CONNECTED,,A31b category codes are not converted to measured depth,,UNKNOWN,MODEL,The hazard polygon is not an official road-closure record
NOT_CONNECTED,MODEL_DERIVED,1,kyoto-arashiyama:osm-way-000409724364:nodes-004115954009-004115954017,OVERLAPS,NOT_CONNECTED,,A31b category codes are not converted to measured depth,,UNKNOWN,MODEL,The hazard polygon is not an official road-closure record
NOT_CONNECTED,MODEL_DERIVED,1,kyoto-arashiyama:osm-way-000409724364:nodes-004115954017-004115954025,OVERLAPS,NOT_CONNECTED,,A31b category codes are not converted to measured depth,,UNKNOWN,MODEL,The hazard polygon is not an official road-closure record
NOT_CONNECTED,MODEL_DERIVED,1,kyoto-arashiyama:osm-way-000409724366:nodes-004115953996-011893490649,OVERLAPS,NOT_CONNECTED,,A31b category codes are not converted to measured depth,,UNKNOWN,MODEL,The hazard polygon is not an official road-closure record
NOT_CONNECTED,MODEL_DERIVED,1,kyoto-arashiyama:osm-way-000409724366:nodes-011893490645-011893490647,OVERLAPS,NOT_CONNECTED,,A31b category codes are not converted to measured depth,,UNKNOWN,MODEL,The hazard polygon is not an official road-closure record
NOT_CONNECTED,MODEL_DERIVED,1,kyoto-arashiyama:osm-way-000409724366:nodes-011893490645-011893490650,OVERLAPS,NOT_CONNECTED,,A31b category codes are not converted to measured depth,,UNKNOWN,MODEL,The hazard polygon is not an official road-closure record
NOT_CONNECTED,MODEL_DERIVED,1,kyoto-arashiyama:osm-way-000409724366:nodes-011893490649-011893490650,OVERLAPS,NOT_CONNECTED,,A31b category codes are not converted to measured depth,,UNKNOWN,MODEL,The hazard polygon is not an official road-closure record
NOT_CONNECTED,MODEL_DERIVED,,kyoto-arashiyama:osm-way-000428227445:nodes-004273616203-004273616204,NO_OVERLAP,NOT_CONNECTED,,A31b category codes are not converted to measured depth,,UNKNOWN,MODEL,The hazard polygon is not an official road-closure record
NOT_CONNECTED,MODEL_DERIVED,,kyoto-arashiyama:osm-way-000428227447:nodes-004273616202-004273616204,NO_OVERLAP,NOT_CONNECTED,,A31b category codes are not converted to measured depth,,UNKNOWN,MODEL,The hazard polygon is not an official road-closure record
NOT_CONNECTED,MODEL_DERIVED,,kyoto-arashiyama:osm-way-000428227448:nodes-004273616206-004273616207,NO_OVERLAP,NOT_CONNECTED,,A31b category codes are not converted to measured depth,,UNKNOWN,MODEL,The hazard polygon is not an official road-closure record
NOT_CONNECTED,MODEL_DERIVED,,kyoto-arashiyama:osm-way-000428227448:nodes-004273616207-004273616208,NO_OVERLAP,NOT_CONNECTED,,A31b category codes are not converted to measured depth,,UNKNOWN,MODEL,The hazard polygon is not an official road-closure record
NOT_CONNECTED,MODEL_DERIVED,,kyoto-arashiyama:osm-way-000428227449:nodes-004273616164-004273616169,NO_OVERLAP,NOT_CONNECTED,,A31b category codes are not converted to measured depth,,UNKNOWN,MODEL,The hazard polygon is not an official road-closure record
NOT_CONNECTED,MODEL_DERIVED,,kyoto-arashiyama:osm-way-000428227449:nodes-004273616169-004273616180,NO_OVERLAP,NOT_CONNECTED,,A31b category codes are not converted to measured depth,,UNKNOWN,MODEL,The hazard polygon is not an official road-closure record
NOT_CONNECTED,MODEL_DERIVED,,kyoto-arashiyama:osm-way-000428227449:nodes-004273616180-004273616189,NO_OVERLAP,NOT_CONNECTED,,A31b category codes are not converted to measured depth,,UNKNOWN,MODEL,The hazard polygon is not an official road-closure record
NOT_CONNECTED,MODEL_DERIVED,,kyoto-arashiyama:osm-way-000428227450:nodes-004273616189-004273616202,NO_OVERLAP,NOT_CONNECTED,,A31b category codes are not converted to measured depth,,UNKNOWN,MODEL,The hazard polygon is not an official road-closure record
NOT_CONNECTED,MODEL_DERIVED,,kyoto-arashiyama:osm-way-000428227450:nodes-004273616202-004273616208,NO_OVERLAP,NOT_CONNECTED,,A31b category codes are not converted to measured depth,,UNKNOWN,MODEL,The hazard polygon is not an official road-closure record
NOT_CONNECTED,MODEL_DERIVED,,kyoto-arashiyama:osm-way-000428476613:nodes-004275697363-004275697369,NO_OVERLAP,NOT_CONNECTED,,A31b category codes are not converted to measured depth,,UNKNOWN,MODEL,The hazard polygon is not an official road-closure record
NOT_CONNECTED,MODEL_DERIVED,,kyoto-arashiyama:osm-way-000428476613:nodes-004275697369-004275697370,NO_OVERLAP,NOT_CONNECTED,,A31b category codes are not converted to measured depth,,UNKNOWN,MODEL,The hazard polygon is not an official road-closure record
NOT_CONNECTED,MODEL_DERIVED,,kyoto-arashiyama:osm-way-000428661744:nodes-004277494652-004277494667,NO_OVERLAP,NOT_CONNECTED,,A31b category codes are not converted to measured depth,,UNKNOWN,MODEL,The hazard polygon is not an official road-closure record
NOT_CONNECTED,MODEL_DERIVED,,kyoto-arashiyama:osm-way-000428661745:nodes-004277494665-004277494666,NO_OVERLAP,NOT_CONNECTED,,A31b category codes are not converted to measured depth,,UNKNOWN,MODEL,The hazard polygon is not an official road-closure record
NOT_CONNECTED,MODEL_DERIVED,,kyoto-arashiyama:osm-way-000428661747:nodes-004277494649-004277494667,NO_OVERLAP,NOT_CONNECTED,,A31b category codes are not converted to measured depth,,UNKNOWN,MODEL,The hazard polygon is not an official road-closure record
NOT_CONNECTED,MODEL_DERIVED,,kyoto-arashiyama:osm-way-000428661747:nodes-004277494665-004277494667,NO_OVERLAP,NOT_CONNECTED,,A31b category codes are not converted to measured depth,,UNKNOWN,MODEL,The hazard polygon is not an official road-closure record
NOT_CONNECTED,MODEL_DERIVED,,kyoto-arashiyama:osm-way-000428892560:nodes-004280069056-004280071848,NO_OVERLAP,NOT_CONNECTED,,A31b category codes are not converted to measured depth,,UNKNOWN,MODEL,The hazard polygon is not an official road-closure record
NOT_CONNECTED,MODEL_DERIVED,,kyoto-arashiyama:osm-way-000428892560:nodes-004280071848-005064078687,NO_OVERLAP,NOT_CONNECTED,,A31b category codes are not converted to measured depth,,UNKNOWN,MODEL,The hazard polygon is not an official road-closure record
NOT_CONNECTED,MODEL_DERIVED,,kyoto-arashiyama:osm-way-000428892563:nodes-002200792879-004280313257,NO_OVERLAP,NOT_CONNECTED,,A31b category codes are not converted to measured depth,,UNKNOWN,MODEL,The hazard polygon is not an official road-closure record
NOT_CONNECTED,MODEL_DERIVED,,kyoto-arashiyama:osm-way-000428892563:nodes-002200792879-004280313258,NO_OVERLAP,NOT_CONNECTED,,A31b category codes are not converted to measured depth,,UNKNOWN,MODEL,The hazard polygon is not an official road-closure record
NOT_CONNECTED,MODEL_DERIVED,,kyoto-arashiyama:osm-way-000428892566:nodes-004280071951-004280071952,NO_OVERLAP,NOT_CONNECTED,,A31b category codes are not converted to measured depth,,UNKNOWN,MODEL,The hazard polygon is not an official road-closure record
NOT_CONNECTED,MODEL_DERIVED,,kyoto-arashiyama:osm-way-000428892566:nodes-004280071951-005064078690,NO_OVERLAP,NOT_CONNECTED,,A31b category codes are not converted to measured depth,,UNKNOWN,MODEL,The hazard polygon is not an official road-closure record
NOT_CONNECTED,MODEL_DERIVED,,kyoto-arashiyama:osm-way-000428892566:nodes-004280071952-004280071955,NO_OVERLAP,NOT_CONNECTED,,A31b category codes are not converted to measured depth,,UNKNOWN,MODEL,The hazard polygon is not an official road-closure record
NOT_CONNECTED,MODEL_DERIVED,,kyoto-arashiyama:osm-way-000428892568:nodes-004280071902-004280071927,NO_OVERLAP,NOT_CONNECTED,,A31b category codes are not converted to measured depth,,UNKNOWN,MODEL,The hazard polygon is not an official road-closure record
NOT_CONNECTED,MODEL_DERIVED,,kyoto-arashiyama:osm-way-000428892568:nodes-004280071927-004280071943,NO_OVERLAP,NOT_CONNECTED,,A31b category codes are not converted to measured depth,,UNKNOWN,MODEL,The hazard polygon is not an official road-closure record
NOT_CONNECTED,MODEL_DERIVED,,kyoto-arashiyama:osm-way-000428892568:nodes-004280071943-005064078660,NO_OVERLAP,NOT_CONNECTED,,A31b category codes are not converted to measured depth,,UNKNOWN,MODEL,The hazard polygon is not an official road-closure record
NOT_CONNECTED,MODEL_DERIVED,,kyoto-arashiyama:osm-way-000428892570:nodes-002200792887-004269861782,NO_OVERLAP,NOT_CONNECTED,,A31b category codes are not converted to measured depth,,UNKNOWN,MODEL,The hazard polygon is not an official road-closure record
NOT_CONNECTED,MODEL_DERIVED,,kyoto-arashiyama:osm-way-000428892570:nodes-002200792895-004269861782,NO_OVERLAP,NOT_CONNECTED,,A31b category codes are not converted to measured depth,,UNKNOWN,MODEL,The hazard polygon is not an official road-closure record
NOT_CONNECTED,MODEL_DERIVED,,kyoto-arashiyama:osm-way-000428892573:nodes-004280071828-004280071846,NO_OVERLAP,NOT_CONNECTED,,A31b category codes are not converted to measured depth,,UNKNOWN,MODEL,The hazard polygon is not an official road-closure record
NOT_CONNECTED,MODEL_DERIVED,,kyoto-arashiyama:osm-way-000428892573:nodes-004280071846-004280071886,NO_OVERLAP,NOT_CONNECTED,,A31b category codes are not converted to measured depth,,UNKNOWN,MODEL,The hazard polygon is not an official road-closure record
NOT_CONNECTED,MODEL_DERIVED,,kyoto-arashiyama:osm-way-000428892575:nodes-002200792895-004280071943,NO_OVERLAP,NOT_CONNECTED,,A31b category codes are not converted to measured depth,,UNKNOWN,MODEL,The hazard polygon is not an official road-closure record
NOT_CONNECTED,MODEL_DERIVED,,kyoto-arashiyama:osm-way-000428892575:nodes-002200792895-004280071949,NO_OVERLAP,NOT_CONNECTED,,A31b category codes are not converted to measured depth,,UNKNOWN,MODEL,The hazard polygon is not an official road-closure record
NOT_CONNECTED,MODEL_DERIVED,,kyoto-arashiyama:osm-way-000428892575:nodes-004280069058-004280071802,NO_OVERLAP,NOT_CONNECTED,,A31b category codes are not converted to measured depth,,UNKNOWN,MODEL,The hazard polygon is not an official road-closure record
NOT_CONNECTED,MODEL_DERIVED,,kyoto-arashiyama:osm-way-000428892575:nodes-004280069058-005064078685,NO_OVERLAP,NOT_CONNECTED,,A31b category codes are not converted to measured depth,,UNKNOWN,MODEL,The hazard polygon is not an official road-closure record
NOT_CONNECTED,MODEL_DERIVED,,kyoto-arashiyama:osm-way-000428892575:nodes-004280069060-004280069071,NO_OVERLAP,NOT_CONNECTED,,A31b category codes are not converted to measured depth,,UNKNOWN,MODEL,The hazard polygon is not an official road-closure record
NOT_CONNECTED,MODEL_DERIVED,,kyoto-arashiyama:osm-way-000428892575:nodes-004280069060-005064078685,NO_OVERLAP,NOT_CONNECTED,,A31b category codes are not converted to measured depth,,UNKNOWN,MODEL,The hazard polygon is not an official road-closure record
NOT_CONNECTED,MODEL_DERIVED,,kyoto-arashiyama:osm-way-000428892575:nodes-004280069067-004280069069,NO_OVERLAP,NOT_CONNECTED,,A31b category codes are not converted to measured depth,,UNKNOWN,MODEL,The hazard polygon is not an official road-closure record
NOT_CONNECTED,MODEL_DERIVED,,kyoto-arashiyama:osm-way-000428892575:nodes-004280069067-004280069086,NO_OVERLAP,NOT_CONNECTED,,A31b category codes are not converted to measured depth,,UNKNOWN,MODEL,The hazard polygon is not an official road-closure record
NOT_CONNECTED,MODEL_DERIVED,,kyoto-arashiyama:osm-way-000428892575:nodes-004280069069-004280069078,NO_OVERLAP,NOT_CONNECTED,,A31b category codes are not converted to measured depth,,UNKNOWN,MODEL,The hazard polygon is not an official road-closure record
NOT_CONNECTED,MODEL_DERIVED,,kyoto-arashiyama:osm-way-000428892575:nodes-004280069071-004280069080,NO_OVERLAP,NOT_CONNECTED,,A31b category codes are not converted to measured depth,,UNKNOWN,MODEL,The hazard polygon is not an official road-closure record
NOT_CONNECTED,MODEL_DERIVED,,kyoto-arashiyama:osm-way-000428892575:nodes-004280069078-004280069087,NO_OVERLAP,NOT_CONNECTED,,A31b category codes are not converted to measured depth,,UNKNOWN,MODEL,The hazard polygon is not an official road-closure record
NOT_CONNECTED,MODEL_DERIVED,,kyoto-arashiyama:osm-way-000428892575:nodes-004280069080-004280071800,NO_OVERLAP,NOT_CONNECTED,,A31b category codes are not converted to measured depth,,UNKNOWN,MODEL,The hazard polygon is not an official road-closure record
NOT_CONNECTED,MODEL_DERIVED,,kyoto-arashiyama:osm-way-000428892575:nodes-004280069086-004280071792,NO_OVERLAP,NOT_CONNECTED,,A31b category codes are not converted to measured depth,,UNKNOWN,MODEL,The hazard polygon is not an official road-closure record
NOT_CONNECTED,MODEL_DERIVED,,kyoto-arashiyama:osm-way-000428892575:nodes-004280069087-004280071803,NO_OVERLAP,NOT_CONNECTED,,A31b category codes are not converted to measured depth,,UNKNOWN,MODEL,The hazard polygon is not an official road-closure record
NOT_CONNECTED,MODEL_DERIVED,,kyoto-arashiyama:osm-way-000428892575:nodes-004280071792-004280071797,NO_OVERLAP,NOT_CONNECTED,,A31b category codes are not converted to measured depth,,UNKNOWN,MODEL,The hazard polygon is not an official road-closure record
NOT_CONNECTED,MODEL_DERIVED,,kyoto-arashiyama:osm-way-000428892575:nodes-004280071797-004280071808,NO_OVERLAP,NOT_CONNECTED,,A31b category codes are not converted to measured depth,,UNKNOWN,MODEL,The hazard polygon is not an official road-closure record
NOT_CONNECTED,MODEL_DERIVED,,kyoto-arashiyama:osm-way-000428892575:nodes-004280071800-004280071816,NO_OVERLAP,NOT_CONNECTED,,A31b category codes are not converted to measured depth,,UNKNOWN,MODEL,The hazard polygon is not an official road-closure record
NOT_CONNECTED,MODEL_DERIVED,,kyoto-arashiyama:osm-way-000428892575:nodes-004280071802-004280071810,NO_OVERLAP,NOT_CONNECTED,,A31b category codes are not converted to measured depth,,UNKNOWN,MODEL,The hazard polygon is not an official road-closure record
NOT_CONNECTED,MODEL_DERIVED,,kyoto-arashiyama:osm-way-000428892575:nodes-004280071803-004280071819,NO_OVERLAP,NOT_CONNECTED,,A31b category codes are not converted to measured depth,,UNKNOWN,MODEL,The hazard polygon is not an official road-closure record
NOT_CONNECTED,MODEL_DERIVED,,kyoto-arashiyama:osm-way-000428892575:nodes-004280071808-004280071814,NO_OVERLAP,NOT_CONNECTED,,A31b category codes are not converted to measured depth,,UNKNOWN,MODEL,The hazard polygon is not an official road-closure record
NOT_CONNECTED,MODEL_DERIVED,,kyoto-arashiyama:osm-way-000428892575:nodes-004280071810-004280071817,NO_OVERLAP,NOT_CONNECTED,,A31b category codes are not converted to measured depth,,UNKNOWN,MODEL,The hazard polygon is not an official road-closure record
NOT_CONNECTED,MODEL_DERIVED,,kyoto-arashiyama:osm-way-000428892575:nodes-004280071814-004280071817,NO_OVERLAP,NOT_CONNECTED,,A31b category codes are not converted to measured depth,,UNKNOWN,MODEL,The hazard polygon is not an official road-closure record
NOT_CONNECTED,MODEL_DERIVED,,kyoto-arashiyama:osm-way-000428892575:nodes-004280071816-004280071822,NO_OVERLAP,NOT_CONNECTED,,A31b category codes are not converted to measured depth,,UNKNOWN,MODEL,The hazard polygon is not an official road-closure record
NOT_CONNECTED,MODEL_DERIVED,,kyoto-arashiyama:osm-way-000428892575:nodes-004280071819-004280071834,NO_OVERLAP,NOT_CONNECTED,,A31b category codes are not converted to measured depth,,UNKNOWN,MODEL,The hazard polygon is not an official road-closure record
NOT_CONNECTED,MODEL_DERIVED,,kyoto-arashiyama:osm-way-000428892575:nodes-004280071822-004280071825,NO_OVERLAP,NOT_CONNECTED,,A31b category codes are not converted to measured depth,,UNKNOWN,MODEL,The hazard polygon is not an official road-closure record
NOT_CONNECTED,MODEL_DERIVED,,kyoto-arashiyama:osm-way-000428892575:nodes-004280071824-004280071825,NO_OVERLAP,NOT_CONNECTED,,A31b category codes are not converted to measured depth,,UNKNOWN,MODEL,The hazard polygon is not an official road-closure record
NOT_CONNECTED,MODEL_DERIVED,,kyoto-arashiyama:osm-way-000428892575:nodes-004280071824-004280071831,NO_OVERLAP,NOT_CONNECTED,,A31b category codes are not converted to measured depth,,UNKNOWN,MODEL,The hazard polygon is not an official road-closure record
NOT_CONNECTED,MODEL_DERIVED,,kyoto-arashiyama:osm-way-000428892575:nodes-004280071829-004280071830,NO_OVERLAP,NOT_CONNECTED,,A31b category codes are not converted to measured depth,,UNKNOWN,MODEL,The hazard polygon is not an official road-closure record
NOT_CONNECTED,MODEL_DERIVED,,kyoto-arashiyama:osm-way-000428892575:nodes-004280071829-004280071837,NO_OVERLAP,NOT_CONNECTED,,A31b category codes are not converted to measured depth,,UNKNOWN,MODEL,The hazard polygon is not an official road-closure record
NOT_CONNECTED,MODEL_DERIVED,,kyoto-arashiyama:osm-way-000428892575:nodes-004280071830-004280071848,NO_OVERLAP,NOT_CONNECTED,,A31b category codes are not converted to measured depth,,UNKNOWN,MODEL,The hazard polygon is not an official road-closure record
NOT_CONNECTED,MODEL_DERIVED,,kyoto-arashiyama:osm-way-000428892575:nodes-004280071831-004280071839,NO_OVERLAP,NOT_CONNECTED,,A31b category codes are not converted to measured depth,,UNKNOWN,MODEL,The hazard polygon is not an official road-closure record
NOT_CONNECTED,MODEL_DERIVED,,kyoto-arashiyama:osm-way-000428892575:nodes-004280071834-004280071840,NO_OVERLAP,NOT_CONNECTED,,A31b category codes are not converted to measured depth,,UNKNOWN,MODEL,The hazard polygon is not an official road-closure record
NOT_CONNECTED,MODEL_DERIVED,,kyoto-arashiyama:osm-way-000428892575:nodes-004280071837-004280071841,NO_OVERLAP,NOT_CONNECTED,,A31b category codes are not converted to measured depth,,UNKNOWN,MODEL,The hazard polygon is not an official road-closure record
NOT_CONNECTED,MODEL_DERIVED,,kyoto-arashiyama:osm-way-000428892575:nodes-004280071839-005064078694,NO_OVERLAP,NOT_CONNECTED,,A31b category codes are not converted to measured depth,,UNKNOWN,MODEL,The hazard polygon is not an official road-closure record
NOT_CONNECTED,MODEL_DERIVED,,kyoto-arashiyama:osm-way-000428892575:nodes-004280071840-004280071843,NO_OVERLAP,NOT_CONNECTED,,A31b category codes are not converted to measured depth,,UNKNOWN,MODEL,The hazard polygon is not an official road-closure record
NOT_CONNECTED,MODEL_DERIVED,,kyoto-arashiyama:osm-way-000428892575:nodes-004280071841-004280071847,NO_OVERLAP,NOT_CONNECTED,,A31b category codes are not converted to measured depth,,UNKNOWN,MODEL,The hazard polygon is not an official road-closure record
NOT_CONNECTED,MODEL_DERIVED,,kyoto-arashiyama:osm-way-000428892575:nodes-004280071843-004280071851,NO_OVERLAP,NOT_CONNECTED,,A31b category codes are not converted to measured depth,,UNKNOWN,MODEL,The hazard polygon is not an official road-closure record
NOT_CONNECTED,MODEL_DERIVED,,kyoto-arashiyama:osm-way-000428892575:nodes-004280071847-004280071854,NO_OVERLAP,NOT_CONNECTED,,A31b category codes are not converted to measured depth,,UNKNOWN,MODEL,The hazard polygon is not an official road-closure record
NOT_CONNECTED,MODEL_DERIVED,,kyoto-arashiyama:osm-way-000428892575:nodes-004280071848-004280071879,NO_OVERLAP,NOT_CONNECTED,,A31b category codes are not converted to measured depth,,UNKNOWN,MODEL,The hazard polygon is not an official road-closure record
NOT_CONNECTED,MODEL_DERIVED,,kyoto-arashiyama:osm-way-000428892575:nodes-004280071851-004280071854,NO_OVERLAP,NOT_CONNECTED,,A31b category codes are not converted to measured depth,,UNKNOWN,MODEL,The hazard polygon is not an official road-closure record
NOT_CONNECTED,MODEL_DERIVED,,kyoto-arashiyama:osm-way-000428892575:nodes-004280071879-004280071930,NO_OVERLAP,NOT_CONNECTED,,A31b category codes are not converted to measured depth,,UNKNOWN,MODEL,The hazard polygon is not an official road-closure record
NOT_CONNECTED,MODEL_DERIVED,,kyoto-arashiyama:osm-way-000428892575:nodes-004280071882-004280071886,NO_OVERLAP,NOT_CONNECTED,,A31b category codes are not converted to measured depth,,UNKNOWN,MODEL,The hazard polygon is not an official road-closure record
NOT_CONNECTED,MODEL_DERIVED,,kyoto-arashiyama:osm-way-000428892575:nodes-004280071882-004280071910,NO_OVERLAP,NOT_CONNECTED,,A31b category codes are not converted to measured depth,,UNKNOWN,MODEL,The hazard polygon is not an official road-closure record
NOT_CONNECTED,MODEL_DERIVED,,kyoto-arashiyama:osm-way-000428892575:nodes-004280071886-004280071907,NO_OVERLAP,NOT_CONNECTED,,A31b category codes are not converted to measured depth,,UNKNOWN,MODEL,The hazard polygon is not an official road-closure record
NOT_CONNECTED,MODEL_DERIVED,,kyoto-arashiyama:osm-way-000428892575:nodes-004280071895-004280071910,NO_OVERLAP,NOT_CONNECTED,,A31b category codes are not converted to measured depth,,UNKNOWN,MODEL,The hazard polygon is not an official road-closure record
NOT_CONNECTED,MODEL_DERIVED,,kyoto-arashiyama:osm-way-000428892575:nodes-004280071895-004280071930,NO_OVERLAP,NOT_CONNECTED,,A31b category codes are not converted to measured depth,,UNKNOWN,MODEL,The hazard polygon is not an official road-closure record
NOT_CONNECTED,MODEL_DERIVED,,kyoto-arashiyama:osm-way-000428892575:nodes-004280071899-004280071929,NO_OVERLAP,NOT_CONNECTED,,A31b category codes are not converted to measured depth,,UNKNOWN,MODEL,The hazard polygon is not an official road-closure record
NOT_CONNECTED,MODEL_DERIVED,,kyoto-arashiyama:osm-way-000428892575:nodes-004280071899-005064078694,NO_OVERLAP,NOT_CONNECTED,,A31b category codes are not converted to measured depth,,UNKNOWN,MODEL,The hazard polygon is not an official road-closure record
NOT_CONNECTED,MODEL_DERIVED,,kyoto-arashiyama:osm-way-000428892575:nodes-004280071907-004280071932,NO_OVERLAP,NOT_CONNECTED,,A31b category codes are not converted to measured depth,,UNKNOWN,MODEL,The hazard polygon is not an official road-closure record
NOT_CONNECTED,MODEL_DERIVED,,kyoto-arashiyama:osm-way-000428892575:nodes-004280071929-004280071937,NO_OVERLAP,NOT_CONNECTED,,A31b category codes are not converted to measured depth,,UNKNOWN,MODEL,The hazard polygon is not an official road-closure record
NOT_CONNECTED,MODEL_DERIVED,,kyoto-arashiyama:osm-way-000428892575:nodes-004280071932-004280071943,NO_OVERLAP,NOT_CONNECTED,,A31b category codes are not converted to measured depth,,UNKNOWN,MODEL,The hazard polygon is not an official road-closure record
NOT_CONNECTED,MODEL_DERIVED,,kyoto-arashiyama:osm-way-000428892575:nodes-004280071937-004280071945,NO_OVERLAP,NOT_CONNECTED,,A31b category codes are not converted to measured depth,,UNKNOWN,MODEL,The hazard polygon is not an official road-closure record
NOT_CONNECTED,MODEL_DERIVED,,kyoto-arashiyama:osm-way-000428892575:nodes-004280071945-004280071948,NO_OVERLAP,NOT_CONNECTED,,A31b category codes are not converted to measured depth,,UNKNOWN,MODEL,The hazard polygon is not an official road-closure record
NOT_CONNECTED,MODEL_DERIVED,,kyoto-arashiyama:osm-way-000428892575:nodes-004280071948-004280071957,NO_OVERLAP,NOT_CONNECTED,,A31b category codes are not converted to measured depth,,UNKNOWN,MODEL,The hazard polygon is not an official road-closure record
NOT_CONNECTED,MODEL_DERIVED,,kyoto-arashiyama:osm-way-000428892575:nodes-004280071949-004280071951,NO_OVERLAP,NOT_CONNECTED,,A31b category codes are not converted to measured depth,,UNKNOWN,MODEL,The hazard polygon is not an official road-closure record
NOT_CONNECTED,MODEL_DERIVED,,kyoto-arashiyama:osm-way-000428892575:nodes-004280071951-004280071953,NO_OVERLAP,NOT_CONNECTED,,A31b category codes are not converted to measured depth,,UNKNOWN,MODEL,The hazard polygon is not an official road-closure record
NOT_CONNECTED,MODEL_DERIVED,,kyoto-arashiyama:osm-way-000428892575:nodes-004280071953-004280071960,NO_OVERLAP,NOT_CONNECTED,,A31b category codes are not converted to measured depth,,UNKNOWN,MODEL,The hazard polygon is not an official road-closure record
NOT_CONNECTED,MODEL_DERIVED,,kyoto-arashiyama:osm-way-000428892575:nodes-004280071956-004280071960,NO_OVERLAP,NOT_CONNECTED,,A31b category codes are not converted to measured depth,,UNKNOWN,MODEL,The hazard polygon is not an official road-closure record
NOT_CONNECTED,MODEL_DERIVED,,kyoto-arashiyama:osm-way-000428892575:nodes-004280071956-004280071962,NO_OVERLAP,NOT_CONNECTED,,A31b category codes are not converted to measured depth,,UNKNOWN,MODEL,The hazard polygon is not an official road-closure record
NOT_CONNECTED,MODEL_DERIVED,,kyoto-arashiyama:osm-way-000428892575:nodes-004280071957-004280071961,NO_OVERLAP,NOT_CONNECTED,,A31b category codes are not converted to measured depth,,UNKNOWN,MODEL,The hazard polygon is not an official road-closure record
NOT_CONNECTED,MODEL_DERIVED,,kyoto-arashiyama:osm-way-000428892575:nodes-004280071961-004280071962,NO_OVERLAP,NOT_CONNECTED,,A31b category codes are not converted to measured depth,,UNKNOWN,MODEL,The hazard polygon is not an official road-closure record
NOT_CONNECTED,MODEL_DERIVED,,kyoto-arashiyama:osm-way-000428892581:nodes-004280071839-004280071844,NO_OVERLAP,NOT_CONNECTED,,A31b category codes are not converted to measured depth,,UNKNOWN,MODEL,The hazard polygon is not an official road-closure record
NOT_CONNECTED,MODEL_DERIVED,,kyoto-arashiyama:osm-way-000428892581:nodes-004280071839-005064078694,NO_OVERLAP,NOT_CONNECTED,,A31b category codes are not converted to measured depth,,UNKNOWN,MODEL,The hazard polygon is not an official road-closure record
NOT_CONNECTED,MODEL_DERIVED,,kyoto-arashiyama:osm-way-000428892581:nodes-004280071844-004280071875,NO_OVERLAP,NOT_CONNECTED,,A31b category codes are not converted to measured depth,,UNKNOWN,MODEL,The hazard polygon is not an official road-closure record
NOT_CONNECTED,MODEL_DERIVED,,kyoto-arashiyama:osm-way-000428892581:nodes-004280071875-004280071914,NO_OVERLAP,NOT_CONNECTED,,A31b category codes are not converted to measured depth,,UNKNOWN,MODEL,The hazard polygon is not an official road-closure record
NOT_CONNECTED,MODEL_DERIVED,,kyoto-arashiyama:osm-way-000428892581:nodes-004280071899-004280071914,NO_OVERLAP,NOT_CONNECTED,,A31b category codes are not converted to measured depth,,UNKNOWN,MODEL,The hazard polygon is not an official road-closure record
NOT_CONNECTED,MODEL_DERIVED,,kyoto-arashiyama:osm-way-000428892581:nodes-004280071899-005064078694,NO_OVERLAP,NOT_CONNECTED,,A31b category codes are not converted to measured depth,,UNKNOWN,MODEL,The hazard polygon is not an official road-closure record
NOT_CONNECTED,MODEL_DERIVED,,kyoto-arashiyama:osm-way-000428892584:nodes-004280069081-004280069082,NO_OVERLAP,NOT_CONNECTED,,A31b category codes are not converted to measured depth,,UNKNOWN,MODEL,The hazard polygon is not an official road-closure record
NOT_CONNECTED,MODEL_DERIVED,,kyoto-arashiyama:osm-way-000428892584:nodes-004280069081-004280069083,NO_OVERLAP,NOT_CONNECTED,,A31b category codes are not converted to measured depth,,UNKNOWN,MODEL,The hazard polygon is not an official road-closure record
NOT_CONNECTED,MODEL_DERIVED,,kyoto-arashiyama:osm-way-000428892584:nodes-004280069082-004280071793,NO_OVERLAP,NOT_CONNECTED,,A31b category codes are not converted to measured depth,,UNKNOWN,MODEL,The hazard polygon is not an official road-closure record
NOT_CONNECTED,MODEL_DERIVED,,kyoto-arashiyama:osm-way-000428892584:nodes-004280069083-004280069087,NO_OVERLAP,NOT_CONNECTED,,A31b category codes are not converted to measured depth,,UNKNOWN,MODEL,The hazard polygon is not an official road-closure record
NOT_CONNECTED,MODEL_DERIVED,,kyoto-arashiyama:osm-way-000428892584:nodes-004280071793-004280071809,NO_OVERLAP,NOT_CONNECTED,,A31b category codes are not converted to measured depth,,UNKNOWN,MODEL,The hazard polygon is not an official road-closure record
NOT_CONNECTED,MODEL_DERIVED,,kyoto-arashiyama:osm-way-000428892584:nodes-004280071809-004280071830,NO_OVERLAP,NOT_CONNECTED,,A31b category codes are not converted to measured depth,,UNKNOWN,MODEL,The hazard polygon is not an official road-closure record
NOT_CONNECTED,MODEL_DERIVED,,kyoto-arashiyama:osm-way-000428916292:nodes-004280313275-004280313276,NO_OVERLAP,NOT_CONNECTED,,A31b category codes are not converted to measured depth,,UNKNOWN,MODEL,The hazard polygon is not an official road-closure record
NOT_CONNECTED,MODEL_DERIVED,,kyoto-arashiyama:osm-way-000428916292:nodes-004280313276-009689258377,NO_OVERLAP,NOT_CONNECTED,,A31b category codes are not converted to measured depth,,UNKNOWN,MODEL,The hazard polygon is not an official road-closure record
NOT_CONNECTED,MODEL_DERIVED,,kyoto-arashiyama:osm-way-000428916292:nodes-004280313278-004280313280,NO_OVERLAP,NOT_CONNECTED,,A31b category codes are not converted to measured depth,,UNKNOWN,MODEL,The hazard polygon is not an official road-closure record
NOT_CONNECTED,MODEL_DERIVED,,kyoto-arashiyama:osm-way-000428916292:nodes-004280313278-009689258377,NO_OVERLAP,NOT_CONNECTED,,A31b category codes are not converted to measured depth,,UNKNOWN,MODEL,The hazard polygon is not an official road-closure record
NOT_CONNECTED,MODEL_DERIVED,,kyoto-arashiyama:osm-way-000428916292:nodes-004280313280-004280313285,NO_OVERLAP,NOT_CONNECTED,,A31b category codes are not converted to measured depth,,UNKNOWN,MODEL,The hazard polygon is not an official road-closure record
NOT_CONNECTED,MODEL_DERIVED,,kyoto-arashiyama:osm-way-000428916292:nodes-004280313285-004773068052,NO_OVERLAP,NOT_CONNECTED,,A31b category codes are not converted to measured depth,,UNKNOWN,MODEL,The hazard polygon is not an official road-closure record
NOT_CONNECTED,MODEL_DERIVED,,kyoto-arashiyama:osm-way-000428916292:nodes-004284012779-004773068052,NO_OVERLAP,NOT_CONNECTED,,A31b category codes are not converted to measured depth,,UNKNOWN,MODEL,The hazard polygon is not an official road-closure record
NOT_CONNECTED,MODEL_DERIVED,,kyoto-arashiyama:osm-way-000428916292:nodes-004284012779-011893490639,NO_OVERLAP,NOT_CONNECTED,,A31b category codes are not converted to measured depth,,UNKNOWN,MODEL,The hazard polygon is not an official road-closure record
NOT_CONNECTED,MODEL_DERIVED,,kyoto-arashiyama:osm-way-000428916292:nodes-011893490639-011893490640,NO_OVERLAP,NOT_CONNECTED,,A31b category codes are not converted to measured depth,,UNKNOWN,MODEL,The hazard polygon is not an official road-closure record
NOT_CONNECTED,MODEL_DERIVED,,kyoto-arashiyama:osm-way-000428916293:nodes-003255952713-004280313284,NO_OVERLAP,NOT_CONNECTED,,A31b category codes are not converted to measured depth,,UNKNOWN,MODEL,The hazard polygon is not an official road-closure record
NOT_CONNECTED,MODEL_DERIVED,,kyoto-arashiyama:osm-way-000428916293:nodes-003255952713-004280313287,NO_OVERLAP,NOT_CONNECTED,,A31b category codes are not converted to measured depth,,UNKNOWN,MODEL,The hazard polygon is not an official road-closure record
NOT_CONNECTED,MODEL_DERIVED,,kyoto-arashiyama:osm-way-000428916293:nodes-004280313283-004280313284,NO_OVERLAP,NOT_CONNECTED,,A31b category codes are not converted to measured depth,,UNKNOWN,MODEL,The hazard polygon is not an official road-closure record
NOT_CONNECTED,MODEL_DERIVED,1,kyoto-arashiyama:osm-way-000428916293:nodes-004280313287-004280313288,OVERLAPS,NOT_CONNECTED,,A31b category codes are not converted to measured depth,,UNKNOWN,MODEL,The hazard polygon is not an official road-closure record
NOT_CONNECTED,MODEL_DERIVED,1,kyoto-arashiyama:osm-way-000428916293:nodes-004280313288-004280316589,OVERLAPS,NOT_CONNECTED,,A31b category codes are not converted to measured depth,,UNKNOWN,MODEL,The hazard polygon is not an official road-closure record
NOT_CONNECTED,MODEL_DERIVED,1,kyoto-arashiyama:osm-way-000428916293:nodes-004280316589-004280316590,OVERLAPS,NOT_CONNECTED,,A31b category codes are not converted to measured depth,,UNKNOWN,MODEL,The hazard polygon is not an official road-closure record
NOT_CONNECTED,MODEL_DERIVED,,kyoto-arashiyama:osm-way-000428916294:nodes-004280313259-004280313261,NO_OVERLAP,NOT_CONNECTED,,A31b category codes are not converted to measured depth,,UNKNOWN,MODEL,The hazard polygon is not an official road-closure record
NOT_CONNECTED,MODEL_DERIVED,,kyoto-arashiyama:osm-way-000428916295:nodes-004280313257-004280313260,NO_OVERLAP,NOT_CONNECTED,,A31b category codes are not converted to measured depth,,UNKNOWN,MODEL,The hazard polygon is not an official road-closure record
NOT_CONNECTED,MODEL_DERIVED,,kyoto-arashiyama:osm-way-000428916295:nodes-004280313257-005064078657,NO_OVERLAP,NOT_CONNECTED,,A31b category codes are not converted to measured depth,,UNKNOWN,MODEL,The hazard polygon is not an official road-closure record
NOT_CONNECTED,MODEL_DERIVED,,kyoto-arashiyama:osm-way-000428916295:nodes-005064078651-005064078652,NO_OVERLAP,NOT_CONNECTED,,A31b category codes are not converted to measured depth,,UNKNOWN,MODEL,The hazard polygon is not an official road-closure record
NOT_CONNECTED,MODEL_DERIVED,,kyoto-arashiyama:osm-way-000428916295:nodes-005064078652-005064078653,NO_OVERLAP,NOT_CONNECTED,,A31b category codes are not converted to measured depth,,UNKNOWN,MODEL,The hazard polygon is not an official road-closure record
NOT_CONNECTED,MODEL_DERIVED,,kyoto-arashiyama:osm-way-000428916295:nodes-005064078653-005064078654,NO_OVERLAP,NOT_CONNECTED,,A31b category codes are not converted to measured depth,,UNKNOWN,MODEL,The hazard polygon is not an official road-closure record
NOT_CONNECTED,MODEL_DERIVED,,kyoto-arashiyama:osm-way-000428916295:nodes-005064078654-005064078655,NO_OVERLAP,NOT_CONNECTED,,A31b category codes are not converted to measured depth,,UNKNOWN,MODEL,The hazard polygon is not an official road-closure record
NOT_CONNECTED,MODEL_DERIVED,,kyoto-arashiyama:osm-way-000428916295:nodes-005064078655-005064078656,NO_OVERLAP,NOT_CONNECTED,,A31b category codes are not converted to measured depth,,UNKNOWN,MODEL,The hazard polygon is not an official road-closure record
NOT_CONNECTED,MODEL_DERIVED,,kyoto-arashiyama:osm-way-000428916295:nodes-005064078656-005064078657,NO_OVERLAP,NOT_CONNECTED,,A31b category codes are not converted to measured depth,,UNKNOWN,MODEL,The hazard polygon is not an official road-closure record
NOT_CONNECTED,MODEL_DERIVED,,kyoto-arashiyama:osm-way-000428916296:nodes-000736395941-004280313264,NO_OVERLAP,NOT_CONNECTED,,A31b category codes are not converted to measured depth,,UNKNOWN,MODEL,The hazard polygon is not an official road-closure record
NOT_CONNECTED,MODEL_DERIVED,,kyoto-arashiyama:osm-way-000428916296:nodes-000736395941-004280313265,NO_OVERLAP,NOT_CONNECTED,,A31b category codes are not converted to measured depth,,UNKNOWN,MODEL,The hazard polygon is not an official road-closure record
NOT_CONNECTED,MODEL_DERIVED,,kyoto-arashiyama:osm-way-000428916297:nodes-004280313260-004280313262,NO_OVERLAP,NOT_CONNECTED,,A31b category codes are not converted to measured depth,,UNKNOWN,MODEL,The hazard polygon is not an official road-closure record
NOT_CONNECTED,MODEL_DERIVED,,kyoto-arashiyama:osm-way-000428917687:nodes-003022373778-004280313287,NO_OVERLAP,NOT_CONNECTED,,A31b category codes are not converted to measured depth,,UNKNOWN,MODEL,The hazard polygon is not an official road-closure record
NOT_CONNECTED,MODEL_DERIVED,,kyoto-arashiyama:osm-way-000428917687:nodes-003022373778-004284012779,NO_OVERLAP,NOT_CONNECTED,,A31b category codes are not converted to measured depth,,UNKNOWN,MODEL,The hazard polygon is not an official road-closure record
NOT_CONNECTED,MODEL_DERIVED,,kyoto-arashiyama:osm-way-000428917690:nodes-003022373777-004280313277,NO_OVERLAP,NOT_CONNECTED,,A31b category codes are not converted to measured depth,,UNKNOWN,MODEL,The hazard polygon is not an official road-closure record
NOT_CONNECTED,MODEL_DERIVED,,kyoto-arashiyama:osm-way-000428917690:nodes-003022373777-004280313278,NO_OVERLAP,NOT_CONNECTED,,A31b category codes are not converted to measured depth,,UNKNOWN,MODEL,The hazard polygon is not an official road-closure record
NOT_CONNECTED,MODEL_DERIVED,,kyoto-arashiyama:osm-way-000429282029:nodes-004280313258-004280313259,NO_OVERLAP,NOT_CONNECTED,,A31b category codes are not converted to measured depth,,UNKNOWN,MODEL,The hazard polygon is not an official road-closure record
NOT_CONNECTED,MODEL_DERIVED,,kyoto-arashiyama:osm-way-000429282030:nodes-005064078665-005064078672,NO_OVERLAP,NOT_CONNECTED,,A31b category codes are not converted to measured depth,,UNKNOWN,MODEL,The hazard polygon is not an official road-closure record
NOT_CONNECTED,MODEL_DERIVED,,kyoto-arashiyama:osm-way-000429282030:nodes-005064078665-005064078688,NO_OVERLAP,NOT_CONNECTED,,A31b category codes are not converted to measured depth,,UNKNOWN,MODEL,The hazard polygon is not an official road-closure record
NOT_CONNECTED,MODEL_DERIVED,,kyoto-arashiyama:osm-way-000429282030:nodes-005064078671-005064078674,NO_OVERLAP,NOT_CONNECTED,,A31b category codes are not converted to measured depth,,UNKNOWN,MODEL,The hazard polygon is not an official road-closure record
NOT_CONNECTED,MODEL_DERIVED,,kyoto-arashiyama:osm-way-000429282030:nodes-005064078671-005064078693,NO_OVERLAP,NOT_CONNECTED,,A31b category codes are not converted to measured depth,,UNKNOWN,MODEL,The hazard polygon is not an official road-closure record
NOT_CONNECTED,MODEL_DERIVED,,kyoto-arashiyama:osm-way-000429282030:nodes-005064078672-005064078693,NO_OVERLAP,NOT_CONNECTED,,A31b category codes are not converted to measured depth,,UNKNOWN,MODEL,The hazard polygon is not an official road-closure record
NOT_CONNECTED,MODEL_DERIVED,,kyoto-arashiyama:osm-way-000429282030:nodes-005064078673-005064078688,NO_OVERLAP,NOT_CONNECTED,,A31b category codes are not converted to measured depth,,UNKNOWN,MODEL,The hazard polygon is not an official road-closure record
NOT_CONNECTED,MODEL_DERIVED,,kyoto-arashiyama:osm-way-000429282030:nodes-005064078673-005064078692,NO_OVERLAP,NOT_CONNECTED,,A31b category codes are not converted to measured depth,,UNKNOWN,MODEL,The hazard polygon is not an official road-closure record
NOT_CONNECTED,MODEL_DERIVED,,kyoto-arashiyama:osm-way-000429282031:nodes-004280313281-004280313282,NO_OVERLAP,NOT_CONNECTED,,A31b category codes are not converted to measured depth,,UNKNOWN,MODEL,The hazard polygon is not an official road-closure record
NOT_CONNECTED,MODEL_DERIVED,,kyoto-arashiyama:osm-way-000429282031:nodes-004280313282-004280313283,NO_OVERLAP,NOT_CONNECTED,,A31b category codes are not converted to measured depth,,UNKNOWN,MODEL,The hazard polygon is not an official road-closure record
NOT_CONNECTED,MODEL_DERIVED,,kyoto-arashiyama:osm-way-000429282032:nodes-003255952277-004280313271,NO_OVERLAP,NOT_CONNECTED,,A31b category codes are not converted to measured depth,,UNKNOWN,MODEL,The hazard polygon is not an official road-closure record
NOT_CONNECTED,MODEL_DERIVED,,kyoto-arashiyama:osm-way-000429282032:nodes-003255952277-004280313275,NO_OVERLAP,NOT_CONNECTED,,A31b category codes are not converted to measured depth,,UNKNOWN,MODEL,The hazard polygon is not an official road-closure record
NOT_CONNECTED,MODEL_DERIVED,,kyoto-arashiyama:osm-way-000429282033:nodes-001215761721-004280313267,NO_OVERLAP,NOT_CONNECTED,,A31b category codes are not converted to measured depth,,UNKNOWN,MODEL,The hazard polygon is not an official road-closure record
NOT_CONNECTED,MODEL_DERIVED,,kyoto-arashiyama:osm-way-000429282033:nodes-001215761721-004280313272,NO_OVERLAP,NOT_CONNECTED,,A31b category codes are not converted to measured depth,,UNKNOWN,MODEL,The hazard polygon is not an official road-closure record
NOT_CONNECTED,MODEL_DERIVED,,kyoto-arashiyama:osm-way-000429282034:nodes-004280313261-004280313265,NO_OVERLAP,NOT_CONNECTED,,A31b category codes are not converted to measured depth,,UNKNOWN,MODEL,The hazard polygon is not an official road-closure record
NOT_CONNECTED,MODEL_DERIVED,,kyoto-arashiyama:osm-way-000429282034:nodes-004280313265-004280313266,NO_OVERLAP,NOT_CONNECTED,,A31b category codes are not converted to measured depth,,UNKNOWN,MODEL,The hazard polygon is not an official road-closure record
NOT_CONNECTED,MODEL_DERIVED,,kyoto-arashiyama:osm-way-000429282034:nodes-004280313266-004280313267,NO_OVERLAP,NOT_CONNECTED,,A31b category codes are not converted to measured depth,,UNKNOWN,MODEL,The hazard polygon is not an official road-closure record
NOT_CONNECTED,MODEL_DERIVED,,kyoto-arashiyama:osm-way-000429282036:nodes-004280313272-004280313273,NO_OVERLAP,NOT_CONNECTED,,A31b category codes are not converted to measured depth,,UNKNOWN,MODEL,The hazard polygon is not an official road-closure record
NOT_CONNECTED,MODEL_DERIVED,,kyoto-arashiyama:osm-way-000429282036:nodes-004280313273-004280313274,NO_OVERLAP,NOT_CONNECTED,,A31b category codes are not converted to measured depth,,UNKNOWN,MODEL,The hazard polygon is not an official road-closure record
NOT_CONNECTED,MODEL_DERIVED,,kyoto-arashiyama:osm-way-000429282036:nodes-004280313274-004280313277,NO_OVERLAP,NOT_CONNECTED,,A31b category codes are not converted to measured depth,,UNKNOWN,MODEL,The hazard polygon is not an official road-closure record
NOT_CONNECTED,MODEL_DERIVED,,kyoto-arashiyama:osm-way-000429282036:nodes-004280313277-004280313279,NO_OVERLAP,NOT_CONNECTED,,A31b category codes are not converted to measured depth,,UNKNOWN,MODEL,The hazard polygon is not an official road-closure record
NOT_CONNECTED,MODEL_DERIVED,,kyoto-arashiyama:osm-way-000429282036:nodes-004280313279-004280313281,NO_OVERLAP,NOT_CONNECTED,,A31b category codes are not converted to measured depth,,UNKNOWN,MODEL,The hazard polygon is not an official road-closure record
NOT_CONNECTED,MODEL_DERIVED,,kyoto-arashiyama:osm-way-000429282037:nodes-004280313262-004280313264,NO_OVERLAP,NOT_CONNECTED,,A31b category codes are not converted to measured depth,,UNKNOWN,MODEL,The hazard polygon is not an official road-closure record
NOT_CONNECTED,MODEL_DERIVED,,kyoto-arashiyama:osm-way-000429282037:nodes-004280313264-004280313268,NO_OVERLAP,NOT_CONNECTED,,A31b category codes are not converted to measured depth,,UNKNOWN,MODEL,The hazard polygon is not an official road-closure record
NOT_CONNECTED,MODEL_DERIVED,,kyoto-arashiyama:osm-way-000429282037:nodes-004280313268-004280313269,NO_OVERLAP,NOT_CONNECTED,,A31b category codes are not converted to measured depth,,UNKNOWN,MODEL,The hazard polygon is not an official road-closure record
NOT_CONNECTED,MODEL_DERIVED,,kyoto-arashiyama:osm-way-000429282037:nodes-004280313269-004280313270,NO_OVERLAP,NOT_CONNECTED,,A31b category codes are not converted to measured depth,,UNKNOWN,MODEL,The hazard polygon is not an official road-closure record
NOT_CONNECTED,MODEL_DERIVED,,kyoto-arashiyama:osm-way-000429282037:nodes-004280313270-004280313271,NO_OVERLAP,NOT_CONNECTED,,A31b category codes are not converted to measured depth,,UNKNOWN,MODEL,The hazard polygon is not an official road-closure record
NOT_CONNECTED,MODEL_DERIVED,1,kyoto-arashiyama:osm-way-000484557619:nodes-004773068051-004773068052,OVERLAPS,NOT_CONNECTED,,A31b category codes are not converted to measured depth,,UNKNOWN,MODEL,The hazard polygon is not an official road-closure record
NOT_CONNECTED,MODEL_DERIVED,,kyoto-arashiyama:osm-way-000519319707:nodes-005064078635-005064078636,NO_OVERLAP,NOT_CONNECTED,,A31b category codes are not converted to measured depth,,UNKNOWN,MODEL,The hazard polygon is not an official road-closure record
NOT_CONNECTED,MODEL_DERIVED,,kyoto-arashiyama:osm-way-000519319707:nodes-005064078635-005064078643,NO_OVERLAP,NOT_CONNECTED,,A31b category codes are not converted to measured depth,,UNKNOWN,MODEL,The hazard polygon is not an official road-closure record
NOT_CONNECTED,MODEL_DERIVED,,kyoto-arashiyama:osm-way-000519319709:nodes-005064078642-005064078643,NO_OVERLAP,NOT_CONNECTED,,A31b category codes are not converted to measured depth,,UNKNOWN,MODEL,The hazard polygon is not an official road-closure record
NOT_CONNECTED,MODEL_DERIVED,,kyoto-arashiyama:osm-way-000519319711:nodes-004280313258-005064078641,NO_OVERLAP,NOT_CONNECTED,,A31b category codes are not converted to measured depth,,UNKNOWN,MODEL,The hazard polygon is not an official road-closure record
NOT_CONNECTED,MODEL_DERIVED,,kyoto-arashiyama:osm-way-000519319711:nodes-005064078640-005064078642,NO_OVERLAP,NOT_CONNECTED,,A31b category codes are not converted to measured depth,,UNKNOWN,MODEL,The hazard polygon is not an official road-closure record
NOT_CONNECTED,MODEL_DERIVED,,kyoto-arashiyama:osm-way-000519319711:nodes-005064078640-011177913906,NO_OVERLAP,NOT_CONNECTED,,A31b category codes are not converted to measured depth,,UNKNOWN,MODEL,The hazard polygon is not an official road-closure record
NOT_CONNECTED,MODEL_DERIVED,,kyoto-arashiyama:osm-way-000519319711:nodes-005064078641-011177913906,NO_OVERLAP,NOT_CONNECTED,,A31b category codes are not converted to measured depth,,UNKNOWN,MODEL,The hazard polygon is not an official road-closure record
NOT_CONNECTED,MODEL_DERIVED,,kyoto-arashiyama:osm-way-000519319713:nodes-005064078650-005064078651,NO_OVERLAP,NOT_CONNECTED,,A31b category codes are not converted to measured depth,,UNKNOWN,MODEL,The hazard polygon is not an official road-closure record
NOT_CONNECTED,MODEL_DERIVED,,kyoto-arashiyama:osm-way-000519319714:nodes-005064078644-005064078645,NO_OVERLAP,NOT_CONNECTED,,A31b category codes are not converted to measured depth,,UNKNOWN,MODEL,The hazard polygon is not an official road-closure record
NOT_CONNECTED,MODEL_DERIVED,,kyoto-arashiyama:osm-way-000519319714:nodes-005064078645-005064078646,NO_OVERLAP,NOT_CONNECTED,,A31b category codes are not converted to measured depth,,UNKNOWN,MODEL,The hazard polygon is not an official road-closure record
NOT_CONNECTED,MODEL_DERIVED,,kyoto-arashiyama:osm-way-000519319714:nodes-005064078646-005064078647,NO_OVERLAP,NOT_CONNECTED,,A31b category codes are not converted to measured depth,,UNKNOWN,MODEL,The hazard polygon is not an official road-closure record
NOT_CONNECTED,MODEL_DERIVED,,kyoto-arashiyama:osm-way-000519319714:nodes-005064078647-005064078648,NO_OVERLAP,NOT_CONNECTED,,A31b category codes are not converted to measured depth,,UNKNOWN,MODEL,The hazard polygon is not an official road-closure record
NOT_CONNECTED,MODEL_DERIVED,,kyoto-arashiyama:osm-way-000519319714:nodes-005064078648-005064078649,NO_OVERLAP,NOT_CONNECTED,,A31b category codes are not converted to measured depth,,UNKNOWN,MODEL,The hazard polygon is not an official road-closure record
NOT_CONNECTED,MODEL_DERIVED,,kyoto-arashiyama:osm-way-000519319714:nodes-005064078649-005064078650,NO_OVERLAP,NOT_CONNECTED,,A31b category codes are not converted to measured depth,,UNKNOWN,MODEL,The hazard polygon is not an official road-closure record
NOT_CONNECTED,MODEL_DERIVED,,kyoto-arashiyama:osm-way-000519319716:nodes-002200792895-005064078690,NO_OVERLAP,NOT_CONNECTED,,A31b category codes are not converted to measured depth,,UNKNOWN,MODEL,The hazard polygon is not an official road-closure record
NOT_CONNECTED,MODEL_DERIVED,,kyoto-arashiyama:osm-way-000519319716:nodes-005064078663-005064078690,NO_OVERLAP,NOT_CONNECTED,,A31b category codes are not converted to measured depth,,UNKNOWN,MODEL,The hazard polygon is not an official road-closure record
NOT_CONNECTED,MODEL_DERIVED,,kyoto-arashiyama:osm-way-000519319717:nodes-005064078664-005064078687,NO_OVERLAP,NOT_CONNECTED,,A31b category codes are not converted to measured depth,,UNKNOWN,MODEL,The hazard polygon is not an official road-closure record
NOT_CONNECTED,MODEL_DERIVED,,kyoto-arashiyama:osm-way-000519319717:nodes-005064078686-005064078687,NO_OVERLAP,NOT_CONNECTED,,A31b category codes are not converted to measured depth,,UNKNOWN,MODEL,The hazard polygon is not an official road-closure record
NOT_CONNECTED,MODEL_DERIVED,,kyoto-arashiyama:osm-way-000519319717:nodes-005064078686-005064078691,NO_OVERLAP,NOT_CONNECTED,,A31b category codes are not converted to measured depth,,UNKNOWN,MODEL,The hazard polygon is not an official road-closure record
NOT_CONNECTED,MODEL_DERIVED,,kyoto-arashiyama:osm-way-000519319719:nodes-004280071875-004280313257,NO_OVERLAP,NOT_CONNECTED,,A31b category codes are not converted to measured depth,,UNKNOWN,MODEL,The hazard polygon is not an official road-closure record
NOT_CONNECTED,MODEL_DERIVED,,kyoto-arashiyama:osm-way-000519319719:nodes-004280071875-005064078694,NO_OVERLAP,NOT_CONNECTED,,A31b category codes are not converted to measured depth,,UNKNOWN,MODEL,The hazard polygon is not an official road-closure record
NOT_CONNECTED,MODEL_DERIVED,,kyoto-arashiyama:osm-way-000519319719:nodes-005064078692-005064078694,NO_OVERLAP,NOT_CONNECTED,,A31b category codes are not converted to measured depth,,UNKNOWN,MODEL,The hazard polygon is not an official road-closure record
NOT_CONNECTED,MODEL_DERIVED,,kyoto-arashiyama:osm-way-000519319720:nodes-004280071886-005064078691,NO_OVERLAP,NOT_CONNECTED,,A31b category codes are not converted to measured depth,,UNKNOWN,MODEL,The hazard polygon is not an official road-closure record
NOT_CONNECTED,MODEL_DERIVED,,kyoto-arashiyama:osm-way-000519319722:nodes-005064078658-005064078662,NO_OVERLAP,NOT_CONNECTED,,A31b category codes are not converted to measured depth,,UNKNOWN,MODEL,The hazard polygon is not an official road-closure record
NOT_CONNECTED,MODEL_DERIVED,,kyoto-arashiyama:osm-way-000519319722:nodes-005064078658-005064078663,NO_OVERLAP,NOT_CONNECTED,,A31b category codes are not converted to measured depth,,UNKNOWN,MODEL,The hazard polygon is not an official road-closure record
NOT_CONNECTED,MODEL_DERIVED,,kyoto-arashiyama:osm-way-000519319722:nodes-005064078659-005064078661,NO_OVERLAP,NOT_CONNECTED,,A31b category codes are not converted to measured depth,,UNKNOWN,MODEL,The hazard polygon is not an official road-closure record
NOT_CONNECTED,MODEL_DERIVED,,kyoto-arashiyama:osm-way-000519319722:nodes-005064078659-005064078691,NO_OVERLAP,NOT_CONNECTED,,A31b category codes are not converted to measured depth,,UNKNOWN,MODEL,The hazard polygon is not an official road-closure record
NOT_CONNECTED,MODEL_DERIVED,,kyoto-arashiyama:osm-way-000519319722:nodes-005064078660-005064078661,NO_OVERLAP,NOT_CONNECTED,,A31b category codes are not converted to measured depth,,UNKNOWN,MODEL,The hazard polygon is not an official road-closure record
NOT_CONNECTED,MODEL_DERIVED,,kyoto-arashiyama:osm-way-000519319722:nodes-005064078660-005064078689,NO_OVERLAP,NOT_CONNECTED,,A31b category codes are not converted to measured depth,,UNKNOWN,MODEL,The hazard polygon is not an official road-closure record
NOT_CONNECTED,MODEL_DERIVED,,kyoto-arashiyama:osm-way-000519319722:nodes-005064078662-005064078689,NO_OVERLAP,NOT_CONNECTED,,A31b category codes are not converted to measured depth,,UNKNOWN,MODEL,The hazard polygon is not an official road-closure record
NOT_CONNECTED,MODEL_DERIVED,,kyoto-arashiyama:osm-way-000519319723:nodes-005064078664-005064078692,NO_OVERLAP,NOT_CONNECTED,,A31b category codes are not converted to measured depth,,UNKNOWN,MODEL,The hazard polygon is not an official road-closure record
NOT_CONNECTED,MODEL_DERIVED,,kyoto-arashiyama:osm-way-000519319723:nodes-005064078666-005064078668,NO_OVERLAP,NOT_CONNECTED,,A31b category codes are not converted to measured depth,,UNKNOWN,MODEL,The hazard polygon is not an official road-closure record
NOT_CONNECTED,MODEL_DERIVED,,kyoto-arashiyama:osm-way-000519319723:nodes-005064078666-005064078685,NO_OVERLAP,NOT_CONNECTED,,A31b category codes are not converted to measured depth,,UNKNOWN,MODEL,The hazard polygon is not an official road-closure record
NOT_CONNECTED,MODEL_DERIVED,,kyoto-arashiyama:osm-way-000519319723:nodes-005064078667-005064078668,NO_OVERLAP,NOT_CONNECTED,,A31b category codes are not converted to measured depth,,UNKNOWN,MODEL,The hazard polygon is not an official road-closure record
NOT_CONNECTED,MODEL_DERIVED,,kyoto-arashiyama:osm-way-000519319723:nodes-005064078667-005064078676,NO_OVERLAP,NOT_CONNECTED,,A31b category codes are not converted to measured depth,,UNKNOWN,MODEL,The hazard polygon is not an official road-closure record
NOT_CONNECTED,MODEL_DERIVED,,kyoto-arashiyama:osm-way-000519319723:nodes-005064078669-005064078675,NO_OVERLAP,NOT_CONNECTED,,A31b category codes are not converted to measured depth,,UNKNOWN,MODEL,The hazard polygon is not an official road-closure record
NOT_CONNECTED,MODEL_DERIVED,,kyoto-arashiyama:osm-way-000519319723:nodes-005064078669-005064078676,NO_OVERLAP,NOT_CONNECTED,,A31b category codes are not converted to measured depth,,UNKNOWN,MODEL,The hazard polygon is not an official road-closure record
NOT_CONNECTED,MODEL_DERIVED,,kyoto-arashiyama:osm-way-000519319723:nodes-005064078670-005064078675,NO_OVERLAP,NOT_CONNECTED,,A31b category codes are not converted to measured depth,,UNKNOWN,MODEL,The hazard polygon is not an official road-closure record
NOT_CONNECTED,MODEL_DERIVED,,kyoto-arashiyama:osm-way-000519319723:nodes-005064078670-005064078692,NO_OVERLAP,NOT_CONNECTED,,A31b category codes are not converted to measured depth,,UNKNOWN,MODEL,The hazard polygon is not an official road-closure record
NOT_CONNECTED,MODEL_DERIVED,,kyoto-arashiyama:osm-way-000519319723:nodes-005064078677-005064078681,NO_OVERLAP,NOT_CONNECTED,,A31b category codes are not converted to measured depth,,UNKNOWN,MODEL,The hazard polygon is not an official road-closure record
NOT_CONNECTED,MODEL_DERIVED,,kyoto-arashiyama:osm-way-000519319723:nodes-005064078677-005064078684,NO_OVERLAP,NOT_CONNECTED,,A31b category codes are not converted to measured depth,,UNKNOWN,MODEL,The hazard polygon is not an official road-closure record
NOT_CONNECTED,MODEL_DERIVED,,kyoto-arashiyama:osm-way-000519319723:nodes-005064078678-005064078681,NO_OVERLAP,NOT_CONNECTED,,A31b category codes are not converted to measured depth,,UNKNOWN,MODEL,The hazard polygon is not an official road-closure record
NOT_CONNECTED,MODEL_DERIVED,,kyoto-arashiyama:osm-way-000519319723:nodes-005064078678-005064078683,NO_OVERLAP,NOT_CONNECTED,,A31b category codes are not converted to measured depth,,UNKNOWN,MODEL,The hazard polygon is not an official road-closure record
NOT_CONNECTED,MODEL_DERIVED,,kyoto-arashiyama:osm-way-000519319723:nodes-005064078679-005064078682,NO_OVERLAP,NOT_CONNECTED,,A31b category codes are not converted to measured depth,,UNKNOWN,MODEL,The hazard polygon is not an official road-closure record
NOT_CONNECTED,MODEL_DERIVED,,kyoto-arashiyama:osm-way-000519319723:nodes-005064078679-005064078683,NO_OVERLAP,NOT_CONNECTED,,A31b category codes are not converted to measured depth,,UNKNOWN,MODEL,The hazard polygon is not an official road-closure record
NOT_CONNECTED,MODEL_DERIVED,,kyoto-arashiyama:osm-way-000519319723:nodes-005064078680-005064078682,NO_OVERLAP,NOT_CONNECTED,,A31b category codes are not converted to measured depth,,UNKNOWN,MODEL,The hazard polygon is not an official road-closure record
NOT_CONNECTED,MODEL_DERIVED,,kyoto-arashiyama:osm-way-000519319723:nodes-005064078680-005064078685,NO_OVERLAP,NOT_CONNECTED,,A31b category codes are not converted to measured depth,,UNKNOWN,MODEL,The hazard polygon is not an official road-closure record
NOT_CONNECTED,MODEL_DERIVED,,kyoto-arashiyama:osm-way-000519319747:nodes-003256136849-003256136922,NO_OVERLAP,NOT_CONNECTED,,A31b category codes are not converted to measured depth,,UNKNOWN,MODEL,The hazard polygon is not an official road-closure record
NOT_CONNECTED,MODEL_DERIVED,,kyoto-arashiyama:osm-way-000519319747:nodes-003256136922-003256137001,NO_OVERLAP,NOT_CONNECTED,,A31b category codes are not converted to measured depth,,UNKNOWN,MODEL,The hazard polygon is not an official road-closure record
NOT_CONNECTED,MODEL_DERIVED,,kyoto-arashiyama:osm-way-000519319747:nodes-003256136973-003256137001,NO_OVERLAP,NOT_CONNECTED,,A31b category codes are not converted to measured depth,,UNKNOWN,MODEL,The hazard polygon is not an official road-closure record
NOT_CONNECTED,MODEL_DERIVED,,kyoto-arashiyama:osm-way-000519319747:nodes-003256136973-005064078741,NO_OVERLAP,NOT_CONNECTED,,A31b category codes are not converted to measured depth,,UNKNOWN,MODEL,The hazard polygon is not an official road-closure record
NOT_CONNECTED,MODEL_DERIVED,1,kyoto-arashiyama:osm-way-000519319749:nodes-003256136910-005064078741,OVERLAPS,NOT_CONNECTED,,A31b category codes are not converted to measured depth,,UNKNOWN,MODEL,The hazard polygon is not an official road-closure record
NOT_CONNECTED,MODEL_DERIVED,,kyoto-arashiyama:osm-way-000519319750:nodes-003256136783-005064078742,NO_OVERLAP,NOT_CONNECTED,,A31b category codes are not converted to measured depth,,UNKNOWN,MODEL,The hazard polygon is not an official road-closure record
NOT_CONNECTED,MODEL_DERIVED,,kyoto-arashiyama:osm-way-000519319751:nodes-003256136849-005064078742,NO_OVERLAP,NOT_CONNECTED,,A31b category codes are not converted to measured depth,,UNKNOWN,MODEL,The hazard polygon is not an official road-closure record
NOT_CONNECTED,MODEL_DERIVED,,kyoto-arashiyama:osm-way-000645341271:nodes-006066662689-006066662690,NO_OVERLAP,NOT_CONNECTED,,A31b category codes are not converted to measured depth,,UNKNOWN,MODEL,The hazard polygon is not an official road-closure record
NOT_CONNECTED,MODEL_DERIVED,,kyoto-arashiyama:osm-way-000645341271:nodes-006066662690-006066662691,NO_OVERLAP,NOT_CONNECTED,,A31b category codes are not converted to measured depth,,UNKNOWN,MODEL,The hazard polygon is not an official road-closure record
NOT_CONNECTED,MODEL_DERIVED,,kyoto-arashiyama:osm-way-000645341271:nodes-006066662691-006066662692,NO_OVERLAP,NOT_CONNECTED,,A31b category codes are not converted to measured depth,,UNKNOWN,MODEL,The hazard polygon is not an official road-closure record
NOT_CONNECTED,MODEL_DERIVED,,kyoto-arashiyama:osm-way-000645341271:nodes-006066662692-006066662693,NO_OVERLAP,NOT_CONNECTED,,A31b category codes are not converted to measured depth,,UNKNOWN,MODEL,The hazard polygon is not an official road-closure record
NOT_CONNECTED,MODEL_DERIVED,,kyoto-arashiyama:osm-way-000645341271:nodes-006066662693-006066662696,NO_OVERLAP,NOT_CONNECTED,,A31b category codes are not converted to measured depth,,UNKNOWN,MODEL,The hazard polygon is not an official road-closure record
NOT_CONNECTED,MODEL_DERIVED,,kyoto-arashiyama:osm-way-000671772096:nodes-006290653518-006290653519,NO_OVERLAP,NOT_CONNECTED,,A31b category codes are not converted to measured depth,,UNKNOWN,MODEL,The hazard polygon is not an official road-closure record
NOT_CONNECTED,MODEL_DERIVED,,kyoto-arashiyama:osm-way-000671772096:nodes-006290653519-006290653520,NO_OVERLAP,NOT_CONNECTED,,A31b category codes are not converted to measured depth,,UNKNOWN,MODEL,The hazard polygon is not an official road-closure record
NOT_CONNECTED,MODEL_DERIVED,,kyoto-arashiyama:osm-way-000671772096:nodes-006290653520-006290653521,NO_OVERLAP,NOT_CONNECTED,,A31b category codes are not converted to measured depth,,UNKNOWN,MODEL,The hazard polygon is not an official road-closure record
NOT_CONNECTED,MODEL_DERIVED,,kyoto-arashiyama:osm-way-000779011013:nodes-007273598741-007273598756,NO_OVERLAP,NOT_CONNECTED,,A31b category codes are not converted to measured depth,,UNKNOWN,MODEL,The hazard polygon is not an official road-closure record
NOT_CONNECTED,MODEL_DERIVED,,kyoto-arashiyama:osm-way-000779011013:nodes-007273598756-007273598772,NO_OVERLAP,NOT_CONNECTED,,A31b category codes are not converted to measured depth,,UNKNOWN,MODEL,The hazard polygon is not an official road-closure record
NOT_CONNECTED,MODEL_DERIVED,,kyoto-arashiyama:osm-way-000779011013:nodes-007273598757-007273598758,NO_OVERLAP,NOT_CONNECTED,,A31b category codes are not converted to measured depth,,UNKNOWN,MODEL,The hazard polygon is not an official road-closure record
NOT_CONNECTED,MODEL_DERIVED,,kyoto-arashiyama:osm-way-000779011013:nodes-007273598757-007273598772,NO_OVERLAP,NOT_CONNECTED,,A31b category codes are not converted to measured depth,,UNKNOWN,MODEL,The hazard polygon is not an official road-closure record
NOT_CONNECTED,MODEL_DERIVED,,kyoto-arashiyama:osm-way-000779011013:nodes-007273598758-007273598759,NO_OVERLAP,NOT_CONNECTED,,A31b category codes are not converted to measured depth,,UNKNOWN,MODEL,The hazard polygon is not an official road-closure record
NOT_CONNECTED,MODEL_DERIVED,,kyoto-arashiyama:osm-way-000779011016:nodes-000736396161-007273598567,NO_OVERLAP,NOT_CONNECTED,,A31b category codes are not converted to measured depth,,UNKNOWN,MODEL,The hazard polygon is not an official road-closure record
NOT_CONNECTED,MODEL_DERIVED,,kyoto-arashiyama:osm-way-000779011016:nodes-000736396161-007273598773,NO_OVERLAP,NOT_CONNECTED,,A31b category codes are not converted to measured depth,,UNKNOWN,MODEL,The hazard polygon is not an official road-closure record
NOT_CONNECTED,MODEL_DERIVED,2,kyoto-arashiyama:osm-way-000779011016:nodes-000736396162-007273599762,OVERLAPS,NOT_CONNECTED,,A31b category codes are not converted to measured depth,,UNKNOWN,MODEL,The hazard polygon is not an official road-closure record
NOT_CONNECTED,MODEL_DERIVED,,kyoto-arashiyama:osm-way-000779011016:nodes-007273598566-007273598567,NO_OVERLAP,NOT_CONNECTED,,A31b category codes are not converted to measured depth,,UNKNOWN,MODEL,The hazard polygon is not an official road-closure record
NOT_CONNECTED,MODEL_DERIVED,2,kyoto-arashiyama:osm-way-000779011016:nodes-007273598566-007273599764,OVERLAPS,NOT_CONNECTED,,A31b category codes are not converted to measured depth,,UNKNOWN,MODEL,The hazard polygon is not an official road-closure record
NOT_CONNECTED,MODEL_DERIVED,2,kyoto-arashiyama:osm-way-000779011016:nodes-007273598568-007273599762,OVERLAPS,NOT_CONNECTED,,A31b category codes are not converted to measured depth,,UNKNOWN,MODEL,The hazard polygon is not an official road-closure record
NOT_CONNECTED,MODEL_DERIVED,2,kyoto-arashiyama:osm-way-000779011016:nodes-007273598568-007273599764,OVERLAPS,NOT_CONNECTED,,A31b category codes are not converted to measured depth,,UNKNOWN,MODEL,The hazard polygon is not an official road-closure record
NOT_CONNECTED,MODEL_DERIVED,,kyoto-arashiyama:osm-way-000779011017:nodes-007273598705-007273598773,NO_OVERLAP,NOT_CONNECTED,,A31b category codes are not converted to measured depth,,UNKNOWN,MODEL,The hazard polygon is not an official road-closure record
NOT_CONNECTED,MODEL_DERIVED,2,kyoto-arashiyama:osm-way-000779017396:nodes-007273599760-007273599763,OVERLAPS,NOT_CONNECTED,,A31b category codes are not converted to measured depth,,UNKNOWN,MODEL,The hazard polygon is not an official road-closure record
NOT_CONNECTED,MODEL_DERIVED,2,kyoto-arashiyama:osm-way-000779017396:nodes-007273599761-007273599762,OVERLAPS,NOT_CONNECTED,,A31b category codes are not converted to measured depth,,UNKNOWN,MODEL,The hazard polygon is not an official road-closure record
NOT_CONNECTED,MODEL_DERIVED,2,kyoto-arashiyama:osm-way-000779017396:nodes-007273599761-007273599763,OVERLAPS,NOT_CONNECTED,,A31b category codes are not converted to measured depth,,UNKNOWN,MODEL,The hazard polygon is not an official road-closure record
NOT_CONNECTED,MODEL_DERIVED,2,kyoto-arashiyama:osm-way-000779017397:nodes-007273599763-007273599764,OVERLAPS,NOT_CONNECTED,,A31b category codes are not converted to measured depth,,UNKNOWN,MODEL,The hazard polygon is not an official road-closure record
NOT_CONNECTED,MODEL_DERIVED,,kyoto-arashiyama:osm-way-000779025480:nodes-007273599760-007273698122,NO_OVERLAP,NOT_CONNECTED,,A31b category codes are not converted to measured depth,,UNKNOWN,MODEL,The hazard polygon is not an official road-closure record
NOT_CONNECTED,MODEL_DERIVED,,kyoto-arashiyama:osm-way-000779025480:nodes-007273698121-007273698122,NO_OVERLAP,NOT_CONNECTED,,A31b category codes are not converted to measured depth,,UNKNOWN,MODEL,The hazard polygon is not an official road-closure record
NOT_CONNECTED,MODEL_DERIVED,,kyoto-arashiyama:osm-way-000779025481:nodes-001212123892-007273698122,NO_OVERLAP,NOT_CONNECTED,,A31b category codes are not converted to measured depth,,UNKNOWN,MODEL,The hazard polygon is not an official road-closure record
NOT_CONNECTED,MODEL_DERIVED,,kyoto-arashiyama:osm-way-000779025481:nodes-007273698122-007273698123,NO_OVERLAP,NOT_CONNECTED,,A31b category codes are not converted to measured depth,,UNKNOWN,MODEL,The hazard polygon is not an official road-closure record
NOT_CONNECTED,MODEL_DERIVED,,kyoto-arashiyama:osm-way-000804237620:nodes-001943229963-003255952300,NO_OVERLAP,NOT_CONNECTED,,A31b category codes are not converted to measured depth,,UNKNOWN,MODEL,The hazard polygon is not an official road-closure record
NOT_CONNECTED,MODEL_DERIVED,,kyoto-arashiyama:osm-way-000804237620:nodes-001943229963-009690929859,NO_OVERLAP,NOT_CONNECTED,,A31b category codes are not converted to measured depth,,UNKNOWN,MODEL,The hazard polygon is not an official road-closure record
NOT_CONNECTED,MODEL_DERIVED,,kyoto-arashiyama:osm-way-000804237620:nodes-003255952320-009690929859,NO_OVERLAP,NOT_CONNECTED,,A31b category codes are not converted to measured depth,,UNKNOWN,MODEL,The hazard polygon is not an official road-closure record
NOT_CONNECTED,MODEL_DERIVED,,kyoto-arashiyama:osm-way-001017092062:nodes-000310718799-000736395986,NO_OVERLAP,NOT_CONNECTED,,A31b category codes are not converted to measured depth,,UNKNOWN,MODEL,The hazard polygon is not an official road-closure record
NOT_CONNECTED,MODEL_DERIVED,,kyoto-arashiyama:osm-way-001017092062:nodes-000310718799-003832850896,NO_OVERLAP,NOT_CONNECTED,,A31b category codes are not converted to measured depth,,UNKNOWN,MODEL,The hazard polygon is not an official road-closure record
NOT_CONNECTED,MODEL_DERIVED,,kyoto-arashiyama:osm-way-001017092062:nodes-000310718800-003832850892,NO_OVERLAP,NOT_CONNECTED,,A31b category codes are not converted to measured depth,,UNKNOWN,MODEL,The hazard polygon is not an official road-closure record
NOT_CONNECTED,MODEL_DERIVED,,kyoto-arashiyama:osm-way-001017092062:nodes-000310718800-003832850893,NO_OVERLAP,NOT_CONNECTED,,A31b category codes are not converted to measured depth,,UNKNOWN,MODEL,The hazard polygon is not an official road-closure record
NOT_CONNECTED,MODEL_DERIVED,,kyoto-arashiyama:osm-way-001017092062:nodes-000605405498-003256136833,NO_OVERLAP,NOT_CONNECTED,,A31b category codes are not converted to measured depth,,UNKNOWN,MODEL,The hazard polygon is not an official road-closure record
NOT_CONNECTED,MODEL_DERIVED,,kyoto-arashiyama:osm-way-001017092062:nodes-000605405498-005064078644,NO_OVERLAP,NOT_CONNECTED,,A31b category codes are not converted to measured depth,,UNKNOWN,MODEL,The hazard polygon is not an official road-closure record
NOT_CONNECTED,MODEL_DERIVED,1,kyoto-arashiyama:osm-way-001017092062:nodes-001411953186-001412234504,OVERLAPS,NOT_CONNECTED,,A31b category codes are not converted to measured depth,,UNKNOWN,MODEL,The hazard polygon is not an official road-closure record
NOT_CONNECTED,MODEL_DERIVED,,kyoto-arashiyama:osm-way-001017092062:nodes-001411953186-003832850895,NO_OVERLAP,NOT_CONNECTED,,A31b category codes are not converted to measured depth,,UNKNOWN,MODEL,The hazard polygon is not an official road-closure record
NOT_CONNECTED,MODEL_DERIVED,,kyoto-arashiyama:osm-way-001017092062:nodes-001412234429-003832850893,NO_OVERLAP,NOT_CONNECTED,,A31b category codes are not converted to measured depth,,UNKNOWN,MODEL,The hazard polygon is not an official road-closure record
NOT_CONNECTED,MODEL_DERIVED,,kyoto-arashiyama:osm-way-001017092062:nodes-001412234429-003832850894,NO_OVERLAP,NOT_CONNECTED,,A31b category codes are not converted to measured depth,,UNKNOWN,MODEL,The hazard polygon is not an official road-closure record
NOT_CONNECTED,MODEL_DERIVED,1,kyoto-arashiyama:osm-way-001017092062:nodes-001412234504-003256136833,OVERLAPS,NOT_CONNECTED,,A31b category codes are not converted to measured depth,,UNKNOWN,MODEL,The hazard polygon is not an official road-closure record
NOT_CONNECTED,MODEL_DERIVED,,kyoto-arashiyama:osm-way-001017092062:nodes-003832850894-003832850895,NO_OVERLAP,NOT_CONNECTED,,A31b category codes are not converted to measured depth,,UNKNOWN,MODEL,The hazard polygon is not an official road-closure record
NOT_CONNECTED,MODEL_DERIVED,,kyoto-arashiyama:osm-way-001017092062:nodes-003832850896-005064078644,NO_OVERLAP,NOT_CONNECTED,,A31b category codes are not converted to measured depth,,UNKNOWN,MODEL,The hazard polygon is not an official road-closure record
NOT_CONNECTED,MODEL_DERIVED,,kyoto-arashiyama:osm-way-001054340956:nodes-003255952300-009689258375,NO_OVERLAP,NOT_CONNECTED,,A31b category codes are not converted to measured depth,,UNKNOWN,MODEL,The hazard polygon is not an official road-closure record
NOT_CONNECTED,MODEL_DERIVED,,kyoto-arashiyama:osm-way-001054340956:nodes-003255952300-009689258376,NO_OVERLAP,NOT_CONNECTED,,A31b category codes are not converted to measured depth,,UNKNOWN,MODEL,The hazard polygon is not an official road-closure record
NOT_CONNECTED,MODEL_DERIVED,,kyoto-arashiyama:osm-way-001054340957:nodes-004280313275-009689258378,NO_OVERLAP,NOT_CONNECTED,,A31b category codes are not converted to measured depth,,UNKNOWN,MODEL,The hazard polygon is not an official road-closure record
NOT_CONNECTED,MODEL_DERIVED,,kyoto-arashiyama:osm-way-001054340957:nodes-009689258375-009689258380,NO_OVERLAP,NOT_CONNECTED,,A31b category codes are not converted to measured depth,,UNKNOWN,MODEL,The hazard polygon is not an official road-closure record
NOT_CONNECTED,MODEL_DERIVED,,kyoto-arashiyama:osm-way-001054340957:nodes-009689258375-009690929867,NO_OVERLAP,NOT_CONNECTED,,A31b category codes are not converted to measured depth,,UNKNOWN,MODEL,The hazard polygon is not an official road-closure record
NOT_CONNECTED,MODEL_DERIVED,,kyoto-arashiyama:osm-way-001054340957:nodes-009689258378-009689258379,NO_OVERLAP,NOT_CONNECTED,,A31b category codes are not converted to measured depth,,UNKNOWN,MODEL,The hazard polygon is not an official road-closure record
NOT_CONNECTED,MODEL_DERIVED,,kyoto-arashiyama:osm-way-001054340957:nodes-009689258379-009689258380,NO_OVERLAP,NOT_CONNECTED,,A31b category codes are not converted to measured depth,,UNKNOWN,MODEL,The hazard polygon is not an official road-closure record
NOT_CONNECTED,MODEL_DERIVED,,kyoto-arashiyama:osm-way-001054340957:nodes-009689258381-009689258382,NO_OVERLAP,NOT_CONNECTED,,A31b category codes are not converted to measured depth,,UNKNOWN,MODEL,The hazard polygon is not an official road-closure record
NOT_CONNECTED,MODEL_DERIVED,,kyoto-arashiyama:osm-way-001054340957:nodes-009689258381-009689258385,NO_OVERLAP,NOT_CONNECTED,,A31b category codes are not converted to measured depth,,UNKNOWN,MODEL,The hazard polygon is not an official road-closure record
NOT_CONNECTED,MODEL_DERIVED,,kyoto-arashiyama:osm-way-001054340957:nodes-009689258385-009690929860,NO_OVERLAP,NOT_CONNECTED,,A31b category codes are not converted to measured depth,,UNKNOWN,MODEL,The hazard polygon is not an official road-closure record
NOT_CONNECTED,MODEL_DERIVED,,kyoto-arashiyama:osm-way-001054340957:nodes-009690929860-009690929867,NO_OVERLAP,NOT_CONNECTED,,A31b category codes are not converted to measured depth,,UNKNOWN,MODEL,The hazard polygon is not an official road-closure record
NOT_CONNECTED,MODEL_DERIVED,,kyoto-arashiyama:osm-way-001054340959:nodes-003255952320-009689258384,NO_OVERLAP,NOT_CONNECTED,,A31b category codes are not converted to measured depth,,UNKNOWN,MODEL,The hazard polygon is not an official road-closure record
NOT_CONNECTED,MODEL_DERIVED,,kyoto-arashiyama:osm-way-001054340959:nodes-003255952320-009689258385,NO_OVERLAP,NOT_CONNECTED,,A31b category codes are not converted to measured depth,,UNKNOWN,MODEL,The hazard polygon is not an official road-closure record
NOT_CONNECTED,MODEL_DERIVED,,kyoto-arashiyama:osm-way-001054561732:nodes-001943229963-009690929867,NO_OVERLAP,NOT_CONNECTED,,A31b category codes are not converted to measured depth,,UNKNOWN,MODEL,The hazard polygon is not an official road-closure record
NOT_CONNECTED,MODEL_DERIVED,,kyoto-arashiyama:osm-way-001054561732:nodes-001943230027-009690929864,NO_OVERLAP,NOT_CONNECTED,,A31b category codes are not converted to measured depth,,UNKNOWN,MODEL,The hazard polygon is not an official road-closure record
NOT_CONNECTED,MODEL_DERIVED,,kyoto-arashiyama:osm-way-001054561732:nodes-001943230027-009690929866,NO_OVERLAP,NOT_CONNECTED,,A31b category codes are not converted to measured depth,,UNKNOWN,MODEL,The hazard polygon is not an official road-closure record
NOT_CONNECTED,MODEL_DERIVED,,kyoto-arashiyama:osm-way-001054561732:nodes-009690929866-009690929867,NO_OVERLAP,NOT_CONNECTED,,A31b category codes are not converted to measured depth,,UNKNOWN,MODEL,The hazard polygon is not an official road-closure record
NOT_CONNECTED,MODEL_DERIVED,,kyoto-arashiyama:osm-way-001054561733:nodes-009690929859-009690929860,NO_OVERLAP,NOT_CONNECTED,,A31b category codes are not converted to measured depth,,UNKNOWN,MODEL,The hazard polygon is not an official road-closure record
NOT_CONNECTED,MODEL_DERIVED,,kyoto-arashiyama:osm-way-001054561733:nodes-009690929860-009690929861,NO_OVERLAP,NOT_CONNECTED,,A31b category codes are not converted to measured depth,,UNKNOWN,MODEL,The hazard polygon is not an official road-closure record
NOT_CONNECTED,MODEL_DERIVED,,kyoto-arashiyama:osm-way-001054561733:nodes-009690929861-009690929862,NO_OVERLAP,NOT_CONNECTED,,A31b category codes are not converted to measured depth,,UNKNOWN,MODEL,The hazard polygon is not an official road-closure record
NOT_CONNECTED,MODEL_DERIVED,,kyoto-arashiyama:osm-way-001054561733:nodes-009690929862-009690929863,NO_OVERLAP,NOT_CONNECTED,,A31b category codes are not converted to measured depth,,UNKNOWN,MODEL,The hazard polygon is not an official road-closure record
NOT_CONNECTED,MODEL_DERIVED,,kyoto-arashiyama:osm-way-001054561733:nodes-009690929863-009690929864,NO_OVERLAP,NOT_CONNECTED,,A31b category codes are not converted to measured depth,,UNKNOWN,MODEL,The hazard polygon is not an official road-closure record
NOT_CONNECTED,MODEL_DERIVED,1,kyoto-arashiyama:osm-way-001054561734:nodes-001943230037-001943230179,OVERLAPS,NOT_CONNECTED,,A31b category codes are not converted to measured depth,,UNKNOWN,MODEL,The hazard polygon is not an official road-closure record
NOT_CONNECTED,MODEL_DERIVED,1,kyoto-arashiyama:osm-way-001054561734:nodes-001943230037-001943230223,OVERLAPS,NOT_CONNECTED,,A31b category codes are not converted to measured depth,,UNKNOWN,MODEL,The hazard polygon is not an official road-closure record
NOT_CONNECTED,MODEL_DERIVED,1,kyoto-arashiyama:osm-way-001054561734:nodes-001943230179-001943230330,OVERLAPS,NOT_CONNECTED,,A31b category codes are not converted to measured depth,,UNKNOWN,MODEL,The hazard polygon is not an official road-closure record
NOT_CONNECTED,MODEL_DERIVED,,kyoto-arashiyama:osm-way-001054561734:nodes-001943230223-009690929864,NO_OVERLAP,NOT_CONNECTED,,A31b category codes are not converted to measured depth,,UNKNOWN,MODEL,The hazard polygon is not an official road-closure record
NOT_CONNECTED,MODEL_DERIVED,,kyoto-arashiyama:osm-way-001104524788:nodes-003256137075-010107286722,NO_OVERLAP,NOT_CONNECTED,,A31b category codes are not converted to measured depth,,UNKNOWN,MODEL,The hazard polygon is not an official road-closure record
NOT_CONNECTED,MODEL_DERIVED,,kyoto-arashiyama:osm-way-001104524788:nodes-003256137075-010107286723,NO_OVERLAP,NOT_CONNECTED,,A31b category codes are not converted to measured depth,,UNKNOWN,MODEL,The hazard polygon is not an official road-closure record
NOT_CONNECTED,MODEL_DERIVED,3,kyoto-arashiyama:osm-way-001150077267:nodes-010698628302-010698628303,OVERLAPS,NOT_CONNECTED,,A31b category codes are not converted to measured depth,,UNKNOWN,MODEL,The hazard polygon is not an official road-closure record
NOT_CONNECTED,MODEL_DERIVED,3,kyoto-arashiyama:osm-way-001150077269:nodes-010698690515-010698690516,OVERLAPS,NOT_CONNECTED,,A31b category codes are not converted to measured depth,,UNKNOWN,MODEL,The hazard polygon is not an official road-closure record
NOT_CONNECTED,MODEL_DERIVED,,kyoto-arashiyama:osm-way-001150077270:nodes-010698690516-010698690517,NO_OVERLAP,NOT_CONNECTED,,A31b category codes are not converted to measured depth,,UNKNOWN,MODEL,The hazard polygon is not an official road-closure record
NOT_CONNECTED,MODEL_DERIVED,,kyoto-arashiyama:osm-way-001150077271:nodes-010698690517-010698690518,NO_OVERLAP,NOT_CONNECTED,,A31b category codes are not converted to measured depth,,UNKNOWN,MODEL,The hazard polygon is not an official road-closure record
NOT_CONNECTED,MODEL_DERIVED,3,kyoto-arashiyama:osm-way-001150077271:nodes-010698690518-010698690519,OVERLAPS,NOT_CONNECTED,,A31b category codes are not converted to measured depth,,UNKNOWN,MODEL,The hazard polygon is not an official road-closure record
NOT_CONNECTED,MODEL_DERIVED,1,kyoto-arashiyama:osm-way-001208523333:nodes-000605415031-002854305022,OVERLAPS,NOT_CONNECTED,,A31b category codes are not converted to measured depth,,UNKNOWN,MODEL,The hazard polygon is not an official road-closure record
NOT_CONNECTED,MODEL_DERIVED,,kyoto-arashiyama:osm-way-001217359199:nodes-011279693964-011279693965,NO_OVERLAP,NOT_CONNECTED,,A31b category codes are not converted to measured depth,,UNKNOWN,MODEL,The hazard polygon is not an official road-closure record
NOT_CONNECTED,MODEL_DERIVED,,kyoto-arashiyama:osm-way-001217359199:nodes-011279693965-011279693966,NO_OVERLAP,NOT_CONNECTED,,A31b category codes are not converted to measured depth,,UNKNOWN,MODEL,The hazard polygon is not an official road-closure record
NOT_CONNECTED,MODEL_DERIVED,,kyoto-arashiyama:osm-way-001217359199:nodes-011279693966-011279693967,NO_OVERLAP,NOT_CONNECTED,,A31b category codes are not converted to measured depth,,UNKNOWN,MODEL,The hazard polygon is not an official road-closure record
NOT_CONNECTED,MODEL_DERIVED,,kyoto-arashiyama:osm-way-001231218081:nodes-001212123709-001212123765,NO_OVERLAP,NOT_CONNECTED,,A31b category codes are not converted to measured depth,,UNKNOWN,MODEL,The hazard polygon is not an official road-closure record
NOT_CONNECTED,MODEL_DERIVED,,kyoto-arashiyama:osm-way-001231218081:nodes-001212123709-001212123905,NO_OVERLAP,NOT_CONNECTED,,A31b category codes are not converted to measured depth,,UNKNOWN,MODEL,The hazard polygon is not an official road-closure record
NOT_CONNECTED,MODEL_DERIVED,,kyoto-arashiyama:osm-way-001231218081:nodes-001212123726-001212123910,NO_OVERLAP,NOT_CONNECTED,,A31b category codes are not converted to measured depth,,UNKNOWN,MODEL,The hazard polygon is not an official road-closure record
NOT_CONNECTED,MODEL_DERIVED,,kyoto-arashiyama:osm-way-001231218081:nodes-001212123726-007273598749,NO_OVERLAP,NOT_CONNECTED,,A31b category codes are not converted to measured depth,,UNKNOWN,MODEL,The hazard polygon is not an official road-closure record
NOT_CONNECTED,MODEL_DERIVED,,kyoto-arashiyama:osm-way-001231218081:nodes-001212123765-007273598746,NO_OVERLAP,NOT_CONNECTED,,A31b category codes are not converted to measured depth,,UNKNOWN,MODEL,The hazard polygon is not an official road-closure record
NOT_CONNECTED,MODEL_DERIVED,,kyoto-arashiyama:osm-way-001231218081:nodes-001212123771-001212123798,NO_OVERLAP,NOT_CONNECTED,,A31b category codes are not converted to measured depth,,UNKNOWN,MODEL,The hazard polygon is not an official road-closure record
NOT_CONNECTED,MODEL_DERIVED,,kyoto-arashiyama:osm-way-001231218081:nodes-001212123771-007273598749,NO_OVERLAP,NOT_CONNECTED,,A31b category codes are not converted to measured depth,,UNKNOWN,MODEL,The hazard polygon is not an official road-closure record
NOT_CONNECTED,MODEL_DERIVED,,kyoto-arashiyama:osm-way-001231218081:nodes-001212123798-007273598748,NO_OVERLAP,NOT_CONNECTED,,A31b category codes are not converted to measured depth,,UNKNOWN,MODEL,The hazard polygon is not an official road-closure record
NOT_CONNECTED,MODEL_DERIVED,,kyoto-arashiyama:osm-way-001231218081:nodes-001212123806-001212123854,NO_OVERLAP,NOT_CONNECTED,,A31b category codes are not converted to measured depth,,UNKNOWN,MODEL,The hazard polygon is not an official road-closure record
NOT_CONNECTED,MODEL_DERIVED,,kyoto-arashiyama:osm-way-001231218081:nodes-001212123806-004115946858,NO_OVERLAP,NOT_CONNECTED,,A31b category codes are not converted to measured depth,,UNKNOWN,MODEL,The hazard polygon is not an official road-closure record
NOT_CONNECTED,MODEL_DERIVED,,kyoto-arashiyama:osm-way-001231218081:nodes-001212123850-001212123905,NO_OVERLAP,NOT_CONNECTED,,A31b category codes are not converted to measured depth,,UNKNOWN,MODEL,The hazard polygon is not an official road-closure record
NOT_CONNECTED,MODEL_DERIVED,,kyoto-arashiyama:osm-way-001231218081:nodes-001212123850-007273598747,NO_OVERLAP,NOT_CONNECTED,,A31b category codes are not converted to measured depth,,UNKNOWN,MODEL,The hazard polygon is not an official road-closure record
NOT_CONNECTED,MODEL_DERIVED,,kyoto-arashiyama:osm-way-001231218081:nodes-001212123854-007273598751,NO_OVERLAP,NOT_CONNECTED,,A31b category codes are not converted to measured depth,,UNKNOWN,MODEL,The hazard polygon is not an official road-closure record
NOT_CONNECTED,MODEL_DERIVED,,kyoto-arashiyama:osm-way-001231218081:nodes-001212123910-007273598750,NO_OVERLAP,NOT_CONNECTED,,A31b category codes are not converted to measured depth,,UNKNOWN,MODEL,The hazard polygon is not an official road-closure record
NOT_CONNECTED,MODEL_DERIVED,,kyoto-arashiyama:osm-way-001231218081:nodes-004115946855-004115946856,NO_OVERLAP,NOT_CONNECTED,,A31b category codes are not converted to measured depth,,UNKNOWN,MODEL,The hazard polygon is not an official road-closure record
NOT_CONNECTED,MODEL_DERIVED,,kyoto-arashiyama:osm-way-001231218081:nodes-004115946855-007273598752,NO_OVERLAP,NOT_CONNECTED,,A31b category codes are not converted to measured depth,,UNKNOWN,MODEL,The hazard polygon is not an official road-closure record
NOT_CONNECTED,MODEL_DERIVED,,kyoto-arashiyama:osm-way-001231218081:nodes-004115946856-004115946857,NO_OVERLAP,NOT_CONNECTED,,A31b category codes are not converted to measured depth,,UNKNOWN,MODEL,The hazard polygon is not an official road-closure record
NOT_CONNECTED,MODEL_DERIVED,,kyoto-arashiyama:osm-way-001231218081:nodes-004115946857-004115946858,NO_OVERLAP,NOT_CONNECTED,,A31b category codes are not converted to measured depth,,UNKNOWN,MODEL,The hazard polygon is not an official road-closure record
NOT_CONNECTED,MODEL_DERIVED,,kyoto-arashiyama:osm-way-001231218081:nodes-004115946859-007273598752,NO_OVERLAP,NOT_CONNECTED,,A31b category codes are not converted to measured depth,,UNKNOWN,MODEL,The hazard polygon is not an official road-closure record
NOT_CONNECTED,MODEL_DERIVED,,kyoto-arashiyama:osm-way-001231218081:nodes-004115946859-007273598753,NO_OVERLAP,NOT_CONNECTED,,A31b category codes are not converted to measured depth,,UNKNOWN,MODEL,The hazard polygon is not an official road-closure record
NOT_CONNECTED,MODEL_DERIVED,,kyoto-arashiyama:osm-way-001231218081:nodes-007273598717-007273598718,NO_OVERLAP,NOT_CONNECTED,,A31b category codes are not converted to measured depth,,UNKNOWN,MODEL,The hazard polygon is not an official road-closure record
NOT_CONNECTED,MODEL_DERIVED,,kyoto-arashiyama:osm-way-001231218081:nodes-007273598717-007273598746,NO_OVERLAP,NOT_CONNECTED,,A31b category codes are not converted to measured depth,,UNKNOWN,MODEL,The hazard polygon is not an official road-closure record
NOT_CONNECTED,MODEL_DERIVED,,kyoto-arashiyama:osm-way-001231218081:nodes-007273598747-007273598748,NO_OVERLAP,NOT_CONNECTED,,A31b category codes are not converted to measured depth,,UNKNOWN,MODEL,The hazard polygon is not an official road-closure record
NOT_CONNECTED,MODEL_DERIVED,,kyoto-arashiyama:osm-way-001231218081:nodes-007273598750-007273598751,NO_OVERLAP,NOT_CONNECTED,,A31b category codes are not converted to measured depth,,UNKNOWN,MODEL,The hazard polygon is not an official road-closure record
NOT_CONNECTED,MODEL_DERIVED,,kyoto-arashiyama:osm-way-001231218083:nodes-000736396161-007273599755,NO_OVERLAP,NOT_CONNECTED,,A31b category codes are not converted to measured depth,,UNKNOWN,MODEL,The hazard polygon is not an official road-closure record
NOT_CONNECTED,MODEL_DERIVED,,kyoto-arashiyama:osm-way-001231218083:nodes-001212123892-007273599755,NO_OVERLAP,NOT_CONNECTED,,A31b category codes are not converted to measured depth,,UNKNOWN,MODEL,The hazard polygon is not an official road-closure record
NOT_CONNECTED,MODEL_DERIVED,1,kyoto-arashiyama:osm-way-001281420028:nodes-011893490639-011893490646,OVERLAPS,NOT_CONNECTED,,A31b category codes are not converted to measured depth,,UNKNOWN,MODEL,The hazard polygon is not an official road-closure record
NOT_CONNECTED,MODEL_DERIVED,1,kyoto-arashiyama:osm-way-001281420028:nodes-011893490645-011893490646,OVERLAPS,NOT_CONNECTED,,A31b category codes are not converted to measured depth,,UNKNOWN,MODEL,The hazard polygon is not an official road-closure record
NOT_CONNECTED,MODEL_DERIVED,1,kyoto-arashiyama:osm-way-001281420029:nodes-011893490640-011893490648,OVERLAPS,NOT_CONNECTED,,A31b category codes are not converted to measured depth,,UNKNOWN,MODEL,The hazard polygon is not an official road-closure record
NOT_CONNECTED,MODEL_DERIVED,1,kyoto-arashiyama:osm-way-001281420029:nodes-011893490647-011893490648,OVERLAPS,NOT_CONNECTED,,A31b category codes are not converted to measured depth,,UNKNOWN,MODEL,The hazard polygon is not an official road-closure record
NOT_CONNECTED,MODEL_DERIVED,,kyoto-arashiyama:osm-way-001316960922:nodes-001212123824-007273598714,NO_OVERLAP,NOT_CONNECTED,,A31b category codes are not converted to measured depth,,UNKNOWN,MODEL,The hazard polygon is not an official road-closure record
NOT_CONNECTED,MODEL_DERIVED,,kyoto-arashiyama:osm-way-001316960922:nodes-001212123824-007273598715,NO_OVERLAP,NOT_CONNECTED,,A31b category codes are not converted to measured depth,,UNKNOWN,MODEL,The hazard polygon is not an official road-closure record
NOT_CONNECTED,MODEL_DERIVED,,kyoto-arashiyama:osm-way-001316960922:nodes-007273598707-007273598708,NO_OVERLAP,NOT_CONNECTED,,A31b category codes are not converted to measured depth,,UNKNOWN,MODEL,The hazard polygon is not an official road-closure record
NOT_CONNECTED,MODEL_DERIVED,,kyoto-arashiyama:osm-way-001316960922:nodes-007273598708-007273598709,NO_OVERLAP,NOT_CONNECTED,,A31b category codes are not converted to measured depth,,UNKNOWN,MODEL,The hazard polygon is not an official road-closure record
NOT_CONNECTED,MODEL_DERIVED,,kyoto-arashiyama:osm-way-001316960922:nodes-007273598709-007273598710,NO_OVERLAP,NOT_CONNECTED,,A31b category codes are not converted to measured depth,,UNKNOWN,MODEL,The hazard polygon is not an official road-closure record
NOT_CONNECTED,MODEL_DERIVED,,kyoto-arashiyama:osm-way-001316960922:nodes-007273598710-007273598711,NO_OVERLAP,NOT_CONNECTED,,A31b category codes are not converted to measured depth,,UNKNOWN,MODEL,The hazard polygon is not an official road-closure record
NOT_CONNECTED,MODEL_DERIVED,,kyoto-arashiyama:osm-way-001316960922:nodes-007273598711-007273598712,NO_OVERLAP,NOT_CONNECTED,,A31b category codes are not converted to measured depth,,UNKNOWN,MODEL,The hazard polygon is not an official road-closure record
NOT_CONNECTED,MODEL_DERIVED,,kyoto-arashiyama:osm-way-001316960922:nodes-007273598712-007273598713,NO_OVERLAP,NOT_CONNECTED,,A31b category codes are not converted to measured depth,,UNKNOWN,MODEL,The hazard polygon is not an official road-closure record
NOT_CONNECTED,MODEL_DERIVED,,kyoto-arashiyama:osm-way-001316960922:nodes-007273598713-007273598714,NO_OVERLAP,NOT_CONNECTED,,A31b category codes are not converted to measured depth,,UNKNOWN,MODEL,The hazard polygon is not an official road-closure record
NOT_CONNECTED,MODEL_DERIVED,,kyoto-arashiyama:osm-way-001316960922:nodes-007273598715-007273598716,NO_OVERLAP,NOT_CONNECTED,,A31b category codes are not converted to measured depth,,UNKNOWN,MODEL,The hazard polygon is not an official road-closure record
NOT_CONNECTED,MODEL_DERIVED,,kyoto-arashiyama:osm-way-001316960923:nodes-001212123732-001212123913,NO_OVERLAP,NOT_CONNECTED,,A31b category codes are not converted to measured depth,,UNKNOWN,MODEL,The hazard polygon is not an official road-closure record
NOT_CONNECTED,MODEL_DERIVED,,kyoto-arashiyama:osm-way-001316960923:nodes-001212123885-001212123913,NO_OVERLAP,NOT_CONNECTED,,A31b category codes are not converted to measured depth,,UNKNOWN,MODEL,The hazard polygon is not an official road-closure record
NOT_CONNECTED,MODEL_DERIVED,,kyoto-arashiyama:osm-way-001316960926:nodes-001212123707-001212123892,NO_OVERLAP,NOT_CONNECTED,,A31b category codes are not converted to measured depth,,UNKNOWN,MODEL,The hazard polygon is not an official road-closure record
NOT_CONNECTED,MODEL_DERIVED,,kyoto-arashiyama:osm-way-001316960926:nodes-001212123707-007273598707,NO_OVERLAP,NOT_CONNECTED,,A31b category codes are not converted to measured depth,,UNKNOWN,MODEL,The hazard polygon is not an official road-closure record
NOT_CONNECTED,MODEL_DERIVED,1,kyoto-arashiyama:osm-way-001380835945:nodes-012783555040-012783555047,OVERLAPS,NOT_CONNECTED,,A31b category codes are not converted to measured depth,,UNKNOWN,MODEL,The hazard polygon is not an official road-closure record
NOT_CONNECTED,MODEL_DERIVED,,kyoto-arashiyama:osm-way-001380835945:nodes-012783555041-012783555042,NO_OVERLAP,NOT_CONNECTED,,A31b category codes are not converted to measured depth,,UNKNOWN,MODEL,The hazard polygon is not an official road-closure record
NOT_CONNECTED,MODEL_DERIVED,,kyoto-arashiyama:osm-way-001380835945:nodes-012783555041-012783555050,NO_OVERLAP,NOT_CONNECTED,,A31b category codes are not converted to measured depth,,UNKNOWN,MODEL,The hazard polygon is not an official road-closure record
NOT_CONNECTED,MODEL_DERIVED,1,kyoto-arashiyama:osm-way-001380835945:nodes-012783555046-012783555047,OVERLAPS,NOT_CONNECTED,,A31b category codes are not converted to measured depth,,UNKNOWN,MODEL,The hazard polygon is not an official road-closure record
NOT_CONNECTED,MODEL_DERIVED,1,kyoto-arashiyama:osm-way-001380835945:nodes-012783555046-012783555050,OVERLAPS,NOT_CONNECTED,,A31b category codes are not converted to measured depth,,UNKNOWN,MODEL,The hazard polygon is not an official road-closure record
NOT_CONNECTED,MODEL_DERIVED,,kyoto-arashiyama:osm-way-001380835946:nodes-012783555043-012783555044,NO_OVERLAP,NOT_CONNECTED,,A31b category codes are not converted to measured depth,,UNKNOWN,MODEL,The hazard polygon is not an official road-closure record
NOT_CONNECTED,MODEL_DERIVED,,kyoto-arashiyama:osm-way-001380835946:nodes-012783555044-012783555045,NO_OVERLAP,NOT_CONNECTED,,A31b category codes are not converted to measured depth,,UNKNOWN,MODEL,The hazard polygon is not an official road-closure record
NOT_CONNECTED,MODEL_DERIVED,,kyoto-arashiyama:osm-way-001380835947:nodes-012783555042-012783555043,NO_OVERLAP,NOT_CONNECTED,,A31b category codes are not converted to measured depth,,UNKNOWN,MODEL,The hazard polygon is not an official road-closure record
NOT_CONNECTED,MODEL_DERIVED,,kyoto-arashiyama:osm-way-001380835948:nodes-012783555048-013019086939,NO_OVERLAP,NOT_CONNECTED,,A31b category codes are not converted to measured depth,,UNKNOWN,MODEL,The hazard polygon is not an official road-closure record
NOT_CONNECTED,MODEL_DERIVED,,kyoto-arashiyama:osm-way-001380835948:nodes-012783555049-013019086940,NO_OVERLAP,NOT_CONNECTED,,A31b category codes are not converted to measured depth,,UNKNOWN,MODEL,The hazard polygon is not an official road-closure record
NOT_CONNECTED,MODEL_DERIVED,1,kyoto-arashiyama:osm-way-001380835948:nodes-013019086939-013019086942,OVERLAPS,NOT_CONNECTED,,A31b category codes are not converted to measured depth,,UNKNOWN,MODEL,The hazard polygon is not an official road-closure record
NOT_CONNECTED,MODEL_DERIVED,,kyoto-arashiyama:osm-way-001380835948:nodes-013019086940-013019086941,NO_OVERLAP,NOT_CONNECTED,,A31b category codes are not converted to measured depth,,UNKNOWN,MODEL,The hazard polygon is not an official road-closure record
NOT_CONNECTED,MODEL_DERIVED,,kyoto-arashiyama:osm-way-001380835948:nodes-013019086941-013019086943,NO_OVERLAP,NOT_CONNECTED,,A31b category codes are not converted to measured depth,,UNKNOWN,MODEL,The hazard polygon is not an official road-closure record
NOT_CONNECTED,MODEL_DERIVED,,kyoto-arashiyama:osm-way-001380835948:nodes-013019086942-013019086943,NO_OVERLAP,NOT_CONNECTED,,A31b category codes are not converted to measured depth,,UNKNOWN,MODEL,The hazard polygon is not an official road-closure record
NOT_CONNECTED,MODEL_DERIVED,,kyoto-arashiyama:osm-way-001380835949:nodes-012783555048-012783555050,NO_OVERLAP,NOT_CONNECTED,,A31b category codes are not converted to measured depth,,UNKNOWN,MODEL,The hazard polygon is not an official road-closure record
NOT_CONNECTED,MODEL_DERIVED,,kyoto-arashiyama:osm-way-001396547452:nodes-012925548231-012925548237,NO_OVERLAP,NOT_CONNECTED,,A31b category codes are not converted to measured depth,,UNKNOWN,MODEL,The hazard polygon is not an official road-closure record
NOT_CONNECTED,MODEL_DERIVED,,kyoto-arashiyama:osm-way-001396547452:nodes-012925548231-012925548239,NO_OVERLAP,NOT_CONNECTED,,A31b category codes are not converted to measured depth,,UNKNOWN,MODEL,The hazard polygon is not an official road-closure record
NOT_CONNECTED,MODEL_DERIVED,,kyoto-arashiyama:osm-way-001396547452:nodes-012925548232-012925548233,NO_OVERLAP,NOT_CONNECTED,,A31b category codes are not converted to measured depth,,UNKNOWN,MODEL,The hazard polygon is not an official road-closure record
NOT_CONNECTED,MODEL_DERIVED,,kyoto-arashiyama:osm-way-001396547452:nodes-012925548232-012925548241,NO_OVERLAP,NOT_CONNECTED,,A31b category codes are not converted to measured depth,,UNKNOWN,MODEL,The hazard polygon is not an official road-closure record
NOT_CONNECTED,MODEL_DERIVED,,kyoto-arashiyama:osm-way-001396547452:nodes-012925548239-012925548242,NO_OVERLAP,NOT_CONNECTED,,A31b category codes are not converted to measured depth,,UNKNOWN,MODEL,The hazard polygon is not an official road-closure record
NOT_CONNECTED,MODEL_DERIVED,,kyoto-arashiyama:osm-way-001396547452:nodes-012925548241-012925548242,NO_OVERLAP,NOT_CONNECTED,,A31b category codes are not converted to measured depth,,UNKNOWN,MODEL,The hazard polygon is not an official road-closure record
NOT_CONNECTED,MODEL_DERIVED,,kyoto-arashiyama:osm-way-001396547453:nodes-012925548232-012925548240,NO_OVERLAP,NOT_CONNECTED,,A31b category codes are not converted to measured depth,,UNKNOWN,MODEL,The hazard polygon is not an official road-closure record
NOT_CONNECTED,MODEL_DERIVED,,kyoto-arashiyama:osm-way-001396547453:nodes-012925548232-012925548241,NO_OVERLAP,NOT_CONNECTED,,A31b category codes are not converted to measured depth,,UNKNOWN,MODEL,The hazard polygon is not an official road-closure record
NOT_CONNECTED,MODEL_DERIVED,,kyoto-arashiyama:osm-way-001396547453:nodes-012925548237-012925548238,NO_OVERLAP,NOT_CONNECTED,,A31b category codes are not converted to measured depth,,UNKNOWN,MODEL,The hazard polygon is not an official road-closure record
NOT_CONNECTED,MODEL_DERIVED,,kyoto-arashiyama:osm-way-001396547453:nodes-012925548238-012925548239,NO_OVERLAP,NOT_CONNECTED,,A31b category codes are not converted to measured depth,,UNKNOWN,MODEL,The hazard polygon is not an official road-closure record
NOT_CONNECTED,MODEL_DERIVED,,kyoto-arashiyama:osm-way-001396547453:nodes-012925548239-012925548242,NO_OVERLAP,NOT_CONNECTED,,A31b category codes are not converted to measured depth,,UNKNOWN,MODEL,The hazard polygon is not an official road-closure record
NOT_CONNECTED,MODEL_DERIVED,,kyoto-arashiyama:osm-way-001396547453:nodes-012925548241-012925548242,NO_OVERLAP,NOT_CONNECTED,,A31b category codes are not converted to measured depth,,UNKNOWN,MODEL,The hazard polygon is not an official road-closure record
NOT_CONNECTED,MODEL_DERIVED,,kyoto-arashiyama:osm-way-001510251261:nodes-003255952300-013805963837,NO_OVERLAP,NOT_CONNECTED,,A31b category codes are not converted to measured depth,,UNKNOWN,MODEL,The hazard polygon is not an official road-closure record
NOT_CONNECTED,MODEL_DERIVED,,kyoto-arashiyama:osm-way-001550559956:nodes-014102818766-014102818767,NO_OVERLAP,NOT_CONNECTED,,A31b category codes are not converted to measured depth,,UNKNOWN,MODEL,The hazard polygon is not an official road-closure record
NOT_CONNECTED,MODEL_DERIVED,,kyoto-arashiyama:osm-way-001550559956:nodes-014102818767-014102818768,NO_OVERLAP,NOT_CONNECTED,,A31b category codes are not converted to measured depth,,UNKNOWN,MODEL,The hazard polygon is not an official road-closure record
