item_id,city_id,subarea_id,object_type,object_id,attribute,status,source_id,source_revision,source_sha256,unknown_reason,verification_method,verification_target.label,verification_target.receipt_path,verification_target.dataset_ids,verification_target.note,priority_rank,priority_rule,exposure_flags,human_fields.assignee,human_fields.due,human_fields.result,human_fields.note,export_ready,internal_use_only
kyoto_kiyomizu:edge:KK-OSM-W1251544286-S01:clear_width_m,kyoto_kiyomizu,SUBAREA_NOT_ASSIGNED_IN_RECEIPTS,edge,KK-OSM-W1251544286-S01,clear_width_m,UNKNOWN,,,,MISSING_FIELD_MEASUREMENT_DEFERRED,FIELD_MEASUREMENT,清水寺参道系（osm way 1251544286 segment S01 / OSM name_tag=三年坂）付近,reports/M7_PILOT_FIELD_MEASUREMENT_PLAN.csv,[],"3 stations (rule: 10m間隔＋両端点、最低3点; edge_length_m_approx=3.8, geometry_length_m=3.8) / レーザー距離計 class2 (±1.5mm) + 5mテープ（バックアップ）（PROPOSAL）",1,PILOT_EDGE,"{""records"":24,""a31b_overlap_counts"":{""NO_OVERLAP_WITH_DISPLAY_FEATURES"":24},""landslide"":""NOT_CONNECTED"",""earthquake"":""NO_AOI_ARTIFACT_IN_P1"",""liquefaction"":""NOT_CONNECTED"",""tsunami"":""NOT_CONNECTED"",""note"":""露出は被害ではない。damage_state・debris_present・official_closure・通行可否を導出しない。""}",,,,,true,false
kyoto_kiyomizu:edge:KK-OSM-W1251544286-S01:damage_state,kyoto_kiyomizu,SUBAREA_NOT_ASSIGNED_IN_RECEIPTS,edge,KK-OSM-W1251544286-S01,damage_state,UNKNOWN,,,,UNKNOWN_HAZARD_EXPOSURE_ONLY,DOCUMENT_REVIEW,NO_TARGET_IN_RECEIPTS,reports/M7_ALL_EDGE_EVIDENCE_READINESS_V2.json,[],,1,PILOT_EDGE,"{""records"":24,""a31b_overlap_counts"":{""NO_OVERLAP_WITH_DISPLAY_FEATURES"":24},""landslide"":""NOT_CONNECTED"",""earthquake"":""NO_AOI_ARTIFACT_IN_P1"",""liquefaction"":""NOT_CONNECTED"",""tsunami"":""NOT_CONNECTED"",""note"":""露出は被害ではない。damage_state・debris_present・official_closure・通行可否を導出しない。""}",,,,,false,false
kyoto_kiyomizu:edge:KK-OSM-W1251544286-S01:debris_present,kyoto_kiyomizu,SUBAREA_NOT_ASSIGNED_IN_RECEIPTS,edge,KK-OSM-W1251544286-S01,debris_present,UNKNOWN,,,,UNKNOWN,DOCUMENT_REVIEW,NO_TARGET_IN_RECEIPTS,reports/M7_ALL_EDGE_EVIDENCE_READINESS_V2.json,[],,1,PILOT_EDGE,"{""records"":24,""a31b_overlap_counts"":{""NO_OVERLAP_WITH_DISPLAY_FEATURES"":24},""landslide"":""NOT_CONNECTED"",""earthquake"":""NO_AOI_ARTIFACT_IN_P1"",""liquefaction"":""NOT_CONNECTED"",""tsunami"":""NOT_CONNECTED"",""note"":""露出は被害ではない。damage_state・debris_present・official_closure・通行可否を導出しない。""}",,,,,false,false
kyoto_kiyomizu:edge:KK-OSM-W1251544286-S01:hazard_data_status,kyoto_kiyomizu,SUBAREA_NOT_ASSIGNED_IN_RECEIPTS,edge,KK-OSM-W1251544286-S01,hazard_data_status,UNKNOWN,,,,UNKNOWN,OFFICIAL_QUERY,道路管理者の通行規制情報（京都市／神奈川県・藤沢市）,inputs/staging/M7-CLOSURE-STATUS-RECEIPTS-V1/closure_and_hazard_status_receipts.json,[],no accepted building-level or edge-level hazard state artifact; exposure-only join exists,1,PILOT_EDGE,"{""records"":24,""a31b_overlap_counts"":{""NO_OVERLAP_WITH_DISPLAY_FEATURES"":24},""landslide"":""NOT_CONNECTED"",""earthquake"":""NO_AOI_ARTIFACT_IN_P1"",""liquefaction"":""NOT_CONNECTED"",""tsunami"":""NOT_CONNECTED"",""note"":""露出は被害ではない。damage_state・debris_present・official_closure・通行可否を導出しない。""}",,,,,true,false
kyoto_kiyomizu:edge:KK-OSM-W1251544286-S01:height_m,kyoto_kiyomizu,SUBAREA_NOT_ASSIGNED_IN_RECEIPTS,edge,KK-OSM-W1251544286-S01,height_m,UNKNOWN,,,,OFFICIAL_DIRECT_HEIGHT_CANDIDATE_NOT_FROZEN,DOCUMENT_REVIEW,NO_TARGET_IN_RECEIPTS,reports/M7_ALL_EDGE_EVIDENCE_READINESS_V2.json,[],,1,PILOT_EDGE,"{""records"":24,""a31b_overlap_counts"":{""NO_OVERLAP_WITH_DISPLAY_FEATURES"":24},""landslide"":""NOT_CONNECTED"",""earthquake"":""NO_AOI_ARTIFACT_IN_P1"",""liquefaction"":""NOT_CONNECTED"",""tsunami"":""NOT_CONNECTED"",""note"":""露出は被害ではない。damage_state・debris_present・official_closure・通行可否を導出しない。""}",,,,,false,false
kyoto_kiyomizu:edge:KK-OSM-W1251544286-S01:official_closure,kyoto_kiyomizu,SUBAREA_NOT_ASSIGNED_IN_RECEIPTS,edge,KK-OSM-W1251544286-S01,official_closure,UNKNOWN,,,,NONE_BOUNDED_CHECK_PENDING,OFFICIAL_QUERY,道路管理者の通行規制情報（京都市／神奈川県・藤沢市）,inputs/staging/M7-CLOSURE-STATUS-RECEIPTS-V1/closure_and_hazard_status_receipts.json,[],None ≠ False. Set False only with an authoritative receipt.,1,PILOT_EDGE,"{""records"":24,""a31b_overlap_counts"":{""NO_OVERLAP_WITH_DISPLAY_FEATURES"":24},""landslide"":""NOT_CONNECTED"",""earthquake"":""NO_AOI_ARTIFACT_IN_P1"",""liquefaction"":""NOT_CONNECTED"",""tsunami"":""NOT_CONNECTED"",""note"":""露出は被害ではない。damage_state・debris_present・official_closure・通行可否を導出しない。""}",,,,,true,false
kyoto_kiyomizu:edge:KK-OSM-W1251544286-S01:setback_m,kyoto_kiyomizu,SUBAREA_NOT_ASSIGNED_IN_RECEIPTS,edge,KK-OSM-W1251544286-S01,setback_m,UNKNOWN,,,,PROXY_NOT_SETBACK,FIELD_MEASUREMENT,清水寺参道系（osm way 1251544286 segment S01 / OSM name_tag=三年坂）付近,reports/M7_PILOT_FIELD_MEASUREMENT_PLAN.csv,[],"3 stations (rule: 10m間隔＋両端点、最低3点; edge_length_m_approx=3.8, geometry_length_m=3.8) / レーザー距離計 class2 (±1.5mm) + 5mテープ（バックアップ）（PROPOSAL）",1,PILOT_EDGE,"{""records"":24,""a31b_overlap_counts"":{""NO_OVERLAP_WITH_DISPLAY_FEATURES"":24},""landslide"":""NOT_CONNECTED"",""earthquake"":""NO_AOI_ARTIFACT_IN_P1"",""liquefaction"":""NOT_CONNECTED"",""tsunami"":""NOT_CONNECTED"",""note"":""露出は被害ではない。damage_state・debris_present・official_closure・通行可否を導出しない。""}",,,,,true,false
kyoto_kiyomizu:edge:KK-OSM-W1251544286-S01:side_coverage,kyoto_kiyomizu,SUBAREA_NOT_ASSIGNED_IN_RECEIPTS,edge,KK-OSM-W1251544286-S01,side_coverage,UNKNOWN,,,,PACKAGE_COMPLETE_WITHIN_30M_BUFFER_REAL_WORLD_UNVERIFIED,DOCUMENT_REVIEW,NO_TARGET_IN_RECEIPTS,reports/M7_ALL_EDGE_EVIDENCE_READINESS_V2.json,[],,1,PILOT_EDGE,"{""records"":24,""a31b_overlap_counts"":{""NO_OVERLAP_WITH_DISPLAY_FEATURES"":24},""landslide"":""NOT_CONNECTED"",""earthquake"":""NO_AOI_ARTIFACT_IN_P1"",""liquefaction"":""NOT_CONNECTED"",""tsunami"":""NOT_CONNECTED"",""note"":""露出は被害ではない。damage_state・debris_present・official_closure・通行可否を導出しない。""}",,,,,false,false
kyoto_kiyomizu:edge:KK-OSM-W1491152444-S01:clear_width_m,kyoto_kiyomizu,SUBAREA_NOT_ASSIGNED_IN_RECEIPTS,edge,KK-OSM-W1491152444-S01,clear_width_m,UNKNOWN,,,,MISSING_FIELD_MEASUREMENT_DEFERRED,FIELD_MEASUREMENT,清水寺参道系（osm way 1491152444 segment S01 / OSM name_tag=二年坂）付近,reports/M7_PILOT_FIELD_MEASUREMENT_PLAN.csv,[],"4 stations (rule: 10m間隔＋両端点、最低3点; edge_length_m_approx=22.8, geometry_length_m=23.0) / レーザー距離計 class2 (±1.5mm) + 5mテープ（バックアップ）（PROPOSAL）",1,PILOT_EDGE,"{""records"":15,""a31b_overlap_counts"":{""NO_OVERLAP_WITH_DISPLAY_FEATURES"":15},""landslide"":""NOT_CONNECTED"",""earthquake"":""NO_AOI_ARTIFACT_IN_P1"",""liquefaction"":""NOT_CONNECTED"",""tsunami"":""NOT_CONNECTED"",""note"":""露出は被害ではない。damage_state・debris_present・official_closure・通行可否を導出しない。""}",,,,,true,false
kyoto_kiyomizu:edge:KK-OSM-W1491152444-S01:damage_state,kyoto_kiyomizu,SUBAREA_NOT_ASSIGNED_IN_RECEIPTS,edge,KK-OSM-W1491152444-S01,damage_state,UNKNOWN,,,,UNKNOWN_HAZARD_EXPOSURE_ONLY,DOCUMENT_REVIEW,NO_TARGET_IN_RECEIPTS,reports/M7_ALL_EDGE_EVIDENCE_READINESS_V2.json,[],,1,PILOT_EDGE,"{""records"":15,""a31b_overlap_counts"":{""NO_OVERLAP_WITH_DISPLAY_FEATURES"":15},""landslide"":""NOT_CONNECTED"",""earthquake"":""NO_AOI_ARTIFACT_IN_P1"",""liquefaction"":""NOT_CONNECTED"",""tsunami"":""NOT_CONNECTED"",""note"":""露出は被害ではない。damage_state・debris_present・official_closure・通行可否を導出しない。""}",,,,,false,false
kyoto_kiyomizu:edge:KK-OSM-W1491152444-S01:debris_present,kyoto_kiyomizu,SUBAREA_NOT_ASSIGNED_IN_RECEIPTS,edge,KK-OSM-W1491152444-S01,debris_present,UNKNOWN,,,,UNKNOWN,DOCUMENT_REVIEW,NO_TARGET_IN_RECEIPTS,reports/M7_ALL_EDGE_EVIDENCE_READINESS_V2.json,[],,1,PILOT_EDGE,"{""records"":15,""a31b_overlap_counts"":{""NO_OVERLAP_WITH_DISPLAY_FEATURES"":15},""landslide"":""NOT_CONNECTED"",""earthquake"":""NO_AOI_ARTIFACT_IN_P1"",""liquefaction"":""NOT_CONNECTED"",""tsunami"":""NOT_CONNECTED"",""note"":""露出は被害ではない。damage_state・debris_present・official_closure・通行可否を導出しない。""}",,,,,false,false
kyoto_kiyomizu:edge:KK-OSM-W1491152444-S01:hazard_data_status,kyoto_kiyomizu,SUBAREA_NOT_ASSIGNED_IN_RECEIPTS,edge,KK-OSM-W1491152444-S01,hazard_data_status,UNKNOWN,,,,UNKNOWN,OFFICIAL_QUERY,道路管理者の通行規制情報（京都市／神奈川県・藤沢市）,inputs/staging/M7-CLOSURE-STATUS-RECEIPTS-V1/closure_and_hazard_status_receipts.json,[],no accepted building-level or edge-level hazard state artifact; exposure-only join exists,1,PILOT_EDGE,"{""records"":15,""a31b_overlap_counts"":{""NO_OVERLAP_WITH_DISPLAY_FEATURES"":15},""landslide"":""NOT_CONNECTED"",""earthquake"":""NO_AOI_ARTIFACT_IN_P1"",""liquefaction"":""NOT_CONNECTED"",""tsunami"":""NOT_CONNECTED"",""note"":""露出は被害ではない。damage_state・debris_present・official_closure・通行可否を導出しない。""}",,,,,true,false
kyoto_kiyomizu:edge:KK-OSM-W1491152444-S01:height_m,kyoto_kiyomizu,SUBAREA_NOT_ASSIGNED_IN_RECEIPTS,edge,KK-OSM-W1491152444-S01,height_m,UNKNOWN,,,,OFFICIAL_DIRECT_HEIGHT_CANDIDATE_NOT_FROZEN,DOCUMENT_REVIEW,NO_TARGET_IN_RECEIPTS,reports/M7_ALL_EDGE_EVIDENCE_READINESS_V2.json,[],,1,PILOT_EDGE,"{""records"":15,""a31b_overlap_counts"":{""NO_OVERLAP_WITH_DISPLAY_FEATURES"":15},""landslide"":""NOT_CONNECTED"",""earthquake"":""NO_AOI_ARTIFACT_IN_P1"",""liquefaction"":""NOT_CONNECTED"",""tsunami"":""NOT_CONNECTED"",""note"":""露出は被害ではない。damage_state・debris_present・official_closure・通行可否を導出しない。""}",,,,,false,false
kyoto_kiyomizu:edge:KK-OSM-W1491152444-S01:official_closure,kyoto_kiyomizu,SUBAREA_NOT_ASSIGNED_IN_RECEIPTS,edge,KK-OSM-W1491152444-S01,official_closure,UNKNOWN,,,,NONE_BOUNDED_CHECK_PENDING,OFFICIAL_QUERY,道路管理者の通行規制情報（京都市／神奈川県・藤沢市）,inputs/staging/M7-CLOSURE-STATUS-RECEIPTS-V1/closure_and_hazard_status_receipts.json,[],None ≠ False. Set False only with an authoritative receipt.,1,PILOT_EDGE,"{""records"":15,""a31b_overlap_counts"":{""NO_OVERLAP_WITH_DISPLAY_FEATURES"":15},""landslide"":""NOT_CONNECTED"",""earthquake"":""NO_AOI_ARTIFACT_IN_P1"",""liquefaction"":""NOT_CONNECTED"",""tsunami"":""NOT_CONNECTED"",""note"":""露出は被害ではない。damage_state・debris_present・official_closure・通行可否を導出しない。""}",,,,,true,false
kyoto_kiyomizu:edge:KK-OSM-W1491152444-S01:setback_m,kyoto_kiyomizu,SUBAREA_NOT_ASSIGNED_IN_RECEIPTS,edge,KK-OSM-W1491152444-S01,setback_m,UNKNOWN,,,,PROXY_NOT_SETBACK,FIELD_MEASUREMENT,清水寺参道系（osm way 1491152444 segment S01 / OSM name_tag=二年坂）付近,reports/M7_PILOT_FIELD_MEASUREMENT_PLAN.csv,[],"4 stations (rule: 10m間隔＋両端点、最低3点; edge_length_m_approx=22.8, geometry_length_m=23.0) / レーザー距離計 class2 (±1.5mm) + 5mテープ（バックアップ）（PROPOSAL）",1,PILOT_EDGE,"{""records"":15,""a31b_overlap_counts"":{""NO_OVERLAP_WITH_DISPLAY_FEATURES"":15},""landslide"":""NOT_CONNECTED"",""earthquake"":""NO_AOI_ARTIFACT_IN_P1"",""liquefaction"":""NOT_CONNECTED"",""tsunami"":""NOT_CONNECTED"",""note"":""露出は被害ではない。damage_state・debris_present・official_closure・通行可否を導出しない。""}",,,,,true,false
kyoto_kiyomizu:edge:KK-OSM-W1491152444-S01:side_coverage,kyoto_kiyomizu,SUBAREA_NOT_ASSIGNED_IN_RECEIPTS,edge,KK-OSM-W1491152444-S01,side_coverage,UNKNOWN,,,,PACKAGE_COMPLETE_WITHIN_30M_BUFFER_REAL_WORLD_UNVERIFIED,DOCUMENT_REVIEW,NO_TARGET_IN_RECEIPTS,reports/M7_ALL_EDGE_EVIDENCE_READINESS_V2.json,[],,1,PILOT_EDGE,"{""records"":15,""a31b_overlap_counts"":{""NO_OVERLAP_WITH_DISPLAY_FEATURES"":15},""landslide"":""NOT_CONNECTED"",""earthquake"":""NO_AOI_ARTIFACT_IN_P1"",""liquefaction"":""NOT_CONNECTED"",""tsunami"":""NOT_CONNECTED"",""note"":""露出は被害ではない。damage_state・debris_present・official_closure・通行可否を導出しない。""}",,,,,false,false
kyoto_kiyomizu:edge:KK-OSM-W1491152444-S02:clear_width_m,kyoto_kiyomizu,SUBAREA_NOT_ASSIGNED_IN_RECEIPTS,edge,KK-OSM-W1491152444-S02,clear_width_m,UNKNOWN,,,,MISSING_FIELD_MEASUREMENT_DEFERRED,FIELD_MEASUREMENT,清水寺参道系（osm way 1491152444 segment S02 / OSM name_tag=二年坂）付近,reports/M7_PILOT_FIELD_MEASUREMENT_PLAN.csv,[],"5 stations (rule: 10m間隔＋両端点、最低3点; edge_length_m_approx=37.5, geometry_length_m=37.7) / レーザー距離計 class2 (±1.5mm) + 5mテープ（バックアップ）（PROPOSAL）",1,PILOT_EDGE,"{""records"":27,""a31b_overlap_counts"":{""NO_OVERLAP_WITH_DISPLAY_FEATURES"":27},""landslide"":""NOT_CONNECTED"",""earthquake"":""NO_AOI_ARTIFACT_IN_P1"",""liquefaction"":""NOT_CONNECTED"",""tsunami"":""NOT_CONNECTED"",""note"":""露出は被害ではない。damage_state・debris_present・official_closure・通行可否を導出しない。""}",,,,,true,false
kyoto_kiyomizu:edge:KK-OSM-W1491152444-S02:damage_state,kyoto_kiyomizu,SUBAREA_NOT_ASSIGNED_IN_RECEIPTS,edge,KK-OSM-W1491152444-S02,damage_state,UNKNOWN,,,,UNKNOWN_HAZARD_EXPOSURE_ONLY,DOCUMENT_REVIEW,NO_TARGET_IN_RECEIPTS,reports/M7_ALL_EDGE_EVIDENCE_READINESS_V2.json,[],,1,PILOT_EDGE,"{""records"":27,""a31b_overlap_counts"":{""NO_OVERLAP_WITH_DISPLAY_FEATURES"":27},""landslide"":""NOT_CONNECTED"",""earthquake"":""NO_AOI_ARTIFACT_IN_P1"",""liquefaction"":""NOT_CONNECTED"",""tsunami"":""NOT_CONNECTED"",""note"":""露出は被害ではない。damage_state・debris_present・official_closure・通行可否を導出しない。""}",,,,,false,false
kyoto_kiyomizu:edge:KK-OSM-W1491152444-S02:debris_present,kyoto_kiyomizu,SUBAREA_NOT_ASSIGNED_IN_RECEIPTS,edge,KK-OSM-W1491152444-S02,debris_present,UNKNOWN,,,,UNKNOWN,DOCUMENT_REVIEW,NO_TARGET_IN_RECEIPTS,reports/M7_ALL_EDGE_EVIDENCE_READINESS_V2.json,[],,1,PILOT_EDGE,"{""records"":27,""a31b_overlap_counts"":{""NO_OVERLAP_WITH_DISPLAY_FEATURES"":27},""landslide"":""NOT_CONNECTED"",""earthquake"":""NO_AOI_ARTIFACT_IN_P1"",""liquefaction"":""NOT_CONNECTED"",""tsunami"":""NOT_CONNECTED"",""note"":""露出は被害ではない。damage_state・debris_present・official_closure・通行可否を導出しない。""}",,,,,false,false
kyoto_kiyomizu:edge:KK-OSM-W1491152444-S02:hazard_data_status,kyoto_kiyomizu,SUBAREA_NOT_ASSIGNED_IN_RECEIPTS,edge,KK-OSM-W1491152444-S02,hazard_data_status,UNKNOWN,,,,UNKNOWN,OFFICIAL_QUERY,道路管理者の通行規制情報（京都市／神奈川県・藤沢市）,inputs/staging/M7-CLOSURE-STATUS-RECEIPTS-V1/closure_and_hazard_status_receipts.json,[],no accepted building-level or edge-level hazard state artifact; exposure-only join exists,1,PILOT_EDGE,"{""records"":27,""a31b_overlap_counts"":{""NO_OVERLAP_WITH_DISPLAY_FEATURES"":27},""landslide"":""NOT_CONNECTED"",""earthquake"":""NO_AOI_ARTIFACT_IN_P1"",""liquefaction"":""NOT_CONNECTED"",""tsunami"":""NOT_CONNECTED"",""note"":""露出は被害ではない。damage_state・debris_present・official_closure・通行可否を導出しない。""}",,,,,true,false
kyoto_kiyomizu:edge:KK-OSM-W1491152444-S02:height_m,kyoto_kiyomizu,SUBAREA_NOT_ASSIGNED_IN_RECEIPTS,edge,KK-OSM-W1491152444-S02,height_m,UNKNOWN,,,,OFFICIAL_DIRECT_HEIGHT_CANDIDATE_NOT_FROZEN,DOCUMENT_REVIEW,NO_TARGET_IN_RECEIPTS,reports/M7_ALL_EDGE_EVIDENCE_READINESS_V2.json,[],,1,PILOT_EDGE,"{""records"":27,""a31b_overlap_counts"":{""NO_OVERLAP_WITH_DISPLAY_FEATURES"":27},""landslide"":""NOT_CONNECTED"",""earthquake"":""NO_AOI_ARTIFACT_IN_P1"",""liquefaction"":""NOT_CONNECTED"",""tsunami"":""NOT_CONNECTED"",""note"":""露出は被害ではない。damage_state・debris_present・official_closure・通行可否を導出しない。""}",,,,,false,false
kyoto_kiyomizu:edge:KK-OSM-W1491152444-S02:official_closure,kyoto_kiyomizu,SUBAREA_NOT_ASSIGNED_IN_RECEIPTS,edge,KK-OSM-W1491152444-S02,official_closure,UNKNOWN,,,,NONE_BOUNDED_CHECK_PENDING,OFFICIAL_QUERY,道路管理者の通行規制情報（京都市／神奈川県・藤沢市）,inputs/staging/M7-CLOSURE-STATUS-RECEIPTS-V1/closure_and_hazard_status_receipts.json,[],None ≠ False. Set False only with an authoritative receipt.,1,PILOT_EDGE,"{""records"":27,""a31b_overlap_counts"":{""NO_OVERLAP_WITH_DISPLAY_FEATURES"":27},""landslide"":""NOT_CONNECTED"",""earthquake"":""NO_AOI_ARTIFACT_IN_P1"",""liquefaction"":""NOT_CONNECTED"",""tsunami"":""NOT_CONNECTED"",""note"":""露出は被害ではない。damage_state・debris_present・official_closure・通行可否を導出しない。""}",,,,,true,false
kyoto_kiyomizu:edge:KK-OSM-W1491152444-S02:setback_m,kyoto_kiyomizu,SUBAREA_NOT_ASSIGNED_IN_RECEIPTS,edge,KK-OSM-W1491152444-S02,setback_m,UNKNOWN,,,,PROXY_NOT_SETBACK,FIELD_MEASUREMENT,清水寺参道系（osm way 1491152444 segment S02 / OSM name_tag=二年坂）付近,reports/M7_PILOT_FIELD_MEASUREMENT_PLAN.csv,[],"5 stations (rule: 10m間隔＋両端点、最低3点; edge_length_m_approx=37.5, geometry_length_m=37.7) / レーザー距離計 class2 (±1.5mm) + 5mテープ（バックアップ）（PROPOSAL）",1,PILOT_EDGE,"{""records"":27,""a31b_overlap_counts"":{""NO_OVERLAP_WITH_DISPLAY_FEATURES"":27},""landslide"":""NOT_CONNECTED"",""earthquake"":""NO_AOI_ARTIFACT_IN_P1"",""liquefaction"":""NOT_CONNECTED"",""tsunami"":""NOT_CONNECTED"",""note"":""露出は被害ではない。damage_state・debris_present・official_closure・通行可否を導出しない。""}",,,,,true,false
kyoto_kiyomizu:edge:KK-OSM-W1491152444-S02:side_coverage,kyoto_kiyomizu,SUBAREA_NOT_ASSIGNED_IN_RECEIPTS,edge,KK-OSM-W1491152444-S02,side_coverage,UNKNOWN,,,,PACKAGE_COMPLETE_WITHIN_30M_BUFFER_REAL_WORLD_UNVERIFIED,DOCUMENT_REVIEW,NO_TARGET_IN_RECEIPTS,reports/M7_ALL_EDGE_EVIDENCE_READINESS_V2.json,[],,1,PILOT_EDGE,"{""records"":27,""a31b_overlap_counts"":{""NO_OVERLAP_WITH_DISPLAY_FEATURES"":27},""landslide"":""NOT_CONNECTED"",""earthquake"":""NO_AOI_ARTIFACT_IN_P1"",""liquefaction"":""NOT_CONNECTED"",""tsunami"":""NOT_CONNECTED"",""note"":""露出は被害ではない。damage_state・debris_present・official_closure・通行可否を導出しない。""}",,,,,false,false
kyoto_kiyomizu:edge:KK-OSM-W157527438-S01:clear_width_m,kyoto_kiyomizu,SUBAREA_NOT_ASSIGNED_IN_RECEIPTS,edge,KK-OSM-W157527438-S01,clear_width_m,UNKNOWN,,,,MISSING_FIELD_MEASUREMENT_DEFERRED,FIELD_MEASUREMENT,清水寺参道系（osm way 157527438 segment S01 / OSM name_tag=一年坂）付近,reports/M7_PILOT_FIELD_MEASUREMENT_PLAN.csv,[],"11 stations (rule: 10m間隔＋両端点、最低3点; edge_length_m_approx=97.3, geometry_length_m=97.3) / レーザー距離計 class2 (±1.5mm) + 5mテープ（バックアップ）（PROPOSAL）",1,PILOT_EDGE,"{""records"":32,""a31b_overlap_counts"":{""NO_OVERLAP_WITH_DISPLAY_FEATURES"":32},""landslide"":""NOT_CONNECTED"",""earthquake"":""NO_AOI_ARTIFACT_IN_P1"",""liquefaction"":""NOT_CONNECTED"",""tsunami"":""NOT_CONNECTED"",""note"":""露出は被害ではない。damage_state・debris_present・official_closure・通行可否を導出しない。""}",,,,,true,false
kyoto_kiyomizu:edge:KK-OSM-W157527438-S01:damage_state,kyoto_kiyomizu,SUBAREA_NOT_ASSIGNED_IN_RECEIPTS,edge,KK-OSM-W157527438-S01,damage_state,UNKNOWN,,,,UNKNOWN_HAZARD_EXPOSURE_ONLY,DOCUMENT_REVIEW,NO_TARGET_IN_RECEIPTS,reports/M7_ALL_EDGE_EVIDENCE_READINESS_V2.json,[],,1,PILOT_EDGE,"{""records"":32,""a31b_overlap_counts"":{""NO_OVERLAP_WITH_DISPLAY_FEATURES"":32},""landslide"":""NOT_CONNECTED"",""earthquake"":""NO_AOI_ARTIFACT_IN_P1"",""liquefaction"":""NOT_CONNECTED"",""tsunami"":""NOT_CONNECTED"",""note"":""露出は被害ではない。damage_state・debris_present・official_closure・通行可否を導出しない。""}",,,,,false,false
kyoto_kiyomizu:edge:KK-OSM-W157527438-S01:debris_present,kyoto_kiyomizu,SUBAREA_NOT_ASSIGNED_IN_RECEIPTS,edge,KK-OSM-W157527438-S01,debris_present,UNKNOWN,,,,UNKNOWN,DOCUMENT_REVIEW,NO_TARGET_IN_RECEIPTS,reports/M7_ALL_EDGE_EVIDENCE_READINESS_V2.json,[],,1,PILOT_EDGE,"{""records"":32,""a31b_overlap_counts"":{""NO_OVERLAP_WITH_DISPLAY_FEATURES"":32},""landslide"":""NOT_CONNECTED"",""earthquake"":""NO_AOI_ARTIFACT_IN_P1"",""liquefaction"":""NOT_CONNECTED"",""tsunami"":""NOT_CONNECTED"",""note"":""露出は被害ではない。damage_state・debris_present・official_closure・通行可否を導出しない。""}",,,,,false,false
kyoto_kiyomizu:edge:KK-OSM-W157527438-S01:hazard_data_status,kyoto_kiyomizu,SUBAREA_NOT_ASSIGNED_IN_RECEIPTS,edge,KK-OSM-W157527438-S01,hazard_data_status,UNKNOWN,,,,UNKNOWN,OFFICIAL_QUERY,道路管理者の通行規制情報（京都市／神奈川県・藤沢市）,inputs/staging/M7-CLOSURE-STATUS-RECEIPTS-V1/closure_and_hazard_status_receipts.json,[],no accepted building-level or edge-level hazard state artifact; exposure-only join exists,1,PILOT_EDGE,"{""records"":32,""a31b_overlap_counts"":{""NO_OVERLAP_WITH_DISPLAY_FEATURES"":32},""landslide"":""NOT_CONNECTED"",""earthquake"":""NO_AOI_ARTIFACT_IN_P1"",""liquefaction"":""NOT_CONNECTED"",""tsunami"":""NOT_CONNECTED"",""note"":""露出は被害ではない。damage_state・debris_present・official_closure・通行可否を導出しない。""}",,,,,true,false
kyoto_kiyomizu:edge:KK-OSM-W157527438-S01:height_m,kyoto_kiyomizu,SUBAREA_NOT_ASSIGNED_IN_RECEIPTS,edge,KK-OSM-W157527438-S01,height_m,UNKNOWN,,,,OFFICIAL_DIRECT_HEIGHT_CANDIDATE_NOT_FROZEN,DOCUMENT_REVIEW,NO_TARGET_IN_RECEIPTS,reports/M7_ALL_EDGE_EVIDENCE_READINESS_V2.json,[],,1,PILOT_EDGE,"{""records"":32,""a31b_overlap_counts"":{""NO_OVERLAP_WITH_DISPLAY_FEATURES"":32},""landslide"":""NOT_CONNECTED"",""earthquake"":""NO_AOI_ARTIFACT_IN_P1"",""liquefaction"":""NOT_CONNECTED"",""tsunami"":""NOT_CONNECTED"",""note"":""露出は被害ではない。damage_state・debris_present・official_closure・通行可否を導出しない。""}",,,,,false,false
kyoto_kiyomizu:edge:KK-OSM-W157527438-S01:official_closure,kyoto_kiyomizu,SUBAREA_NOT_ASSIGNED_IN_RECEIPTS,edge,KK-OSM-W157527438-S01,official_closure,UNKNOWN,,,,NONE_BOUNDED_CHECK_PENDING,OFFICIAL_QUERY,道路管理者の通行規制情報（京都市／神奈川県・藤沢市）,inputs/staging/M7-CLOSURE-STATUS-RECEIPTS-V1/closure_and_hazard_status_receipts.json,[],None ≠ False. Set False only with an authoritative receipt.,1,PILOT_EDGE,"{""records"":32,""a31b_overlap_counts"":{""NO_OVERLAP_WITH_DISPLAY_FEATURES"":32},""landslide"":""NOT_CONNECTED"",""earthquake"":""NO_AOI_ARTIFACT_IN_P1"",""liquefaction"":""NOT_CONNECTED"",""tsunami"":""NOT_CONNECTED"",""note"":""露出は被害ではない。damage_state・debris_present・official_closure・通行可否を導出しない。""}",,,,,true,false
kyoto_kiyomizu:edge:KK-OSM-W157527438-S01:setback_m,kyoto_kiyomizu,SUBAREA_NOT_ASSIGNED_IN_RECEIPTS,edge,KK-OSM-W157527438-S01,setback_m,UNKNOWN,,,,PROXY_NOT_SETBACK,FIELD_MEASUREMENT,清水寺参道系（osm way 157527438 segment S01 / OSM name_tag=一年坂）付近,reports/M7_PILOT_FIELD_MEASUREMENT_PLAN.csv,[],"11 stations (rule: 10m間隔＋両端点、最低3点; edge_length_m_approx=97.3, geometry_length_m=97.3) / レーザー距離計 class2 (±1.5mm) + 5mテープ（バックアップ）（PROPOSAL）",1,PILOT_EDGE,"{""records"":32,""a31b_overlap_counts"":{""NO_OVERLAP_WITH_DISPLAY_FEATURES"":32},""landslide"":""NOT_CONNECTED"",""earthquake"":""NO_AOI_ARTIFACT_IN_P1"",""liquefaction"":""NOT_CONNECTED"",""tsunami"":""NOT_CONNECTED"",""note"":""露出は被害ではない。damage_state・debris_present・official_closure・通行可否を導出しない。""}",,,,,true,false
kyoto_kiyomizu:edge:KK-OSM-W157527438-S01:side_coverage,kyoto_kiyomizu,SUBAREA_NOT_ASSIGNED_IN_RECEIPTS,edge,KK-OSM-W157527438-S01,side_coverage,UNKNOWN,,,,PACKAGE_COMPLETE_WITHIN_30M_BUFFER_REAL_WORLD_UNVERIFIED,DOCUMENT_REVIEW,NO_TARGET_IN_RECEIPTS,reports/M7_ALL_EDGE_EVIDENCE_READINESS_V2.json,[],,1,PILOT_EDGE,"{""records"":32,""a31b_overlap_counts"":{""NO_OVERLAP_WITH_DISPLAY_FEATURES"":32},""landslide"":""NOT_CONNECTED"",""earthquake"":""NO_AOI_ARTIFACT_IN_P1"",""liquefaction"":""NOT_CONNECTED"",""tsunami"":""NOT_CONNECTED"",""note"":""露出は被害ではない。damage_state・debris_present・official_closure・通行可否を導出しない。""}",,,,,false,false
kyoto_kiyomizu:edge:KK-OSM-W174762077-S01:clear_width_m,kyoto_kiyomizu,SUBAREA_NOT_ASSIGNED_IN_RECEIPTS,edge,KK-OSM-W174762077-S01,clear_width_m,UNKNOWN,,,,MISSING_FIELD_MEASUREMENT_DEFERRED,FIELD_MEASUREMENT,清水寺参道系（osm way 174762077 segment S01 / OSM name_tag=東大路通）付近,reports/M7_PILOT_FIELD_MEASUREMENT_PLAN.csv,[],"58 stations (rule: 10m間隔＋両端点、最低3点; edge_length_m_approx=566.3, geometry_length_m=569.4) / レーザー距離計 class2 (±1.5mm) + 5mテープ（バックアップ）（PROPOSAL）",1,PILOT_EDGE,"{""records"":193,""a31b_overlap_counts"":{""FOOTPRINT_VERTEX_IN_DISPLAY_POLYGON"":4,""NO_OVERLAP_WITH_DISPLAY_FEATURES"":189},""landslide"":""NOT_CONNECTED"",""earthquake"":""NO_AOI_ARTIFACT_IN_P1"",""liquefaction"":""NOT_CONNECTED"",""tsunami"":""NOT_CONNECTED"",""note"":""露出は被害ではない。damage_state・debris_present・official_closure・通行可否を導出しない。""}",,,,,true,false
kyoto_kiyomizu:edge:KK-OSM-W174762077-S01:damage_state,kyoto_kiyomizu,SUBAREA_NOT_ASSIGNED_IN_RECEIPTS,edge,KK-OSM-W174762077-S01,damage_state,UNKNOWN,,,,UNKNOWN_HAZARD_EXPOSURE_ONLY,DOCUMENT_REVIEW,NO_TARGET_IN_RECEIPTS,reports/M7_ALL_EDGE_EVIDENCE_READINESS_V2.json,[],,1,PILOT_EDGE,"{""records"":193,""a31b_overlap_counts"":{""FOOTPRINT_VERTEX_IN_DISPLAY_POLYGON"":4,""NO_OVERLAP_WITH_DISPLAY_FEATURES"":189},""landslide"":""NOT_CONNECTED"",""earthquake"":""NO_AOI_ARTIFACT_IN_P1"",""liquefaction"":""NOT_CONNECTED"",""tsunami"":""NOT_CONNECTED"",""note"":""露出は被害ではない。damage_state・debris_present・official_closure・通行可否を導出しない。""}",,,,,false,false
kyoto_kiyomizu:edge:KK-OSM-W174762077-S01:debris_present,kyoto_kiyomizu,SUBAREA_NOT_ASSIGNED_IN_RECEIPTS,edge,KK-OSM-W174762077-S01,debris_present,UNKNOWN,,,,UNKNOWN,DOCUMENT_REVIEW,NO_TARGET_IN_RECEIPTS,reports/M7_ALL_EDGE_EVIDENCE_READINESS_V2.json,[],,1,PILOT_EDGE,"{""records"":193,""a31b_overlap_counts"":{""FOOTPRINT_VERTEX_IN_DISPLAY_POLYGON"":4,""NO_OVERLAP_WITH_DISPLAY_FEATURES"":189},""landslide"":""NOT_CONNECTED"",""earthquake"":""NO_AOI_ARTIFACT_IN_P1"",""liquefaction"":""NOT_CONNECTED"",""tsunami"":""NOT_CONNECTED"",""note"":""露出は被害ではない。damage_state・debris_present・official_closure・通行可否を導出しない。""}",,,,,false,false
kyoto_kiyomizu:edge:KK-OSM-W174762077-S01:hazard_data_status,kyoto_kiyomizu,SUBAREA_NOT_ASSIGNED_IN_RECEIPTS,edge,KK-OSM-W174762077-S01,hazard_data_status,UNKNOWN,,,,UNKNOWN,OFFICIAL_QUERY,道路管理者の通行規制情報（京都市／神奈川県・藤沢市）,inputs/staging/M7-CLOSURE-STATUS-RECEIPTS-V1/closure_and_hazard_status_receipts.json,[],no accepted building-level or edge-level hazard state artifact; exposure-only join exists,1,PILOT_EDGE,"{""records"":193,""a31b_overlap_counts"":{""FOOTPRINT_VERTEX_IN_DISPLAY_POLYGON"":4,""NO_OVERLAP_WITH_DISPLAY_FEATURES"":189},""landslide"":""NOT_CONNECTED"",""earthquake"":""NO_AOI_ARTIFACT_IN_P1"",""liquefaction"":""NOT_CONNECTED"",""tsunami"":""NOT_CONNECTED"",""note"":""露出は被害ではない。damage_state・debris_present・official_closure・通行可否を導出しない。""}",,,,,true,false
kyoto_kiyomizu:edge:KK-OSM-W174762077-S01:height_m,kyoto_kiyomizu,SUBAREA_NOT_ASSIGNED_IN_RECEIPTS,edge,KK-OSM-W174762077-S01,height_m,UNKNOWN,,,,OFFICIAL_DIRECT_HEIGHT_CANDIDATE_NOT_FROZEN,DOCUMENT_REVIEW,NO_TARGET_IN_RECEIPTS,reports/M7_ALL_EDGE_EVIDENCE_READINESS_V2.json,[],,1,PILOT_EDGE,"{""records"":193,""a31b_overlap_counts"":{""FOOTPRINT_VERTEX_IN_DISPLAY_POLYGON"":4,""NO_OVERLAP_WITH_DISPLAY_FEATURES"":189},""landslide"":""NOT_CONNECTED"",""earthquake"":""NO_AOI_ARTIFACT_IN_P1"",""liquefaction"":""NOT_CONNECTED"",""tsunami"":""NOT_CONNECTED"",""note"":""露出は被害ではない。damage_state・debris_present・official_closure・通行可否を導出しない。""}",,,,,false,false
kyoto_kiyomizu:edge:KK-OSM-W174762077-S01:official_closure,kyoto_kiyomizu,SUBAREA_NOT_ASSIGNED_IN_RECEIPTS,edge,KK-OSM-W174762077-S01,official_closure,UNKNOWN,,,,NONE_BOUNDED_CHECK_PENDING,OFFICIAL_QUERY,道路管理者の通行規制情報（京都市／神奈川県・藤沢市）,inputs/staging/M7-CLOSURE-STATUS-RECEIPTS-V1/closure_and_hazard_status_receipts.json,[],None ≠ False. Set False only with an authoritative receipt.,1,PILOT_EDGE,"{""records"":193,""a31b_overlap_counts"":{""FOOTPRINT_VERTEX_IN_DISPLAY_POLYGON"":4,""NO_OVERLAP_WITH_DISPLAY_FEATURES"":189},""landslide"":""NOT_CONNECTED"",""earthquake"":""NO_AOI_ARTIFACT_IN_P1"",""liquefaction"":""NOT_CONNECTED"",""tsunami"":""NOT_CONNECTED"",""note"":""露出は被害ではない。damage_state・debris_present・official_closure・通行可否を導出しない。""}",,,,,true,false
kyoto_kiyomizu:edge:KK-OSM-W174762077-S01:setback_m,kyoto_kiyomizu,SUBAREA_NOT_ASSIGNED_IN_RECEIPTS,edge,KK-OSM-W174762077-S01,setback_m,UNKNOWN,,,,PROXY_NOT_SETBACK,FIELD_MEASUREMENT,清水寺参道系（osm way 174762077 segment S01 / OSM name_tag=東大路通）付近,reports/M7_PILOT_FIELD_MEASUREMENT_PLAN.csv,[],"58 stations (rule: 10m間隔＋両端点、最低3点; edge_length_m_approx=566.3, geometry_length_m=569.4) / レーザー距離計 class2 (±1.5mm) + 5mテープ（バックアップ）（PROPOSAL）",1,PILOT_EDGE,"{""records"":193,""a31b_overlap_counts"":{""FOOTPRINT_VERTEX_IN_DISPLAY_POLYGON"":4,""NO_OVERLAP_WITH_DISPLAY_FEATURES"":189},""landslide"":""NOT_CONNECTED"",""earthquake"":""NO_AOI_ARTIFACT_IN_P1"",""liquefaction"":""NOT_CONNECTED"",""tsunami"":""NOT_CONNECTED"",""note"":""露出は被害ではない。damage_state・debris_present・official_closure・通行可否を導出しない。""}",,,,,true,false
kyoto_kiyomizu:edge:KK-OSM-W174762077-S01:side_coverage,kyoto_kiyomizu,SUBAREA_NOT_ASSIGNED_IN_RECEIPTS,edge,KK-OSM-W174762077-S01,side_coverage,UNKNOWN,,,,PACKAGE_COMPLETE_WITHIN_30M_BUFFER_REAL_WORLD_UNVERIFIED,DOCUMENT_REVIEW,NO_TARGET_IN_RECEIPTS,reports/M7_ALL_EDGE_EVIDENCE_READINESS_V2.json,[],,1,PILOT_EDGE,"{""records"":193,""a31b_overlap_counts"":{""FOOTPRINT_VERTEX_IN_DISPLAY_POLYGON"":4,""NO_OVERLAP_WITH_DISPLAY_FEATURES"":189},""landslide"":""NOT_CONNECTED"",""earthquake"":""NO_AOI_ARTIFACT_IN_P1"",""liquefaction"":""NOT_CONNECTED"",""tsunami"":""NOT_CONNECTED"",""note"":""露出は被害ではない。damage_state・debris_present・official_closure・通行可否を導出しない。""}",,,,,false,false
kyoto_kiyomizu:facility:kyoto_designated_shelters_r80818:153:facility.accessibility_status,kyoto_kiyomizu,kiyomizu_gion,facility,kyoto_designated_shelters_r80818:153,facility.accessibility_status,UNKNOWN,,,,UNKNOWN,OFFICIAL_QUERY,"Facility equipment, entrance, width, slope and operation are not inferred.",reports/PHASE4_DATA_ACQUISITION_MATRIX.csv,"[""kyoto_public_toilets_00307"",""kyoto_public_toilets_00307_landing"",""mlit_walkspace_kyoto_h23""]","Official source row and source-provided coordinates only; current opening, entrance, accessibility, safety, and disaster usability are not inferred.",2,FACILITY_WITH_SOURCE_COORDINATES,,,,,,true,false
kyoto_kiyomizu:facility:kyoto_designated_shelters_r80818:153:facility.coordinate,kyoto_kiyomizu,kiyomizu_gion,facility,kyoto_designated_shelters_r80818:153,facility.coordinate,CONFIRMED,kyoto_designated_shelters_r80818,R8.8.18,f201527c7a822a62e098f1313898ba0871ccdb3db2c00f47484cf8847d7ef312,,NOT_APPLICABLE,NO_TARGET_IN_RECEIPTS,inputs/staging/KYOTO-OFFICIAL-PARITY-V1/facility_records.json,[],"Official source row and source-provided coordinates only; current opening, entrance, accessibility, safety, and disaster usability are not inferred.",2,FACILITY_WITH_SOURCE_COORDINATES,,,,,,true,false
kyoto_kiyomizu:facility:kyoto_designated_shelters_r80818:153:facility.entrance_status,kyoto_kiyomizu,kiyomizu_gion,facility,kyoto_designated_shelters_r80818:153,facility.entrance_status,UNKNOWN,,,,UNKNOWN,OFFICIAL_QUERY,"Facility equipment, entrance, width, slope and operation are not inferred.",reports/PHASE4_DATA_ACQUISITION_MATRIX.csv,"[""kyoto_public_toilets_00307"",""kyoto_public_toilets_00307_landing"",""mlit_walkspace_kyoto_h23""]","Official source row and source-provided coordinates only; current opening, entrance, accessibility, safety, and disaster usability are not inferred.",2,FACILITY_WITH_SOURCE_COORDINATES,,,,,,true,false
kyoto_kiyomizu:facility:kyoto_designated_shelters_r80818:153:facility.operation_status,kyoto_kiyomizu,kiyomizu_gion,facility,kyoto_designated_shelters_r80818:153,facility.operation_status,UNKNOWN,,,,UNKNOWN,OFFICIAL_QUERY,"Facility equipment, entrance, width, slope and operation are not inferred.",reports/PHASE4_DATA_ACQUISITION_MATRIX.csv,"[""kyoto_public_toilets_00307"",""kyoto_public_toilets_00307_landing"",""mlit_walkspace_kyoto_h23""]","Official source row and source-provided coordinates only; current opening, entrance, accessibility, safety, and disaster usability are not inferred.",2,FACILITY_WITH_SOURCE_COORDINATES,,,,,,true,false
kyoto_kiyomizu:facility:kyoto_designated_shelters_r80818:153:facility.safety_status,kyoto_kiyomizu,kiyomizu_gion,facility,kyoto_designated_shelters_r80818:153,facility.safety_status,UNKNOWN,,,,UNKNOWN,OFFICIAL_QUERY,"Facility equipment, entrance, width, slope and operation are not inferred.",reports/PHASE4_DATA_ACQUISITION_MATRIX.csv,"[""kyoto_public_toilets_00307"",""kyoto_public_toilets_00307_landing"",""mlit_walkspace_kyoto_h23""]","Official source row and source-provided coordinates only; current opening, entrance, accessibility, safety, and disaster usability are not inferred.",2,FACILITY_WITH_SOURCE_COORDINATES,,,,,,true,false
kyoto_kiyomizu:facility:kyoto_designated_shelters_r80818:155:facility.accessibility_status,kyoto_kiyomizu,kiyomizu_gion,facility,kyoto_designated_shelters_r80818:155,facility.accessibility_status,UNKNOWN,,,,UNKNOWN,OFFICIAL_QUERY,"Facility equipment, entrance, width, slope and operation are not inferred.",reports/PHASE4_DATA_ACQUISITION_MATRIX.csv,"[""kyoto_public_toilets_00307"",""kyoto_public_toilets_00307_landing"",""mlit_walkspace_kyoto_h23""]","Official source row and source-provided coordinates only; current opening, entrance, accessibility, safety, and disaster usability are not inferred.",2,FACILITY_WITH_SOURCE_COORDINATES,,,,,,true,false
kyoto_kiyomizu:facility:kyoto_designated_shelters_r80818:155:facility.coordinate,kyoto_kiyomizu,kiyomizu_gion,facility,kyoto_designated_shelters_r80818:155,facility.coordinate,CONFIRMED,kyoto_designated_shelters_r80818,R8.8.18,f201527c7a822a62e098f1313898ba0871ccdb3db2c00f47484cf8847d7ef312,,NOT_APPLICABLE,NO_TARGET_IN_RECEIPTS,inputs/staging/KYOTO-OFFICIAL-PARITY-V1/facility_records.json,[],"Official source row and source-provided coordinates only; current opening, entrance, accessibility, safety, and disaster usability are not inferred.",2,FACILITY_WITH_SOURCE_COORDINATES,,,,,,true,false
kyoto_kiyomizu:facility:kyoto_designated_shelters_r80818:155:facility.entrance_status,kyoto_kiyomizu,kiyomizu_gion,facility,kyoto_designated_shelters_r80818:155,facility.entrance_status,UNKNOWN,,,,UNKNOWN,OFFICIAL_QUERY,"Facility equipment, entrance, width, slope and operation are not inferred.",reports/PHASE4_DATA_ACQUISITION_MATRIX.csv,"[""kyoto_public_toilets_00307"",""kyoto_public_toilets_00307_landing"",""mlit_walkspace_kyoto_h23""]","Official source row and source-provided coordinates only; current opening, entrance, accessibility, safety, and disaster usability are not inferred.",2,FACILITY_WITH_SOURCE_COORDINATES,,,,,,true,false
kyoto_kiyomizu:facility:kyoto_designated_shelters_r80818:155:facility.operation_status,kyoto_kiyomizu,kiyomizu_gion,facility,kyoto_designated_shelters_r80818:155,facility.operation_status,UNKNOWN,,,,UNKNOWN,OFFICIAL_QUERY,"Facility equipment, entrance, width, slope and operation are not inferred.",reports/PHASE4_DATA_ACQUISITION_MATRIX.csv,"[""kyoto_public_toilets_00307"",""kyoto_public_toilets_00307_landing"",""mlit_walkspace_kyoto_h23""]","Official source row and source-provided coordinates only; current opening, entrance, accessibility, safety, and disaster usability are not inferred.",2,FACILITY_WITH_SOURCE_COORDINATES,,,,,,true,false
kyoto_kiyomizu:facility:kyoto_designated_shelters_r80818:155:facility.safety_status,kyoto_kiyomizu,kiyomizu_gion,facility,kyoto_designated_shelters_r80818:155,facility.safety_status,UNKNOWN,,,,UNKNOWN,OFFICIAL_QUERY,"Facility equipment, entrance, width, slope and operation are not inferred.",reports/PHASE4_DATA_ACQUISITION_MATRIX.csv,"[""kyoto_public_toilets_00307"",""kyoto_public_toilets_00307_landing"",""mlit_walkspace_kyoto_h23""]","Official source row and source-provided coordinates only; current opening, entrance, accessibility, safety, and disaster usability are not inferred.",2,FACILITY_WITH_SOURCE_COORDINATES,,,,,,true,false
kyoto_kiyomizu:facility:kyoto_designated_shelters_r80818:156:facility.accessibility_status,kyoto_kiyomizu,kiyomizu_gion,facility,kyoto_designated_shelters_r80818:156,facility.accessibility_status,UNKNOWN,,,,UNKNOWN,OFFICIAL_QUERY,"Facility equipment, entrance, width, slope and operation are not inferred.",reports/PHASE4_DATA_ACQUISITION_MATRIX.csv,"[""kyoto_public_toilets_00307"",""kyoto_public_toilets_00307_landing"",""mlit_walkspace_kyoto_h23""]","Official source row and source-provided coordinates only; current opening, entrance, accessibility, safety, and disaster usability are not inferred.",2,FACILITY_WITH_SOURCE_COORDINATES,,,,,,true,false
kyoto_kiyomizu:facility:kyoto_designated_shelters_r80818:156:facility.coordinate,kyoto_kiyomizu,kiyomizu_gion,facility,kyoto_designated_shelters_r80818:156,facility.coordinate,CONFIRMED,kyoto_designated_shelters_r80818,R8.8.18,f201527c7a822a62e098f1313898ba0871ccdb3db2c00f47484cf8847d7ef312,,NOT_APPLICABLE,NO_TARGET_IN_RECEIPTS,inputs/staging/KYOTO-OFFICIAL-PARITY-V1/facility_records.json,[],"Official source row and source-provided coordinates only; current opening, entrance, accessibility, safety, and disaster usability are not inferred.",2,FACILITY_WITH_SOURCE_COORDINATES,,,,,,true,false
kyoto_kiyomizu:facility:kyoto_designated_shelters_r80818:156:facility.entrance_status,kyoto_kiyomizu,kiyomizu_gion,facility,kyoto_designated_shelters_r80818:156,facility.entrance_status,UNKNOWN,,,,UNKNOWN,OFFICIAL_QUERY,"Facility equipment, entrance, width, slope and operation are not inferred.",reports/PHASE4_DATA_ACQUISITION_MATRIX.csv,"[""kyoto_public_toilets_00307"",""kyoto_public_toilets_00307_landing"",""mlit_walkspace_kyoto_h23""]","Official source row and source-provided coordinates only; current opening, entrance, accessibility, safety, and disaster usability are not inferred.",2,FACILITY_WITH_SOURCE_COORDINATES,,,,,,true,false
kyoto_kiyomizu:facility:kyoto_designated_shelters_r80818:156:facility.operation_status,kyoto_kiyomizu,kiyomizu_gion,facility,kyoto_designated_shelters_r80818:156,facility.operation_status,UNKNOWN,,,,UNKNOWN,OFFICIAL_QUERY,"Facility equipment, entrance, width, slope and operation are not inferred.",reports/PHASE4_DATA_ACQUISITION_MATRIX.csv,"[""kyoto_public_toilets_00307"",""kyoto_public_toilets_00307_landing"",""mlit_walkspace_kyoto_h23""]","Official source row and source-provided coordinates only; current opening, entrance, accessibility, safety, and disaster usability are not inferred.",2,FACILITY_WITH_SOURCE_COORDINATES,,,,,,true,false
kyoto_kiyomizu:facility:kyoto_designated_shelters_r80818:156:facility.safety_status,kyoto_kiyomizu,kiyomizu_gion,facility,kyoto_designated_shelters_r80818:156,facility.safety_status,UNKNOWN,,,,UNKNOWN,OFFICIAL_QUERY,"Facility equipment, entrance, width, slope and operation are not inferred.",reports/PHASE4_DATA_ACQUISITION_MATRIX.csv,"[""kyoto_public_toilets_00307"",""kyoto_public_toilets_00307_landing"",""mlit_walkspace_kyoto_h23""]","Official source row and source-provided coordinates only; current opening, entrance, accessibility, safety, and disaster usability are not inferred.",2,FACILITY_WITH_SOURCE_COORDINATES,,,,,,true,false
kyoto_kiyomizu:facility:kyoto_designated_shelters_r80818:158:facility.accessibility_status,kyoto_kiyomizu,kiyomizu_gion,facility,kyoto_designated_shelters_r80818:158,facility.accessibility_status,UNKNOWN,,,,UNKNOWN,OFFICIAL_QUERY,"Facility equipment, entrance, width, slope and operation are not inferred.",reports/PHASE4_DATA_ACQUISITION_MATRIX.csv,"[""kyoto_public_toilets_00307"",""kyoto_public_toilets_00307_landing"",""mlit_walkspace_kyoto_h23""]","Official source row and source-provided coordinates only; current opening, entrance, accessibility, safety, and disaster usability are not inferred.",2,FACILITY_WITH_SOURCE_COORDINATES,,,,,,true,false
kyoto_kiyomizu:facility:kyoto_designated_shelters_r80818:158:facility.coordinate,kyoto_kiyomizu,kiyomizu_gion,facility,kyoto_designated_shelters_r80818:158,facility.coordinate,CONFIRMED,kyoto_designated_shelters_r80818,R8.8.18,f201527c7a822a62e098f1313898ba0871ccdb3db2c00f47484cf8847d7ef312,,NOT_APPLICABLE,NO_TARGET_IN_RECEIPTS,inputs/staging/KYOTO-OFFICIAL-PARITY-V1/facility_records.json,[],"Official source row and source-provided coordinates only; current opening, entrance, accessibility, safety, and disaster usability are not inferred.",2,FACILITY_WITH_SOURCE_COORDINATES,,,,,,true,false
kyoto_kiyomizu:facility:kyoto_designated_shelters_r80818:158:facility.entrance_status,kyoto_kiyomizu,kiyomizu_gion,facility,kyoto_designated_shelters_r80818:158,facility.entrance_status,UNKNOWN,,,,UNKNOWN,OFFICIAL_QUERY,"Facility equipment, entrance, width, slope and operation are not inferred.",reports/PHASE4_DATA_ACQUISITION_MATRIX.csv,"[""kyoto_public_toilets_00307"",""kyoto_public_toilets_00307_landing"",""mlit_walkspace_kyoto_h23""]","Official source row and source-provided coordinates only; current opening, entrance, accessibility, safety, and disaster usability are not inferred.",2,FACILITY_WITH_SOURCE_COORDINATES,,,,,,true,false
kyoto_kiyomizu:facility:kyoto_designated_shelters_r80818:158:facility.operation_status,kyoto_kiyomizu,kiyomizu_gion,facility,kyoto_designated_shelters_r80818:158,facility.operation_status,UNKNOWN,,,,UNKNOWN,OFFICIAL_QUERY,"Facility equipment, entrance, width, slope and operation are not inferred.",reports/PHASE4_DATA_ACQUISITION_MATRIX.csv,"[""kyoto_public_toilets_00307"",""kyoto_public_toilets_00307_landing"",""mlit_walkspace_kyoto_h23""]","Official source row and source-provided coordinates only; current opening, entrance, accessibility, safety, and disaster usability are not inferred.",2,FACILITY_WITH_SOURCE_COORDINATES,,,,,,true,false
kyoto_kiyomizu:facility:kyoto_designated_shelters_r80818:158:facility.safety_status,kyoto_kiyomizu,kiyomizu_gion,facility,kyoto_designated_shelters_r80818:158,facility.safety_status,UNKNOWN,,,,UNKNOWN,OFFICIAL_QUERY,"Facility equipment, entrance, width, slope and operation are not inferred.",reports/PHASE4_DATA_ACQUISITION_MATRIX.csv,"[""kyoto_public_toilets_00307"",""kyoto_public_toilets_00307_landing"",""mlit_walkspace_kyoto_h23""]","Official source row and source-provided coordinates only; current opening, entrance, accessibility, safety, and disaster usability are not inferred.",2,FACILITY_WITH_SOURCE_COORDINATES,,,,,,true,false
kyoto_kiyomizu:facility:kyoto_designated_shelters_r80818:159:facility.accessibility_status,kyoto_kiyomizu,kiyomizu_gion,facility,kyoto_designated_shelters_r80818:159,facility.accessibility_status,UNKNOWN,,,,UNKNOWN,OFFICIAL_QUERY,"Facility equipment, entrance, width, slope and operation are not inferred.",reports/PHASE4_DATA_ACQUISITION_MATRIX.csv,"[""kyoto_public_toilets_00307"",""kyoto_public_toilets_00307_landing"",""mlit_walkspace_kyoto_h23""]","Official source row and source-provided coordinates only; current opening, entrance, accessibility, safety, and disaster usability are not inferred.",2,FACILITY_WITH_SOURCE_COORDINATES,,,,,,true,false
kyoto_kiyomizu:facility:kyoto_designated_shelters_r80818:159:facility.coordinate,kyoto_kiyomizu,kiyomizu_gion,facility,kyoto_designated_shelters_r80818:159,facility.coordinate,CONFIRMED,kyoto_designated_shelters_r80818,R8.8.18,f201527c7a822a62e098f1313898ba0871ccdb3db2c00f47484cf8847d7ef312,,NOT_APPLICABLE,NO_TARGET_IN_RECEIPTS,inputs/staging/KYOTO-OFFICIAL-PARITY-V1/facility_records.json,[],"Official source row and source-provided coordinates only; current opening, entrance, accessibility, safety, and disaster usability are not inferred.",2,FACILITY_WITH_SOURCE_COORDINATES,,,,,,true,false
kyoto_kiyomizu:facility:kyoto_designated_shelters_r80818:159:facility.entrance_status,kyoto_kiyomizu,kiyomizu_gion,facility,kyoto_designated_shelters_r80818:159,facility.entrance_status,UNKNOWN,,,,UNKNOWN,OFFICIAL_QUERY,"Facility equipment, entrance, width, slope and operation are not inferred.",reports/PHASE4_DATA_ACQUISITION_MATRIX.csv,"[""kyoto_public_toilets_00307"",""kyoto_public_toilets_00307_landing"",""mlit_walkspace_kyoto_h23""]","Official source row and source-provided coordinates only; current opening, entrance, accessibility, safety, and disaster usability are not inferred.",2,FACILITY_WITH_SOURCE_COORDINATES,,,,,,true,false
kyoto_kiyomizu:facility:kyoto_designated_shelters_r80818:159:facility.operation_status,kyoto_kiyomizu,kiyomizu_gion,facility,kyoto_designated_shelters_r80818:159,facility.operation_status,UNKNOWN,,,,UNKNOWN,OFFICIAL_QUERY,"Facility equipment, entrance, width, slope and operation are not inferred.",reports/PHASE4_DATA_ACQUISITION_MATRIX.csv,"[""kyoto_public_toilets_00307"",""kyoto_public_toilets_00307_landing"",""mlit_walkspace_kyoto_h23""]","Official source row and source-provided coordinates only; current opening, entrance, accessibility, safety, and disaster usability are not inferred.",2,FACILITY_WITH_SOURCE_COORDINATES,,,,,,true,false
kyoto_kiyomizu:facility:kyoto_designated_shelters_r80818:159:facility.safety_status,kyoto_kiyomizu,kiyomizu_gion,facility,kyoto_designated_shelters_r80818:159,facility.safety_status,UNKNOWN,,,,UNKNOWN,OFFICIAL_QUERY,"Facility equipment, entrance, width, slope and operation are not inferred.",reports/PHASE4_DATA_ACQUISITION_MATRIX.csv,"[""kyoto_public_toilets_00307"",""kyoto_public_toilets_00307_landing"",""mlit_walkspace_kyoto_h23""]","Official source row and source-provided coordinates only; current opening, entrance, accessibility, safety, and disaster usability are not inferred.",2,FACILITY_WITH_SOURCE_COORDINATES,,,,,,true,false
kyoto_kiyomizu:facility:kyoto_designated_shelters_r80818:163:facility.accessibility_status,kyoto_kiyomizu,kiyomizu_gion,facility,kyoto_designated_shelters_r80818:163,facility.accessibility_status,UNKNOWN,,,,UNKNOWN,OFFICIAL_QUERY,"Facility equipment, entrance, width, slope and operation are not inferred.",reports/PHASE4_DATA_ACQUISITION_MATRIX.csv,"[""kyoto_public_toilets_00307"",""kyoto_public_toilets_00307_landing"",""mlit_walkspace_kyoto_h23""]","Official source row and source-provided coordinates only; current opening, entrance, accessibility, safety, and disaster usability are not inferred.",2,FACILITY_WITH_SOURCE_COORDINATES,,,,,,true,false
kyoto_kiyomizu:facility:kyoto_designated_shelters_r80818:163:facility.coordinate,kyoto_kiyomizu,kiyomizu_gion,facility,kyoto_designated_shelters_r80818:163,facility.coordinate,CONFIRMED,kyoto_designated_shelters_r80818,R8.8.18,f201527c7a822a62e098f1313898ba0871ccdb3db2c00f47484cf8847d7ef312,,NOT_APPLICABLE,NO_TARGET_IN_RECEIPTS,inputs/staging/KYOTO-OFFICIAL-PARITY-V1/facility_records.json,[],"Official source row and source-provided coordinates only; current opening, entrance, accessibility, safety, and disaster usability are not inferred.",2,FACILITY_WITH_SOURCE_COORDINATES,,,,,,true,false
kyoto_kiyomizu:facility:kyoto_designated_shelters_r80818:163:facility.entrance_status,kyoto_kiyomizu,kiyomizu_gion,facility,kyoto_designated_shelters_r80818:163,facility.entrance_status,UNKNOWN,,,,UNKNOWN,OFFICIAL_QUERY,"Facility equipment, entrance, width, slope and operation are not inferred.",reports/PHASE4_DATA_ACQUISITION_MATRIX.csv,"[""kyoto_public_toilets_00307"",""kyoto_public_toilets_00307_landing"",""mlit_walkspace_kyoto_h23""]","Official source row and source-provided coordinates only; current opening, entrance, accessibility, safety, and disaster usability are not inferred.",2,FACILITY_WITH_SOURCE_COORDINATES,,,,,,true,false
kyoto_kiyomizu:facility:kyoto_designated_shelters_r80818:163:facility.operation_status,kyoto_kiyomizu,kiyomizu_gion,facility,kyoto_designated_shelters_r80818:163,facility.operation_status,UNKNOWN,,,,UNKNOWN,OFFICIAL_QUERY,"Facility equipment, entrance, width, slope and operation are not inferred.",reports/PHASE4_DATA_ACQUISITION_MATRIX.csv,"[""kyoto_public_toilets_00307"",""kyoto_public_toilets_00307_landing"",""mlit_walkspace_kyoto_h23""]","Official source row and source-provided coordinates only; current opening, entrance, accessibility, safety, and disaster usability are not inferred.",2,FACILITY_WITH_SOURCE_COORDINATES,,,,,,true,false
kyoto_kiyomizu:facility:kyoto_designated_shelters_r80818:163:facility.safety_status,kyoto_kiyomizu,kiyomizu_gion,facility,kyoto_designated_shelters_r80818:163,facility.safety_status,UNKNOWN,,,,UNKNOWN,OFFICIAL_QUERY,"Facility equipment, entrance, width, slope and operation are not inferred.",reports/PHASE4_DATA_ACQUISITION_MATRIX.csv,"[""kyoto_public_toilets_00307"",""kyoto_public_toilets_00307_landing"",""mlit_walkspace_kyoto_h23""]","Official source row and source-provided coordinates only; current opening, entrance, accessibility, safety, and disaster usability are not inferred.",2,FACILITY_WITH_SOURCE_COORDINATES,,,,,,true,false
kyoto_kiyomizu:facility:kyoto_designated_shelters_r80818:166:facility.accessibility_status,kyoto_kiyomizu,kiyomizu_gion,facility,kyoto_designated_shelters_r80818:166,facility.accessibility_status,UNKNOWN,,,,UNKNOWN,OFFICIAL_QUERY,"Facility equipment, entrance, width, slope and operation are not inferred.",reports/PHASE4_DATA_ACQUISITION_MATRIX.csv,"[""kyoto_public_toilets_00307"",""kyoto_public_toilets_00307_landing"",""mlit_walkspace_kyoto_h23""]","Official source row and source-provided coordinates only; current opening, entrance, accessibility, safety, and disaster usability are not inferred.",2,FACILITY_WITH_SOURCE_COORDINATES,,,,,,true,false
kyoto_kiyomizu:facility:kyoto_designated_shelters_r80818:166:facility.coordinate,kyoto_kiyomizu,kiyomizu_gion,facility,kyoto_designated_shelters_r80818:166,facility.coordinate,CONFIRMED,kyoto_designated_shelters_r80818,R8.8.18,f201527c7a822a62e098f1313898ba0871ccdb3db2c00f47484cf8847d7ef312,,NOT_APPLICABLE,NO_TARGET_IN_RECEIPTS,inputs/staging/KYOTO-OFFICIAL-PARITY-V1/facility_records.json,[],"Official source row and source-provided coordinates only; current opening, entrance, accessibility, safety, and disaster usability are not inferred.",2,FACILITY_WITH_SOURCE_COORDINATES,,,,,,true,false
kyoto_kiyomizu:facility:kyoto_designated_shelters_r80818:166:facility.entrance_status,kyoto_kiyomizu,kiyomizu_gion,facility,kyoto_designated_shelters_r80818:166,facility.entrance_status,UNKNOWN,,,,UNKNOWN,OFFICIAL_QUERY,"Facility equipment, entrance, width, slope and operation are not inferred.",reports/PHASE4_DATA_ACQUISITION_MATRIX.csv,"[""kyoto_public_toilets_00307"",""kyoto_public_toilets_00307_landing"",""mlit_walkspace_kyoto_h23""]","Official source row and source-provided coordinates only; current opening, entrance, accessibility, safety, and disaster usability are not inferred.",2,FACILITY_WITH_SOURCE_COORDINATES,,,,,,true,false
kyoto_kiyomizu:facility:kyoto_designated_shelters_r80818:166:facility.operation_status,kyoto_kiyomizu,kiyomizu_gion,facility,kyoto_designated_shelters_r80818:166,facility.operation_status,UNKNOWN,,,,UNKNOWN,OFFICIAL_QUERY,"Facility equipment, entrance, width, slope and operation are not inferred.",reports/PHASE4_DATA_ACQUISITION_MATRIX.csv,"[""kyoto_public_toilets_00307"",""kyoto_public_toilets_00307_landing"",""mlit_walkspace_kyoto_h23""]","Official source row and source-provided coordinates only; current opening, entrance, accessibility, safety, and disaster usability are not inferred.",2,FACILITY_WITH_SOURCE_COORDINATES,,,,,,true,false
kyoto_kiyomizu:facility:kyoto_designated_shelters_r80818:166:facility.safety_status,kyoto_kiyomizu,kiyomizu_gion,facility,kyoto_designated_shelters_r80818:166,facility.safety_status,UNKNOWN,,,,UNKNOWN,OFFICIAL_QUERY,"Facility equipment, entrance, width, slope and operation are not inferred.",reports/PHASE4_DATA_ACQUISITION_MATRIX.csv,"[""kyoto_public_toilets_00307"",""kyoto_public_toilets_00307_landing"",""mlit_walkspace_kyoto_h23""]","Official source row and source-provided coordinates only; current opening, entrance, accessibility, safety, and disaster usability are not inferred.",2,FACILITY_WITH_SOURCE_COORDINATES,,,,,,true,false
kyoto_kiyomizu:facility:kyoto_designated_shelters_r80818:168:facility.accessibility_status,kyoto_kiyomizu,kiyomizu_gion,facility,kyoto_designated_shelters_r80818:168,facility.accessibility_status,UNKNOWN,,,,UNKNOWN,OFFICIAL_QUERY,"Facility equipment, entrance, width, slope and operation are not inferred.",reports/PHASE4_DATA_ACQUISITION_MATRIX.csv,"[""kyoto_public_toilets_00307"",""kyoto_public_toilets_00307_landing"",""mlit_walkspace_kyoto_h23""]","Official source row and source-provided coordinates only; current opening, entrance, accessibility, safety, and disaster usability are not inferred.",2,FACILITY_WITH_SOURCE_COORDINATES,,,,,,true,false
kyoto_kiyomizu:facility:kyoto_designated_shelters_r80818:168:facility.coordinate,kyoto_kiyomizu,kiyomizu_gion,facility,kyoto_designated_shelters_r80818:168,facility.coordinate,CONFIRMED,kyoto_designated_shelters_r80818,R8.8.18,f201527c7a822a62e098f1313898ba0871ccdb3db2c00f47484cf8847d7ef312,,NOT_APPLICABLE,NO_TARGET_IN_RECEIPTS,inputs/staging/KYOTO-OFFICIAL-PARITY-V1/facility_records.json,[],"Official source row and source-provided coordinates only; current opening, entrance, accessibility, safety, and disaster usability are not inferred.",2,FACILITY_WITH_SOURCE_COORDINATES,,,,,,true,false
kyoto_kiyomizu:facility:kyoto_designated_shelters_r80818:168:facility.entrance_status,kyoto_kiyomizu,kiyomizu_gion,facility,kyoto_designated_shelters_r80818:168,facility.entrance_status,UNKNOWN,,,,UNKNOWN,OFFICIAL_QUERY,"Facility equipment, entrance, width, slope and operation are not inferred.",reports/PHASE4_DATA_ACQUISITION_MATRIX.csv,"[""kyoto_public_toilets_00307"",""kyoto_public_toilets_00307_landing"",""mlit_walkspace_kyoto_h23""]","Official source row and source-provided coordinates only; current opening, entrance, accessibility, safety, and disaster usability are not inferred.",2,FACILITY_WITH_SOURCE_COORDINATES,,,,,,true,false
kyoto_kiyomizu:facility:kyoto_designated_shelters_r80818:168:facility.operation_status,kyoto_kiyomizu,kiyomizu_gion,facility,kyoto_designated_shelters_r80818:168,facility.operation_status,UNKNOWN,,,,UNKNOWN,OFFICIAL_QUERY,"Facility equipment, entrance, width, slope and operation are not inferred.",reports/PHASE4_DATA_ACQUISITION_MATRIX.csv,"[""kyoto_public_toilets_00307"",""kyoto_public_toilets_00307_landing"",""mlit_walkspace_kyoto_h23""]","Official source row and source-provided coordinates only; current opening, entrance, accessibility, safety, and disaster usability are not inferred.",2,FACILITY_WITH_SOURCE_COORDINATES,,,,,,true,false
kyoto_kiyomizu:facility:kyoto_designated_shelters_r80818:168:facility.safety_status,kyoto_kiyomizu,kiyomizu_gion,facility,kyoto_designated_shelters_r80818:168,facility.safety_status,UNKNOWN,,,,UNKNOWN,OFFICIAL_QUERY,"Facility equipment, entrance, width, slope and operation are not inferred.",reports/PHASE4_DATA_ACQUISITION_MATRIX.csv,"[""kyoto_public_toilets_00307"",""kyoto_public_toilets_00307_landing"",""mlit_walkspace_kyoto_h23""]","Official source row and source-provided coordinates only; current opening, entrance, accessibility, safety, and disaster usability are not inferred.",2,FACILITY_WITH_SOURCE_COORDINATES,,,,,,true,false
kyoto_kiyomizu:facility:kyoto_designated_shelters_r80818:169:facility.accessibility_status,kyoto_kiyomizu,kiyomizu_gion,facility,kyoto_designated_shelters_r80818:169,facility.accessibility_status,UNKNOWN,,,,UNKNOWN,OFFICIAL_QUERY,"Facility equipment, entrance, width, slope and operation are not inferred.",reports/PHASE4_DATA_ACQUISITION_MATRIX.csv,"[""kyoto_public_toilets_00307"",""kyoto_public_toilets_00307_landing"",""mlit_walkspace_kyoto_h23""]","Official source row and source-provided coordinates only; current opening, entrance, accessibility, safety, and disaster usability are not inferred.",2,FACILITY_WITH_SOURCE_COORDINATES,,,,,,true,false
kyoto_kiyomizu:facility:kyoto_designated_shelters_r80818:169:facility.coordinate,kyoto_kiyomizu,kiyomizu_gion,facility,kyoto_designated_shelters_r80818:169,facility.coordinate,CONFIRMED,kyoto_designated_shelters_r80818,R8.8.18,f201527c7a822a62e098f1313898ba0871ccdb3db2c00f47484cf8847d7ef312,,NOT_APPLICABLE,NO_TARGET_IN_RECEIPTS,inputs/staging/KYOTO-OFFICIAL-PARITY-V1/facility_records.json,[],"Official source row and source-provided coordinates only; current opening, entrance, accessibility, safety, and disaster usability are not inferred.",2,FACILITY_WITH_SOURCE_COORDINATES,,,,,,true,false
kyoto_kiyomizu:facility:kyoto_designated_shelters_r80818:169:facility.entrance_status,kyoto_kiyomizu,kiyomizu_gion,facility,kyoto_designated_shelters_r80818:169,facility.entrance_status,UNKNOWN,,,,UNKNOWN,OFFICIAL_QUERY,"Facility equipment, entrance, width, slope and operation are not inferred.",reports/PHASE4_DATA_ACQUISITION_MATRIX.csv,"[""kyoto_public_toilets_00307"",""kyoto_public_toilets_00307_landing"",""mlit_walkspace_kyoto_h23""]","Official source row and source-provided coordinates only; current opening, entrance, accessibility, safety, and disaster usability are not inferred.",2,FACILITY_WITH_SOURCE_COORDINATES,,,,,,true,false
kyoto_kiyomizu:facility:kyoto_designated_shelters_r80818:169:facility.operation_status,kyoto_kiyomizu,kiyomizu_gion,facility,kyoto_designated_shelters_r80818:169,facility.operation_status,UNKNOWN,,,,UNKNOWN,OFFICIAL_QUERY,"Facility equipment, entrance, width, slope and operation are not inferred.",reports/PHASE4_DATA_ACQUISITION_MATRIX.csv,"[""kyoto_public_toilets_00307"",""kyoto_public_toilets_00307_landing"",""mlit_walkspace_kyoto_h23""]","Official source row and source-provided coordinates only; current opening, entrance, accessibility, safety, and disaster usability are not inferred.",2,FACILITY_WITH_SOURCE_COORDINATES,,,,,,true,false
kyoto_kiyomizu:facility:kyoto_designated_shelters_r80818:169:facility.safety_status,kyoto_kiyomizu,kiyomizu_gion,facility,kyoto_designated_shelters_r80818:169,facility.safety_status,UNKNOWN,,,,UNKNOWN,OFFICIAL_QUERY,"Facility equipment, entrance, width, slope and operation are not inferred.",reports/PHASE4_DATA_ACQUISITION_MATRIX.csv,"[""kyoto_public_toilets_00307"",""kyoto_public_toilets_00307_landing"",""mlit_walkspace_kyoto_h23""]","Official source row and source-provided coordinates only; current opening, entrance, accessibility, safety, and disaster usability are not inferred.",2,FACILITY_WITH_SOURCE_COORDINATES,,,,,,true,false
kyoto_kiyomizu:facility:kyoto_designated_shelters_r80818:170:facility.accessibility_status,kyoto_kiyomizu,kiyomizu_gion,facility,kyoto_designated_shelters_r80818:170,facility.accessibility_status,UNKNOWN,,,,UNKNOWN,OFFICIAL_QUERY,"Facility equipment, entrance, width, slope and operation are not inferred.",reports/PHASE4_DATA_ACQUISITION_MATRIX.csv,"[""kyoto_public_toilets_00307"",""kyoto_public_toilets_00307_landing"",""mlit_walkspace_kyoto_h23""]","Official source row and source-provided coordinates only; current opening, entrance, accessibility, safety, and disaster usability are not inferred.",2,FACILITY_WITH_SOURCE_COORDINATES,,,,,,true,false
kyoto_kiyomizu:facility:kyoto_designated_shelters_r80818:170:facility.coordinate,kyoto_kiyomizu,kiyomizu_gion,facility,kyoto_designated_shelters_r80818:170,facility.coordinate,CONFIRMED,kyoto_designated_shelters_r80818,R8.8.18,f201527c7a822a62e098f1313898ba0871ccdb3db2c00f47484cf8847d7ef312,,NOT_APPLICABLE,NO_TARGET_IN_RECEIPTS,inputs/staging/KYOTO-OFFICIAL-PARITY-V1/facility_records.json,[],"Official source row and source-provided coordinates only; current opening, entrance, accessibility, safety, and disaster usability are not inferred.",2,FACILITY_WITH_SOURCE_COORDINATES,,,,,,true,false
kyoto_kiyomizu:facility:kyoto_designated_shelters_r80818:170:facility.entrance_status,kyoto_kiyomizu,kiyomizu_gion,facility,kyoto_designated_shelters_r80818:170,facility.entrance_status,UNKNOWN,,,,UNKNOWN,OFFICIAL_QUERY,"Facility equipment, entrance, width, slope and operation are not inferred.",reports/PHASE4_DATA_ACQUISITION_MATRIX.csv,"[""kyoto_public_toilets_00307"",""kyoto_public_toilets_00307_landing"",""mlit_walkspace_kyoto_h23""]","Official source row and source-provided coordinates only; current opening, entrance, accessibility, safety, and disaster usability are not inferred.",2,FACILITY_WITH_SOURCE_COORDINATES,,,,,,true,false
kyoto_kiyomizu:facility:kyoto_designated_shelters_r80818:170:facility.operation_status,kyoto_kiyomizu,kiyomizu_gion,facility,kyoto_designated_shelters_r80818:170,facility.operation_status,UNKNOWN,,,,UNKNOWN,OFFICIAL_QUERY,"Facility equipment, entrance, width, slope and operation are not inferred.",reports/PHASE4_DATA_ACQUISITION_MATRIX.csv,"[""kyoto_public_toilets_00307"",""kyoto_public_toilets_00307_landing"",""mlit_walkspace_kyoto_h23""]","Official source row and source-provided coordinates only; current opening, entrance, accessibility, safety, and disaster usability are not inferred.",2,FACILITY_WITH_SOURCE_COORDINATES,,,,,,true,false
kyoto_kiyomizu:facility:kyoto_designated_shelters_r80818:170:facility.safety_status,kyoto_kiyomizu,kiyomizu_gion,facility,kyoto_designated_shelters_r80818:170,facility.safety_status,UNKNOWN,,,,UNKNOWN,OFFICIAL_QUERY,"Facility equipment, entrance, width, slope and operation are not inferred.",reports/PHASE4_DATA_ACQUISITION_MATRIX.csv,"[""kyoto_public_toilets_00307"",""kyoto_public_toilets_00307_landing"",""mlit_walkspace_kyoto_h23""]","Official source row and source-provided coordinates only; current opening, entrance, accessibility, safety, and disaster usability are not inferred.",2,FACILITY_WITH_SOURCE_COORDINATES,,,,,,true,false
kyoto_kiyomizu:facility:kyoto_designated_shelters_r80818:171:facility.accessibility_status,kyoto_kiyomizu,kiyomizu_gion,facility,kyoto_designated_shelters_r80818:171,facility.accessibility_status,UNKNOWN,,,,UNKNOWN,OFFICIAL_QUERY,"Facility equipment, entrance, width, slope and operation are not inferred.",reports/PHASE4_DATA_ACQUISITION_MATRIX.csv,"[""kyoto_public_toilets_00307"",""kyoto_public_toilets_00307_landing"",""mlit_walkspace_kyoto_h23""]","Official source row and source-provided coordinates only; current opening, entrance, accessibility, safety, and disaster usability are not inferred.",2,FACILITY_WITH_SOURCE_COORDINATES,,,,,,true,false
kyoto_kiyomizu:facility:kyoto_designated_shelters_r80818:171:facility.coordinate,kyoto_kiyomizu,kiyomizu_gion,facility,kyoto_designated_shelters_r80818:171,facility.coordinate,CONFIRMED,kyoto_designated_shelters_r80818,R8.8.18,f201527c7a822a62e098f1313898ba0871ccdb3db2c00f47484cf8847d7ef312,,NOT_APPLICABLE,NO_TARGET_IN_RECEIPTS,inputs/staging/KYOTO-OFFICIAL-PARITY-V1/facility_records.json,[],"Official source row and source-provided coordinates only; current opening, entrance, accessibility, safety, and disaster usability are not inferred.",2,FACILITY_WITH_SOURCE_COORDINATES,,,,,,true,false
kyoto_kiyomizu:facility:kyoto_designated_shelters_r80818:171:facility.entrance_status,kyoto_kiyomizu,kiyomizu_gion,facility,kyoto_designated_shelters_r80818:171,facility.entrance_status,UNKNOWN,,,,UNKNOWN,OFFICIAL_QUERY,"Facility equipment, entrance, width, slope and operation are not inferred.",reports/PHASE4_DATA_ACQUISITION_MATRIX.csv,"[""kyoto_public_toilets_00307"",""kyoto_public_toilets_00307_landing"",""mlit_walkspace_kyoto_h23""]","Official source row and source-provided coordinates only; current opening, entrance, accessibility, safety, and disaster usability are not inferred.",2,FACILITY_WITH_SOURCE_COORDINATES,,,,,,true,false
kyoto_kiyomizu:facility:kyoto_designated_shelters_r80818:171:facility.operation_status,kyoto_kiyomizu,kiyomizu_gion,facility,kyoto_designated_shelters_r80818:171,facility.operation_status,UNKNOWN,,,,UNKNOWN,OFFICIAL_QUERY,"Facility equipment, entrance, width, slope and operation are not inferred.",reports/PHASE4_DATA_ACQUISITION_MATRIX.csv,"[""kyoto_public_toilets_00307"",""kyoto_public_toilets_00307_landing"",""mlit_walkspace_kyoto_h23""]","Official source row and source-provided coordinates only; current opening, entrance, accessibility, safety, and disaster usability are not inferred.",2,FACILITY_WITH_SOURCE_COORDINATES,,,,,,true,false
kyoto_kiyomizu:facility:kyoto_designated_shelters_r80818:171:facility.safety_status,kyoto_kiyomizu,kiyomizu_gion,facility,kyoto_designated_shelters_r80818:171,facility.safety_status,UNKNOWN,,,,UNKNOWN,OFFICIAL_QUERY,"Facility equipment, entrance, width, slope and operation are not inferred.",reports/PHASE4_DATA_ACQUISITION_MATRIX.csv,"[""kyoto_public_toilets_00307"",""kyoto_public_toilets_00307_landing"",""mlit_walkspace_kyoto_h23""]","Official source row and source-provided coordinates only; current opening, entrance, accessibility, safety, and disaster usability are not inferred.",2,FACILITY_WITH_SOURCE_COORDINATES,,,,,,true,false
kyoto_kiyomizu:facility:kyoto_designated_shelters_r80818:172:facility.accessibility_status,kyoto_kiyomizu,kiyomizu_gion,facility,kyoto_designated_shelters_r80818:172,facility.accessibility_status,UNKNOWN,,,,UNKNOWN,OFFICIAL_QUERY,"Facility equipment, entrance, width, slope and operation are not inferred.",reports/PHASE4_DATA_ACQUISITION_MATRIX.csv,"[""kyoto_public_toilets_00307"",""kyoto_public_toilets_00307_landing"",""mlit_walkspace_kyoto_h23""]","Official source row and source-provided coordinates only; current opening, entrance, accessibility, safety, and disaster usability are not inferred.",2,FACILITY_WITH_SOURCE_COORDINATES,,,,,,true,false
kyoto_kiyomizu:facility:kyoto_designated_shelters_r80818:172:facility.coordinate,kyoto_kiyomizu,kiyomizu_gion,facility,kyoto_designated_shelters_r80818:172,facility.coordinate,CONFIRMED,kyoto_designated_shelters_r80818,R8.8.18,f201527c7a822a62e098f1313898ba0871ccdb3db2c00f47484cf8847d7ef312,,NOT_APPLICABLE,NO_TARGET_IN_RECEIPTS,inputs/staging/KYOTO-OFFICIAL-PARITY-V1/facility_records.json,[],"Official source row and source-provided coordinates only; current opening, entrance, accessibility, safety, and disaster usability are not inferred.",2,FACILITY_WITH_SOURCE_COORDINATES,,,,,,true,false
kyoto_kiyomizu:facility:kyoto_designated_shelters_r80818:172:facility.entrance_status,kyoto_kiyomizu,kiyomizu_gion,facility,kyoto_designated_shelters_r80818:172,facility.entrance_status,UNKNOWN,,,,UNKNOWN,OFFICIAL_QUERY,"Facility equipment, entrance, width, slope and operation are not inferred.",reports/PHASE4_DATA_ACQUISITION_MATRIX.csv,"[""kyoto_public_toilets_00307"",""kyoto_public_toilets_00307_landing"",""mlit_walkspace_kyoto_h23""]","Official source row and source-provided coordinates only; current opening, entrance, accessibility, safety, and disaster usability are not inferred.",2,FACILITY_WITH_SOURCE_COORDINATES,,,,,,true,false
kyoto_kiyomizu:facility:kyoto_designated_shelters_r80818:172:facility.operation_status,kyoto_kiyomizu,kiyomizu_gion,facility,kyoto_designated_shelters_r80818:172,facility.operation_status,UNKNOWN,,,,UNKNOWN,OFFICIAL_QUERY,"Facility equipment, entrance, width, slope and operation are not inferred.",reports/PHASE4_DATA_ACQUISITION_MATRIX.csv,"[""kyoto_public_toilets_00307"",""kyoto_public_toilets_00307_landing"",""mlit_walkspace_kyoto_h23""]","Official source row and source-provided coordinates only; current opening, entrance, accessibility, safety, and disaster usability are not inferred.",2,FACILITY_WITH_SOURCE_COORDINATES,,,,,,true,false
kyoto_kiyomizu:facility:kyoto_designated_shelters_r80818:172:facility.safety_status,kyoto_kiyomizu,kiyomizu_gion,facility,kyoto_designated_shelters_r80818:172,facility.safety_status,UNKNOWN,,,,UNKNOWN,OFFICIAL_QUERY,"Facility equipment, entrance, width, slope and operation are not inferred.",reports/PHASE4_DATA_ACQUISITION_MATRIX.csv,"[""kyoto_public_toilets_00307"",""kyoto_public_toilets_00307_landing"",""mlit_walkspace_kyoto_h23""]","Official source row and source-provided coordinates only; current opening, entrance, accessibility, safety, and disaster usability are not inferred.",2,FACILITY_WITH_SOURCE_COORDINATES,,,,,,true,false
kyoto_kiyomizu:facility:kyoto_designated_shelters_r80818:173:facility.accessibility_status,kyoto_kiyomizu,kiyomizu_gion,facility,kyoto_designated_shelters_r80818:173,facility.accessibility_status,UNKNOWN,,,,UNKNOWN,OFFICIAL_QUERY,"Facility equipment, entrance, width, slope and operation are not inferred.",reports/PHASE4_DATA_ACQUISITION_MATRIX.csv,"[""kyoto_public_toilets_00307"",""kyoto_public_toilets_00307_landing"",""mlit_walkspace_kyoto_h23""]","Official source row and source-provided coordinates only; current opening, entrance, accessibility, safety, and disaster usability are not inferred.",2,FACILITY_WITH_SOURCE_COORDINATES,,,,,,true,false
kyoto_kiyomizu:facility:kyoto_designated_shelters_r80818:173:facility.coordinate,kyoto_kiyomizu,kiyomizu_gion,facility,kyoto_designated_shelters_r80818:173,facility.coordinate,CONFIRMED,kyoto_designated_shelters_r80818,R8.8.18,f201527c7a822a62e098f1313898ba0871ccdb3db2c00f47484cf8847d7ef312,,NOT_APPLICABLE,NO_TARGET_IN_RECEIPTS,inputs/staging/KYOTO-OFFICIAL-PARITY-V1/facility_records.json,[],"Official source row and source-provided coordinates only; current opening, entrance, accessibility, safety, and disaster usability are not inferred.",2,FACILITY_WITH_SOURCE_COORDINATES,,,,,,true,false
kyoto_kiyomizu:facility:kyoto_designated_shelters_r80818:173:facility.entrance_status,kyoto_kiyomizu,kiyomizu_gion,facility,kyoto_designated_shelters_r80818:173,facility.entrance_status,UNKNOWN,,,,UNKNOWN,OFFICIAL_QUERY,"Facility equipment, entrance, width, slope and operation are not inferred.",reports/PHASE4_DATA_ACQUISITION_MATRIX.csv,"[""kyoto_public_toilets_00307"",""kyoto_public_toilets_00307_landing"",""mlit_walkspace_kyoto_h23""]","Official source row and source-provided coordinates only; current opening, entrance, accessibility, safety, and disaster usability are not inferred.",2,FACILITY_WITH_SOURCE_COORDINATES,,,,,,true,false
kyoto_kiyomizu:facility:kyoto_designated_shelters_r80818:173:facility.operation_status,kyoto_kiyomizu,kiyomizu_gion,facility,kyoto_designated_shelters_r80818:173,facility.operation_status,UNKNOWN,,,,UNKNOWN,OFFICIAL_QUERY,"Facility equipment, entrance, width, slope and operation are not inferred.",reports/PHASE4_DATA_ACQUISITION_MATRIX.csv,"[""kyoto_public_toilets_00307"",""kyoto_public_toilets_00307_landing"",""mlit_walkspace_kyoto_h23""]","Official source row and source-provided coordinates only; current opening, entrance, accessibility, safety, and disaster usability are not inferred.",2,FACILITY_WITH_SOURCE_COORDINATES,,,,,,true,false
kyoto_kiyomizu:facility:kyoto_designated_shelters_r80818:173:facility.safety_status,kyoto_kiyomizu,kiyomizu_gion,facility,kyoto_designated_shelters_r80818:173,facility.safety_status,UNKNOWN,,,,UNKNOWN,OFFICIAL_QUERY,"Facility equipment, entrance, width, slope and operation are not inferred.",reports/PHASE4_DATA_ACQUISITION_MATRIX.csv,"[""kyoto_public_toilets_00307"",""kyoto_public_toilets_00307_landing"",""mlit_walkspace_kyoto_h23""]","Official source row and source-provided coordinates only; current opening, entrance, accessibility, safety, and disaster usability are not inferred.",2,FACILITY_WITH_SOURCE_COORDINATES,,,,,,true,false
kyoto_kiyomizu:facility:kyoto_designated_shelters_r80818:177:facility.accessibility_status,kyoto_kiyomizu,kiyomizu_gion,facility,kyoto_designated_shelters_r80818:177,facility.accessibility_status,UNKNOWN,,,,UNKNOWN,OFFICIAL_QUERY,"Facility equipment, entrance, width, slope and operation are not inferred.",reports/PHASE4_DATA_ACQUISITION_MATRIX.csv,"[""kyoto_public_toilets_00307"",""kyoto_public_toilets_00307_landing"",""mlit_walkspace_kyoto_h23""]","Official source row and source-provided coordinates only; current opening, entrance, accessibility, safety, and disaster usability are not inferred.",2,FACILITY_WITH_SOURCE_COORDINATES,,,,,,true,false
kyoto_kiyomizu:facility:kyoto_designated_shelters_r80818:177:facility.coordinate,kyoto_kiyomizu,kiyomizu_gion,facility,kyoto_designated_shelters_r80818:177,facility.coordinate,CONFIRMED,kyoto_designated_shelters_r80818,R8.8.18,f201527c7a822a62e098f1313898ba0871ccdb3db2c00f47484cf8847d7ef312,,NOT_APPLICABLE,NO_TARGET_IN_RECEIPTS,inputs/staging/KYOTO-OFFICIAL-PARITY-V1/facility_records.json,[],"Official source row and source-provided coordinates only; current opening, entrance, accessibility, safety, and disaster usability are not inferred.",2,FACILITY_WITH_SOURCE_COORDINATES,,,,,,true,false
kyoto_kiyomizu:facility:kyoto_designated_shelters_r80818:177:facility.entrance_status,kyoto_kiyomizu,kiyomizu_gion,facility,kyoto_designated_shelters_r80818:177,facility.entrance_status,UNKNOWN,,,,UNKNOWN,OFFICIAL_QUERY,"Facility equipment, entrance, width, slope and operation are not inferred.",reports/PHASE4_DATA_ACQUISITION_MATRIX.csv,"[""kyoto_public_toilets_00307"",""kyoto_public_toilets_00307_landing"",""mlit_walkspace_kyoto_h23""]","Official source row and source-provided coordinates only; current opening, entrance, accessibility, safety, and disaster usability are not inferred.",2,FACILITY_WITH_SOURCE_COORDINATES,,,,,,true,false
kyoto_kiyomizu:facility:kyoto_designated_shelters_r80818:177:facility.operation_status,kyoto_kiyomizu,kiyomizu_gion,facility,kyoto_designated_shelters_r80818:177,facility.operation_status,UNKNOWN,,,,UNKNOWN,OFFICIAL_QUERY,"Facility equipment, entrance, width, slope and operation are not inferred.",reports/PHASE4_DATA_ACQUISITION_MATRIX.csv,"[""kyoto_public_toilets_00307"",""kyoto_public_toilets_00307_landing"",""mlit_walkspace_kyoto_h23""]","Official source row and source-provided coordinates only; current opening, entrance, accessibility, safety, and disaster usability are not inferred.",2,FACILITY_WITH_SOURCE_COORDINATES,,,,,,true,false
kyoto_kiyomizu:facility:kyoto_designated_shelters_r80818:177:facility.safety_status,kyoto_kiyomizu,kiyomizu_gion,facility,kyoto_designated_shelters_r80818:177,facility.safety_status,UNKNOWN,,,,UNKNOWN,OFFICIAL_QUERY,"Facility equipment, entrance, width, slope and operation are not inferred.",reports/PHASE4_DATA_ACQUISITION_MATRIX.csv,"[""kyoto_public_toilets_00307"",""kyoto_public_toilets_00307_landing"",""mlit_walkspace_kyoto_h23""]","Official source row and source-provided coordinates only; current opening, entrance, accessibility, safety, and disaster usability are not inferred.",2,FACILITY_WITH_SOURCE_COORDINATES,,,,,,true,false
kyoto_kiyomizu:facility:kyoto_designated_shelters_r80818:178:facility.accessibility_status,kyoto_kiyomizu,kiyomizu_gion,facility,kyoto_designated_shelters_r80818:178,facility.accessibility_status,UNKNOWN,,,,UNKNOWN,OFFICIAL_QUERY,"Facility equipment, entrance, width, slope and operation are not inferred.",reports/PHASE4_DATA_ACQUISITION_MATRIX.csv,"[""kyoto_public_toilets_00307"",""kyoto_public_toilets_00307_landing"",""mlit_walkspace_kyoto_h23""]","Official source row and source-provided coordinates only; current opening, entrance, accessibility, safety, and disaster usability are not inferred.",2,FACILITY_WITH_SOURCE_COORDINATES,,,,,,true,false
kyoto_kiyomizu:facility:kyoto_designated_shelters_r80818:178:facility.coordinate,kyoto_kiyomizu,kiyomizu_gion,facility,kyoto_designated_shelters_r80818:178,facility.coordinate,CONFIRMED,kyoto_designated_shelters_r80818,R8.8.18,f201527c7a822a62e098f1313898ba0871ccdb3db2c00f47484cf8847d7ef312,,NOT_APPLICABLE,NO_TARGET_IN_RECEIPTS,inputs/staging/KYOTO-OFFICIAL-PARITY-V1/facility_records.json,[],"Official source row and source-provided coordinates only; current opening, entrance, accessibility, safety, and disaster usability are not inferred.",2,FACILITY_WITH_SOURCE_COORDINATES,,,,,,true,false
kyoto_kiyomizu:facility:kyoto_designated_shelters_r80818:178:facility.entrance_status,kyoto_kiyomizu,kiyomizu_gion,facility,kyoto_designated_shelters_r80818:178,facility.entrance_status,UNKNOWN,,,,UNKNOWN,OFFICIAL_QUERY,"Facility equipment, entrance, width, slope and operation are not inferred.",reports/PHASE4_DATA_ACQUISITION_MATRIX.csv,"[""kyoto_public_toilets_00307"",""kyoto_public_toilets_00307_landing"",""mlit_walkspace_kyoto_h23""]","Official source row and source-provided coordinates only; current opening, entrance, accessibility, safety, and disaster usability are not inferred.",2,FACILITY_WITH_SOURCE_COORDINATES,,,,,,true,false
kyoto_kiyomizu:facility:kyoto_designated_shelters_r80818:178:facility.operation_status,kyoto_kiyomizu,kiyomizu_gion,facility,kyoto_designated_shelters_r80818:178,facility.operation_status,UNKNOWN,,,,UNKNOWN,OFFICIAL_QUERY,"Facility equipment, entrance, width, slope and operation are not inferred.",reports/PHASE4_DATA_ACQUISITION_MATRIX.csv,"[""kyoto_public_toilets_00307"",""kyoto_public_toilets_00307_landing"",""mlit_walkspace_kyoto_h23""]","Official source row and source-provided coordinates only; current opening, entrance, accessibility, safety, and disaster usability are not inferred.",2,FACILITY_WITH_SOURCE_COORDINATES,,,,,,true,false
kyoto_kiyomizu:facility:kyoto_designated_shelters_r80818:178:facility.safety_status,kyoto_kiyomizu,kiyomizu_gion,facility,kyoto_designated_shelters_r80818:178,facility.safety_status,UNKNOWN,,,,UNKNOWN,OFFICIAL_QUERY,"Facility equipment, entrance, width, slope and operation are not inferred.",reports/PHASE4_DATA_ACQUISITION_MATRIX.csv,"[""kyoto_public_toilets_00307"",""kyoto_public_toilets_00307_landing"",""mlit_walkspace_kyoto_h23""]","Official source row and source-provided coordinates only; current opening, entrance, accessibility, safety, and disaster usability are not inferred.",2,FACILITY_WITH_SOURCE_COORDINATES,,,,,,true,false
kyoto_kiyomizu:facility:kyoto_designated_shelters_r80818:179:facility.accessibility_status,kyoto_kiyomizu,kiyomizu_gion,facility,kyoto_designated_shelters_r80818:179,facility.accessibility_status,UNKNOWN,,,,UNKNOWN,OFFICIAL_QUERY,"Facility equipment, entrance, width, slope and operation are not inferred.",reports/PHASE4_DATA_ACQUISITION_MATRIX.csv,"[""kyoto_public_toilets_00307"",""kyoto_public_toilets_00307_landing"",""mlit_walkspace_kyoto_h23""]","Official source row and source-provided coordinates only; current opening, entrance, accessibility, safety, and disaster usability are not inferred.",2,FACILITY_WITH_SOURCE_COORDINATES,,,,,,true,false
kyoto_kiyomizu:facility:kyoto_designated_shelters_r80818:179:facility.coordinate,kyoto_kiyomizu,kiyomizu_gion,facility,kyoto_designated_shelters_r80818:179,facility.coordinate,CONFIRMED,kyoto_designated_shelters_r80818,R8.8.18,f201527c7a822a62e098f1313898ba0871ccdb3db2c00f47484cf8847d7ef312,,NOT_APPLICABLE,NO_TARGET_IN_RECEIPTS,inputs/staging/KYOTO-OFFICIAL-PARITY-V1/facility_records.json,[],"Official source row and source-provided coordinates only; current opening, entrance, accessibility, safety, and disaster usability are not inferred.",2,FACILITY_WITH_SOURCE_COORDINATES,,,,,,true,false
kyoto_kiyomizu:facility:kyoto_designated_shelters_r80818:179:facility.entrance_status,kyoto_kiyomizu,kiyomizu_gion,facility,kyoto_designated_shelters_r80818:179,facility.entrance_status,UNKNOWN,,,,UNKNOWN,OFFICIAL_QUERY,"Facility equipment, entrance, width, slope and operation are not inferred.",reports/PHASE4_DATA_ACQUISITION_MATRIX.csv,"[""kyoto_public_toilets_00307"",""kyoto_public_toilets_00307_landing"",""mlit_walkspace_kyoto_h23""]","Official source row and source-provided coordinates only; current opening, entrance, accessibility, safety, and disaster usability are not inferred.",2,FACILITY_WITH_SOURCE_COORDINATES,,,,,,true,false
kyoto_kiyomizu:facility:kyoto_designated_shelters_r80818:179:facility.operation_status,kyoto_kiyomizu,kiyomizu_gion,facility,kyoto_designated_shelters_r80818:179,facility.operation_status,UNKNOWN,,,,UNKNOWN,OFFICIAL_QUERY,"Facility equipment, entrance, width, slope and operation are not inferred.",reports/PHASE4_DATA_ACQUISITION_MATRIX.csv,"[""kyoto_public_toilets_00307"",""kyoto_public_toilets_00307_landing"",""mlit_walkspace_kyoto_h23""]","Official source row and source-provided coordinates only; current opening, entrance, accessibility, safety, and disaster usability are not inferred.",2,FACILITY_WITH_SOURCE_COORDINATES,,,,,,true,false
kyoto_kiyomizu:facility:kyoto_designated_shelters_r80818:179:facility.safety_status,kyoto_kiyomizu,kiyomizu_gion,facility,kyoto_designated_shelters_r80818:179,facility.safety_status,UNKNOWN,,,,UNKNOWN,OFFICIAL_QUERY,"Facility equipment, entrance, width, slope and operation are not inferred.",reports/PHASE4_DATA_ACQUISITION_MATRIX.csv,"[""kyoto_public_toilets_00307"",""kyoto_public_toilets_00307_landing"",""mlit_walkspace_kyoto_h23""]","Official source row and source-provided coordinates only; current opening, entrance, accessibility, safety, and disaster usability are not inferred.",2,FACILITY_WITH_SOURCE_COORDINATES,,,,,,true,false
kyoto_kiyomizu:facility:kyoto_designated_shelters_r80818:180:facility.accessibility_status,kyoto_kiyomizu,kiyomizu_gion,facility,kyoto_designated_shelters_r80818:180,facility.accessibility_status,UNKNOWN,,,,UNKNOWN,OFFICIAL_QUERY,"Facility equipment, entrance, width, slope and operation are not inferred.",reports/PHASE4_DATA_ACQUISITION_MATRIX.csv,"[""kyoto_public_toilets_00307"",""kyoto_public_toilets_00307_landing"",""mlit_walkspace_kyoto_h23""]","Official source row and source-provided coordinates only; current opening, entrance, accessibility, safety, and disaster usability are not inferred.",2,FACILITY_WITH_SOURCE_COORDINATES,,,,,,true,false
kyoto_kiyomizu:facility:kyoto_designated_shelters_r80818:180:facility.coordinate,kyoto_kiyomizu,kiyomizu_gion,facility,kyoto_designated_shelters_r80818:180,facility.coordinate,CONFIRMED,kyoto_designated_shelters_r80818,R8.8.18,f201527c7a822a62e098f1313898ba0871ccdb3db2c00f47484cf8847d7ef312,,NOT_APPLICABLE,NO_TARGET_IN_RECEIPTS,inputs/staging/KYOTO-OFFICIAL-PARITY-V1/facility_records.json,[],"Official source row and source-provided coordinates only; current opening, entrance, accessibility, safety, and disaster usability are not inferred.",2,FACILITY_WITH_SOURCE_COORDINATES,,,,,,true,false
kyoto_kiyomizu:facility:kyoto_designated_shelters_r80818:180:facility.entrance_status,kyoto_kiyomizu,kiyomizu_gion,facility,kyoto_designated_shelters_r80818:180,facility.entrance_status,UNKNOWN,,,,UNKNOWN,OFFICIAL_QUERY,"Facility equipment, entrance, width, slope and operation are not inferred.",reports/PHASE4_DATA_ACQUISITION_MATRIX.csv,"[""kyoto_public_toilets_00307"",""kyoto_public_toilets_00307_landing"",""mlit_walkspace_kyoto_h23""]","Official source row and source-provided coordinates only; current opening, entrance, accessibility, safety, and disaster usability are not inferred.",2,FACILITY_WITH_SOURCE_COORDINATES,,,,,,true,false
kyoto_kiyomizu:facility:kyoto_designated_shelters_r80818:180:facility.operation_status,kyoto_kiyomizu,kiyomizu_gion,facility,kyoto_designated_shelters_r80818:180,facility.operation_status,UNKNOWN,,,,UNKNOWN,OFFICIAL_QUERY,"Facility equipment, entrance, width, slope and operation are not inferred.",reports/PHASE4_DATA_ACQUISITION_MATRIX.csv,"[""kyoto_public_toilets_00307"",""kyoto_public_toilets_00307_landing"",""mlit_walkspace_kyoto_h23""]","Official source row and source-provided coordinates only; current opening, entrance, accessibility, safety, and disaster usability are not inferred.",2,FACILITY_WITH_SOURCE_COORDINATES,,,,,,true,false
kyoto_kiyomizu:facility:kyoto_designated_shelters_r80818:180:facility.safety_status,kyoto_kiyomizu,kiyomizu_gion,facility,kyoto_designated_shelters_r80818:180,facility.safety_status,UNKNOWN,,,,UNKNOWN,OFFICIAL_QUERY,"Facility equipment, entrance, width, slope and operation are not inferred.",reports/PHASE4_DATA_ACQUISITION_MATRIX.csv,"[""kyoto_public_toilets_00307"",""kyoto_public_toilets_00307_landing"",""mlit_walkspace_kyoto_h23""]","Official source row and source-provided coordinates only; current opening, entrance, accessibility, safety, and disaster usability are not inferred.",2,FACILITY_WITH_SOURCE_COORDINATES,,,,,,true,false
kyoto_kiyomizu:facility:kyoto_designated_shelters_r80818:182:facility.accessibility_status,kyoto_kiyomizu,kiyomizu_gion,facility,kyoto_designated_shelters_r80818:182,facility.accessibility_status,UNKNOWN,,,,UNKNOWN,OFFICIAL_QUERY,"Facility equipment, entrance, width, slope and operation are not inferred.",reports/PHASE4_DATA_ACQUISITION_MATRIX.csv,"[""kyoto_public_toilets_00307"",""kyoto_public_toilets_00307_landing"",""mlit_walkspace_kyoto_h23""]","Official source row and source-provided coordinates only; current opening, entrance, accessibility, safety, and disaster usability are not inferred.",2,FACILITY_WITH_SOURCE_COORDINATES,,,,,,true,false
kyoto_kiyomizu:facility:kyoto_designated_shelters_r80818:182:facility.coordinate,kyoto_kiyomizu,kiyomizu_gion,facility,kyoto_designated_shelters_r80818:182,facility.coordinate,CONFIRMED,kyoto_designated_shelters_r80818,R8.8.18,f201527c7a822a62e098f1313898ba0871ccdb3db2c00f47484cf8847d7ef312,,NOT_APPLICABLE,NO_TARGET_IN_RECEIPTS,inputs/staging/KYOTO-OFFICIAL-PARITY-V1/facility_records.json,[],"Official source row and source-provided coordinates only; current opening, entrance, accessibility, safety, and disaster usability are not inferred.",2,FACILITY_WITH_SOURCE_COORDINATES,,,,,,true,false
kyoto_kiyomizu:facility:kyoto_designated_shelters_r80818:182:facility.entrance_status,kyoto_kiyomizu,kiyomizu_gion,facility,kyoto_designated_shelters_r80818:182,facility.entrance_status,UNKNOWN,,,,UNKNOWN,OFFICIAL_QUERY,"Facility equipment, entrance, width, slope and operation are not inferred.",reports/PHASE4_DATA_ACQUISITION_MATRIX.csv,"[""kyoto_public_toilets_00307"",""kyoto_public_toilets_00307_landing"",""mlit_walkspace_kyoto_h23""]","Official source row and source-provided coordinates only; current opening, entrance, accessibility, safety, and disaster usability are not inferred.",2,FACILITY_WITH_SOURCE_COORDINATES,,,,,,true,false
kyoto_kiyomizu:facility:kyoto_designated_shelters_r80818:182:facility.operation_status,kyoto_kiyomizu,kiyomizu_gion,facility,kyoto_designated_shelters_r80818:182,facility.operation_status,UNKNOWN,,,,UNKNOWN,OFFICIAL_QUERY,"Facility equipment, entrance, width, slope and operation are not inferred.",reports/PHASE4_DATA_ACQUISITION_MATRIX.csv,"[""kyoto_public_toilets_00307"",""kyoto_public_toilets_00307_landing"",""mlit_walkspace_kyoto_h23""]","Official source row and source-provided coordinates only; current opening, entrance, accessibility, safety, and disaster usability are not inferred.",2,FACILITY_WITH_SOURCE_COORDINATES,,,,,,true,false
kyoto_kiyomizu:facility:kyoto_designated_shelters_r80818:182:facility.safety_status,kyoto_kiyomizu,kiyomizu_gion,facility,kyoto_designated_shelters_r80818:182,facility.safety_status,UNKNOWN,,,,UNKNOWN,OFFICIAL_QUERY,"Facility equipment, entrance, width, slope and operation are not inferred.",reports/PHASE4_DATA_ACQUISITION_MATRIX.csv,"[""kyoto_public_toilets_00307"",""kyoto_public_toilets_00307_landing"",""mlit_walkspace_kyoto_h23""]","Official source row and source-provided coordinates only; current opening, entrance, accessibility, safety, and disaster usability are not inferred.",2,FACILITY_WITH_SOURCE_COORDINATES,,,,,,true,false
kyoto_kiyomizu:facility:kyoto_designated_shelters_r80818:234:facility.accessibility_status,kyoto_kiyomizu,kiyomizu_gion,facility,kyoto_designated_shelters_r80818:234,facility.accessibility_status,UNKNOWN,,,,UNKNOWN,OFFICIAL_QUERY,"Facility equipment, entrance, width, slope and operation are not inferred.",reports/PHASE4_DATA_ACQUISITION_MATRIX.csv,"[""kyoto_public_toilets_00307"",""kyoto_public_toilets_00307_landing"",""mlit_walkspace_kyoto_h23""]","Official source row and source-provided coordinates only; current opening, entrance, accessibility, safety, and disaster usability are not inferred.",2,FACILITY_WITH_SOURCE_COORDINATES,,,,,,true,false
kyoto_kiyomizu:facility:kyoto_designated_shelters_r80818:234:facility.coordinate,kyoto_kiyomizu,kiyomizu_gion,facility,kyoto_designated_shelters_r80818:234,facility.coordinate,CONFIRMED,kyoto_designated_shelters_r80818,R8.8.18,f201527c7a822a62e098f1313898ba0871ccdb3db2c00f47484cf8847d7ef312,,NOT_APPLICABLE,NO_TARGET_IN_RECEIPTS,inputs/staging/KYOTO-OFFICIAL-PARITY-V1/facility_records.json,[],"Official source row and source-provided coordinates only; current opening, entrance, accessibility, safety, and disaster usability are not inferred.",2,FACILITY_WITH_SOURCE_COORDINATES,,,,,,true,false
kyoto_kiyomizu:facility:kyoto_designated_shelters_r80818:234:facility.entrance_status,kyoto_kiyomizu,kiyomizu_gion,facility,kyoto_designated_shelters_r80818:234,facility.entrance_status,UNKNOWN,,,,UNKNOWN,OFFICIAL_QUERY,"Facility equipment, entrance, width, slope and operation are not inferred.",reports/PHASE4_DATA_ACQUISITION_MATRIX.csv,"[""kyoto_public_toilets_00307"",""kyoto_public_toilets_00307_landing"",""mlit_walkspace_kyoto_h23""]","Official source row and source-provided coordinates only; current opening, entrance, accessibility, safety, and disaster usability are not inferred.",2,FACILITY_WITH_SOURCE_COORDINATES,,,,,,true,false
kyoto_kiyomizu:facility:kyoto_designated_shelters_r80818:234:facility.operation_status,kyoto_kiyomizu,kiyomizu_gion,facility,kyoto_designated_shelters_r80818:234,facility.operation_status,UNKNOWN,,,,UNKNOWN,OFFICIAL_QUERY,"Facility equipment, entrance, width, slope and operation are not inferred.",reports/PHASE4_DATA_ACQUISITION_MATRIX.csv,"[""kyoto_public_toilets_00307"",""kyoto_public_toilets_00307_landing"",""mlit_walkspace_kyoto_h23""]","Official source row and source-provided coordinates only; current opening, entrance, accessibility, safety, and disaster usability are not inferred.",2,FACILITY_WITH_SOURCE_COORDINATES,,,,,,true,false
kyoto_kiyomizu:facility:kyoto_designated_shelters_r80818:234:facility.safety_status,kyoto_kiyomizu,kiyomizu_gion,facility,kyoto_designated_shelters_r80818:234,facility.safety_status,UNKNOWN,,,,UNKNOWN,OFFICIAL_QUERY,"Facility equipment, entrance, width, slope and operation are not inferred.",reports/PHASE4_DATA_ACQUISITION_MATRIX.csv,"[""kyoto_public_toilets_00307"",""kyoto_public_toilets_00307_landing"",""mlit_walkspace_kyoto_h23""]","Official source row and source-provided coordinates only; current opening, entrance, accessibility, safety, and disaster usability are not inferred.",2,FACILITY_WITH_SOURCE_COORDINATES,,,,,,true,false
kyoto_kiyomizu:facility:kyoto_designated_shelters_r80818:236:facility.accessibility_status,kyoto_kiyomizu,kiyomizu_gion,facility,kyoto_designated_shelters_r80818:236,facility.accessibility_status,UNKNOWN,,,,UNKNOWN,OFFICIAL_QUERY,"Facility equipment, entrance, width, slope and operation are not inferred.",reports/PHASE4_DATA_ACQUISITION_MATRIX.csv,"[""kyoto_public_toilets_00307"",""kyoto_public_toilets_00307_landing"",""mlit_walkspace_kyoto_h23""]","Official source row and source-provided coordinates only; current opening, entrance, accessibility, safety, and disaster usability are not inferred.",2,FACILITY_WITH_SOURCE_COORDINATES,,,,,,true,false
kyoto_kiyomizu:facility:kyoto_designated_shelters_r80818:236:facility.coordinate,kyoto_kiyomizu,kiyomizu_gion,facility,kyoto_designated_shelters_r80818:236,facility.coordinate,CONFIRMED,kyoto_designated_shelters_r80818,R8.8.18,f201527c7a822a62e098f1313898ba0871ccdb3db2c00f47484cf8847d7ef312,,NOT_APPLICABLE,NO_TARGET_IN_RECEIPTS,inputs/staging/KYOTO-OFFICIAL-PARITY-V1/facility_records.json,[],"Official source row and source-provided coordinates only; current opening, entrance, accessibility, safety, and disaster usability are not inferred.",2,FACILITY_WITH_SOURCE_COORDINATES,,,,,,true,false
kyoto_kiyomizu:facility:kyoto_designated_shelters_r80818:236:facility.entrance_status,kyoto_kiyomizu,kiyomizu_gion,facility,kyoto_designated_shelters_r80818:236,facility.entrance_status,UNKNOWN,,,,UNKNOWN,OFFICIAL_QUERY,"Facility equipment, entrance, width, slope and operation are not inferred.",reports/PHASE4_DATA_ACQUISITION_MATRIX.csv,"[""kyoto_public_toilets_00307"",""kyoto_public_toilets_00307_landing"",""mlit_walkspace_kyoto_h23""]","Official source row and source-provided coordinates only; current opening, entrance, accessibility, safety, and disaster usability are not inferred.",2,FACILITY_WITH_SOURCE_COORDINATES,,,,,,true,false
kyoto_kiyomizu:facility:kyoto_designated_shelters_r80818:236:facility.operation_status,kyoto_kiyomizu,kiyomizu_gion,facility,kyoto_designated_shelters_r80818:236,facility.operation_status,UNKNOWN,,,,UNKNOWN,OFFICIAL_QUERY,"Facility equipment, entrance, width, slope and operation are not inferred.",reports/PHASE4_DATA_ACQUISITION_MATRIX.csv,"[""kyoto_public_toilets_00307"",""kyoto_public_toilets_00307_landing"",""mlit_walkspace_kyoto_h23""]","Official source row and source-provided coordinates only; current opening, entrance, accessibility, safety, and disaster usability are not inferred.",2,FACILITY_WITH_SOURCE_COORDINATES,,,,,,true,false
kyoto_kiyomizu:facility:kyoto_designated_shelters_r80818:236:facility.safety_status,kyoto_kiyomizu,kiyomizu_gion,facility,kyoto_designated_shelters_r80818:236,facility.safety_status,UNKNOWN,,,,UNKNOWN,OFFICIAL_QUERY,"Facility equipment, entrance, width, slope and operation are not inferred.",reports/PHASE4_DATA_ACQUISITION_MATRIX.csv,"[""kyoto_public_toilets_00307"",""kyoto_public_toilets_00307_landing"",""mlit_walkspace_kyoto_h23""]","Official source row and source-provided coordinates only; current opening, entrance, accessibility, safety, and disaster usability are not inferred.",2,FACILITY_WITH_SOURCE_COORDINATES,,,,,,true,false
kyoto_kiyomizu:facility:kyoto_emergency_shelters_r80818:127:facility.accessibility_status,kyoto_kiyomizu,kiyomizu_gion,facility,kyoto_emergency_shelters_r80818:127,facility.accessibility_status,UNKNOWN,,,,UNKNOWN,OFFICIAL_QUERY,"Facility equipment, entrance, width, slope and operation are not inferred.",reports/PHASE4_DATA_ACQUISITION_MATRIX.csv,"[""kyoto_public_toilets_00307"",""kyoto_public_toilets_00307_landing"",""mlit_walkspace_kyoto_h23""]","Official source row and source-provided coordinates only; current opening, entrance, accessibility, safety, and disaster usability are not inferred.",2,FACILITY_WITH_SOURCE_COORDINATES,,,,,,true,false
kyoto_kiyomizu:facility:kyoto_emergency_shelters_r80818:127:facility.coordinate,kyoto_kiyomizu,kiyomizu_gion,facility,kyoto_emergency_shelters_r80818:127,facility.coordinate,CONFIRMED,kyoto_emergency_shelters_r80818,R8.8.18,f201527c7a822a62e098f1313898ba0871ccdb3db2c00f47484cf8847d7ef312,,NOT_APPLICABLE,NO_TARGET_IN_RECEIPTS,inputs/staging/KYOTO-OFFICIAL-PARITY-V1/facility_records.json,[],"Official source row and source-provided coordinates only; current opening, entrance, accessibility, safety, and disaster usability are not inferred.",2,FACILITY_WITH_SOURCE_COORDINATES,,,,,,true,false
kyoto_kiyomizu:facility:kyoto_emergency_shelters_r80818:127:facility.entrance_status,kyoto_kiyomizu,kiyomizu_gion,facility,kyoto_emergency_shelters_r80818:127,facility.entrance_status,UNKNOWN,,,,UNKNOWN,OFFICIAL_QUERY,"Facility equipment, entrance, width, slope and operation are not inferred.",reports/PHASE4_DATA_ACQUISITION_MATRIX.csv,"[""kyoto_public_toilets_00307"",""kyoto_public_toilets_00307_landing"",""mlit_walkspace_kyoto_h23""]","Official source row and source-provided coordinates only; current opening, entrance, accessibility, safety, and disaster usability are not inferred.",2,FACILITY_WITH_SOURCE_COORDINATES,,,,,,true,false
kyoto_kiyomizu:facility:kyoto_emergency_shelters_r80818:127:facility.operation_status,kyoto_kiyomizu,kiyomizu_gion,facility,kyoto_emergency_shelters_r80818:127,facility.operation_status,UNKNOWN,,,,UNKNOWN,OFFICIAL_QUERY,"Facility equipment, entrance, width, slope and operation are not inferred.",reports/PHASE4_DATA_ACQUISITION_MATRIX.csv,"[""kyoto_public_toilets_00307"",""kyoto_public_toilets_00307_landing"",""mlit_walkspace_kyoto_h23""]","Official source row and source-provided coordinates only; current opening, entrance, accessibility, safety, and disaster usability are not inferred.",2,FACILITY_WITH_SOURCE_COORDINATES,,,,,,true,false
kyoto_kiyomizu:facility:kyoto_emergency_shelters_r80818:127:facility.safety_status,kyoto_kiyomizu,kiyomizu_gion,facility,kyoto_emergency_shelters_r80818:127,facility.safety_status,UNKNOWN,,,,UNKNOWN,OFFICIAL_QUERY,"Facility equipment, entrance, width, slope and operation are not inferred.",reports/PHASE4_DATA_ACQUISITION_MATRIX.csv,"[""kyoto_public_toilets_00307"",""kyoto_public_toilets_00307_landing"",""mlit_walkspace_kyoto_h23""]","Official source row and source-provided coordinates only; current opening, entrance, accessibility, safety, and disaster usability are not inferred.",2,FACILITY_WITH_SOURCE_COORDINATES,,,,,,true,false
kyoto_kiyomizu:facility:kyoto_emergency_shelters_r80818:129:facility.accessibility_status,kyoto_kiyomizu,kiyomizu_gion,facility,kyoto_emergency_shelters_r80818:129,facility.accessibility_status,UNKNOWN,,,,UNKNOWN,OFFICIAL_QUERY,"Facility equipment, entrance, width, slope and operation are not inferred.",reports/PHASE4_DATA_ACQUISITION_MATRIX.csv,"[""kyoto_public_toilets_00307"",""kyoto_public_toilets_00307_landing"",""mlit_walkspace_kyoto_h23""]","Official source row and source-provided coordinates only; current opening, entrance, accessibility, safety, and disaster usability are not inferred.",2,FACILITY_WITH_SOURCE_COORDINATES,,,,,,true,false
kyoto_kiyomizu:facility:kyoto_emergency_shelters_r80818:129:facility.coordinate,kyoto_kiyomizu,kiyomizu_gion,facility,kyoto_emergency_shelters_r80818:129,facility.coordinate,CONFIRMED,kyoto_emergency_shelters_r80818,R8.8.18,f201527c7a822a62e098f1313898ba0871ccdb3db2c00f47484cf8847d7ef312,,NOT_APPLICABLE,NO_TARGET_IN_RECEIPTS,inputs/staging/KYOTO-OFFICIAL-PARITY-V1/facility_records.json,[],"Official source row and source-provided coordinates only; current opening, entrance, accessibility, safety, and disaster usability are not inferred.",2,FACILITY_WITH_SOURCE_COORDINATES,,,,,,true,false
kyoto_kiyomizu:facility:kyoto_emergency_shelters_r80818:129:facility.entrance_status,kyoto_kiyomizu,kiyomizu_gion,facility,kyoto_emergency_shelters_r80818:129,facility.entrance_status,UNKNOWN,,,,UNKNOWN,OFFICIAL_QUERY,"Facility equipment, entrance, width, slope and operation are not inferred.",reports/PHASE4_DATA_ACQUISITION_MATRIX.csv,"[""kyoto_public_toilets_00307"",""kyoto_public_toilets_00307_landing"",""mlit_walkspace_kyoto_h23""]","Official source row and source-provided coordinates only; current opening, entrance, accessibility, safety, and disaster usability are not inferred.",2,FACILITY_WITH_SOURCE_COORDINATES,,,,,,true,false
kyoto_kiyomizu:facility:kyoto_emergency_shelters_r80818:129:facility.operation_status,kyoto_kiyomizu,kiyomizu_gion,facility,kyoto_emergency_shelters_r80818:129,facility.operation_status,UNKNOWN,,,,UNKNOWN,OFFICIAL_QUERY,"Facility equipment, entrance, width, slope and operation are not inferred.",reports/PHASE4_DATA_ACQUISITION_MATRIX.csv,"[""kyoto_public_toilets_00307"",""kyoto_public_toilets_00307_landing"",""mlit_walkspace_kyoto_h23""]","Official source row and source-provided coordinates only; current opening, entrance, accessibility, safety, and disaster usability are not inferred.",2,FACILITY_WITH_SOURCE_COORDINATES,,,,,,true,false
kyoto_kiyomizu:facility:kyoto_emergency_shelters_r80818:129:facility.safety_status,kyoto_kiyomizu,kiyomizu_gion,facility,kyoto_emergency_shelters_r80818:129,facility.safety_status,UNKNOWN,,,,UNKNOWN,OFFICIAL_QUERY,"Facility equipment, entrance, width, slope and operation are not inferred.",reports/PHASE4_DATA_ACQUISITION_MATRIX.csv,"[""kyoto_public_toilets_00307"",""kyoto_public_toilets_00307_landing"",""mlit_walkspace_kyoto_h23""]","Official source row and source-provided coordinates only; current opening, entrance, accessibility, safety, and disaster usability are not inferred.",2,FACILITY_WITH_SOURCE_COORDINATES,,,,,,true,false
kyoto_kiyomizu:facility:kyoto_emergency_shelters_r80818:130:facility.accessibility_status,kyoto_kiyomizu,kiyomizu_gion,facility,kyoto_emergency_shelters_r80818:130,facility.accessibility_status,UNKNOWN,,,,UNKNOWN,OFFICIAL_QUERY,"Facility equipment, entrance, width, slope and operation are not inferred.",reports/PHASE4_DATA_ACQUISITION_MATRIX.csv,"[""kyoto_public_toilets_00307"",""kyoto_public_toilets_00307_landing"",""mlit_walkspace_kyoto_h23""]","Official source row and source-provided coordinates only; current opening, entrance, accessibility, safety, and disaster usability are not inferred.",2,FACILITY_WITH_SOURCE_COORDINATES,,,,,,true,false
kyoto_kiyomizu:facility:kyoto_emergency_shelters_r80818:130:facility.coordinate,kyoto_kiyomizu,kiyomizu_gion,facility,kyoto_emergency_shelters_r80818:130,facility.coordinate,CONFIRMED,kyoto_emergency_shelters_r80818,R8.8.18,f201527c7a822a62e098f1313898ba0871ccdb3db2c00f47484cf8847d7ef312,,NOT_APPLICABLE,NO_TARGET_IN_RECEIPTS,inputs/staging/KYOTO-OFFICIAL-PARITY-V1/facility_records.json,[],"Official source row and source-provided coordinates only; current opening, entrance, accessibility, safety, and disaster usability are not inferred.",2,FACILITY_WITH_SOURCE_COORDINATES,,,,,,true,false
kyoto_kiyomizu:facility:kyoto_emergency_shelters_r80818:130:facility.entrance_status,kyoto_kiyomizu,kiyomizu_gion,facility,kyoto_emergency_shelters_r80818:130,facility.entrance_status,UNKNOWN,,,,UNKNOWN,OFFICIAL_QUERY,"Facility equipment, entrance, width, slope and operation are not inferred.",reports/PHASE4_DATA_ACQUISITION_MATRIX.csv,"[""kyoto_public_toilets_00307"",""kyoto_public_toilets_00307_landing"",""mlit_walkspace_kyoto_h23""]","Official source row and source-provided coordinates only; current opening, entrance, accessibility, safety, and disaster usability are not inferred.",2,FACILITY_WITH_SOURCE_COORDINATES,,,,,,true,false
kyoto_kiyomizu:facility:kyoto_emergency_shelters_r80818:130:facility.operation_status,kyoto_kiyomizu,kiyomizu_gion,facility,kyoto_emergency_shelters_r80818:130,facility.operation_status,UNKNOWN,,,,UNKNOWN,OFFICIAL_QUERY,"Facility equipment, entrance, width, slope and operation are not inferred.",reports/PHASE4_DATA_ACQUISITION_MATRIX.csv,"[""kyoto_public_toilets_00307"",""kyoto_public_toilets_00307_landing"",""mlit_walkspace_kyoto_h23""]","Official source row and source-provided coordinates only; current opening, entrance, accessibility, safety, and disaster usability are not inferred.",2,FACILITY_WITH_SOURCE_COORDINATES,,,,,,true,false
kyoto_kiyomizu:facility:kyoto_emergency_shelters_r80818:130:facility.safety_status,kyoto_kiyomizu,kiyomizu_gion,facility,kyoto_emergency_shelters_r80818:130,facility.safety_status,UNKNOWN,,,,UNKNOWN,OFFICIAL_QUERY,"Facility equipment, entrance, width, slope and operation are not inferred.",reports/PHASE4_DATA_ACQUISITION_MATRIX.csv,"[""kyoto_public_toilets_00307"",""kyoto_public_toilets_00307_landing"",""mlit_walkspace_kyoto_h23""]","Official source row and source-provided coordinates only; current opening, entrance, accessibility, safety, and disaster usability are not inferred.",2,FACILITY_WITH_SOURCE_COORDINATES,,,,,,true,false
kyoto_kiyomizu:facility:kyoto_emergency_shelters_r80818:132:facility.accessibility_status,kyoto_kiyomizu,kiyomizu_gion,facility,kyoto_emergency_shelters_r80818:132,facility.accessibility_status,UNKNOWN,,,,UNKNOWN,OFFICIAL_QUERY,"Facility equipment, entrance, width, slope and operation are not inferred.",reports/PHASE4_DATA_ACQUISITION_MATRIX.csv,"[""kyoto_public_toilets_00307"",""kyoto_public_toilets_00307_landing"",""mlit_walkspace_kyoto_h23""]","Official source row and source-provided coordinates only; current opening, entrance, accessibility, safety, and disaster usability are not inferred.",2,FACILITY_WITH_SOURCE_COORDINATES,,,,,,true,false
kyoto_kiyomizu:facility:kyoto_emergency_shelters_r80818:132:facility.coordinate,kyoto_kiyomizu,kiyomizu_gion,facility,kyoto_emergency_shelters_r80818:132,facility.coordinate,CONFIRMED,kyoto_emergency_shelters_r80818,R8.8.18,f201527c7a822a62e098f1313898ba0871ccdb3db2c00f47484cf8847d7ef312,,NOT_APPLICABLE,NO_TARGET_IN_RECEIPTS,inputs/staging/KYOTO-OFFICIAL-PARITY-V1/facility_records.json,[],"Official source row and source-provided coordinates only; current opening, entrance, accessibility, safety, and disaster usability are not inferred.",2,FACILITY_WITH_SOURCE_COORDINATES,,,,,,true,false
kyoto_kiyomizu:facility:kyoto_emergency_shelters_r80818:132:facility.entrance_status,kyoto_kiyomizu,kiyomizu_gion,facility,kyoto_emergency_shelters_r80818:132,facility.entrance_status,UNKNOWN,,,,UNKNOWN,OFFICIAL_QUERY,"Facility equipment, entrance, width, slope and operation are not inferred.",reports/PHASE4_DATA_ACQUISITION_MATRIX.csv,"[""kyoto_public_toilets_00307"",""kyoto_public_toilets_00307_landing"",""mlit_walkspace_kyoto_h23""]","Official source row and source-provided coordinates only; current opening, entrance, accessibility, safety, and disaster usability are not inferred.",2,FACILITY_WITH_SOURCE_COORDINATES,,,,,,true,false
kyoto_kiyomizu:facility:kyoto_emergency_shelters_r80818:132:facility.operation_status,kyoto_kiyomizu,kiyomizu_gion,facility,kyoto_emergency_shelters_r80818:132,facility.operation_status,UNKNOWN,,,,UNKNOWN,OFFICIAL_QUERY,"Facility equipment, entrance, width, slope and operation are not inferred.",reports/PHASE4_DATA_ACQUISITION_MATRIX.csv,"[""kyoto_public_toilets_00307"",""kyoto_public_toilets_00307_landing"",""mlit_walkspace_kyoto_h23""]","Official source row and source-provided coordinates only; current opening, entrance, accessibility, safety, and disaster usability are not inferred.",2,FACILITY_WITH_SOURCE_COORDINATES,,,,,,true,false
kyoto_kiyomizu:facility:kyoto_emergency_shelters_r80818:132:facility.safety_status,kyoto_kiyomizu,kiyomizu_gion,facility,kyoto_emergency_shelters_r80818:132,facility.safety_status,UNKNOWN,,,,UNKNOWN,OFFICIAL_QUERY,"Facility equipment, entrance, width, slope and operation are not inferred.",reports/PHASE4_DATA_ACQUISITION_MATRIX.csv,"[""kyoto_public_toilets_00307"",""kyoto_public_toilets_00307_landing"",""mlit_walkspace_kyoto_h23""]","Official source row and source-provided coordinates only; current opening, entrance, accessibility, safety, and disaster usability are not inferred.",2,FACILITY_WITH_SOURCE_COORDINATES,,,,,,true,false
kyoto_kiyomizu:facility:kyoto_emergency_shelters_r80818:133:facility.accessibility_status,kyoto_kiyomizu,kiyomizu_gion,facility,kyoto_emergency_shelters_r80818:133,facility.accessibility_status,UNKNOWN,,,,UNKNOWN,OFFICIAL_QUERY,"Facility equipment, entrance, width, slope and operation are not inferred.",reports/PHASE4_DATA_ACQUISITION_MATRIX.csv,"[""kyoto_public_toilets_00307"",""kyoto_public_toilets_00307_landing"",""mlit_walkspace_kyoto_h23""]","Official source row and source-provided coordinates only; current opening, entrance, accessibility, safety, and disaster usability are not inferred.",2,FACILITY_WITH_SOURCE_COORDINATES,,,,,,true,false
kyoto_kiyomizu:facility:kyoto_emergency_shelters_r80818:133:facility.coordinate,kyoto_kiyomizu,kiyomizu_gion,facility,kyoto_emergency_shelters_r80818:133,facility.coordinate,CONFIRMED,kyoto_emergency_shelters_r80818,R8.8.18,f201527c7a822a62e098f1313898ba0871ccdb3db2c00f47484cf8847d7ef312,,NOT_APPLICABLE,NO_TARGET_IN_RECEIPTS,inputs/staging/KYOTO-OFFICIAL-PARITY-V1/facility_records.json,[],"Official source row and source-provided coordinates only; current opening, entrance, accessibility, safety, and disaster usability are not inferred.",2,FACILITY_WITH_SOURCE_COORDINATES,,,,,,true,false
kyoto_kiyomizu:facility:kyoto_emergency_shelters_r80818:133:facility.entrance_status,kyoto_kiyomizu,kiyomizu_gion,facility,kyoto_emergency_shelters_r80818:133,facility.entrance_status,UNKNOWN,,,,UNKNOWN,OFFICIAL_QUERY,"Facility equipment, entrance, width, slope and operation are not inferred.",reports/PHASE4_DATA_ACQUISITION_MATRIX.csv,"[""kyoto_public_toilets_00307"",""kyoto_public_toilets_00307_landing"",""mlit_walkspace_kyoto_h23""]","Official source row and source-provided coordinates only; current opening, entrance, accessibility, safety, and disaster usability are not inferred.",2,FACILITY_WITH_SOURCE_COORDINATES,,,,,,true,false
kyoto_kiyomizu:facility:kyoto_emergency_shelters_r80818:133:facility.operation_status,kyoto_kiyomizu,kiyomizu_gion,facility,kyoto_emergency_shelters_r80818:133,facility.operation_status,UNKNOWN,,,,UNKNOWN,OFFICIAL_QUERY,"Facility equipment, entrance, width, slope and operation are not inferred.",reports/PHASE4_DATA_ACQUISITION_MATRIX.csv,"[""kyoto_public_toilets_00307"",""kyoto_public_toilets_00307_landing"",""mlit_walkspace_kyoto_h23""]","Official source row and source-provided coordinates only; current opening, entrance, accessibility, safety, and disaster usability are not inferred.",2,FACILITY_WITH_SOURCE_COORDINATES,,,,,,true,false
kyoto_kiyomizu:facility:kyoto_emergency_shelters_r80818:133:facility.safety_status,kyoto_kiyomizu,kiyomizu_gion,facility,kyoto_emergency_shelters_r80818:133,facility.safety_status,UNKNOWN,,,,UNKNOWN,OFFICIAL_QUERY,"Facility equipment, entrance, width, slope and operation are not inferred.",reports/PHASE4_DATA_ACQUISITION_MATRIX.csv,"[""kyoto_public_toilets_00307"",""kyoto_public_toilets_00307_landing"",""mlit_walkspace_kyoto_h23""]","Official source row and source-provided coordinates only; current opening, entrance, accessibility, safety, and disaster usability are not inferred.",2,FACILITY_WITH_SOURCE_COORDINATES,,,,,,true,false
kyoto_kiyomizu:facility:kyoto_emergency_shelters_r80818:137:facility.accessibility_status,kyoto_kiyomizu,kiyomizu_gion,facility,kyoto_emergency_shelters_r80818:137,facility.accessibility_status,UNKNOWN,,,,UNKNOWN,OFFICIAL_QUERY,"Facility equipment, entrance, width, slope and operation are not inferred.",reports/PHASE4_DATA_ACQUISITION_MATRIX.csv,"[""kyoto_public_toilets_00307"",""kyoto_public_toilets_00307_landing"",""mlit_walkspace_kyoto_h23""]","Official source row and source-provided coordinates only; current opening, entrance, accessibility, safety, and disaster usability are not inferred.",2,FACILITY_WITH_SOURCE_COORDINATES,,,,,,true,false
kyoto_kiyomizu:facility:kyoto_emergency_shelters_r80818:137:facility.coordinate,kyoto_kiyomizu,kiyomizu_gion,facility,kyoto_emergency_shelters_r80818:137,facility.coordinate,CONFIRMED,kyoto_emergency_shelters_r80818,R8.8.18,f201527c7a822a62e098f1313898ba0871ccdb3db2c00f47484cf8847d7ef312,,NOT_APPLICABLE,NO_TARGET_IN_RECEIPTS,inputs/staging/KYOTO-OFFICIAL-PARITY-V1/facility_records.json,[],"Official source row and source-provided coordinates only; current opening, entrance, accessibility, safety, and disaster usability are not inferred.",2,FACILITY_WITH_SOURCE_COORDINATES,,,,,,true,false
kyoto_kiyomizu:facility:kyoto_emergency_shelters_r80818:137:facility.entrance_status,kyoto_kiyomizu,kiyomizu_gion,facility,kyoto_emergency_shelters_r80818:137,facility.entrance_status,UNKNOWN,,,,UNKNOWN,OFFICIAL_QUERY,"Facility equipment, entrance, width, slope and operation are not inferred.",reports/PHASE4_DATA_ACQUISITION_MATRIX.csv,"[""kyoto_public_toilets_00307"",""kyoto_public_toilets_00307_landing"",""mlit_walkspace_kyoto_h23""]","Official source row and source-provided coordinates only; current opening, entrance, accessibility, safety, and disaster usability are not inferred.",2,FACILITY_WITH_SOURCE_COORDINATES,,,,,,true,false
kyoto_kiyomizu:facility:kyoto_emergency_shelters_r80818:137:facility.operation_status,kyoto_kiyomizu,kiyomizu_gion,facility,kyoto_emergency_shelters_r80818:137,facility.operation_status,UNKNOWN,,,,UNKNOWN,OFFICIAL_QUERY,"Facility equipment, entrance, width, slope and operation are not inferred.",reports/PHASE4_DATA_ACQUISITION_MATRIX.csv,"[""kyoto_public_toilets_00307"",""kyoto_public_toilets_00307_landing"",""mlit_walkspace_kyoto_h23""]","Official source row and source-provided coordinates only; current opening, entrance, accessibility, safety, and disaster usability are not inferred.",2,FACILITY_WITH_SOURCE_COORDINATES,,,,,,true,false
kyoto_kiyomizu:facility:kyoto_emergency_shelters_r80818:137:facility.safety_status,kyoto_kiyomizu,kiyomizu_gion,facility,kyoto_emergency_shelters_r80818:137,facility.safety_status,UNKNOWN,,,,UNKNOWN,OFFICIAL_QUERY,"Facility equipment, entrance, width, slope and operation are not inferred.",reports/PHASE4_DATA_ACQUISITION_MATRIX.csv,"[""kyoto_public_toilets_00307"",""kyoto_public_toilets_00307_landing"",""mlit_walkspace_kyoto_h23""]","Official source row and source-provided coordinates only; current opening, entrance, accessibility, safety, and disaster usability are not inferred.",2,FACILITY_WITH_SOURCE_COORDINATES,,,,,,true,false
kyoto_kiyomizu:facility:kyoto_emergency_shelters_r80818:140:facility.accessibility_status,kyoto_kiyomizu,kiyomizu_gion,facility,kyoto_emergency_shelters_r80818:140,facility.accessibility_status,UNKNOWN,,,,UNKNOWN,OFFICIAL_QUERY,"Facility equipment, entrance, width, slope and operation are not inferred.",reports/PHASE4_DATA_ACQUISITION_MATRIX.csv,"[""kyoto_public_toilets_00307"",""kyoto_public_toilets_00307_landing"",""mlit_walkspace_kyoto_h23""]","Official source row and source-provided coordinates only; current opening, entrance, accessibility, safety, and disaster usability are not inferred.",2,FACILITY_WITH_SOURCE_COORDINATES,,,,,,true,false
kyoto_kiyomizu:facility:kyoto_emergency_shelters_r80818:140:facility.coordinate,kyoto_kiyomizu,kiyomizu_gion,facility,kyoto_emergency_shelters_r80818:140,facility.coordinate,CONFIRMED,kyoto_emergency_shelters_r80818,R8.8.18,f201527c7a822a62e098f1313898ba0871ccdb3db2c00f47484cf8847d7ef312,,NOT_APPLICABLE,NO_TARGET_IN_RECEIPTS,inputs/staging/KYOTO-OFFICIAL-PARITY-V1/facility_records.json,[],"Official source row and source-provided coordinates only; current opening, entrance, accessibility, safety, and disaster usability are not inferred.",2,FACILITY_WITH_SOURCE_COORDINATES,,,,,,true,false
kyoto_kiyomizu:facility:kyoto_emergency_shelters_r80818:140:facility.entrance_status,kyoto_kiyomizu,kiyomizu_gion,facility,kyoto_emergency_shelters_r80818:140,facility.entrance_status,UNKNOWN,,,,UNKNOWN,OFFICIAL_QUERY,"Facility equipment, entrance, width, slope and operation are not inferred.",reports/PHASE4_DATA_ACQUISITION_MATRIX.csv,"[""kyoto_public_toilets_00307"",""kyoto_public_toilets_00307_landing"",""mlit_walkspace_kyoto_h23""]","Official source row and source-provided coordinates only; current opening, entrance, accessibility, safety, and disaster usability are not inferred.",2,FACILITY_WITH_SOURCE_COORDINATES,,,,,,true,false
kyoto_kiyomizu:facility:kyoto_emergency_shelters_r80818:140:facility.operation_status,kyoto_kiyomizu,kiyomizu_gion,facility,kyoto_emergency_shelters_r80818:140,facility.operation_status,UNKNOWN,,,,UNKNOWN,OFFICIAL_QUERY,"Facility equipment, entrance, width, slope and operation are not inferred.",reports/PHASE4_DATA_ACQUISITION_MATRIX.csv,"[""kyoto_public_toilets_00307"",""kyoto_public_toilets_00307_landing"",""mlit_walkspace_kyoto_h23""]","Official source row and source-provided coordinates only; current opening, entrance, accessibility, safety, and disaster usability are not inferred.",2,FACILITY_WITH_SOURCE_COORDINATES,,,,,,true,false
kyoto_kiyomizu:facility:kyoto_emergency_shelters_r80818:140:facility.safety_status,kyoto_kiyomizu,kiyomizu_gion,facility,kyoto_emergency_shelters_r80818:140,facility.safety_status,UNKNOWN,,,,UNKNOWN,OFFICIAL_QUERY,"Facility equipment, entrance, width, slope and operation are not inferred.",reports/PHASE4_DATA_ACQUISITION_MATRIX.csv,"[""kyoto_public_toilets_00307"",""kyoto_public_toilets_00307_landing"",""mlit_walkspace_kyoto_h23""]","Official source row and source-provided coordinates only; current opening, entrance, accessibility, safety, and disaster usability are not inferred.",2,FACILITY_WITH_SOURCE_COORDINATES,,,,,,true,false
kyoto_kiyomizu:facility:kyoto_emergency_shelters_r80818:141:facility.accessibility_status,kyoto_kiyomizu,kiyomizu_gion,facility,kyoto_emergency_shelters_r80818:141,facility.accessibility_status,UNKNOWN,,,,UNKNOWN,OFFICIAL_QUERY,"Facility equipment, entrance, width, slope and operation are not inferred.",reports/PHASE4_DATA_ACQUISITION_MATRIX.csv,"[""kyoto_public_toilets_00307"",""kyoto_public_toilets_00307_landing"",""mlit_walkspace_kyoto_h23""]","Official source row and source-provided coordinates only; current opening, entrance, accessibility, safety, and disaster usability are not inferred.",2,FACILITY_WITH_SOURCE_COORDINATES,,,,,,true,false
kyoto_kiyomizu:facility:kyoto_emergency_shelters_r80818:141:facility.coordinate,kyoto_kiyomizu,kiyomizu_gion,facility,kyoto_emergency_shelters_r80818:141,facility.coordinate,CONFIRMED,kyoto_emergency_shelters_r80818,R8.8.18,f201527c7a822a62e098f1313898ba0871ccdb3db2c00f47484cf8847d7ef312,,NOT_APPLICABLE,NO_TARGET_IN_RECEIPTS,inputs/staging/KYOTO-OFFICIAL-PARITY-V1/facility_records.json,[],"Official source row and source-provided coordinates only; current opening, entrance, accessibility, safety, and disaster usability are not inferred.",2,FACILITY_WITH_SOURCE_COORDINATES,,,,,,true,false
kyoto_kiyomizu:facility:kyoto_emergency_shelters_r80818:141:facility.entrance_status,kyoto_kiyomizu,kiyomizu_gion,facility,kyoto_emergency_shelters_r80818:141,facility.entrance_status,UNKNOWN,,,,UNKNOWN,OFFICIAL_QUERY,"Facility equipment, entrance, width, slope and operation are not inferred.",reports/PHASE4_DATA_ACQUISITION_MATRIX.csv,"[""kyoto_public_toilets_00307"",""kyoto_public_toilets_00307_landing"",""mlit_walkspace_kyoto_h23""]","Official source row and source-provided coordinates only; current opening, entrance, accessibility, safety, and disaster usability are not inferred.",2,FACILITY_WITH_SOURCE_COORDINATES,,,,,,true,false
kyoto_kiyomizu:facility:kyoto_emergency_shelters_r80818:141:facility.operation_status,kyoto_kiyomizu,kiyomizu_gion,facility,kyoto_emergency_shelters_r80818:141,facility.operation_status,UNKNOWN,,,,UNKNOWN,OFFICIAL_QUERY,"Facility equipment, entrance, width, slope and operation are not inferred.",reports/PHASE4_DATA_ACQUISITION_MATRIX.csv,"[""kyoto_public_toilets_00307"",""kyoto_public_toilets_00307_landing"",""mlit_walkspace_kyoto_h23""]","Official source row and source-provided coordinates only; current opening, entrance, accessibility, safety, and disaster usability are not inferred.",2,FACILITY_WITH_SOURCE_COORDINATES,,,,,,true,false
kyoto_kiyomizu:facility:kyoto_emergency_shelters_r80818:141:facility.safety_status,kyoto_kiyomizu,kiyomizu_gion,facility,kyoto_emergency_shelters_r80818:141,facility.safety_status,UNKNOWN,,,,UNKNOWN,OFFICIAL_QUERY,"Facility equipment, entrance, width, slope and operation are not inferred.",reports/PHASE4_DATA_ACQUISITION_MATRIX.csv,"[""kyoto_public_toilets_00307"",""kyoto_public_toilets_00307_landing"",""mlit_walkspace_kyoto_h23""]","Official source row and source-provided coordinates only; current opening, entrance, accessibility, safety, and disaster usability are not inferred.",2,FACILITY_WITH_SOURCE_COORDINATES,,,,,,true,false
kyoto_kiyomizu:facility:kyoto_emergency_shelters_r80818:142:facility.accessibility_status,kyoto_kiyomizu,kiyomizu_gion,facility,kyoto_emergency_shelters_r80818:142,facility.accessibility_status,UNKNOWN,,,,UNKNOWN,OFFICIAL_QUERY,"Facility equipment, entrance, width, slope and operation are not inferred.",reports/PHASE4_DATA_ACQUISITION_MATRIX.csv,"[""kyoto_public_toilets_00307"",""kyoto_public_toilets_00307_landing"",""mlit_walkspace_kyoto_h23""]","Official source row and source-provided coordinates only; current opening, entrance, accessibility, safety, and disaster usability are not inferred.",2,FACILITY_WITH_SOURCE_COORDINATES,,,,,,true,false
kyoto_kiyomizu:facility:kyoto_emergency_shelters_r80818:142:facility.coordinate,kyoto_kiyomizu,kiyomizu_gion,facility,kyoto_emergency_shelters_r80818:142,facility.coordinate,CONFIRMED,kyoto_emergency_shelters_r80818,R8.8.18,f201527c7a822a62e098f1313898ba0871ccdb3db2c00f47484cf8847d7ef312,,NOT_APPLICABLE,NO_TARGET_IN_RECEIPTS,inputs/staging/KYOTO-OFFICIAL-PARITY-V1/facility_records.json,[],"Official source row and source-provided coordinates only; current opening, entrance, accessibility, safety, and disaster usability are not inferred.",2,FACILITY_WITH_SOURCE_COORDINATES,,,,,,true,false
kyoto_kiyomizu:facility:kyoto_emergency_shelters_r80818:142:facility.entrance_status,kyoto_kiyomizu,kiyomizu_gion,facility,kyoto_emergency_shelters_r80818:142,facility.entrance_status,UNKNOWN,,,,UNKNOWN,OFFICIAL_QUERY,"Facility equipment, entrance, width, slope and operation are not inferred.",reports/PHASE4_DATA_ACQUISITION_MATRIX.csv,"[""kyoto_public_toilets_00307"",""kyoto_public_toilets_00307_landing"",""mlit_walkspace_kyoto_h23""]","Official source row and source-provided coordinates only; current opening, entrance, accessibility, safety, and disaster usability are not inferred.",2,FACILITY_WITH_SOURCE_COORDINATES,,,,,,true,false
kyoto_kiyomizu:facility:kyoto_emergency_shelters_r80818:142:facility.operation_status,kyoto_kiyomizu,kiyomizu_gion,facility,kyoto_emergency_shelters_r80818:142,facility.operation_status,UNKNOWN,,,,UNKNOWN,OFFICIAL_QUERY,"Facility equipment, entrance, width, slope and operation are not inferred.",reports/PHASE4_DATA_ACQUISITION_MATRIX.csv,"[""kyoto_public_toilets_00307"",""kyoto_public_toilets_00307_landing"",""mlit_walkspace_kyoto_h23""]","Official source row and source-provided coordinates only; current opening, entrance, accessibility, safety, and disaster usability are not inferred.",2,FACILITY_WITH_SOURCE_COORDINATES,,,,,,true,false
kyoto_kiyomizu:facility:kyoto_emergency_shelters_r80818:142:facility.safety_status,kyoto_kiyomizu,kiyomizu_gion,facility,kyoto_emergency_shelters_r80818:142,facility.safety_status,UNKNOWN,,,,UNKNOWN,OFFICIAL_QUERY,"Facility equipment, entrance, width, slope and operation are not inferred.",reports/PHASE4_DATA_ACQUISITION_MATRIX.csv,"[""kyoto_public_toilets_00307"",""kyoto_public_toilets_00307_landing"",""mlit_walkspace_kyoto_h23""]","Official source row and source-provided coordinates only; current opening, entrance, accessibility, safety, and disaster usability are not inferred.",2,FACILITY_WITH_SOURCE_COORDINATES,,,,,,true,false
kyoto_kiyomizu:facility:kyoto_emergency_shelters_r80818:143:facility.accessibility_status,kyoto_kiyomizu,kiyomizu_gion,facility,kyoto_emergency_shelters_r80818:143,facility.accessibility_status,UNKNOWN,,,,UNKNOWN,OFFICIAL_QUERY,"Facility equipment, entrance, width, slope and operation are not inferred.",reports/PHASE4_DATA_ACQUISITION_MATRIX.csv,"[""kyoto_public_toilets_00307"",""kyoto_public_toilets_00307_landing"",""mlit_walkspace_kyoto_h23""]","Official source row and source-provided coordinates only; current opening, entrance, accessibility, safety, and disaster usability are not inferred.",2,FACILITY_WITH_SOURCE_COORDINATES,,,,,,true,false
kyoto_kiyomizu:facility:kyoto_emergency_shelters_r80818:143:facility.coordinate,kyoto_kiyomizu,kiyomizu_gion,facility,kyoto_emergency_shelters_r80818:143,facility.coordinate,CONFIRMED,kyoto_emergency_shelters_r80818,R8.8.18,f201527c7a822a62e098f1313898ba0871ccdb3db2c00f47484cf8847d7ef312,,NOT_APPLICABLE,NO_TARGET_IN_RECEIPTS,inputs/staging/KYOTO-OFFICIAL-PARITY-V1/facility_records.json,[],"Official source row and source-provided coordinates only; current opening, entrance, accessibility, safety, and disaster usability are not inferred.",2,FACILITY_WITH_SOURCE_COORDINATES,,,,,,true,false
kyoto_kiyomizu:facility:kyoto_emergency_shelters_r80818:143:facility.entrance_status,kyoto_kiyomizu,kiyomizu_gion,facility,kyoto_emergency_shelters_r80818:143,facility.entrance_status,UNKNOWN,,,,UNKNOWN,OFFICIAL_QUERY,"Facility equipment, entrance, width, slope and operation are not inferred.",reports/PHASE4_DATA_ACQUISITION_MATRIX.csv,"[""kyoto_public_toilets_00307"",""kyoto_public_toilets_00307_landing"",""mlit_walkspace_kyoto_h23""]","Official source row and source-provided coordinates only; current opening, entrance, accessibility, safety, and disaster usability are not inferred.",2,FACILITY_WITH_SOURCE_COORDINATES,,,,,,true,false
kyoto_kiyomizu:facility:kyoto_emergency_shelters_r80818:143:facility.operation_status,kyoto_kiyomizu,kiyomizu_gion,facility,kyoto_emergency_shelters_r80818:143,facility.operation_status,UNKNOWN,,,,UNKNOWN,OFFICIAL_QUERY,"Facility equipment, entrance, width, slope and operation are not inferred.",reports/PHASE4_DATA_ACQUISITION_MATRIX.csv,"[""kyoto_public_toilets_00307"",""kyoto_public_toilets_00307_landing"",""mlit_walkspace_kyoto_h23""]","Official source row and source-provided coordinates only; current opening, entrance, accessibility, safety, and disaster usability are not inferred.",2,FACILITY_WITH_SOURCE_COORDINATES,,,,,,true,false
kyoto_kiyomizu:facility:kyoto_emergency_shelters_r80818:143:facility.safety_status,kyoto_kiyomizu,kiyomizu_gion,facility,kyoto_emergency_shelters_r80818:143,facility.safety_status,UNKNOWN,,,,UNKNOWN,OFFICIAL_QUERY,"Facility equipment, entrance, width, slope and operation are not inferred.",reports/PHASE4_DATA_ACQUISITION_MATRIX.csv,"[""kyoto_public_toilets_00307"",""kyoto_public_toilets_00307_landing"",""mlit_walkspace_kyoto_h23""]","Official source row and source-provided coordinates only; current opening, entrance, accessibility, safety, and disaster usability are not inferred.",2,FACILITY_WITH_SOURCE_COORDINATES,,,,,,true,false
kyoto_kiyomizu:facility:kyoto_emergency_shelters_r80818:144:facility.accessibility_status,kyoto_kiyomizu,kiyomizu_gion,facility,kyoto_emergency_shelters_r80818:144,facility.accessibility_status,UNKNOWN,,,,UNKNOWN,OFFICIAL_QUERY,"Facility equipment, entrance, width, slope and operation are not inferred.",reports/PHASE4_DATA_ACQUISITION_MATRIX.csv,"[""kyoto_public_toilets_00307"",""kyoto_public_toilets_00307_landing"",""mlit_walkspace_kyoto_h23""]","Official source row and source-provided coordinates only; current opening, entrance, accessibility, safety, and disaster usability are not inferred.",2,FACILITY_WITH_SOURCE_COORDINATES,,,,,,true,false
kyoto_kiyomizu:facility:kyoto_emergency_shelters_r80818:144:facility.coordinate,kyoto_kiyomizu,kiyomizu_gion,facility,kyoto_emergency_shelters_r80818:144,facility.coordinate,CONFIRMED,kyoto_emergency_shelters_r80818,R8.8.18,f201527c7a822a62e098f1313898ba0871ccdb3db2c00f47484cf8847d7ef312,,NOT_APPLICABLE,NO_TARGET_IN_RECEIPTS,inputs/staging/KYOTO-OFFICIAL-PARITY-V1/facility_records.json,[],"Official source row and source-provided coordinates only; current opening, entrance, accessibility, safety, and disaster usability are not inferred.",2,FACILITY_WITH_SOURCE_COORDINATES,,,,,,true,false
kyoto_kiyomizu:facility:kyoto_emergency_shelters_r80818:144:facility.entrance_status,kyoto_kiyomizu,kiyomizu_gion,facility,kyoto_emergency_shelters_r80818:144,facility.entrance_status,UNKNOWN,,,,UNKNOWN,OFFICIAL_QUERY,"Facility equipment, entrance, width, slope and operation are not inferred.",reports/PHASE4_DATA_ACQUISITION_MATRIX.csv,"[""kyoto_public_toilets_00307"",""kyoto_public_toilets_00307_landing"",""mlit_walkspace_kyoto_h23""]","Official source row and source-provided coordinates only; current opening, entrance, accessibility, safety, and disaster usability are not inferred.",2,FACILITY_WITH_SOURCE_COORDINATES,,,,,,true,false
kyoto_kiyomizu:facility:kyoto_emergency_shelters_r80818:144:facility.operation_status,kyoto_kiyomizu,kiyomizu_gion,facility,kyoto_emergency_shelters_r80818:144,facility.operation_status,UNKNOWN,,,,UNKNOWN,OFFICIAL_QUERY,"Facility equipment, entrance, width, slope and operation are not inferred.",reports/PHASE4_DATA_ACQUISITION_MATRIX.csv,"[""kyoto_public_toilets_00307"",""kyoto_public_toilets_00307_landing"",""mlit_walkspace_kyoto_h23""]","Official source row and source-provided coordinates only; current opening, entrance, accessibility, safety, and disaster usability are not inferred.",2,FACILITY_WITH_SOURCE_COORDINATES,,,,,,true,false
kyoto_kiyomizu:facility:kyoto_emergency_shelters_r80818:144:facility.safety_status,kyoto_kiyomizu,kiyomizu_gion,facility,kyoto_emergency_shelters_r80818:144,facility.safety_status,UNKNOWN,,,,UNKNOWN,OFFICIAL_QUERY,"Facility equipment, entrance, width, slope and operation are not inferred.",reports/PHASE4_DATA_ACQUISITION_MATRIX.csv,"[""kyoto_public_toilets_00307"",""kyoto_public_toilets_00307_landing"",""mlit_walkspace_kyoto_h23""]","Official source row and source-provided coordinates only; current opening, entrance, accessibility, safety, and disaster usability are not inferred.",2,FACILITY_WITH_SOURCE_COORDINATES,,,,,,true,false
kyoto_kiyomizu:facility:kyoto_emergency_shelters_r80818:145:facility.accessibility_status,kyoto_kiyomizu,kiyomizu_gion,facility,kyoto_emergency_shelters_r80818:145,facility.accessibility_status,UNKNOWN,,,,UNKNOWN,OFFICIAL_QUERY,"Facility equipment, entrance, width, slope and operation are not inferred.",reports/PHASE4_DATA_ACQUISITION_MATRIX.csv,"[""kyoto_public_toilets_00307"",""kyoto_public_toilets_00307_landing"",""mlit_walkspace_kyoto_h23""]","Official source row and source-provided coordinates only; current opening, entrance, accessibility, safety, and disaster usability are not inferred.",2,FACILITY_WITH_SOURCE_COORDINATES,,,,,,true,false
kyoto_kiyomizu:facility:kyoto_emergency_shelters_r80818:145:facility.coordinate,kyoto_kiyomizu,kiyomizu_gion,facility,kyoto_emergency_shelters_r80818:145,facility.coordinate,CONFIRMED,kyoto_emergency_shelters_r80818,R8.8.18,f201527c7a822a62e098f1313898ba0871ccdb3db2c00f47484cf8847d7ef312,,NOT_APPLICABLE,NO_TARGET_IN_RECEIPTS,inputs/staging/KYOTO-OFFICIAL-PARITY-V1/facility_records.json,[],"Official source row and source-provided coordinates only; current opening, entrance, accessibility, safety, and disaster usability are not inferred.",2,FACILITY_WITH_SOURCE_COORDINATES,,,,,,true,false
kyoto_kiyomizu:facility:kyoto_emergency_shelters_r80818:145:facility.entrance_status,kyoto_kiyomizu,kiyomizu_gion,facility,kyoto_emergency_shelters_r80818:145,facility.entrance_status,UNKNOWN,,,,UNKNOWN,OFFICIAL_QUERY,"Facility equipment, entrance, width, slope and operation are not inferred.",reports/PHASE4_DATA_ACQUISITION_MATRIX.csv,"[""kyoto_public_toilets_00307"",""kyoto_public_toilets_00307_landing"",""mlit_walkspace_kyoto_h23""]","Official source row and source-provided coordinates only; current opening, entrance, accessibility, safety, and disaster usability are not inferred.",2,FACILITY_WITH_SOURCE_COORDINATES,,,,,,true,false
kyoto_kiyomizu:facility:kyoto_emergency_shelters_r80818:145:facility.operation_status,kyoto_kiyomizu,kiyomizu_gion,facility,kyoto_emergency_shelters_r80818:145,facility.operation_status,UNKNOWN,,,,UNKNOWN,OFFICIAL_QUERY,"Facility equipment, entrance, width, slope and operation are not inferred.",reports/PHASE4_DATA_ACQUISITION_MATRIX.csv,"[""kyoto_public_toilets_00307"",""kyoto_public_toilets_00307_landing"",""mlit_walkspace_kyoto_h23""]","Official source row and source-provided coordinates only; current opening, entrance, accessibility, safety, and disaster usability are not inferred.",2,FACILITY_WITH_SOURCE_COORDINATES,,,,,,true,false
kyoto_kiyomizu:facility:kyoto_emergency_shelters_r80818:145:facility.safety_status,kyoto_kiyomizu,kiyomizu_gion,facility,kyoto_emergency_shelters_r80818:145,facility.safety_status,UNKNOWN,,,,UNKNOWN,OFFICIAL_QUERY,"Facility equipment, entrance, width, slope and operation are not inferred.",reports/PHASE4_DATA_ACQUISITION_MATRIX.csv,"[""kyoto_public_toilets_00307"",""kyoto_public_toilets_00307_landing"",""mlit_walkspace_kyoto_h23""]","Official source row and source-provided coordinates only; current opening, entrance, accessibility, safety, and disaster usability are not inferred.",2,FACILITY_WITH_SOURCE_COORDINATES,,,,,,true,false
kyoto_kiyomizu:facility:kyoto_emergency_shelters_r80818:149:facility.accessibility_status,kyoto_kiyomizu,kiyomizu_gion,facility,kyoto_emergency_shelters_r80818:149,facility.accessibility_status,UNKNOWN,,,,UNKNOWN,OFFICIAL_QUERY,"Facility equipment, entrance, width, slope and operation are not inferred.",reports/PHASE4_DATA_ACQUISITION_MATRIX.csv,"[""kyoto_public_toilets_00307"",""kyoto_public_toilets_00307_landing"",""mlit_walkspace_kyoto_h23""]","Official source row and source-provided coordinates only; current opening, entrance, accessibility, safety, and disaster usability are not inferred.",2,FACILITY_WITH_SOURCE_COORDINATES,,,,,,true,false
kyoto_kiyomizu:facility:kyoto_emergency_shelters_r80818:149:facility.coordinate,kyoto_kiyomizu,kiyomizu_gion,facility,kyoto_emergency_shelters_r80818:149,facility.coordinate,CONFIRMED,kyoto_emergency_shelters_r80818,R8.8.18,f201527c7a822a62e098f1313898ba0871ccdb3db2c00f47484cf8847d7ef312,,NOT_APPLICABLE,NO_TARGET_IN_RECEIPTS,inputs/staging/KYOTO-OFFICIAL-PARITY-V1/facility_records.json,[],"Official source row and source-provided coordinates only; current opening, entrance, accessibility, safety, and disaster usability are not inferred.",2,FACILITY_WITH_SOURCE_COORDINATES,,,,,,true,false
kyoto_kiyomizu:facility:kyoto_emergency_shelters_r80818:149:facility.entrance_status,kyoto_kiyomizu,kiyomizu_gion,facility,kyoto_emergency_shelters_r80818:149,facility.entrance_status,UNKNOWN,,,,UNKNOWN,OFFICIAL_QUERY,"Facility equipment, entrance, width, slope and operation are not inferred.",reports/PHASE4_DATA_ACQUISITION_MATRIX.csv,"[""kyoto_public_toilets_00307"",""kyoto_public_toilets_00307_landing"",""mlit_walkspace_kyoto_h23""]","Official source row and source-provided coordinates only; current opening, entrance, accessibility, safety, and disaster usability are not inferred.",2,FACILITY_WITH_SOURCE_COORDINATES,,,,,,true,false
kyoto_kiyomizu:facility:kyoto_emergency_shelters_r80818:149:facility.operation_status,kyoto_kiyomizu,kiyomizu_gion,facility,kyoto_emergency_shelters_r80818:149,facility.operation_status,UNKNOWN,,,,UNKNOWN,OFFICIAL_QUERY,"Facility equipment, entrance, width, slope and operation are not inferred.",reports/PHASE4_DATA_ACQUISITION_MATRIX.csv,"[""kyoto_public_toilets_00307"",""kyoto_public_toilets_00307_landing"",""mlit_walkspace_kyoto_h23""]","Official source row and source-provided coordinates only; current opening, entrance, accessibility, safety, and disaster usability are not inferred.",2,FACILITY_WITH_SOURCE_COORDINATES,,,,,,true,false
kyoto_kiyomizu:facility:kyoto_emergency_shelters_r80818:149:facility.safety_status,kyoto_kiyomizu,kiyomizu_gion,facility,kyoto_emergency_shelters_r80818:149,facility.safety_status,UNKNOWN,,,,UNKNOWN,OFFICIAL_QUERY,"Facility equipment, entrance, width, slope and operation are not inferred.",reports/PHASE4_DATA_ACQUISITION_MATRIX.csv,"[""kyoto_public_toilets_00307"",""kyoto_public_toilets_00307_landing"",""mlit_walkspace_kyoto_h23""]","Official source row and source-provided coordinates only; current opening, entrance, accessibility, safety, and disaster usability are not inferred.",2,FACILITY_WITH_SOURCE_COORDINATES,,,,,,true,false
kyoto_kiyomizu:facility:kyoto_emergency_shelters_r80818:150:facility.accessibility_status,kyoto_kiyomizu,kiyomizu_gion,facility,kyoto_emergency_shelters_r80818:150,facility.accessibility_status,UNKNOWN,,,,UNKNOWN,OFFICIAL_QUERY,"Facility equipment, entrance, width, slope and operation are not inferred.",reports/PHASE4_DATA_ACQUISITION_MATRIX.csv,"[""kyoto_public_toilets_00307"",""kyoto_public_toilets_00307_landing"",""mlit_walkspace_kyoto_h23""]","Official source row and source-provided coordinates only; current opening, entrance, accessibility, safety, and disaster usability are not inferred.",2,FACILITY_WITH_SOURCE_COORDINATES,,,,,,true,false
kyoto_kiyomizu:facility:kyoto_emergency_shelters_r80818:150:facility.coordinate,kyoto_kiyomizu,kiyomizu_gion,facility,kyoto_emergency_shelters_r80818:150,facility.coordinate,CONFIRMED,kyoto_emergency_shelters_r80818,R8.8.18,f201527c7a822a62e098f1313898ba0871ccdb3db2c00f47484cf8847d7ef312,,NOT_APPLICABLE,NO_TARGET_IN_RECEIPTS,inputs/staging/KYOTO-OFFICIAL-PARITY-V1/facility_records.json,[],"Official source row and source-provided coordinates only; current opening, entrance, accessibility, safety, and disaster usability are not inferred.",2,FACILITY_WITH_SOURCE_COORDINATES,,,,,,true,false
kyoto_kiyomizu:facility:kyoto_emergency_shelters_r80818:150:facility.entrance_status,kyoto_kiyomizu,kiyomizu_gion,facility,kyoto_emergency_shelters_r80818:150,facility.entrance_status,UNKNOWN,,,,UNKNOWN,OFFICIAL_QUERY,"Facility equipment, entrance, width, slope and operation are not inferred.",reports/PHASE4_DATA_ACQUISITION_MATRIX.csv,"[""kyoto_public_toilets_00307"",""kyoto_public_toilets_00307_landing"",""mlit_walkspace_kyoto_h23""]","Official source row and source-provided coordinates only; current opening, entrance, accessibility, safety, and disaster usability are not inferred.",2,FACILITY_WITH_SOURCE_COORDINATES,,,,,,true,false
kyoto_kiyomizu:facility:kyoto_emergency_shelters_r80818:150:facility.operation_status,kyoto_kiyomizu,kiyomizu_gion,facility,kyoto_emergency_shelters_r80818:150,facility.operation_status,UNKNOWN,,,,UNKNOWN,OFFICIAL_QUERY,"Facility equipment, entrance, width, slope and operation are not inferred.",reports/PHASE4_DATA_ACQUISITION_MATRIX.csv,"[""kyoto_public_toilets_00307"",""kyoto_public_toilets_00307_landing"",""mlit_walkspace_kyoto_h23""]","Official source row and source-provided coordinates only; current opening, entrance, accessibility, safety, and disaster usability are not inferred.",2,FACILITY_WITH_SOURCE_COORDINATES,,,,,,true,false
kyoto_kiyomizu:facility:kyoto_emergency_shelters_r80818:150:facility.safety_status,kyoto_kiyomizu,kiyomizu_gion,facility,kyoto_emergency_shelters_r80818:150,facility.safety_status,UNKNOWN,,,,UNKNOWN,OFFICIAL_QUERY,"Facility equipment, entrance, width, slope and operation are not inferred.",reports/PHASE4_DATA_ACQUISITION_MATRIX.csv,"[""kyoto_public_toilets_00307"",""kyoto_public_toilets_00307_landing"",""mlit_walkspace_kyoto_h23""]","Official source row and source-provided coordinates only; current opening, entrance, accessibility, safety, and disaster usability are not inferred.",2,FACILITY_WITH_SOURCE_COORDINATES,,,,,,true,false
kyoto_kiyomizu:facility:kyoto_emergency_shelters_r80818:151:facility.accessibility_status,kyoto_kiyomizu,kiyomizu_gion,facility,kyoto_emergency_shelters_r80818:151,facility.accessibility_status,UNKNOWN,,,,UNKNOWN,OFFICIAL_QUERY,"Facility equipment, entrance, width, slope and operation are not inferred.",reports/PHASE4_DATA_ACQUISITION_MATRIX.csv,"[""kyoto_public_toilets_00307"",""kyoto_public_toilets_00307_landing"",""mlit_walkspace_kyoto_h23""]","Official source row and source-provided coordinates only; current opening, entrance, accessibility, safety, and disaster usability are not inferred.",2,FACILITY_WITH_SOURCE_COORDINATES,,,,,,true,false
kyoto_kiyomizu:facility:kyoto_emergency_shelters_r80818:151:facility.coordinate,kyoto_kiyomizu,kiyomizu_gion,facility,kyoto_emergency_shelters_r80818:151,facility.coordinate,CONFIRMED,kyoto_emergency_shelters_r80818,R8.8.18,f201527c7a822a62e098f1313898ba0871ccdb3db2c00f47484cf8847d7ef312,,NOT_APPLICABLE,NO_TARGET_IN_RECEIPTS,inputs/staging/KYOTO-OFFICIAL-PARITY-V1/facility_records.json,[],"Official source row and source-provided coordinates only; current opening, entrance, accessibility, safety, and disaster usability are not inferred.",2,FACILITY_WITH_SOURCE_COORDINATES,,,,,,true,false
kyoto_kiyomizu:facility:kyoto_emergency_shelters_r80818:151:facility.entrance_status,kyoto_kiyomizu,kiyomizu_gion,facility,kyoto_emergency_shelters_r80818:151,facility.entrance_status,UNKNOWN,,,,UNKNOWN,OFFICIAL_QUERY,"Facility equipment, entrance, width, slope and operation are not inferred.",reports/PHASE4_DATA_ACQUISITION_MATRIX.csv,"[""kyoto_public_toilets_00307"",""kyoto_public_toilets_00307_landing"",""mlit_walkspace_kyoto_h23""]","Official source row and source-provided coordinates only; current opening, entrance, accessibility, safety, and disaster usability are not inferred.",2,FACILITY_WITH_SOURCE_COORDINATES,,,,,,true,false
kyoto_kiyomizu:facility:kyoto_emergency_shelters_r80818:151:facility.operation_status,kyoto_kiyomizu,kiyomizu_gion,facility,kyoto_emergency_shelters_r80818:151,facility.operation_status,UNKNOWN,,,,UNKNOWN,OFFICIAL_QUERY,"Facility equipment, entrance, width, slope and operation are not inferred.",reports/PHASE4_DATA_ACQUISITION_MATRIX.csv,"[""kyoto_public_toilets_00307"",""kyoto_public_toilets_00307_landing"",""mlit_walkspace_kyoto_h23""]","Official source row and source-provided coordinates only; current opening, entrance, accessibility, safety, and disaster usability are not inferred.",2,FACILITY_WITH_SOURCE_COORDINATES,,,,,,true,false
kyoto_kiyomizu:facility:kyoto_emergency_shelters_r80818:151:facility.safety_status,kyoto_kiyomizu,kiyomizu_gion,facility,kyoto_emergency_shelters_r80818:151,facility.safety_status,UNKNOWN,,,,UNKNOWN,OFFICIAL_QUERY,"Facility equipment, entrance, width, slope and operation are not inferred.",reports/PHASE4_DATA_ACQUISITION_MATRIX.csv,"[""kyoto_public_toilets_00307"",""kyoto_public_toilets_00307_landing"",""mlit_walkspace_kyoto_h23""]","Official source row and source-provided coordinates only; current opening, entrance, accessibility, safety, and disaster usability are not inferred.",2,FACILITY_WITH_SOURCE_COORDINATES,,,,,,true,false
kyoto_kiyomizu:facility:kyoto_emergency_shelters_r80818:152:facility.accessibility_status,kyoto_kiyomizu,kiyomizu_gion,facility,kyoto_emergency_shelters_r80818:152,facility.accessibility_status,UNKNOWN,,,,UNKNOWN,OFFICIAL_QUERY,"Facility equipment, entrance, width, slope and operation are not inferred.",reports/PHASE4_DATA_ACQUISITION_MATRIX.csv,"[""kyoto_public_toilets_00307"",""kyoto_public_toilets_00307_landing"",""mlit_walkspace_kyoto_h23""]","Official source row and source-provided coordinates only; current opening, entrance, accessibility, safety, and disaster usability are not inferred.",2,FACILITY_WITH_SOURCE_COORDINATES,,,,,,true,false
kyoto_kiyomizu:facility:kyoto_emergency_shelters_r80818:152:facility.coordinate,kyoto_kiyomizu,kiyomizu_gion,facility,kyoto_emergency_shelters_r80818:152,facility.coordinate,CONFIRMED,kyoto_emergency_shelters_r80818,R8.8.18,f201527c7a822a62e098f1313898ba0871ccdb3db2c00f47484cf8847d7ef312,,NOT_APPLICABLE,NO_TARGET_IN_RECEIPTS,inputs/staging/KYOTO-OFFICIAL-PARITY-V1/facility_records.json,[],"Official source row and source-provided coordinates only; current opening, entrance, accessibility, safety, and disaster usability are not inferred.",2,FACILITY_WITH_SOURCE_COORDINATES,,,,,,true,false
kyoto_kiyomizu:facility:kyoto_emergency_shelters_r80818:152:facility.entrance_status,kyoto_kiyomizu,kiyomizu_gion,facility,kyoto_emergency_shelters_r80818:152,facility.entrance_status,UNKNOWN,,,,UNKNOWN,OFFICIAL_QUERY,"Facility equipment, entrance, width, slope and operation are not inferred.",reports/PHASE4_DATA_ACQUISITION_MATRIX.csv,"[""kyoto_public_toilets_00307"",""kyoto_public_toilets_00307_landing"",""mlit_walkspace_kyoto_h23""]","Official source row and source-provided coordinates only; current opening, entrance, accessibility, safety, and disaster usability are not inferred.",2,FACILITY_WITH_SOURCE_COORDINATES,,,,,,true,false
kyoto_kiyomizu:facility:kyoto_emergency_shelters_r80818:152:facility.operation_status,kyoto_kiyomizu,kiyomizu_gion,facility,kyoto_emergency_shelters_r80818:152,facility.operation_status,UNKNOWN,,,,UNKNOWN,OFFICIAL_QUERY,"Facility equipment, entrance, width, slope and operation are not inferred.",reports/PHASE4_DATA_ACQUISITION_MATRIX.csv,"[""kyoto_public_toilets_00307"",""kyoto_public_toilets_00307_landing"",""mlit_walkspace_kyoto_h23""]","Official source row and source-provided coordinates only; current opening, entrance, accessibility, safety, and disaster usability are not inferred.",2,FACILITY_WITH_SOURCE_COORDINATES,,,,,,true,false
kyoto_kiyomizu:facility:kyoto_emergency_shelters_r80818:152:facility.safety_status,kyoto_kiyomizu,kiyomizu_gion,facility,kyoto_emergency_shelters_r80818:152,facility.safety_status,UNKNOWN,,,,UNKNOWN,OFFICIAL_QUERY,"Facility equipment, entrance, width, slope and operation are not inferred.",reports/PHASE4_DATA_ACQUISITION_MATRIX.csv,"[""kyoto_public_toilets_00307"",""kyoto_public_toilets_00307_landing"",""mlit_walkspace_kyoto_h23""]","Official source row and source-provided coordinates only; current opening, entrance, accessibility, safety, and disaster usability are not inferred.",2,FACILITY_WITH_SOURCE_COORDINATES,,,,,,true,false
kyoto_kiyomizu:facility:kyoto_emergency_shelters_r80818:153:facility.accessibility_status,kyoto_kiyomizu,kiyomizu_gion,facility,kyoto_emergency_shelters_r80818:153,facility.accessibility_status,UNKNOWN,,,,UNKNOWN,OFFICIAL_QUERY,"Facility equipment, entrance, width, slope and operation are not inferred.",reports/PHASE4_DATA_ACQUISITION_MATRIX.csv,"[""kyoto_public_toilets_00307"",""kyoto_public_toilets_00307_landing"",""mlit_walkspace_kyoto_h23""]","Official source row and source-provided coordinates only; current opening, entrance, accessibility, safety, and disaster usability are not inferred.",2,FACILITY_WITH_SOURCE_COORDINATES,,,,,,true,false
kyoto_kiyomizu:facility:kyoto_emergency_shelters_r80818:153:facility.coordinate,kyoto_kiyomizu,kiyomizu_gion,facility,kyoto_emergency_shelters_r80818:153,facility.coordinate,CONFIRMED,kyoto_emergency_shelters_r80818,R8.8.18,f201527c7a822a62e098f1313898ba0871ccdb3db2c00f47484cf8847d7ef312,,NOT_APPLICABLE,NO_TARGET_IN_RECEIPTS,inputs/staging/KYOTO-OFFICIAL-PARITY-V1/facility_records.json,[],"Official source row and source-provided coordinates only; current opening, entrance, accessibility, safety, and disaster usability are not inferred.",2,FACILITY_WITH_SOURCE_COORDINATES,,,,,,true,false
kyoto_kiyomizu:facility:kyoto_emergency_shelters_r80818:153:facility.entrance_status,kyoto_kiyomizu,kiyomizu_gion,facility,kyoto_emergency_shelters_r80818:153,facility.entrance_status,UNKNOWN,,,,UNKNOWN,OFFICIAL_QUERY,"Facility equipment, entrance, width, slope and operation are not inferred.",reports/PHASE4_DATA_ACQUISITION_MATRIX.csv,"[""kyoto_public_toilets_00307"",""kyoto_public_toilets_00307_landing"",""mlit_walkspace_kyoto_h23""]","Official source row and source-provided coordinates only; current opening, entrance, accessibility, safety, and disaster usability are not inferred.",2,FACILITY_WITH_SOURCE_COORDINATES,,,,,,true,false
kyoto_kiyomizu:facility:kyoto_emergency_shelters_r80818:153:facility.operation_status,kyoto_kiyomizu,kiyomizu_gion,facility,kyoto_emergency_shelters_r80818:153,facility.operation_status,UNKNOWN,,,,UNKNOWN,OFFICIAL_QUERY,"Facility equipment, entrance, width, slope and operation are not inferred.",reports/PHASE4_DATA_ACQUISITION_MATRIX.csv,"[""kyoto_public_toilets_00307"",""kyoto_public_toilets_00307_landing"",""mlit_walkspace_kyoto_h23""]","Official source row and source-provided coordinates only; current opening, entrance, accessibility, safety, and disaster usability are not inferred.",2,FACILITY_WITH_SOURCE_COORDINATES,,,,,,true,false
kyoto_kiyomizu:facility:kyoto_emergency_shelters_r80818:153:facility.safety_status,kyoto_kiyomizu,kiyomizu_gion,facility,kyoto_emergency_shelters_r80818:153,facility.safety_status,UNKNOWN,,,,UNKNOWN,OFFICIAL_QUERY,"Facility equipment, entrance, width, slope and operation are not inferred.",reports/PHASE4_DATA_ACQUISITION_MATRIX.csv,"[""kyoto_public_toilets_00307"",""kyoto_public_toilets_00307_landing"",""mlit_walkspace_kyoto_h23""]","Official source row and source-provided coordinates only; current opening, entrance, accessibility, safety, and disaster usability are not inferred.",2,FACILITY_WITH_SOURCE_COORDINATES,,,,,,true,false
kyoto_kiyomizu:facility:kyoto_emergency_shelters_r80818:155:facility.accessibility_status,kyoto_kiyomizu,kiyomizu_gion,facility,kyoto_emergency_shelters_r80818:155,facility.accessibility_status,UNKNOWN,,,,UNKNOWN,OFFICIAL_QUERY,"Facility equipment, entrance, width, slope and operation are not inferred.",reports/PHASE4_DATA_ACQUISITION_MATRIX.csv,"[""kyoto_public_toilets_00307"",""kyoto_public_toilets_00307_landing"",""mlit_walkspace_kyoto_h23""]","Official source row and source-provided coordinates only; current opening, entrance, accessibility, safety, and disaster usability are not inferred.",2,FACILITY_WITH_SOURCE_COORDINATES,,,,,,true,false
kyoto_kiyomizu:facility:kyoto_emergency_shelters_r80818:155:facility.coordinate,kyoto_kiyomizu,kiyomizu_gion,facility,kyoto_emergency_shelters_r80818:155,facility.coordinate,CONFIRMED,kyoto_emergency_shelters_r80818,R8.8.18,f201527c7a822a62e098f1313898ba0871ccdb3db2c00f47484cf8847d7ef312,,NOT_APPLICABLE,NO_TARGET_IN_RECEIPTS,inputs/staging/KYOTO-OFFICIAL-PARITY-V1/facility_records.json,[],"Official source row and source-provided coordinates only; current opening, entrance, accessibility, safety, and disaster usability are not inferred.",2,FACILITY_WITH_SOURCE_COORDINATES,,,,,,true,false
kyoto_kiyomizu:facility:kyoto_emergency_shelters_r80818:155:facility.entrance_status,kyoto_kiyomizu,kiyomizu_gion,facility,kyoto_emergency_shelters_r80818:155,facility.entrance_status,UNKNOWN,,,,UNKNOWN,OFFICIAL_QUERY,"Facility equipment, entrance, width, slope and operation are not inferred.",reports/PHASE4_DATA_ACQUISITION_MATRIX.csv,"[""kyoto_public_toilets_00307"",""kyoto_public_toilets_00307_landing"",""mlit_walkspace_kyoto_h23""]","Official source row and source-provided coordinates only; current opening, entrance, accessibility, safety, and disaster usability are not inferred.",2,FACILITY_WITH_SOURCE_COORDINATES,,,,,,true,false
kyoto_kiyomizu:facility:kyoto_emergency_shelters_r80818:155:facility.operation_status,kyoto_kiyomizu,kiyomizu_gion,facility,kyoto_emergency_shelters_r80818:155,facility.operation_status,UNKNOWN,,,,UNKNOWN,OFFICIAL_QUERY,"Facility equipment, entrance, width, slope and operation are not inferred.",reports/PHASE4_DATA_ACQUISITION_MATRIX.csv,"[""kyoto_public_toilets_00307"",""kyoto_public_toilets_00307_landing"",""mlit_walkspace_kyoto_h23""]","Official source row and source-provided coordinates only; current opening, entrance, accessibility, safety, and disaster usability are not inferred.",2,FACILITY_WITH_SOURCE_COORDINATES,,,,,,true,false
kyoto_kiyomizu:facility:kyoto_emergency_shelters_r80818:155:facility.safety_status,kyoto_kiyomizu,kiyomizu_gion,facility,kyoto_emergency_shelters_r80818:155,facility.safety_status,UNKNOWN,,,,UNKNOWN,OFFICIAL_QUERY,"Facility equipment, entrance, width, slope and operation are not inferred.",reports/PHASE4_DATA_ACQUISITION_MATRIX.csv,"[""kyoto_public_toilets_00307"",""kyoto_public_toilets_00307_landing"",""mlit_walkspace_kyoto_h23""]","Official source row and source-provided coordinates only; current opening, entrance, accessibility, safety, and disaster usability are not inferred.",2,FACILITY_WITH_SOURCE_COORDINATES,,,,,,true,false
kyoto_kiyomizu:facility:kyoto_emergency_shelters_r80818:204:facility.accessibility_status,kyoto_kiyomizu,kiyomizu_gion,facility,kyoto_emergency_shelters_r80818:204,facility.accessibility_status,UNKNOWN,,,,UNKNOWN,OFFICIAL_QUERY,"Facility equipment, entrance, width, slope and operation are not inferred.",reports/PHASE4_DATA_ACQUISITION_MATRIX.csv,"[""kyoto_public_toilets_00307"",""kyoto_public_toilets_00307_landing"",""mlit_walkspace_kyoto_h23""]","Official source row and source-provided coordinates only; current opening, entrance, accessibility, safety, and disaster usability are not inferred.",2,FACILITY_WITH_SOURCE_COORDINATES,,,,,,true,false
kyoto_kiyomizu:facility:kyoto_emergency_shelters_r80818:204:facility.coordinate,kyoto_kiyomizu,kiyomizu_gion,facility,kyoto_emergency_shelters_r80818:204,facility.coordinate,CONFIRMED,kyoto_emergency_shelters_r80818,R8.8.18,f201527c7a822a62e098f1313898ba0871ccdb3db2c00f47484cf8847d7ef312,,NOT_APPLICABLE,NO_TARGET_IN_RECEIPTS,inputs/staging/KYOTO-OFFICIAL-PARITY-V1/facility_records.json,[],"Official source row and source-provided coordinates only; current opening, entrance, accessibility, safety, and disaster usability are not inferred.",2,FACILITY_WITH_SOURCE_COORDINATES,,,,,,true,false
kyoto_kiyomizu:facility:kyoto_emergency_shelters_r80818:204:facility.entrance_status,kyoto_kiyomizu,kiyomizu_gion,facility,kyoto_emergency_shelters_r80818:204,facility.entrance_status,UNKNOWN,,,,UNKNOWN,OFFICIAL_QUERY,"Facility equipment, entrance, width, slope and operation are not inferred.",reports/PHASE4_DATA_ACQUISITION_MATRIX.csv,"[""kyoto_public_toilets_00307"",""kyoto_public_toilets_00307_landing"",""mlit_walkspace_kyoto_h23""]","Official source row and source-provided coordinates only; current opening, entrance, accessibility, safety, and disaster usability are not inferred.",2,FACILITY_WITH_SOURCE_COORDINATES,,,,,,true,false
kyoto_kiyomizu:facility:kyoto_emergency_shelters_r80818:204:facility.operation_status,kyoto_kiyomizu,kiyomizu_gion,facility,kyoto_emergency_shelters_r80818:204,facility.operation_status,UNKNOWN,,,,UNKNOWN,OFFICIAL_QUERY,"Facility equipment, entrance, width, slope and operation are not inferred.",reports/PHASE4_DATA_ACQUISITION_MATRIX.csv,"[""kyoto_public_toilets_00307"",""kyoto_public_toilets_00307_landing"",""mlit_walkspace_kyoto_h23""]","Official source row and source-provided coordinates only; current opening, entrance, accessibility, safety, and disaster usability are not inferred.",2,FACILITY_WITH_SOURCE_COORDINATES,,,,,,true,false
kyoto_kiyomizu:facility:kyoto_emergency_shelters_r80818:204:facility.safety_status,kyoto_kiyomizu,kiyomizu_gion,facility,kyoto_emergency_shelters_r80818:204,facility.safety_status,UNKNOWN,,,,UNKNOWN,OFFICIAL_QUERY,"Facility equipment, entrance, width, slope and operation are not inferred.",reports/PHASE4_DATA_ACQUISITION_MATRIX.csv,"[""kyoto_public_toilets_00307"",""kyoto_public_toilets_00307_landing"",""mlit_walkspace_kyoto_h23""]","Official source row and source-provided coordinates only; current opening, entrance, accessibility, safety, and disaster usability are not inferred.",2,FACILITY_WITH_SOURCE_COORDINATES,,,,,,true,false
kyoto_kiyomizu:facility:kyoto_emergency_shelters_r80818:206:facility.accessibility_status,kyoto_kiyomizu,kiyomizu_gion,facility,kyoto_emergency_shelters_r80818:206,facility.accessibility_status,UNKNOWN,,,,UNKNOWN,OFFICIAL_QUERY,"Facility equipment, entrance, width, slope and operation are not inferred.",reports/PHASE4_DATA_ACQUISITION_MATRIX.csv,"[""kyoto_public_toilets_00307"",""kyoto_public_toilets_00307_landing"",""mlit_walkspace_kyoto_h23""]","Official source row and source-provided coordinates only; current opening, entrance, accessibility, safety, and disaster usability are not inferred.",2,FACILITY_WITH_SOURCE_COORDINATES,,,,,,true,false
kyoto_kiyomizu:facility:kyoto_emergency_shelters_r80818:206:facility.coordinate,kyoto_kiyomizu,kiyomizu_gion,facility,kyoto_emergency_shelters_r80818:206,facility.coordinate,CONFIRMED,kyoto_emergency_shelters_r80818,R8.8.18,f201527c7a822a62e098f1313898ba0871ccdb3db2c00f47484cf8847d7ef312,,NOT_APPLICABLE,NO_TARGET_IN_RECEIPTS,inputs/staging/KYOTO-OFFICIAL-PARITY-V1/facility_records.json,[],"Official source row and source-provided coordinates only; current opening, entrance, accessibility, safety, and disaster usability are not inferred.",2,FACILITY_WITH_SOURCE_COORDINATES,,,,,,true,false
kyoto_kiyomizu:facility:kyoto_emergency_shelters_r80818:206:facility.entrance_status,kyoto_kiyomizu,kiyomizu_gion,facility,kyoto_emergency_shelters_r80818:206,facility.entrance_status,UNKNOWN,,,,UNKNOWN,OFFICIAL_QUERY,"Facility equipment, entrance, width, slope and operation are not inferred.",reports/PHASE4_DATA_ACQUISITION_MATRIX.csv,"[""kyoto_public_toilets_00307"",""kyoto_public_toilets_00307_landing"",""mlit_walkspace_kyoto_h23""]","Official source row and source-provided coordinates only; current opening, entrance, accessibility, safety, and disaster usability are not inferred.",2,FACILITY_WITH_SOURCE_COORDINATES,,,,,,true,false
kyoto_kiyomizu:facility:kyoto_emergency_shelters_r80818:206:facility.operation_status,kyoto_kiyomizu,kiyomizu_gion,facility,kyoto_emergency_shelters_r80818:206,facility.operation_status,UNKNOWN,,,,UNKNOWN,OFFICIAL_QUERY,"Facility equipment, entrance, width, slope and operation are not inferred.",reports/PHASE4_DATA_ACQUISITION_MATRIX.csv,"[""kyoto_public_toilets_00307"",""kyoto_public_toilets_00307_landing"",""mlit_walkspace_kyoto_h23""]","Official source row and source-provided coordinates only; current opening, entrance, accessibility, safety, and disaster usability are not inferred.",2,FACILITY_WITH_SOURCE_COORDINATES,,,,,,true,false
kyoto_kiyomizu:facility:kyoto_emergency_shelters_r80818:206:facility.safety_status,kyoto_kiyomizu,kiyomizu_gion,facility,kyoto_emergency_shelters_r80818:206,facility.safety_status,UNKNOWN,,,,UNKNOWN,OFFICIAL_QUERY,"Facility equipment, entrance, width, slope and operation are not inferred.",reports/PHASE4_DATA_ACQUISITION_MATRIX.csv,"[""kyoto_public_toilets_00307"",""kyoto_public_toilets_00307_landing"",""mlit_walkspace_kyoto_h23""]","Official source row and source-provided coordinates only; current opening, entrance, accessibility, safety, and disaster usability are not inferred.",2,FACILITY_WITH_SOURCE_COORDINATES,,,,,,true,false
kyoto_kiyomizu:facility:kyoto_public_toilets_00307:22:facility.accessibility_status,kyoto_kiyomizu,kiyomizu_gion,facility,kyoto_public_toilets_00307:22,facility.accessibility_status,UNKNOWN,,,,UNKNOWN,OFFICIAL_QUERY,"Facility equipment, entrance, width, slope and operation are not inferred.",reports/PHASE4_DATA_ACQUISITION_MATRIX.csv,"[""kyoto_public_toilets_00307"",""kyoto_public_toilets_00307_landing"",""mlit_walkspace_kyoto_h23""]","Official source row and source-provided coordinates only; current opening, entrance, accessibility, safety, and disaster usability are not inferred.",2,FACILITY_WITH_SOURCE_COORDINATES,,,,,,true,false
kyoto_kiyomizu:facility:kyoto_public_toilets_00307:22:facility.coordinate,kyoto_kiyomizu,kiyomizu_gion,facility,kyoto_public_toilets_00307:22,facility.coordinate,CONFIRMED,kyoto_public_toilets_00307,2026-03-06,f201527c7a822a62e098f1313898ba0871ccdb3db2c00f47484cf8847d7ef312,,NOT_APPLICABLE,NO_TARGET_IN_RECEIPTS,inputs/staging/KYOTO-OFFICIAL-PARITY-V1/facility_records.json,[],"Official source row and source-provided coordinates only; current opening, entrance, accessibility, safety, and disaster usability are not inferred.",2,FACILITY_WITH_SOURCE_COORDINATES,,,,,,true,false
kyoto_kiyomizu:facility:kyoto_public_toilets_00307:22:facility.entrance_status,kyoto_kiyomizu,kiyomizu_gion,facility,kyoto_public_toilets_00307:22,facility.entrance_status,UNKNOWN,,,,UNKNOWN,OFFICIAL_QUERY,"Facility equipment, entrance, width, slope and operation are not inferred.",reports/PHASE4_DATA_ACQUISITION_MATRIX.csv,"[""kyoto_public_toilets_00307"",""kyoto_public_toilets_00307_landing"",""mlit_walkspace_kyoto_h23""]","Official source row and source-provided coordinates only; current opening, entrance, accessibility, safety, and disaster usability are not inferred.",2,FACILITY_WITH_SOURCE_COORDINATES,,,,,,true,false
kyoto_kiyomizu:facility:kyoto_public_toilets_00307:22:facility.operation_status,kyoto_kiyomizu,kiyomizu_gion,facility,kyoto_public_toilets_00307:22,facility.operation_status,UNKNOWN,,,,UNKNOWN,OFFICIAL_QUERY,"Facility equipment, entrance, width, slope and operation are not inferred.",reports/PHASE4_DATA_ACQUISITION_MATRIX.csv,"[""kyoto_public_toilets_00307"",""kyoto_public_toilets_00307_landing"",""mlit_walkspace_kyoto_h23""]","Official source row and source-provided coordinates only; current opening, entrance, accessibility, safety, and disaster usability are not inferred.",2,FACILITY_WITH_SOURCE_COORDINATES,,,,,,true,false
kyoto_kiyomizu:facility:kyoto_public_toilets_00307:22:facility.safety_status,kyoto_kiyomizu,kiyomizu_gion,facility,kyoto_public_toilets_00307:22,facility.safety_status,UNKNOWN,,,,UNKNOWN,OFFICIAL_QUERY,"Facility equipment, entrance, width, slope and operation are not inferred.",reports/PHASE4_DATA_ACQUISITION_MATRIX.csv,"[""kyoto_public_toilets_00307"",""kyoto_public_toilets_00307_landing"",""mlit_walkspace_kyoto_h23""]","Official source row and source-provided coordinates only; current opening, entrance, accessibility, safety, and disaster usability are not inferred.",2,FACILITY_WITH_SOURCE_COORDINATES,,,,,,true,false
kyoto_kiyomizu:facility:kyoto_public_toilets_00307:Ａ－１:facility.accessibility_status,kyoto_kiyomizu,kiyomizu_gion,facility,kyoto_public_toilets_00307:Ａ－１,facility.accessibility_status,UNKNOWN,,,,UNKNOWN,OFFICIAL_QUERY,"Facility equipment, entrance, width, slope and operation are not inferred.",reports/PHASE4_DATA_ACQUISITION_MATRIX.csv,"[""kyoto_public_toilets_00307"",""kyoto_public_toilets_00307_landing"",""mlit_walkspace_kyoto_h23""]","Official source row and source-provided coordinates only; current opening, entrance, accessibility, safety, and disaster usability are not inferred.",2,FACILITY_WITH_SOURCE_COORDINATES,,,,,,true,false
kyoto_kiyomizu:facility:kyoto_public_toilets_00307:Ａ－１:facility.coordinate,kyoto_kiyomizu,kiyomizu_gion,facility,kyoto_public_toilets_00307:Ａ－１,facility.coordinate,CONFIRMED,kyoto_public_toilets_00307,2026-03-06,f201527c7a822a62e098f1313898ba0871ccdb3db2c00f47484cf8847d7ef312,,NOT_APPLICABLE,NO_TARGET_IN_RECEIPTS,inputs/staging/KYOTO-OFFICIAL-PARITY-V1/facility_records.json,[],"Official source row and source-provided coordinates only; current opening, entrance, accessibility, safety, and disaster usability are not inferred.",2,FACILITY_WITH_SOURCE_COORDINATES,,,,,,true,false
kyoto_kiyomizu:facility:kyoto_public_toilets_00307:Ａ－１:facility.entrance_status,kyoto_kiyomizu,kiyomizu_gion,facility,kyoto_public_toilets_00307:Ａ－１,facility.entrance_status,UNKNOWN,,,,UNKNOWN,OFFICIAL_QUERY,"Facility equipment, entrance, width, slope and operation are not inferred.",reports/PHASE4_DATA_ACQUISITION_MATRIX.csv,"[""kyoto_public_toilets_00307"",""kyoto_public_toilets_00307_landing"",""mlit_walkspace_kyoto_h23""]","Official source row and source-provided coordinates only; current opening, entrance, accessibility, safety, and disaster usability are not inferred.",2,FACILITY_WITH_SOURCE_COORDINATES,,,,,,true,false
kyoto_kiyomizu:facility:kyoto_public_toilets_00307:Ａ－１:facility.operation_status,kyoto_kiyomizu,kiyomizu_gion,facility,kyoto_public_toilets_00307:Ａ－１,facility.operation_status,UNKNOWN,,,,UNKNOWN,OFFICIAL_QUERY,"Facility equipment, entrance, width, slope and operation are not inferred.",reports/PHASE4_DATA_ACQUISITION_MATRIX.csv,"[""kyoto_public_toilets_00307"",""kyoto_public_toilets_00307_landing"",""mlit_walkspace_kyoto_h23""]","Official source row and source-provided coordinates only; current opening, entrance, accessibility, safety, and disaster usability are not inferred.",2,FACILITY_WITH_SOURCE_COORDINATES,,,,,,true,false
kyoto_kiyomizu:facility:kyoto_public_toilets_00307:Ａ－１:facility.safety_status,kyoto_kiyomizu,kiyomizu_gion,facility,kyoto_public_toilets_00307:Ａ－１,facility.safety_status,UNKNOWN,,,,UNKNOWN,OFFICIAL_QUERY,"Facility equipment, entrance, width, slope and operation are not inferred.",reports/PHASE4_DATA_ACQUISITION_MATRIX.csv,"[""kyoto_public_toilets_00307"",""kyoto_public_toilets_00307_landing"",""mlit_walkspace_kyoto_h23""]","Official source row and source-provided coordinates only; current opening, entrance, accessibility, safety, and disaster usability are not inferred.",2,FACILITY_WITH_SOURCE_COORDINATES,,,,,,true,false
kyoto_kiyomizu:facility:kyoto_public_toilets_00307:Ａ－１０:facility.accessibility_status,kyoto_kiyomizu,kiyomizu_gion,facility,kyoto_public_toilets_00307:Ａ－１０,facility.accessibility_status,UNKNOWN,,,,UNKNOWN,OFFICIAL_QUERY,"Facility equipment, entrance, width, slope and operation are not inferred.",reports/PHASE4_DATA_ACQUISITION_MATRIX.csv,"[""kyoto_public_toilets_00307"",""kyoto_public_toilets_00307_landing"",""mlit_walkspace_kyoto_h23""]","Official source row and source-provided coordinates only; current opening, entrance, accessibility, safety, and disaster usability are not inferred.",2,FACILITY_WITH_SOURCE_COORDINATES,,,,,,true,false
kyoto_kiyomizu:facility:kyoto_public_toilets_00307:Ａ－１０:facility.coordinate,kyoto_kiyomizu,kiyomizu_gion,facility,kyoto_public_toilets_00307:Ａ－１０,facility.coordinate,CONFIRMED,kyoto_public_toilets_00307,2026-03-06,f201527c7a822a62e098f1313898ba0871ccdb3db2c00f47484cf8847d7ef312,,NOT_APPLICABLE,NO_TARGET_IN_RECEIPTS,inputs/staging/KYOTO-OFFICIAL-PARITY-V1/facility_records.json,[],"Official source row and source-provided coordinates only; current opening, entrance, accessibility, safety, and disaster usability are not inferred.",2,FACILITY_WITH_SOURCE_COORDINATES,,,,,,true,false
kyoto_kiyomizu:facility:kyoto_public_toilets_00307:Ａ－１０:facility.entrance_status,kyoto_kiyomizu,kiyomizu_gion,facility,kyoto_public_toilets_00307:Ａ－１０,facility.entrance_status,UNKNOWN,,,,UNKNOWN,OFFICIAL_QUERY,"Facility equipment, entrance, width, slope and operation are not inferred.",reports/PHASE4_DATA_ACQUISITION_MATRIX.csv,"[""kyoto_public_toilets_00307"",""kyoto_public_toilets_00307_landing"",""mlit_walkspace_kyoto_h23""]","Official source row and source-provided coordinates only; current opening, entrance, accessibility, safety, and disaster usability are not inferred.",2,FACILITY_WITH_SOURCE_COORDINATES,,,,,,true,false
kyoto_kiyomizu:facility:kyoto_public_toilets_00307:Ａ－１０:facility.operation_status,kyoto_kiyomizu,kiyomizu_gion,facility,kyoto_public_toilets_00307:Ａ－１０,facility.operation_status,UNKNOWN,,,,UNKNOWN,OFFICIAL_QUERY,"Facility equipment, entrance, width, slope and operation are not inferred.",reports/PHASE4_DATA_ACQUISITION_MATRIX.csv,"[""kyoto_public_toilets_00307"",""kyoto_public_toilets_00307_landing"",""mlit_walkspace_kyoto_h23""]","Official source row and source-provided coordinates only; current opening, entrance, accessibility, safety, and disaster usability are not inferred.",2,FACILITY_WITH_SOURCE_COORDINATES,,,,,,true,false
kyoto_kiyomizu:facility:kyoto_public_toilets_00307:Ａ－１０:facility.safety_status,kyoto_kiyomizu,kiyomizu_gion,facility,kyoto_public_toilets_00307:Ａ－１０,facility.safety_status,UNKNOWN,,,,UNKNOWN,OFFICIAL_QUERY,"Facility equipment, entrance, width, slope and operation are not inferred.",reports/PHASE4_DATA_ACQUISITION_MATRIX.csv,"[""kyoto_public_toilets_00307"",""kyoto_public_toilets_00307_landing"",""mlit_walkspace_kyoto_h23""]","Official source row and source-provided coordinates only; current opening, entrance, accessibility, safety, and disaster usability are not inferred.",2,FACILITY_WITH_SOURCE_COORDINATES,,,,,,true,false
kyoto_kiyomizu:facility:kyoto_public_toilets_00307:Ａ－１１:facility.accessibility_status,kyoto_kiyomizu,kiyomizu_gion,facility,kyoto_public_toilets_00307:Ａ－１１,facility.accessibility_status,UNKNOWN,,,,UNKNOWN,OFFICIAL_QUERY,"Facility equipment, entrance, width, slope and operation are not inferred.",reports/PHASE4_DATA_ACQUISITION_MATRIX.csv,"[""kyoto_public_toilets_00307"",""kyoto_public_toilets_00307_landing"",""mlit_walkspace_kyoto_h23""]","Official source row and source-provided coordinates only; current opening, entrance, accessibility, safety, and disaster usability are not inferred.",2,FACILITY_WITH_SOURCE_COORDINATES,,,,,,true,false
kyoto_kiyomizu:facility:kyoto_public_toilets_00307:Ａ－１１:facility.coordinate,kyoto_kiyomizu,kiyomizu_gion,facility,kyoto_public_toilets_00307:Ａ－１１,facility.coordinate,CONFIRMED,kyoto_public_toilets_00307,2026-03-06,f201527c7a822a62e098f1313898ba0871ccdb3db2c00f47484cf8847d7ef312,,NOT_APPLICABLE,NO_TARGET_IN_RECEIPTS,inputs/staging/KYOTO-OFFICIAL-PARITY-V1/facility_records.json,[],"Official source row and source-provided coordinates only; current opening, entrance, accessibility, safety, and disaster usability are not inferred.",2,FACILITY_WITH_SOURCE_COORDINATES,,,,,,true,false
kyoto_kiyomizu:facility:kyoto_public_toilets_00307:Ａ－１１:facility.entrance_status,kyoto_kiyomizu,kiyomizu_gion,facility,kyoto_public_toilets_00307:Ａ－１１,facility.entrance_status,UNKNOWN,,,,UNKNOWN,OFFICIAL_QUERY,"Facility equipment, entrance, width, slope and operation are not inferred.",reports/PHASE4_DATA_ACQUISITION_MATRIX.csv,"[""kyoto_public_toilets_00307"",""kyoto_public_toilets_00307_landing"",""mlit_walkspace_kyoto_h23""]","Official source row and source-provided coordinates only; current opening, entrance, accessibility, safety, and disaster usability are not inferred.",2,FACILITY_WITH_SOURCE_COORDINATES,,,,,,true,false
kyoto_kiyomizu:facility:kyoto_public_toilets_00307:Ａ－１１:facility.operation_status,kyoto_kiyomizu,kiyomizu_gion,facility,kyoto_public_toilets_00307:Ａ－１１,facility.operation_status,UNKNOWN,,,,UNKNOWN,OFFICIAL_QUERY,"Facility equipment, entrance, width, slope and operation are not inferred.",reports/PHASE4_DATA_ACQUISITION_MATRIX.csv,"[""kyoto_public_toilets_00307"",""kyoto_public_toilets_00307_landing"",""mlit_walkspace_kyoto_h23""]","Official source row and source-provided coordinates only; current opening, entrance, accessibility, safety, and disaster usability are not inferred.",2,FACILITY_WITH_SOURCE_COORDINATES,,,,,,true,false
kyoto_kiyomizu:facility:kyoto_public_toilets_00307:Ａ－１１:facility.safety_status,kyoto_kiyomizu,kiyomizu_gion,facility,kyoto_public_toilets_00307:Ａ－１１,facility.safety_status,UNKNOWN,,,,UNKNOWN,OFFICIAL_QUERY,"Facility equipment, entrance, width, slope and operation are not inferred.",reports/PHASE4_DATA_ACQUISITION_MATRIX.csv,"[""kyoto_public_toilets_00307"",""kyoto_public_toilets_00307_landing"",""mlit_walkspace_kyoto_h23""]","Official source row and source-provided coordinates only; current opening, entrance, accessibility, safety, and disaster usability are not inferred.",2,FACILITY_WITH_SOURCE_COORDINATES,,,,,,true,false
kyoto_kiyomizu:facility:kyoto_public_toilets_00307:Ａ－１２:facility.accessibility_status,kyoto_kiyomizu,kiyomizu_gion,facility,kyoto_public_toilets_00307:Ａ－１２,facility.accessibility_status,UNKNOWN,,,,UNKNOWN,OFFICIAL_QUERY,"Facility equipment, entrance, width, slope and operation are not inferred.",reports/PHASE4_DATA_ACQUISITION_MATRIX.csv,"[""kyoto_public_toilets_00307"",""kyoto_public_toilets_00307_landing"",""mlit_walkspace_kyoto_h23""]","Official source row and source-provided coordinates only; current opening, entrance, accessibility, safety, and disaster usability are not inferred.",2,FACILITY_WITH_SOURCE_COORDINATES,,,,,,true,false
kyoto_kiyomizu:facility:kyoto_public_toilets_00307:Ａ－１２:facility.coordinate,kyoto_kiyomizu,kiyomizu_gion,facility,kyoto_public_toilets_00307:Ａ－１２,facility.coordinate,CONFIRMED,kyoto_public_toilets_00307,2026-03-06,f201527c7a822a62e098f1313898ba0871ccdb3db2c00f47484cf8847d7ef312,,NOT_APPLICABLE,NO_TARGET_IN_RECEIPTS,inputs/staging/KYOTO-OFFICIAL-PARITY-V1/facility_records.json,[],"Official source row and source-provided coordinates only; current opening, entrance, accessibility, safety, and disaster usability are not inferred.",2,FACILITY_WITH_SOURCE_COORDINATES,,,,,,true,false
kyoto_kiyomizu:facility:kyoto_public_toilets_00307:Ａ－１２:facility.entrance_status,kyoto_kiyomizu,kiyomizu_gion,facility,kyoto_public_toilets_00307:Ａ－１２,facility.entrance_status,UNKNOWN,,,,UNKNOWN,OFFICIAL_QUERY,"Facility equipment, entrance, width, slope and operation are not inferred.",reports/PHASE4_DATA_ACQUISITION_MATRIX.csv,"[""kyoto_public_toilets_00307"",""kyoto_public_toilets_00307_landing"",""mlit_walkspace_kyoto_h23""]","Official source row and source-provided coordinates only; current opening, entrance, accessibility, safety, and disaster usability are not inferred.",2,FACILITY_WITH_SOURCE_COORDINATES,,,,,,true,false
kyoto_kiyomizu:facility:kyoto_public_toilets_00307:Ａ－１２:facility.operation_status,kyoto_kiyomizu,kiyomizu_gion,facility,kyoto_public_toilets_00307:Ａ－１２,facility.operation_status,UNKNOWN,,,,UNKNOWN,OFFICIAL_QUERY,"Facility equipment, entrance, width, slope and operation are not inferred.",reports/PHASE4_DATA_ACQUISITION_MATRIX.csv,"[""kyoto_public_toilets_00307"",""kyoto_public_toilets_00307_landing"",""mlit_walkspace_kyoto_h23""]","Official source row and source-provided coordinates only; current opening, entrance, accessibility, safety, and disaster usability are not inferred.",2,FACILITY_WITH_SOURCE_COORDINATES,,,,,,true,false
kyoto_kiyomizu:facility:kyoto_public_toilets_00307:Ａ－１２:facility.safety_status,kyoto_kiyomizu,kiyomizu_gion,facility,kyoto_public_toilets_00307:Ａ－１２,facility.safety_status,UNKNOWN,,,,UNKNOWN,OFFICIAL_QUERY,"Facility equipment, entrance, width, slope and operation are not inferred.",reports/PHASE4_DATA_ACQUISITION_MATRIX.csv,"[""kyoto_public_toilets_00307"",""kyoto_public_toilets_00307_landing"",""mlit_walkspace_kyoto_h23""]","Official source row and source-provided coordinates only; current opening, entrance, accessibility, safety, and disaster usability are not inferred.",2,FACILITY_WITH_SOURCE_COORDINATES,,,,,,true,false
kyoto_kiyomizu:facility:kyoto_public_toilets_00307:Ａ－１３:facility.accessibility_status,kyoto_kiyomizu,kiyomizu_gion,facility,kyoto_public_toilets_00307:Ａ－１３,facility.accessibility_status,UNKNOWN,,,,UNKNOWN,OFFICIAL_QUERY,"Facility equipment, entrance, width, slope and operation are not inferred.",reports/PHASE4_DATA_ACQUISITION_MATRIX.csv,"[""kyoto_public_toilets_00307"",""kyoto_public_toilets_00307_landing"",""mlit_walkspace_kyoto_h23""]","Official source row and source-provided coordinates only; current opening, entrance, accessibility, safety, and disaster usability are not inferred.",2,FACILITY_WITH_SOURCE_COORDINATES,,,,,,true,false
kyoto_kiyomizu:facility:kyoto_public_toilets_00307:Ａ－１３:facility.coordinate,kyoto_kiyomizu,kiyomizu_gion,facility,kyoto_public_toilets_00307:Ａ－１３,facility.coordinate,CONFIRMED,kyoto_public_toilets_00307,2026-03-06,f201527c7a822a62e098f1313898ba0871ccdb3db2c00f47484cf8847d7ef312,,NOT_APPLICABLE,NO_TARGET_IN_RECEIPTS,inputs/staging/KYOTO-OFFICIAL-PARITY-V1/facility_records.json,[],"Official source row and source-provided coordinates only; current opening, entrance, accessibility, safety, and disaster usability are not inferred.",2,FACILITY_WITH_SOURCE_COORDINATES,,,,,,true,false
kyoto_kiyomizu:facility:kyoto_public_toilets_00307:Ａ－１３:facility.entrance_status,kyoto_kiyomizu,kiyomizu_gion,facility,kyoto_public_toilets_00307:Ａ－１３,facility.entrance_status,UNKNOWN,,,,UNKNOWN,OFFICIAL_QUERY,"Facility equipment, entrance, width, slope and operation are not inferred.",reports/PHASE4_DATA_ACQUISITION_MATRIX.csv,"[""kyoto_public_toilets_00307"",""kyoto_public_toilets_00307_landing"",""mlit_walkspace_kyoto_h23""]","Official source row and source-provided coordinates only; current opening, entrance, accessibility, safety, and disaster usability are not inferred.",2,FACILITY_WITH_SOURCE_COORDINATES,,,,,,true,false
kyoto_kiyomizu:facility:kyoto_public_toilets_00307:Ａ－１３:facility.operation_status,kyoto_kiyomizu,kiyomizu_gion,facility,kyoto_public_toilets_00307:Ａ－１３,facility.operation_status,UNKNOWN,,,,UNKNOWN,OFFICIAL_QUERY,"Facility equipment, entrance, width, slope and operation are not inferred.",reports/PHASE4_DATA_ACQUISITION_MATRIX.csv,"[""kyoto_public_toilets_00307"",""kyoto_public_toilets_00307_landing"",""mlit_walkspace_kyoto_h23""]","Official source row and source-provided coordinates only; current opening, entrance, accessibility, safety, and disaster usability are not inferred.",2,FACILITY_WITH_SOURCE_COORDINATES,,,,,,true,false
kyoto_kiyomizu:facility:kyoto_public_toilets_00307:Ａ－１３:facility.safety_status,kyoto_kiyomizu,kiyomizu_gion,facility,kyoto_public_toilets_00307:Ａ－１３,facility.safety_status,UNKNOWN,,,,UNKNOWN,OFFICIAL_QUERY,"Facility equipment, entrance, width, slope and operation are not inferred.",reports/PHASE4_DATA_ACQUISITION_MATRIX.csv,"[""kyoto_public_toilets_00307"",""kyoto_public_toilets_00307_landing"",""mlit_walkspace_kyoto_h23""]","Official source row and source-provided coordinates only; current opening, entrance, accessibility, safety, and disaster usability are not inferred.",2,FACILITY_WITH_SOURCE_COORDINATES,,,,,,true,false
kyoto_kiyomizu:facility:kyoto_public_toilets_00307:Ａ－２:facility.accessibility_status,kyoto_kiyomizu,kiyomizu_gion,facility,kyoto_public_toilets_00307:Ａ－２,facility.accessibility_status,UNKNOWN,,,,UNKNOWN,OFFICIAL_QUERY,"Facility equipment, entrance, width, slope and operation are not inferred.",reports/PHASE4_DATA_ACQUISITION_MATRIX.csv,"[""kyoto_public_toilets_00307"",""kyoto_public_toilets_00307_landing"",""mlit_walkspace_kyoto_h23""]","Official source row and source-provided coordinates only; current opening, entrance, accessibility, safety, and disaster usability are not inferred.",2,FACILITY_WITH_SOURCE_COORDINATES,,,,,,true,false
kyoto_kiyomizu:facility:kyoto_public_toilets_00307:Ａ－２:facility.coordinate,kyoto_kiyomizu,kiyomizu_gion,facility,kyoto_public_toilets_00307:Ａ－２,facility.coordinate,CONFIRMED,kyoto_public_toilets_00307,2026-03-06,f201527c7a822a62e098f1313898ba0871ccdb3db2c00f47484cf8847d7ef312,,NOT_APPLICABLE,NO_TARGET_IN_RECEIPTS,inputs/staging/KYOTO-OFFICIAL-PARITY-V1/facility_records.json,[],"Official source row and source-provided coordinates only; current opening, entrance, accessibility, safety, and disaster usability are not inferred.",2,FACILITY_WITH_SOURCE_COORDINATES,,,,,,true,false
kyoto_kiyomizu:facility:kyoto_public_toilets_00307:Ａ－２:facility.entrance_status,kyoto_kiyomizu,kiyomizu_gion,facility,kyoto_public_toilets_00307:Ａ－２,facility.entrance_status,UNKNOWN,,,,UNKNOWN,OFFICIAL_QUERY,"Facility equipment, entrance, width, slope and operation are not inferred.",reports/PHASE4_DATA_ACQUISITION_MATRIX.csv,"[""kyoto_public_toilets_00307"",""kyoto_public_toilets_00307_landing"",""mlit_walkspace_kyoto_h23""]","Official source row and source-provided coordinates only; current opening, entrance, accessibility, safety, and disaster usability are not inferred.",2,FACILITY_WITH_SOURCE_COORDINATES,,,,,,true,false
kyoto_kiyomizu:facility:kyoto_public_toilets_00307:Ａ－２:facility.operation_status,kyoto_kiyomizu,kiyomizu_gion,facility,kyoto_public_toilets_00307:Ａ－２,facility.operation_status,UNKNOWN,,,,UNKNOWN,OFFICIAL_QUERY,"Facility equipment, entrance, width, slope and operation are not inferred.",reports/PHASE4_DATA_ACQUISITION_MATRIX.csv,"[""kyoto_public_toilets_00307"",""kyoto_public_toilets_00307_landing"",""mlit_walkspace_kyoto_h23""]","Official source row and source-provided coordinates only; current opening, entrance, accessibility, safety, and disaster usability are not inferred.",2,FACILITY_WITH_SOURCE_COORDINATES,,,,,,true,false
kyoto_kiyomizu:facility:kyoto_public_toilets_00307:Ａ－２:facility.safety_status,kyoto_kiyomizu,kiyomizu_gion,facility,kyoto_public_toilets_00307:Ａ－２,facility.safety_status,UNKNOWN,,,,UNKNOWN,OFFICIAL_QUERY,"Facility equipment, entrance, width, slope and operation are not inferred.",reports/PHASE4_DATA_ACQUISITION_MATRIX.csv,"[""kyoto_public_toilets_00307"",""kyoto_public_toilets_00307_landing"",""mlit_walkspace_kyoto_h23""]","Official source row and source-provided coordinates only; current opening, entrance, accessibility, safety, and disaster usability are not inferred.",2,FACILITY_WITH_SOURCE_COORDINATES,,,,,,true,false
kyoto_kiyomizu:facility:kyoto_public_toilets_00307:Ａ－３:facility.accessibility_status,kyoto_kiyomizu,kiyomizu_gion,facility,kyoto_public_toilets_00307:Ａ－３,facility.accessibility_status,UNKNOWN,,,,UNKNOWN,OFFICIAL_QUERY,"Facility equipment, entrance, width, slope and operation are not inferred.",reports/PHASE4_DATA_ACQUISITION_MATRIX.csv,"[""kyoto_public_toilets_00307"",""kyoto_public_toilets_00307_landing"",""mlit_walkspace_kyoto_h23""]","Official source row and source-provided coordinates only; current opening, entrance, accessibility, safety, and disaster usability are not inferred.",2,FACILITY_WITH_SOURCE_COORDINATES,,,,,,true,false
kyoto_kiyomizu:facility:kyoto_public_toilets_00307:Ａ－３:facility.coordinate,kyoto_kiyomizu,kiyomizu_gion,facility,kyoto_public_toilets_00307:Ａ－３,facility.coordinate,CONFIRMED,kyoto_public_toilets_00307,2026-03-06,f201527c7a822a62e098f1313898ba0871ccdb3db2c00f47484cf8847d7ef312,,NOT_APPLICABLE,NO_TARGET_IN_RECEIPTS,inputs/staging/KYOTO-OFFICIAL-PARITY-V1/facility_records.json,[],"Official source row and source-provided coordinates only; current opening, entrance, accessibility, safety, and disaster usability are not inferred.",2,FACILITY_WITH_SOURCE_COORDINATES,,,,,,true,false
kyoto_kiyomizu:facility:kyoto_public_toilets_00307:Ａ－３:facility.entrance_status,kyoto_kiyomizu,kiyomizu_gion,facility,kyoto_public_toilets_00307:Ａ－３,facility.entrance_status,UNKNOWN,,,,UNKNOWN,OFFICIAL_QUERY,"Facility equipment, entrance, width, slope and operation are not inferred.",reports/PHASE4_DATA_ACQUISITION_MATRIX.csv,"[""kyoto_public_toilets_00307"",""kyoto_public_toilets_00307_landing"",""mlit_walkspace_kyoto_h23""]","Official source row and source-provided coordinates only; current opening, entrance, accessibility, safety, and disaster usability are not inferred.",2,FACILITY_WITH_SOURCE_COORDINATES,,,,,,true,false
kyoto_kiyomizu:facility:kyoto_public_toilets_00307:Ａ－３:facility.operation_status,kyoto_kiyomizu,kiyomizu_gion,facility,kyoto_public_toilets_00307:Ａ－３,facility.operation_status,UNKNOWN,,,,UNKNOWN,OFFICIAL_QUERY,"Facility equipment, entrance, width, slope and operation are not inferred.",reports/PHASE4_DATA_ACQUISITION_MATRIX.csv,"[""kyoto_public_toilets_00307"",""kyoto_public_toilets_00307_landing"",""mlit_walkspace_kyoto_h23""]","Official source row and source-provided coordinates only; current opening, entrance, accessibility, safety, and disaster usability are not inferred.",2,FACILITY_WITH_SOURCE_COORDINATES,,,,,,true,false
kyoto_kiyomizu:facility:kyoto_public_toilets_00307:Ａ－３:facility.safety_status,kyoto_kiyomizu,kiyomizu_gion,facility,kyoto_public_toilets_00307:Ａ－３,facility.safety_status,UNKNOWN,,,,UNKNOWN,OFFICIAL_QUERY,"Facility equipment, entrance, width, slope and operation are not inferred.",reports/PHASE4_DATA_ACQUISITION_MATRIX.csv,"[""kyoto_public_toilets_00307"",""kyoto_public_toilets_00307_landing"",""mlit_walkspace_kyoto_h23""]","Official source row and source-provided coordinates only; current opening, entrance, accessibility, safety, and disaster usability are not inferred.",2,FACILITY_WITH_SOURCE_COORDINATES,,,,,,true,false
kyoto_kiyomizu:facility:kyoto_public_toilets_00307:Ａ－４:facility.accessibility_status,kyoto_kiyomizu,kiyomizu_gion,facility,kyoto_public_toilets_00307:Ａ－４,facility.accessibility_status,UNKNOWN,,,,UNKNOWN,OFFICIAL_QUERY,"Facility equipment, entrance, width, slope and operation are not inferred.",reports/PHASE4_DATA_ACQUISITION_MATRIX.csv,"[""kyoto_public_toilets_00307"",""kyoto_public_toilets_00307_landing"",""mlit_walkspace_kyoto_h23""]","Official source row and source-provided coordinates only; current opening, entrance, accessibility, safety, and disaster usability are not inferred.",2,FACILITY_WITH_SOURCE_COORDINATES,,,,,,true,false
kyoto_kiyomizu:facility:kyoto_public_toilets_00307:Ａ－４:facility.coordinate,kyoto_kiyomizu,kiyomizu_gion,facility,kyoto_public_toilets_00307:Ａ－４,facility.coordinate,CONFIRMED,kyoto_public_toilets_00307,2026-03-06,f201527c7a822a62e098f1313898ba0871ccdb3db2c00f47484cf8847d7ef312,,NOT_APPLICABLE,NO_TARGET_IN_RECEIPTS,inputs/staging/KYOTO-OFFICIAL-PARITY-V1/facility_records.json,[],"Official source row and source-provided coordinates only; current opening, entrance, accessibility, safety, and disaster usability are not inferred.",2,FACILITY_WITH_SOURCE_COORDINATES,,,,,,true,false
kyoto_kiyomizu:facility:kyoto_public_toilets_00307:Ａ－４:facility.entrance_status,kyoto_kiyomizu,kiyomizu_gion,facility,kyoto_public_toilets_00307:Ａ－４,facility.entrance_status,UNKNOWN,,,,UNKNOWN,OFFICIAL_QUERY,"Facility equipment, entrance, width, slope and operation are not inferred.",reports/PHASE4_DATA_ACQUISITION_MATRIX.csv,"[""kyoto_public_toilets_00307"",""kyoto_public_toilets_00307_landing"",""mlit_walkspace_kyoto_h23""]","Official source row and source-provided coordinates only; current opening, entrance, accessibility, safety, and disaster usability are not inferred.",2,FACILITY_WITH_SOURCE_COORDINATES,,,,,,true,false
kyoto_kiyomizu:facility:kyoto_public_toilets_00307:Ａ－４:facility.operation_status,kyoto_kiyomizu,kiyomizu_gion,facility,kyoto_public_toilets_00307:Ａ－４,facility.operation_status,UNKNOWN,,,,UNKNOWN,OFFICIAL_QUERY,"Facility equipment, entrance, width, slope and operation are not inferred.",reports/PHASE4_DATA_ACQUISITION_MATRIX.csv,"[""kyoto_public_toilets_00307"",""kyoto_public_toilets_00307_landing"",""mlit_walkspace_kyoto_h23""]","Official source row and source-provided coordinates only; current opening, entrance, accessibility, safety, and disaster usability are not inferred.",2,FACILITY_WITH_SOURCE_COORDINATES,,,,,,true,false
kyoto_kiyomizu:facility:kyoto_public_toilets_00307:Ａ－４:facility.safety_status,kyoto_kiyomizu,kiyomizu_gion,facility,kyoto_public_toilets_00307:Ａ－４,facility.safety_status,UNKNOWN,,,,UNKNOWN,OFFICIAL_QUERY,"Facility equipment, entrance, width, slope and operation are not inferred.",reports/PHASE4_DATA_ACQUISITION_MATRIX.csv,"[""kyoto_public_toilets_00307"",""kyoto_public_toilets_00307_landing"",""mlit_walkspace_kyoto_h23""]","Official source row and source-provided coordinates only; current opening, entrance, accessibility, safety, and disaster usability are not inferred.",2,FACILITY_WITH_SOURCE_COORDINATES,,,,,,true,false
kyoto_kiyomizu:facility:kyoto_public_toilets_00307:Ａ－５:facility.accessibility_status,kyoto_kiyomizu,kiyomizu_gion,facility,kyoto_public_toilets_00307:Ａ－５,facility.accessibility_status,UNKNOWN,,,,UNKNOWN,OFFICIAL_QUERY,"Facility equipment, entrance, width, slope and operation are not inferred.",reports/PHASE4_DATA_ACQUISITION_MATRIX.csv,"[""kyoto_public_toilets_00307"",""kyoto_public_toilets_00307_landing"",""mlit_walkspace_kyoto_h23""]","Official source row and source-provided coordinates only; current opening, entrance, accessibility, safety, and disaster usability are not inferred.",2,FACILITY_WITH_SOURCE_COORDINATES,,,,,,true,false
kyoto_kiyomizu:facility:kyoto_public_toilets_00307:Ａ－５:facility.coordinate,kyoto_kiyomizu,kiyomizu_gion,facility,kyoto_public_toilets_00307:Ａ－５,facility.coordinate,CONFIRMED,kyoto_public_toilets_00307,2026-03-06,f201527c7a822a62e098f1313898ba0871ccdb3db2c00f47484cf8847d7ef312,,NOT_APPLICABLE,NO_TARGET_IN_RECEIPTS,inputs/staging/KYOTO-OFFICIAL-PARITY-V1/facility_records.json,[],"Official source row and source-provided coordinates only; current opening, entrance, accessibility, safety, and disaster usability are not inferred.",2,FACILITY_WITH_SOURCE_COORDINATES,,,,,,true,false
kyoto_kiyomizu:facility:kyoto_public_toilets_00307:Ａ－５:facility.entrance_status,kyoto_kiyomizu,kiyomizu_gion,facility,kyoto_public_toilets_00307:Ａ－５,facility.entrance_status,UNKNOWN,,,,UNKNOWN,OFFICIAL_QUERY,"Facility equipment, entrance, width, slope and operation are not inferred.",reports/PHASE4_DATA_ACQUISITION_MATRIX.csv,"[""kyoto_public_toilets_00307"",""kyoto_public_toilets_00307_landing"",""mlit_walkspace_kyoto_h23""]","Official source row and source-provided coordinates only; current opening, entrance, accessibility, safety, and disaster usability are not inferred.",2,FACILITY_WITH_SOURCE_COORDINATES,,,,,,true,false
kyoto_kiyomizu:facility:kyoto_public_toilets_00307:Ａ－５:facility.operation_status,kyoto_kiyomizu,kiyomizu_gion,facility,kyoto_public_toilets_00307:Ａ－５,facility.operation_status,UNKNOWN,,,,UNKNOWN,OFFICIAL_QUERY,"Facility equipment, entrance, width, slope and operation are not inferred.",reports/PHASE4_DATA_ACQUISITION_MATRIX.csv,"[""kyoto_public_toilets_00307"",""kyoto_public_toilets_00307_landing"",""mlit_walkspace_kyoto_h23""]","Official source row and source-provided coordinates only; current opening, entrance, accessibility, safety, and disaster usability are not inferred.",2,FACILITY_WITH_SOURCE_COORDINATES,,,,,,true,false
kyoto_kiyomizu:facility:kyoto_public_toilets_00307:Ａ－５:facility.safety_status,kyoto_kiyomizu,kiyomizu_gion,facility,kyoto_public_toilets_00307:Ａ－５,facility.safety_status,UNKNOWN,,,,UNKNOWN,OFFICIAL_QUERY,"Facility equipment, entrance, width, slope and operation are not inferred.",reports/PHASE4_DATA_ACQUISITION_MATRIX.csv,"[""kyoto_public_toilets_00307"",""kyoto_public_toilets_00307_landing"",""mlit_walkspace_kyoto_h23""]","Official source row and source-provided coordinates only; current opening, entrance, accessibility, safety, and disaster usability are not inferred.",2,FACILITY_WITH_SOURCE_COORDINATES,,,,,,true,false
kyoto_kiyomizu:facility:kyoto_public_toilets_00307:Ａ－６:facility.accessibility_status,kyoto_kiyomizu,kiyomizu_gion,facility,kyoto_public_toilets_00307:Ａ－６,facility.accessibility_status,UNKNOWN,,,,UNKNOWN,OFFICIAL_QUERY,"Facility equipment, entrance, width, slope and operation are not inferred.",reports/PHASE4_DATA_ACQUISITION_MATRIX.csv,"[""kyoto_public_toilets_00307"",""kyoto_public_toilets_00307_landing"",""mlit_walkspace_kyoto_h23""]","Official source row and source-provided coordinates only; current opening, entrance, accessibility, safety, and disaster usability are not inferred.",2,FACILITY_WITH_SOURCE_COORDINATES,,,,,,true,false
kyoto_kiyomizu:facility:kyoto_public_toilets_00307:Ａ－６:facility.coordinate,kyoto_kiyomizu,kiyomizu_gion,facility,kyoto_public_toilets_00307:Ａ－６,facility.coordinate,CONFIRMED,kyoto_public_toilets_00307,2026-03-06,f201527c7a822a62e098f1313898ba0871ccdb3db2c00f47484cf8847d7ef312,,NOT_APPLICABLE,NO_TARGET_IN_RECEIPTS,inputs/staging/KYOTO-OFFICIAL-PARITY-V1/facility_records.json,[],"Official source row and source-provided coordinates only; current opening, entrance, accessibility, safety, and disaster usability are not inferred.",2,FACILITY_WITH_SOURCE_COORDINATES,,,,,,true,false
kyoto_kiyomizu:facility:kyoto_public_toilets_00307:Ａ－６:facility.entrance_status,kyoto_kiyomizu,kiyomizu_gion,facility,kyoto_public_toilets_00307:Ａ－６,facility.entrance_status,UNKNOWN,,,,UNKNOWN,OFFICIAL_QUERY,"Facility equipment, entrance, width, slope and operation are not inferred.",reports/PHASE4_DATA_ACQUISITION_MATRIX.csv,"[""kyoto_public_toilets_00307"",""kyoto_public_toilets_00307_landing"",""mlit_walkspace_kyoto_h23""]","Official source row and source-provided coordinates only; current opening, entrance, accessibility, safety, and disaster usability are not inferred.",2,FACILITY_WITH_SOURCE_COORDINATES,,,,,,true,false
kyoto_kiyomizu:facility:kyoto_public_toilets_00307:Ａ－６:facility.operation_status,kyoto_kiyomizu,kiyomizu_gion,facility,kyoto_public_toilets_00307:Ａ－６,facility.operation_status,UNKNOWN,,,,UNKNOWN,OFFICIAL_QUERY,"Facility equipment, entrance, width, slope and operation are not inferred.",reports/PHASE4_DATA_ACQUISITION_MATRIX.csv,"[""kyoto_public_toilets_00307"",""kyoto_public_toilets_00307_landing"",""mlit_walkspace_kyoto_h23""]","Official source row and source-provided coordinates only; current opening, entrance, accessibility, safety, and disaster usability are not inferred.",2,FACILITY_WITH_SOURCE_COORDINATES,,,,,,true,false
kyoto_kiyomizu:facility:kyoto_public_toilets_00307:Ａ－６:facility.safety_status,kyoto_kiyomizu,kiyomizu_gion,facility,kyoto_public_toilets_00307:Ａ－６,facility.safety_status,UNKNOWN,,,,UNKNOWN,OFFICIAL_QUERY,"Facility equipment, entrance, width, slope and operation are not inferred.",reports/PHASE4_DATA_ACQUISITION_MATRIX.csv,"[""kyoto_public_toilets_00307"",""kyoto_public_toilets_00307_landing"",""mlit_walkspace_kyoto_h23""]","Official source row and source-provided coordinates only; current opening, entrance, accessibility, safety, and disaster usability are not inferred.",2,FACILITY_WITH_SOURCE_COORDINATES,,,,,,true,false
kyoto_kiyomizu:facility:kyoto_public_toilets_00307:Ａ－７:facility.accessibility_status,kyoto_kiyomizu,kiyomizu_gion,facility,kyoto_public_toilets_00307:Ａ－７,facility.accessibility_status,UNKNOWN,,,,UNKNOWN,OFFICIAL_QUERY,"Facility equipment, entrance, width, slope and operation are not inferred.",reports/PHASE4_DATA_ACQUISITION_MATRIX.csv,"[""kyoto_public_toilets_00307"",""kyoto_public_toilets_00307_landing"",""mlit_walkspace_kyoto_h23""]","Official source row and source-provided coordinates only; current opening, entrance, accessibility, safety, and disaster usability are not inferred.",2,FACILITY_WITH_SOURCE_COORDINATES,,,,,,true,false
kyoto_kiyomizu:facility:kyoto_public_toilets_00307:Ａ－７:facility.coordinate,kyoto_kiyomizu,kiyomizu_gion,facility,kyoto_public_toilets_00307:Ａ－７,facility.coordinate,CONFIRMED,kyoto_public_toilets_00307,2026-03-06,f201527c7a822a62e098f1313898ba0871ccdb3db2c00f47484cf8847d7ef312,,NOT_APPLICABLE,NO_TARGET_IN_RECEIPTS,inputs/staging/KYOTO-OFFICIAL-PARITY-V1/facility_records.json,[],"Official source row and source-provided coordinates only; current opening, entrance, accessibility, safety, and disaster usability are not inferred.",2,FACILITY_WITH_SOURCE_COORDINATES,,,,,,true,false
kyoto_kiyomizu:facility:kyoto_public_toilets_00307:Ａ－７:facility.entrance_status,kyoto_kiyomizu,kiyomizu_gion,facility,kyoto_public_toilets_00307:Ａ－７,facility.entrance_status,UNKNOWN,,,,UNKNOWN,OFFICIAL_QUERY,"Facility equipment, entrance, width, slope and operation are not inferred.",reports/PHASE4_DATA_ACQUISITION_MATRIX.csv,"[""kyoto_public_toilets_00307"",""kyoto_public_toilets_00307_landing"",""mlit_walkspace_kyoto_h23""]","Official source row and source-provided coordinates only; current opening, entrance, accessibility, safety, and disaster usability are not inferred.",2,FACILITY_WITH_SOURCE_COORDINATES,,,,,,true,false
kyoto_kiyomizu:facility:kyoto_public_toilets_00307:Ａ－７:facility.operation_status,kyoto_kiyomizu,kiyomizu_gion,facility,kyoto_public_toilets_00307:Ａ－７,facility.operation_status,UNKNOWN,,,,UNKNOWN,OFFICIAL_QUERY,"Facility equipment, entrance, width, slope and operation are not inferred.",reports/PHASE4_DATA_ACQUISITION_MATRIX.csv,"[""kyoto_public_toilets_00307"",""kyoto_public_toilets_00307_landing"",""mlit_walkspace_kyoto_h23""]","Official source row and source-provided coordinates only; current opening, entrance, accessibility, safety, and disaster usability are not inferred.",2,FACILITY_WITH_SOURCE_COORDINATES,,,,,,true,false
kyoto_kiyomizu:facility:kyoto_public_toilets_00307:Ａ－７:facility.safety_status,kyoto_kiyomizu,kiyomizu_gion,facility,kyoto_public_toilets_00307:Ａ－７,facility.safety_status,UNKNOWN,,,,UNKNOWN,OFFICIAL_QUERY,"Facility equipment, entrance, width, slope and operation are not inferred.",reports/PHASE4_DATA_ACQUISITION_MATRIX.csv,"[""kyoto_public_toilets_00307"",""kyoto_public_toilets_00307_landing"",""mlit_walkspace_kyoto_h23""]","Official source row and source-provided coordinates only; current opening, entrance, accessibility, safety, and disaster usability are not inferred.",2,FACILITY_WITH_SOURCE_COORDINATES,,,,,,true,false
kyoto_kiyomizu:facility:kyoto_public_toilets_00307:Ａ－８:facility.accessibility_status,kyoto_kiyomizu,kiyomizu_gion,facility,kyoto_public_toilets_00307:Ａ－８,facility.accessibility_status,UNKNOWN,,,,UNKNOWN,OFFICIAL_QUERY,"Facility equipment, entrance, width, slope and operation are not inferred.",reports/PHASE4_DATA_ACQUISITION_MATRIX.csv,"[""kyoto_public_toilets_00307"",""kyoto_public_toilets_00307_landing"",""mlit_walkspace_kyoto_h23""]","Official source row and source-provided coordinates only; current opening, entrance, accessibility, safety, and disaster usability are not inferred.",2,FACILITY_WITH_SOURCE_COORDINATES,,,,,,true,false
kyoto_kiyomizu:facility:kyoto_public_toilets_00307:Ａ－８:facility.coordinate,kyoto_kiyomizu,kiyomizu_gion,facility,kyoto_public_toilets_00307:Ａ－８,facility.coordinate,CONFIRMED,kyoto_public_toilets_00307,2026-03-06,f201527c7a822a62e098f1313898ba0871ccdb3db2c00f47484cf8847d7ef312,,NOT_APPLICABLE,NO_TARGET_IN_RECEIPTS,inputs/staging/KYOTO-OFFICIAL-PARITY-V1/facility_records.json,[],"Official source row and source-provided coordinates only; current opening, entrance, accessibility, safety, and disaster usability are not inferred.",2,FACILITY_WITH_SOURCE_COORDINATES,,,,,,true,false
kyoto_kiyomizu:facility:kyoto_public_toilets_00307:Ａ－８:facility.entrance_status,kyoto_kiyomizu,kiyomizu_gion,facility,kyoto_public_toilets_00307:Ａ－８,facility.entrance_status,UNKNOWN,,,,UNKNOWN,OFFICIAL_QUERY,"Facility equipment, entrance, width, slope and operation are not inferred.",reports/PHASE4_DATA_ACQUISITION_MATRIX.csv,"[""kyoto_public_toilets_00307"",""kyoto_public_toilets_00307_landing"",""mlit_walkspace_kyoto_h23""]","Official source row and source-provided coordinates only; current opening, entrance, accessibility, safety, and disaster usability are not inferred.",2,FACILITY_WITH_SOURCE_COORDINATES,,,,,,true,false
kyoto_kiyomizu:facility:kyoto_public_toilets_00307:Ａ－８:facility.operation_status,kyoto_kiyomizu,kiyomizu_gion,facility,kyoto_public_toilets_00307:Ａ－８,facility.operation_status,UNKNOWN,,,,UNKNOWN,OFFICIAL_QUERY,"Facility equipment, entrance, width, slope and operation are not inferred.",reports/PHASE4_DATA_ACQUISITION_MATRIX.csv,"[""kyoto_public_toilets_00307"",""kyoto_public_toilets_00307_landing"",""mlit_walkspace_kyoto_h23""]","Official source row and source-provided coordinates only; current opening, entrance, accessibility, safety, and disaster usability are not inferred.",2,FACILITY_WITH_SOURCE_COORDINATES,,,,,,true,false
kyoto_kiyomizu:facility:kyoto_public_toilets_00307:Ａ－８:facility.safety_status,kyoto_kiyomizu,kiyomizu_gion,facility,kyoto_public_toilets_00307:Ａ－８,facility.safety_status,UNKNOWN,,,,UNKNOWN,OFFICIAL_QUERY,"Facility equipment, entrance, width, slope and operation are not inferred.",reports/PHASE4_DATA_ACQUISITION_MATRIX.csv,"[""kyoto_public_toilets_00307"",""kyoto_public_toilets_00307_landing"",""mlit_walkspace_kyoto_h23""]","Official source row and source-provided coordinates only; current opening, entrance, accessibility, safety, and disaster usability are not inferred.",2,FACILITY_WITH_SOURCE_COORDINATES,,,,,,true,false
kyoto_kiyomizu:facility:kyoto_public_toilets_00307:Ａ－９:facility.accessibility_status,kyoto_kiyomizu,kiyomizu_gion,facility,kyoto_public_toilets_00307:Ａ－９,facility.accessibility_status,UNKNOWN,,,,UNKNOWN,OFFICIAL_QUERY,"Facility equipment, entrance, width, slope and operation are not inferred.",reports/PHASE4_DATA_ACQUISITION_MATRIX.csv,"[""kyoto_public_toilets_00307"",""kyoto_public_toilets_00307_landing"",""mlit_walkspace_kyoto_h23""]","Official source row and source-provided coordinates only; current opening, entrance, accessibility, safety, and disaster usability are not inferred.",2,FACILITY_WITH_SOURCE_COORDINATES,,,,,,true,false
kyoto_kiyomizu:facility:kyoto_public_toilets_00307:Ａ－９:facility.coordinate,kyoto_kiyomizu,kiyomizu_gion,facility,kyoto_public_toilets_00307:Ａ－９,facility.coordinate,CONFIRMED,kyoto_public_toilets_00307,2026-03-06,f201527c7a822a62e098f1313898ba0871ccdb3db2c00f47484cf8847d7ef312,,NOT_APPLICABLE,NO_TARGET_IN_RECEIPTS,inputs/staging/KYOTO-OFFICIAL-PARITY-V1/facility_records.json,[],"Official source row and source-provided coordinates only; current opening, entrance, accessibility, safety, and disaster usability are not inferred.",2,FACILITY_WITH_SOURCE_COORDINATES,,,,,,true,false
kyoto_kiyomizu:facility:kyoto_public_toilets_00307:Ａ－９:facility.entrance_status,kyoto_kiyomizu,kiyomizu_gion,facility,kyoto_public_toilets_00307:Ａ－９,facility.entrance_status,UNKNOWN,,,,UNKNOWN,OFFICIAL_QUERY,"Facility equipment, entrance, width, slope and operation are not inferred.",reports/PHASE4_DATA_ACQUISITION_MATRIX.csv,"[""kyoto_public_toilets_00307"",""kyoto_public_toilets_00307_landing"",""mlit_walkspace_kyoto_h23""]","Official source row and source-provided coordinates only; current opening, entrance, accessibility, safety, and disaster usability are not inferred.",2,FACILITY_WITH_SOURCE_COORDINATES,,,,,,true,false
kyoto_kiyomizu:facility:kyoto_public_toilets_00307:Ａ－９:facility.operation_status,kyoto_kiyomizu,kiyomizu_gion,facility,kyoto_public_toilets_00307:Ａ－９,facility.operation_status,UNKNOWN,,,,UNKNOWN,OFFICIAL_QUERY,"Facility equipment, entrance, width, slope and operation are not inferred.",reports/PHASE4_DATA_ACQUISITION_MATRIX.csv,"[""kyoto_public_toilets_00307"",""kyoto_public_toilets_00307_landing"",""mlit_walkspace_kyoto_h23""]","Official source row and source-provided coordinates only; current opening, entrance, accessibility, safety, and disaster usability are not inferred.",2,FACILITY_WITH_SOURCE_COORDINATES,,,,,,true,false
kyoto_kiyomizu:facility:kyoto_public_toilets_00307:Ａ－９:facility.safety_status,kyoto_kiyomizu,kiyomizu_gion,facility,kyoto_public_toilets_00307:Ａ－９,facility.safety_status,UNKNOWN,,,,UNKNOWN,OFFICIAL_QUERY,"Facility equipment, entrance, width, slope and operation are not inferred.",reports/PHASE4_DATA_ACQUISITION_MATRIX.csv,"[""kyoto_public_toilets_00307"",""kyoto_public_toilets_00307_landing"",""mlit_walkspace_kyoto_h23""]","Official source row and source-provided coordinates only; current opening, entrance, accessibility, safety, and disaster usability are not inferred.",2,FACILITY_WITH_SOURCE_COORDINATES,,,,,,true,false
kyoto_kiyomizu:facility:kyoto_public_toilets_00307:Ｄ－３:facility.accessibility_status,kyoto_kiyomizu,kiyomizu_gion,facility,kyoto_public_toilets_00307:Ｄ－３,facility.accessibility_status,UNKNOWN,,,,UNKNOWN,OFFICIAL_QUERY,"Facility equipment, entrance, width, slope and operation are not inferred.",reports/PHASE4_DATA_ACQUISITION_MATRIX.csv,"[""kyoto_public_toilets_00307"",""kyoto_public_toilets_00307_landing"",""mlit_walkspace_kyoto_h23""]","Official source row and source-provided coordinates only; current opening, entrance, accessibility, safety, and disaster usability are not inferred.",2,FACILITY_WITH_SOURCE_COORDINATES,,,,,,true,false
kyoto_kiyomizu:facility:kyoto_public_toilets_00307:Ｄ－３:facility.coordinate,kyoto_kiyomizu,kiyomizu_gion,facility,kyoto_public_toilets_00307:Ｄ－３,facility.coordinate,CONFIRMED,kyoto_public_toilets_00307,2026-03-06,f201527c7a822a62e098f1313898ba0871ccdb3db2c00f47484cf8847d7ef312,,NOT_APPLICABLE,NO_TARGET_IN_RECEIPTS,inputs/staging/KYOTO-OFFICIAL-PARITY-V1/facility_records.json,[],"Official source row and source-provided coordinates only; current opening, entrance, accessibility, safety, and disaster usability are not inferred.",2,FACILITY_WITH_SOURCE_COORDINATES,,,,,,true,false
kyoto_kiyomizu:facility:kyoto_public_toilets_00307:Ｄ－３:facility.entrance_status,kyoto_kiyomizu,kiyomizu_gion,facility,kyoto_public_toilets_00307:Ｄ－３,facility.entrance_status,UNKNOWN,,,,UNKNOWN,OFFICIAL_QUERY,"Facility equipment, entrance, width, slope and operation are not inferred.",reports/PHASE4_DATA_ACQUISITION_MATRIX.csv,"[""kyoto_public_toilets_00307"",""kyoto_public_toilets_00307_landing"",""mlit_walkspace_kyoto_h23""]","Official source row and source-provided coordinates only; current opening, entrance, accessibility, safety, and disaster usability are not inferred.",2,FACILITY_WITH_SOURCE_COORDINATES,,,,,,true,false
kyoto_kiyomizu:facility:kyoto_public_toilets_00307:Ｄ－３:facility.operation_status,kyoto_kiyomizu,kiyomizu_gion,facility,kyoto_public_toilets_00307:Ｄ－３,facility.operation_status,UNKNOWN,,,,UNKNOWN,OFFICIAL_QUERY,"Facility equipment, entrance, width, slope and operation are not inferred.",reports/PHASE4_DATA_ACQUISITION_MATRIX.csv,"[""kyoto_public_toilets_00307"",""kyoto_public_toilets_00307_landing"",""mlit_walkspace_kyoto_h23""]","Official source row and source-provided coordinates only; current opening, entrance, accessibility, safety, and disaster usability are not inferred.",2,FACILITY_WITH_SOURCE_COORDINATES,,,,,,true,false
kyoto_kiyomizu:facility:kyoto_public_toilets_00307:Ｄ－３:facility.safety_status,kyoto_kiyomizu,kiyomizu_gion,facility,kyoto_public_toilets_00307:Ｄ－３,facility.safety_status,UNKNOWN,,,,UNKNOWN,OFFICIAL_QUERY,"Facility equipment, entrance, width, slope and operation are not inferred.",reports/PHASE4_DATA_ACQUISITION_MATRIX.csv,"[""kyoto_public_toilets_00307"",""kyoto_public_toilets_00307_landing"",""mlit_walkspace_kyoto_h23""]","Official source row and source-provided coordinates only; current opening, entrance, accessibility, safety, and disaster usability are not inferred.",2,FACILITY_WITH_SOURCE_COORDINATES,,,,,,true,false
kyoto_kiyomizu:facility:kyoto_public_toilets_00307:Ｄ－４:facility.accessibility_status,kyoto_kiyomizu,kiyomizu_gion,facility,kyoto_public_toilets_00307:Ｄ－４,facility.accessibility_status,UNKNOWN,,,,UNKNOWN,OFFICIAL_QUERY,"Facility equipment, entrance, width, slope and operation are not inferred.",reports/PHASE4_DATA_ACQUISITION_MATRIX.csv,"[""kyoto_public_toilets_00307"",""kyoto_public_toilets_00307_landing"",""mlit_walkspace_kyoto_h23""]","Official source row and source-provided coordinates only; current opening, entrance, accessibility, safety, and disaster usability are not inferred.",2,FACILITY_WITH_SOURCE_COORDINATES,,,,,,true,false
kyoto_kiyomizu:facility:kyoto_public_toilets_00307:Ｄ－４:facility.coordinate,kyoto_kiyomizu,kiyomizu_gion,facility,kyoto_public_toilets_00307:Ｄ－４,facility.coordinate,CONFIRMED,kyoto_public_toilets_00307,2026-03-06,f201527c7a822a62e098f1313898ba0871ccdb3db2c00f47484cf8847d7ef312,,NOT_APPLICABLE,NO_TARGET_IN_RECEIPTS,inputs/staging/KYOTO-OFFICIAL-PARITY-V1/facility_records.json,[],"Official source row and source-provided coordinates only; current opening, entrance, accessibility, safety, and disaster usability are not inferred.",2,FACILITY_WITH_SOURCE_COORDINATES,,,,,,true,false
kyoto_kiyomizu:facility:kyoto_public_toilets_00307:Ｄ－４:facility.entrance_status,kyoto_kiyomizu,kiyomizu_gion,facility,kyoto_public_toilets_00307:Ｄ－４,facility.entrance_status,UNKNOWN,,,,UNKNOWN,OFFICIAL_QUERY,"Facility equipment, entrance, width, slope and operation are not inferred.",reports/PHASE4_DATA_ACQUISITION_MATRIX.csv,"[""kyoto_public_toilets_00307"",""kyoto_public_toilets_00307_landing"",""mlit_walkspace_kyoto_h23""]","Official source row and source-provided coordinates only; current opening, entrance, accessibility, safety, and disaster usability are not inferred.",2,FACILITY_WITH_SOURCE_COORDINATES,,,,,,true,false
kyoto_kiyomizu:facility:kyoto_public_toilets_00307:Ｄ－４:facility.operation_status,kyoto_kiyomizu,kiyomizu_gion,facility,kyoto_public_toilets_00307:Ｄ－４,facility.operation_status,UNKNOWN,,,,UNKNOWN,OFFICIAL_QUERY,"Facility equipment, entrance, width, slope and operation are not inferred.",reports/PHASE4_DATA_ACQUISITION_MATRIX.csv,"[""kyoto_public_toilets_00307"",""kyoto_public_toilets_00307_landing"",""mlit_walkspace_kyoto_h23""]","Official source row and source-provided coordinates only; current opening, entrance, accessibility, safety, and disaster usability are not inferred.",2,FACILITY_WITH_SOURCE_COORDINATES,,,,,,true,false
kyoto_kiyomizu:facility:kyoto_public_toilets_00307:Ｄ－４:facility.safety_status,kyoto_kiyomizu,kiyomizu_gion,facility,kyoto_public_toilets_00307:Ｄ－４,facility.safety_status,UNKNOWN,,,,UNKNOWN,OFFICIAL_QUERY,"Facility equipment, entrance, width, slope and operation are not inferred.",reports/PHASE4_DATA_ACQUISITION_MATRIX.csv,"[""kyoto_public_toilets_00307"",""kyoto_public_toilets_00307_landing"",""mlit_walkspace_kyoto_h23""]","Official source row and source-provided coordinates only; current opening, entrance, accessibility, safety, and disaster usability are not inferred.",2,FACILITY_WITH_SOURCE_COORDINATES,,,,,,true,false
kyoto_kiyomizu:facility:kyoto_public_toilets_00307:Ｄ－５:facility.accessibility_status,kyoto_kiyomizu,kiyomizu_gion,facility,kyoto_public_toilets_00307:Ｄ－５,facility.accessibility_status,UNKNOWN,,,,UNKNOWN,OFFICIAL_QUERY,"Facility equipment, entrance, width, slope and operation are not inferred.",reports/PHASE4_DATA_ACQUISITION_MATRIX.csv,"[""kyoto_public_toilets_00307"",""kyoto_public_toilets_00307_landing"",""mlit_walkspace_kyoto_h23""]","Official source row and source-provided coordinates only; current opening, entrance, accessibility, safety, and disaster usability are not inferred.",2,FACILITY_WITH_SOURCE_COORDINATES,,,,,,true,false
kyoto_kiyomizu:facility:kyoto_public_toilets_00307:Ｄ－５:facility.coordinate,kyoto_kiyomizu,kiyomizu_gion,facility,kyoto_public_toilets_00307:Ｄ－５,facility.coordinate,CONFIRMED,kyoto_public_toilets_00307,2026-03-06,f201527c7a822a62e098f1313898ba0871ccdb3db2c00f47484cf8847d7ef312,,NOT_APPLICABLE,NO_TARGET_IN_RECEIPTS,inputs/staging/KYOTO-OFFICIAL-PARITY-V1/facility_records.json,[],"Official source row and source-provided coordinates only; current opening, entrance, accessibility, safety, and disaster usability are not inferred.",2,FACILITY_WITH_SOURCE_COORDINATES,,,,,,true,false
kyoto_kiyomizu:facility:kyoto_public_toilets_00307:Ｄ－５:facility.entrance_status,kyoto_kiyomizu,kiyomizu_gion,facility,kyoto_public_toilets_00307:Ｄ－５,facility.entrance_status,UNKNOWN,,,,UNKNOWN,OFFICIAL_QUERY,"Facility equipment, entrance, width, slope and operation are not inferred.",reports/PHASE4_DATA_ACQUISITION_MATRIX.csv,"[""kyoto_public_toilets_00307"",""kyoto_public_toilets_00307_landing"",""mlit_walkspace_kyoto_h23""]","Official source row and source-provided coordinates only; current opening, entrance, accessibility, safety, and disaster usability are not inferred.",2,FACILITY_WITH_SOURCE_COORDINATES,,,,,,true,false
kyoto_kiyomizu:facility:kyoto_public_toilets_00307:Ｄ－５:facility.operation_status,kyoto_kiyomizu,kiyomizu_gion,facility,kyoto_public_toilets_00307:Ｄ－５,facility.operation_status,UNKNOWN,,,,UNKNOWN,OFFICIAL_QUERY,"Facility equipment, entrance, width, slope and operation are not inferred.",reports/PHASE4_DATA_ACQUISITION_MATRIX.csv,"[""kyoto_public_toilets_00307"",""kyoto_public_toilets_00307_landing"",""mlit_walkspace_kyoto_h23""]","Official source row and source-provided coordinates only; current opening, entrance, accessibility, safety, and disaster usability are not inferred.",2,FACILITY_WITH_SOURCE_COORDINATES,,,,,,true,false
kyoto_kiyomizu:facility:kyoto_public_toilets_00307:Ｄ－５:facility.safety_status,kyoto_kiyomizu,kiyomizu_gion,facility,kyoto_public_toilets_00307:Ｄ－５,facility.safety_status,UNKNOWN,,,,UNKNOWN,OFFICIAL_QUERY,"Facility equipment, entrance, width, slope and operation are not inferred.",reports/PHASE4_DATA_ACQUISITION_MATRIX.csv,"[""kyoto_public_toilets_00307"",""kyoto_public_toilets_00307_landing"",""mlit_walkspace_kyoto_h23""]","Official source row and source-provided coordinates only; current opening, entrance, accessibility, safety, and disaster usability are not inferred.",2,FACILITY_WITH_SOURCE_COORDINATES,,,,,,true,false
kyoto_kiyomizu:facility:kyoto_public_toilets_00307:Ｄ－６:facility.accessibility_status,kyoto_kiyomizu,kiyomizu_gion,facility,kyoto_public_toilets_00307:Ｄ－６,facility.accessibility_status,UNKNOWN,,,,UNKNOWN,OFFICIAL_QUERY,"Facility equipment, entrance, width, slope and operation are not inferred.",reports/PHASE4_DATA_ACQUISITION_MATRIX.csv,"[""kyoto_public_toilets_00307"",""kyoto_public_toilets_00307_landing"",""mlit_walkspace_kyoto_h23""]","Official source row and source-provided coordinates only; current opening, entrance, accessibility, safety, and disaster usability are not inferred.",2,FACILITY_WITH_SOURCE_COORDINATES,,,,,,true,false
kyoto_kiyomizu:facility:kyoto_public_toilets_00307:Ｄ－６:facility.coordinate,kyoto_kiyomizu,kiyomizu_gion,facility,kyoto_public_toilets_00307:Ｄ－６,facility.coordinate,CONFIRMED,kyoto_public_toilets_00307,2026-03-06,f201527c7a822a62e098f1313898ba0871ccdb3db2c00f47484cf8847d7ef312,,NOT_APPLICABLE,NO_TARGET_IN_RECEIPTS,inputs/staging/KYOTO-OFFICIAL-PARITY-V1/facility_records.json,[],"Official source row and source-provided coordinates only; current opening, entrance, accessibility, safety, and disaster usability are not inferred.",2,FACILITY_WITH_SOURCE_COORDINATES,,,,,,true,false
kyoto_kiyomizu:facility:kyoto_public_toilets_00307:Ｄ－６:facility.entrance_status,kyoto_kiyomizu,kiyomizu_gion,facility,kyoto_public_toilets_00307:Ｄ－６,facility.entrance_status,UNKNOWN,,,,UNKNOWN,OFFICIAL_QUERY,"Facility equipment, entrance, width, slope and operation are not inferred.",reports/PHASE4_DATA_ACQUISITION_MATRIX.csv,"[""kyoto_public_toilets_00307"",""kyoto_public_toilets_00307_landing"",""mlit_walkspace_kyoto_h23""]","Official source row and source-provided coordinates only; current opening, entrance, accessibility, safety, and disaster usability are not inferred.",2,FACILITY_WITH_SOURCE_COORDINATES,,,,,,true,false
kyoto_kiyomizu:facility:kyoto_public_toilets_00307:Ｄ－６:facility.operation_status,kyoto_kiyomizu,kiyomizu_gion,facility,kyoto_public_toilets_00307:Ｄ－６,facility.operation_status,UNKNOWN,,,,UNKNOWN,OFFICIAL_QUERY,"Facility equipment, entrance, width, slope and operation are not inferred.",reports/PHASE4_DATA_ACQUISITION_MATRIX.csv,"[""kyoto_public_toilets_00307"",""kyoto_public_toilets_00307_landing"",""mlit_walkspace_kyoto_h23""]","Official source row and source-provided coordinates only; current opening, entrance, accessibility, safety, and disaster usability are not inferred.",2,FACILITY_WITH_SOURCE_COORDINATES,,,,,,true,false
kyoto_kiyomizu:facility:kyoto_public_toilets_00307:Ｄ－６:facility.safety_status,kyoto_kiyomizu,kiyomizu_gion,facility,kyoto_public_toilets_00307:Ｄ－６,facility.safety_status,UNKNOWN,,,,UNKNOWN,OFFICIAL_QUERY,"Facility equipment, entrance, width, slope and operation are not inferred.",reports/PHASE4_DATA_ACQUISITION_MATRIX.csv,"[""kyoto_public_toilets_00307"",""kyoto_public_toilets_00307_landing"",""mlit_walkspace_kyoto_h23""]","Official source row and source-provided coordinates only; current opening, entrance, accessibility, safety, and disaster usability are not inferred.",2,FACILITY_WITH_SOURCE_COORDINATES,,,,,,true,false
kyoto_kiyomizu:edge:KK-OSM-W179116810-S01:clear_width_m,kyoto_kiyomizu,SUBAREA_NOT_ASSIGNED_IN_RECEIPTS,edge,KK-OSM-W179116810-S01,clear_width_m,UNKNOWN,,,,MISSING_FIELD_MEASUREMENT_DEFERRED,FIELD_MEASUREMENT,NO_TARGET_IN_RECEIPTS,reports/M7_ALL_EDGE_EVIDENCE_READINESS_V2.json,[],,3,DEFAULT,"{""records"":0,""a31b_overlap_counts"":{},""landslide"":""NOT_JOINED"",""earthquake"":""NOT_JOINED"",""liquefaction"":""NOT_CONNECTED"",""tsunami"":""NOT_CONNECTED"",""note"":""露出は被害ではない。damage_state・debris_present・official_closure・通行可否を導出しない。""}",,,,,false,false
kyoto_kiyomizu:edge:KK-OSM-W179116810-S01:damage_state,kyoto_kiyomizu,SUBAREA_NOT_ASSIGNED_IN_RECEIPTS,edge,KK-OSM-W179116810-S01,damage_state,UNKNOWN,,,,UNKNOWN,DOCUMENT_REVIEW,NO_TARGET_IN_RECEIPTS,reports/M7_ALL_EDGE_EVIDENCE_READINESS_V2.json,[],,3,DEFAULT,"{""records"":0,""a31b_overlap_counts"":{},""landslide"":""NOT_JOINED"",""earthquake"":""NOT_JOINED"",""liquefaction"":""NOT_CONNECTED"",""tsunami"":""NOT_CONNECTED"",""note"":""露出は被害ではない。damage_state・debris_present・official_closure・通行可否を導出しない。""}",,,,,false,false
kyoto_kiyomizu:edge:KK-OSM-W179116810-S01:debris_present,kyoto_kiyomizu,SUBAREA_NOT_ASSIGNED_IN_RECEIPTS,edge,KK-OSM-W179116810-S01,debris_present,UNKNOWN,,,,UNKNOWN,DOCUMENT_REVIEW,NO_TARGET_IN_RECEIPTS,reports/M7_ALL_EDGE_EVIDENCE_READINESS_V2.json,[],,3,DEFAULT,"{""records"":0,""a31b_overlap_counts"":{},""landslide"":""NOT_JOINED"",""earthquake"":""NOT_JOINED"",""liquefaction"":""NOT_CONNECTED"",""tsunami"":""NOT_CONNECTED"",""note"":""露出は被害ではない。damage_state・debris_present・official_closure・通行可否を導出しない。""}",,,,,false,false
kyoto_kiyomizu:edge:KK-OSM-W179116810-S01:hazard_data_status,kyoto_kiyomizu,SUBAREA_NOT_ASSIGNED_IN_RECEIPTS,edge,KK-OSM-W179116810-S01,hazard_data_status,UNKNOWN,,,,UNKNOWN,OFFICIAL_QUERY,NO_TARGET_IN_RECEIPTS,reports/M7_ALL_EDGE_EVIDENCE_READINESS_V2.json,[],,3,DEFAULT,"{""records"":0,""a31b_overlap_counts"":{},""landslide"":""NOT_JOINED"",""earthquake"":""NOT_JOINED"",""liquefaction"":""NOT_CONNECTED"",""tsunami"":""NOT_CONNECTED"",""note"":""露出は被害ではない。damage_state・debris_present・official_closure・通行可否を導出しない。""}",,,,,false,false
kyoto_kiyomizu:edge:KK-OSM-W179116810-S01:height_m,kyoto_kiyomizu,SUBAREA_NOT_ASSIGNED_IN_RECEIPTS,edge,KK-OSM-W179116810-S01,height_m,NOT_CONNECTED,,,,NOT_ENUMERATED,DOCUMENT_REVIEW,NO_TARGET_IN_RECEIPTS,reports/M7_ALL_EDGE_EVIDENCE_READINESS_V2.json,[],,3,DEFAULT,"{""records"":0,""a31b_overlap_counts"":{},""landslide"":""NOT_JOINED"",""earthquake"":""NOT_JOINED"",""liquefaction"":""NOT_CONNECTED"",""tsunami"":""NOT_CONNECTED"",""note"":""露出は被害ではない。damage_state・debris_present・official_closure・通行可否を導出しない。""}",,,,,false,false
kyoto_kiyomizu:edge:KK-OSM-W179116810-S01:official_closure,kyoto_kiyomizu,SUBAREA_NOT_ASSIGNED_IN_RECEIPTS,edge,KK-OSM-W179116810-S01,official_closure,NOT_CONNECTED,,,,MISSING,OFFICIAL_QUERY,NO_TARGET_IN_RECEIPTS,reports/M7_ALL_EDGE_EVIDENCE_READINESS_V2.json,[],,3,DEFAULT,"{""records"":0,""a31b_overlap_counts"":{},""landslide"":""NOT_JOINED"",""earthquake"":""NOT_JOINED"",""liquefaction"":""NOT_CONNECTED"",""tsunami"":""NOT_CONNECTED"",""note"":""露出は被害ではない。damage_state・debris_present・official_closure・通行可否を導出しない。""}",,,,,false,false
kyoto_kiyomizu:edge:KK-OSM-W179116810-S01:setback_m,kyoto_kiyomizu,SUBAREA_NOT_ASSIGNED_IN_RECEIPTS,edge,KK-OSM-W179116810-S01,setback_m,UNKNOWN,,,,UNKNOWN,FIELD_MEASUREMENT,NO_TARGET_IN_RECEIPTS,reports/M7_ALL_EDGE_EVIDENCE_READINESS_V2.json,[],,3,DEFAULT,"{""records"":0,""a31b_overlap_counts"":{},""landslide"":""NOT_JOINED"",""earthquake"":""NOT_JOINED"",""liquefaction"":""NOT_CONNECTED"",""tsunami"":""NOT_CONNECTED"",""note"":""露出は被害ではない。damage_state・debris_present・official_closure・通行可否を導出しない。""}",,,,,false,false
kyoto_kiyomizu:edge:KK-OSM-W179116810-S01:side_coverage,kyoto_kiyomizu,SUBAREA_NOT_ASSIGNED_IN_RECEIPTS,edge,KK-OSM-W179116810-S01,side_coverage,NOT_CONNECTED,,,,NOT_ENUMERATED,DOCUMENT_REVIEW,NO_TARGET_IN_RECEIPTS,reports/M7_ALL_EDGE_EVIDENCE_READINESS_V2.json,[],,3,DEFAULT,"{""records"":0,""a31b_overlap_counts"":{},""landslide"":""NOT_JOINED"",""earthquake"":""NOT_JOINED"",""liquefaction"":""NOT_CONNECTED"",""tsunami"":""NOT_CONNECTED"",""note"":""露出は被害ではない。damage_state・debris_present・official_closure・通行可否を導出しない。""}",,,,,false,false
kyoto_kiyomizu:edge:KK-OSM-W24516359-S01:clear_width_m,kyoto_kiyomizu,SUBAREA_NOT_ASSIGNED_IN_RECEIPTS,edge,KK-OSM-W24516359-S01,clear_width_m,UNKNOWN,,,,MISSING_FIELD_MEASUREMENT_DEFERRED,FIELD_MEASUREMENT,NO_TARGET_IN_RECEIPTS,reports/M7_ALL_EDGE_EVIDENCE_READINESS_V2.json,[],,3,DEFAULT,"{""records"":0,""a31b_overlap_counts"":{},""landslide"":""NOT_JOINED"",""earthquake"":""NOT_JOINED"",""liquefaction"":""NOT_CONNECTED"",""tsunami"":""NOT_CONNECTED"",""note"":""露出は被害ではない。damage_state・debris_present・official_closure・通行可否を導出しない。""}",,,,,false,false
kyoto_kiyomizu:edge:KK-OSM-W24516359-S01:damage_state,kyoto_kiyomizu,SUBAREA_NOT_ASSIGNED_IN_RECEIPTS,edge,KK-OSM-W24516359-S01,damage_state,UNKNOWN,,,,UNKNOWN,DOCUMENT_REVIEW,NO_TARGET_IN_RECEIPTS,reports/M7_ALL_EDGE_EVIDENCE_READINESS_V2.json,[],,3,DEFAULT,"{""records"":0,""a31b_overlap_counts"":{},""landslide"":""NOT_JOINED"",""earthquake"":""NOT_JOINED"",""liquefaction"":""NOT_CONNECTED"",""tsunami"":""NOT_CONNECTED"",""note"":""露出は被害ではない。damage_state・debris_present・official_closure・通行可否を導出しない。""}",,,,,false,false
kyoto_kiyomizu:edge:KK-OSM-W24516359-S01:debris_present,kyoto_kiyomizu,SUBAREA_NOT_ASSIGNED_IN_RECEIPTS,edge,KK-OSM-W24516359-S01,debris_present,UNKNOWN,,,,UNKNOWN,DOCUMENT_REVIEW,NO_TARGET_IN_RECEIPTS,reports/M7_ALL_EDGE_EVIDENCE_READINESS_V2.json,[],,3,DEFAULT,"{""records"":0,""a31b_overlap_counts"":{},""landslide"":""NOT_JOINED"",""earthquake"":""NOT_JOINED"",""liquefaction"":""NOT_CONNECTED"",""tsunami"":""NOT_CONNECTED"",""note"":""露出は被害ではない。damage_state・debris_present・official_closure・通行可否を導出しない。""}",,,,,false,false
kyoto_kiyomizu:edge:KK-OSM-W24516359-S01:hazard_data_status,kyoto_kiyomizu,SUBAREA_NOT_ASSIGNED_IN_RECEIPTS,edge,KK-OSM-W24516359-S01,hazard_data_status,UNKNOWN,,,,UNKNOWN,OFFICIAL_QUERY,NO_TARGET_IN_RECEIPTS,reports/M7_ALL_EDGE_EVIDENCE_READINESS_V2.json,[],,3,DEFAULT,"{""records"":0,""a31b_overlap_counts"":{},""landslide"":""NOT_JOINED"",""earthquake"":""NOT_JOINED"",""liquefaction"":""NOT_CONNECTED"",""tsunami"":""NOT_CONNECTED"",""note"":""露出は被害ではない。damage_state・debris_present・official_closure・通行可否を導出しない。""}",,,,,false,false
kyoto_kiyomizu:edge:KK-OSM-W24516359-S01:height_m,kyoto_kiyomizu,SUBAREA_NOT_ASSIGNED_IN_RECEIPTS,edge,KK-OSM-W24516359-S01,height_m,NOT_CONNECTED,,,,NOT_ENUMERATED,DOCUMENT_REVIEW,NO_TARGET_IN_RECEIPTS,reports/M7_ALL_EDGE_EVIDENCE_READINESS_V2.json,[],,3,DEFAULT,"{""records"":0,""a31b_overlap_counts"":{},""landslide"":""NOT_JOINED"",""earthquake"":""NOT_JOINED"",""liquefaction"":""NOT_CONNECTED"",""tsunami"":""NOT_CONNECTED"",""note"":""露出は被害ではない。damage_state・debris_present・official_closure・通行可否を導出しない。""}",,,,,false,false
kyoto_kiyomizu:edge:KK-OSM-W24516359-S01:official_closure,kyoto_kiyomizu,SUBAREA_NOT_ASSIGNED_IN_RECEIPTS,edge,KK-OSM-W24516359-S01,official_closure,NOT_CONNECTED,,,,MISSING,OFFICIAL_QUERY,NO_TARGET_IN_RECEIPTS,reports/M7_ALL_EDGE_EVIDENCE_READINESS_V2.json,[],,3,DEFAULT,"{""records"":0,""a31b_overlap_counts"":{},""landslide"":""NOT_JOINED"",""earthquake"":""NOT_JOINED"",""liquefaction"":""NOT_CONNECTED"",""tsunami"":""NOT_CONNECTED"",""note"":""露出は被害ではない。damage_state・debris_present・official_closure・通行可否を導出しない。""}",,,,,false,false
kyoto_kiyomizu:edge:KK-OSM-W24516359-S01:setback_m,kyoto_kiyomizu,SUBAREA_NOT_ASSIGNED_IN_RECEIPTS,edge,KK-OSM-W24516359-S01,setback_m,UNKNOWN,,,,UNKNOWN,FIELD_MEASUREMENT,NO_TARGET_IN_RECEIPTS,reports/M7_ALL_EDGE_EVIDENCE_READINESS_V2.json,[],,3,DEFAULT,"{""records"":0,""a31b_overlap_counts"":{},""landslide"":""NOT_JOINED"",""earthquake"":""NOT_JOINED"",""liquefaction"":""NOT_CONNECTED"",""tsunami"":""NOT_CONNECTED"",""note"":""露出は被害ではない。damage_state・debris_present・official_closure・通行可否を導出しない。""}",,,,,false,false
kyoto_kiyomizu:edge:KK-OSM-W24516359-S01:side_coverage,kyoto_kiyomizu,SUBAREA_NOT_ASSIGNED_IN_RECEIPTS,edge,KK-OSM-W24516359-S01,side_coverage,NOT_CONNECTED,,,,NOT_ENUMERATED,DOCUMENT_REVIEW,NO_TARGET_IN_RECEIPTS,reports/M7_ALL_EDGE_EVIDENCE_READINESS_V2.json,[],,3,DEFAULT,"{""records"":0,""a31b_overlap_counts"":{},""landslide"":""NOT_JOINED"",""earthquake"":""NOT_JOINED"",""liquefaction"":""NOT_CONNECTED"",""tsunami"":""NOT_CONNECTED"",""note"":""露出は被害ではない。damage_state・debris_present・official_closure・通行可否を導出しない。""}",,,,,false,false
kyoto_kiyomizu:edge:KK-OSM-W28514434-S01:clear_width_m,kyoto_kiyomizu,SUBAREA_NOT_ASSIGNED_IN_RECEIPTS,edge,KK-OSM-W28514434-S01,clear_width_m,UNKNOWN,,,,MISSING_FIELD_MEASUREMENT_DEFERRED,FIELD_MEASUREMENT,NO_TARGET_IN_RECEIPTS,reports/M7_ALL_EDGE_EVIDENCE_READINESS_V2.json,[],,3,DEFAULT,"{""records"":0,""a31b_overlap_counts"":{},""landslide"":""NOT_JOINED"",""earthquake"":""NOT_JOINED"",""liquefaction"":""NOT_CONNECTED"",""tsunami"":""NOT_CONNECTED"",""note"":""露出は被害ではない。damage_state・debris_present・official_closure・通行可否を導出しない。""}",,,,,false,false
kyoto_kiyomizu:edge:KK-OSM-W28514434-S01:damage_state,kyoto_kiyomizu,SUBAREA_NOT_ASSIGNED_IN_RECEIPTS,edge,KK-OSM-W28514434-S01,damage_state,UNKNOWN,,,,UNKNOWN,DOCUMENT_REVIEW,NO_TARGET_IN_RECEIPTS,reports/M7_ALL_EDGE_EVIDENCE_READINESS_V2.json,[],,3,DEFAULT,"{""records"":0,""a31b_overlap_counts"":{},""landslide"":""NOT_JOINED"",""earthquake"":""NOT_JOINED"",""liquefaction"":""NOT_CONNECTED"",""tsunami"":""NOT_CONNECTED"",""note"":""露出は被害ではない。damage_state・debris_present・official_closure・通行可否を導出しない。""}",,,,,false,false
kyoto_kiyomizu:edge:KK-OSM-W28514434-S01:debris_present,kyoto_kiyomizu,SUBAREA_NOT_ASSIGNED_IN_RECEIPTS,edge,KK-OSM-W28514434-S01,debris_present,UNKNOWN,,,,UNKNOWN,DOCUMENT_REVIEW,NO_TARGET_IN_RECEIPTS,reports/M7_ALL_EDGE_EVIDENCE_READINESS_V2.json,[],,3,DEFAULT,"{""records"":0,""a31b_overlap_counts"":{},""landslide"":""NOT_JOINED"",""earthquake"":""NOT_JOINED"",""liquefaction"":""NOT_CONNECTED"",""tsunami"":""NOT_CONNECTED"",""note"":""露出は被害ではない。damage_state・debris_present・official_closure・通行可否を導出しない。""}",,,,,false,false
kyoto_kiyomizu:edge:KK-OSM-W28514434-S01:hazard_data_status,kyoto_kiyomizu,SUBAREA_NOT_ASSIGNED_IN_RECEIPTS,edge,KK-OSM-W28514434-S01,hazard_data_status,UNKNOWN,,,,UNKNOWN,OFFICIAL_QUERY,NO_TARGET_IN_RECEIPTS,reports/M7_ALL_EDGE_EVIDENCE_READINESS_V2.json,[],,3,DEFAULT,"{""records"":0,""a31b_overlap_counts"":{},""landslide"":""NOT_JOINED"",""earthquake"":""NOT_JOINED"",""liquefaction"":""NOT_CONNECTED"",""tsunami"":""NOT_CONNECTED"",""note"":""露出は被害ではない。damage_state・debris_present・official_closure・通行可否を導出しない。""}",,,,,false,false
kyoto_kiyomizu:edge:KK-OSM-W28514434-S01:height_m,kyoto_kiyomizu,SUBAREA_NOT_ASSIGNED_IN_RECEIPTS,edge,KK-OSM-W28514434-S01,height_m,NOT_CONNECTED,,,,NOT_ENUMERATED,DOCUMENT_REVIEW,NO_TARGET_IN_RECEIPTS,reports/M7_ALL_EDGE_EVIDENCE_READINESS_V2.json,[],,3,DEFAULT,"{""records"":0,""a31b_overlap_counts"":{},""landslide"":""NOT_JOINED"",""earthquake"":""NOT_JOINED"",""liquefaction"":""NOT_CONNECTED"",""tsunami"":""NOT_CONNECTED"",""note"":""露出は被害ではない。damage_state・debris_present・official_closure・通行可否を導出しない。""}",,,,,false,false
kyoto_kiyomizu:edge:KK-OSM-W28514434-S01:official_closure,kyoto_kiyomizu,SUBAREA_NOT_ASSIGNED_IN_RECEIPTS,edge,KK-OSM-W28514434-S01,official_closure,NOT_CONNECTED,,,,MISSING,OFFICIAL_QUERY,NO_TARGET_IN_RECEIPTS,reports/M7_ALL_EDGE_EVIDENCE_READINESS_V2.json,[],,3,DEFAULT,"{""records"":0,""a31b_overlap_counts"":{},""landslide"":""NOT_JOINED"",""earthquake"":""NOT_JOINED"",""liquefaction"":""NOT_CONNECTED"",""tsunami"":""NOT_CONNECTED"",""note"":""露出は被害ではない。damage_state・debris_present・official_closure・通行可否を導出しない。""}",,,,,false,false
kyoto_kiyomizu:edge:KK-OSM-W28514434-S01:setback_m,kyoto_kiyomizu,SUBAREA_NOT_ASSIGNED_IN_RECEIPTS,edge,KK-OSM-W28514434-S01,setback_m,UNKNOWN,,,,UNKNOWN,FIELD_MEASUREMENT,NO_TARGET_IN_RECEIPTS,reports/M7_ALL_EDGE_EVIDENCE_READINESS_V2.json,[],,3,DEFAULT,"{""records"":0,""a31b_overlap_counts"":{},""landslide"":""NOT_JOINED"",""earthquake"":""NOT_JOINED"",""liquefaction"":""NOT_CONNECTED"",""tsunami"":""NOT_CONNECTED"",""note"":""露出は被害ではない。damage_state・debris_present・official_closure・通行可否を導出しない。""}",,,,,false,false
kyoto_kiyomizu:edge:KK-OSM-W28514434-S01:side_coverage,kyoto_kiyomizu,SUBAREA_NOT_ASSIGNED_IN_RECEIPTS,edge,KK-OSM-W28514434-S01,side_coverage,NOT_CONNECTED,,,,NOT_ENUMERATED,DOCUMENT_REVIEW,NO_TARGET_IN_RECEIPTS,reports/M7_ALL_EDGE_EVIDENCE_READINESS_V2.json,[],,3,DEFAULT,"{""records"":0,""a31b_overlap_counts"":{},""landslide"":""NOT_JOINED"",""earthquake"":""NOT_JOINED"",""liquefaction"":""NOT_CONNECTED"",""tsunami"":""NOT_CONNECTED"",""note"":""露出は被害ではない。damage_state・debris_present・official_closure・通行可否を導出しない。""}",,,,,false,false
kyoto_kiyomizu:edge:KK-OSM-W28514434-S02:clear_width_m,kyoto_kiyomizu,SUBAREA_NOT_ASSIGNED_IN_RECEIPTS,edge,KK-OSM-W28514434-S02,clear_width_m,UNKNOWN,,,,MISSING_FIELD_MEASUREMENT_DEFERRED,FIELD_MEASUREMENT,NO_TARGET_IN_RECEIPTS,reports/M7_ALL_EDGE_EVIDENCE_READINESS_V2.json,[],,3,DEFAULT,"{""records"":0,""a31b_overlap_counts"":{},""landslide"":""NOT_JOINED"",""earthquake"":""NOT_JOINED"",""liquefaction"":""NOT_CONNECTED"",""tsunami"":""NOT_CONNECTED"",""note"":""露出は被害ではない。damage_state・debris_present・official_closure・通行可否を導出しない。""}",,,,,false,false
kyoto_kiyomizu:edge:KK-OSM-W28514434-S02:damage_state,kyoto_kiyomizu,SUBAREA_NOT_ASSIGNED_IN_RECEIPTS,edge,KK-OSM-W28514434-S02,damage_state,UNKNOWN,,,,UNKNOWN,DOCUMENT_REVIEW,NO_TARGET_IN_RECEIPTS,reports/M7_ALL_EDGE_EVIDENCE_READINESS_V2.json,[],,3,DEFAULT,"{""records"":0,""a31b_overlap_counts"":{},""landslide"":""NOT_JOINED"",""earthquake"":""NOT_JOINED"",""liquefaction"":""NOT_CONNECTED"",""tsunami"":""NOT_CONNECTED"",""note"":""露出は被害ではない。damage_state・debris_present・official_closure・通行可否を導出しない。""}",,,,,false,false
kyoto_kiyomizu:edge:KK-OSM-W28514434-S02:debris_present,kyoto_kiyomizu,SUBAREA_NOT_ASSIGNED_IN_RECEIPTS,edge,KK-OSM-W28514434-S02,debris_present,UNKNOWN,,,,UNKNOWN,DOCUMENT_REVIEW,NO_TARGET_IN_RECEIPTS,reports/M7_ALL_EDGE_EVIDENCE_READINESS_V2.json,[],,3,DEFAULT,"{""records"":0,""a31b_overlap_counts"":{},""landslide"":""NOT_JOINED"",""earthquake"":""NOT_JOINED"",""liquefaction"":""NOT_CONNECTED"",""tsunami"":""NOT_CONNECTED"",""note"":""露出は被害ではない。damage_state・debris_present・official_closure・通行可否を導出しない。""}",,,,,false,false
kyoto_kiyomizu:edge:KK-OSM-W28514434-S02:hazard_data_status,kyoto_kiyomizu,SUBAREA_NOT_ASSIGNED_IN_RECEIPTS,edge,KK-OSM-W28514434-S02,hazard_data_status,UNKNOWN,,,,UNKNOWN,OFFICIAL_QUERY,NO_TARGET_IN_RECEIPTS,reports/M7_ALL_EDGE_EVIDENCE_READINESS_V2.json,[],,3,DEFAULT,"{""records"":0,""a31b_overlap_counts"":{},""landslide"":""NOT_JOINED"",""earthquake"":""NOT_JOINED"",""liquefaction"":""NOT_CONNECTED"",""tsunami"":""NOT_CONNECTED"",""note"":""露出は被害ではない。damage_state・debris_present・official_closure・通行可否を導出しない。""}",,,,,false,false
kyoto_kiyomizu:edge:KK-OSM-W28514434-S02:height_m,kyoto_kiyomizu,SUBAREA_NOT_ASSIGNED_IN_RECEIPTS,edge,KK-OSM-W28514434-S02,height_m,NOT_CONNECTED,,,,NOT_ENUMERATED,DOCUMENT_REVIEW,NO_TARGET_IN_RECEIPTS,reports/M7_ALL_EDGE_EVIDENCE_READINESS_V2.json,[],,3,DEFAULT,"{""records"":0,""a31b_overlap_counts"":{},""landslide"":""NOT_JOINED"",""earthquake"":""NOT_JOINED"",""liquefaction"":""NOT_CONNECTED"",""tsunami"":""NOT_CONNECTED"",""note"":""露出は被害ではない。damage_state・debris_present・official_closure・通行可否を導出しない。""}",,,,,false,false
kyoto_kiyomizu:edge:KK-OSM-W28514434-S02:official_closure,kyoto_kiyomizu,SUBAREA_NOT_ASSIGNED_IN_RECEIPTS,edge,KK-OSM-W28514434-S02,official_closure,NOT_CONNECTED,,,,MISSING,OFFICIAL_QUERY,NO_TARGET_IN_RECEIPTS,reports/M7_ALL_EDGE_EVIDENCE_READINESS_V2.json,[],,3,DEFAULT,"{""records"":0,""a31b_overlap_counts"":{},""landslide"":""NOT_JOINED"",""earthquake"":""NOT_JOINED"",""liquefaction"":""NOT_CONNECTED"",""tsunami"":""NOT_CONNECTED"",""note"":""露出は被害ではない。damage_state・debris_present・official_closure・通行可否を導出しない。""}",,,,,false,false
kyoto_kiyomizu:edge:KK-OSM-W28514434-S02:setback_m,kyoto_kiyomizu,SUBAREA_NOT_ASSIGNED_IN_RECEIPTS,edge,KK-OSM-W28514434-S02,setback_m,UNKNOWN,,,,UNKNOWN,FIELD_MEASUREMENT,NO_TARGET_IN_RECEIPTS,reports/M7_ALL_EDGE_EVIDENCE_READINESS_V2.json,[],,3,DEFAULT,"{""records"":0,""a31b_overlap_counts"":{},""landslide"":""NOT_JOINED"",""earthquake"":""NOT_JOINED"",""liquefaction"":""NOT_CONNECTED"",""tsunami"":""NOT_CONNECTED"",""note"":""露出は被害ではない。damage_state・debris_present・official_closure・通行可否を導出しない。""}",,,,,false,false
kyoto_kiyomizu:edge:KK-OSM-W28514434-S02:side_coverage,kyoto_kiyomizu,SUBAREA_NOT_ASSIGNED_IN_RECEIPTS,edge,KK-OSM-W28514434-S02,side_coverage,NOT_CONNECTED,,,,NOT_ENUMERATED,DOCUMENT_REVIEW,NO_TARGET_IN_RECEIPTS,reports/M7_ALL_EDGE_EVIDENCE_READINESS_V2.json,[],,3,DEFAULT,"{""records"":0,""a31b_overlap_counts"":{},""landslide"":""NOT_JOINED"",""earthquake"":""NOT_JOINED"",""liquefaction"":""NOT_CONNECTED"",""tsunami"":""NOT_CONNECTED"",""note"":""露出は被害ではない。damage_state・debris_present・official_closure・通行可否を導出しない。""}",,,,,false,false
kyoto_kiyomizu:edge:KK-OSM-W30882783-S01:clear_width_m,kyoto_kiyomizu,SUBAREA_NOT_ASSIGNED_IN_RECEIPTS,edge,KK-OSM-W30882783-S01,clear_width_m,UNKNOWN,,,,MISSING_FIELD_MEASUREMENT_DEFERRED,FIELD_MEASUREMENT,NO_TARGET_IN_RECEIPTS,reports/M7_ALL_EDGE_EVIDENCE_READINESS_V2.json,[],,3,DEFAULT,"{""records"":0,""a31b_overlap_counts"":{},""landslide"":""NOT_JOINED"",""earthquake"":""NOT_JOINED"",""liquefaction"":""NOT_CONNECTED"",""tsunami"":""NOT_CONNECTED"",""note"":""露出は被害ではない。damage_state・debris_present・official_closure・通行可否を導出しない。""}",,,,,false,false
kyoto_kiyomizu:edge:KK-OSM-W30882783-S01:damage_state,kyoto_kiyomizu,SUBAREA_NOT_ASSIGNED_IN_RECEIPTS,edge,KK-OSM-W30882783-S01,damage_state,UNKNOWN,,,,UNKNOWN,DOCUMENT_REVIEW,NO_TARGET_IN_RECEIPTS,reports/M7_ALL_EDGE_EVIDENCE_READINESS_V2.json,[],,3,DEFAULT,"{""records"":0,""a31b_overlap_counts"":{},""landslide"":""NOT_JOINED"",""earthquake"":""NOT_JOINED"",""liquefaction"":""NOT_CONNECTED"",""tsunami"":""NOT_CONNECTED"",""note"":""露出は被害ではない。damage_state・debris_present・official_closure・通行可否を導出しない。""}",,,,,false,false
kyoto_kiyomizu:edge:KK-OSM-W30882783-S01:debris_present,kyoto_kiyomizu,SUBAREA_NOT_ASSIGNED_IN_RECEIPTS,edge,KK-OSM-W30882783-S01,debris_present,UNKNOWN,,,,UNKNOWN,DOCUMENT_REVIEW,NO_TARGET_IN_RECEIPTS,reports/M7_ALL_EDGE_EVIDENCE_READINESS_V2.json,[],,3,DEFAULT,"{""records"":0,""a31b_overlap_counts"":{},""landslide"":""NOT_JOINED"",""earthquake"":""NOT_JOINED"",""liquefaction"":""NOT_CONNECTED"",""tsunami"":""NOT_CONNECTED"",""note"":""露出は被害ではない。damage_state・debris_present・official_closure・通行可否を導出しない。""}",,,,,false,false
kyoto_kiyomizu:edge:KK-OSM-W30882783-S01:hazard_data_status,kyoto_kiyomizu,SUBAREA_NOT_ASSIGNED_IN_RECEIPTS,edge,KK-OSM-W30882783-S01,hazard_data_status,UNKNOWN,,,,UNKNOWN,OFFICIAL_QUERY,NO_TARGET_IN_RECEIPTS,reports/M7_ALL_EDGE_EVIDENCE_READINESS_V2.json,[],,3,DEFAULT,"{""records"":0,""a31b_overlap_counts"":{},""landslide"":""NOT_JOINED"",""earthquake"":""NOT_JOINED"",""liquefaction"":""NOT_CONNECTED"",""tsunami"":""NOT_CONNECTED"",""note"":""露出は被害ではない。damage_state・debris_present・official_closure・通行可否を導出しない。""}",,,,,false,false
kyoto_kiyomizu:edge:KK-OSM-W30882783-S01:height_m,kyoto_kiyomizu,SUBAREA_NOT_ASSIGNED_IN_RECEIPTS,edge,KK-OSM-W30882783-S01,height_m,NOT_CONNECTED,,,,NOT_ENUMERATED,DOCUMENT_REVIEW,NO_TARGET_IN_RECEIPTS,reports/M7_ALL_EDGE_EVIDENCE_READINESS_V2.json,[],,3,DEFAULT,"{""records"":0,""a31b_overlap_counts"":{},""landslide"":""NOT_JOINED"",""earthquake"":""NOT_JOINED"",""liquefaction"":""NOT_CONNECTED"",""tsunami"":""NOT_CONNECTED"",""note"":""露出は被害ではない。damage_state・debris_present・official_closure・通行可否を導出しない。""}",,,,,false,false
kyoto_kiyomizu:edge:KK-OSM-W30882783-S01:official_closure,kyoto_kiyomizu,SUBAREA_NOT_ASSIGNED_IN_RECEIPTS,edge,KK-OSM-W30882783-S01,official_closure,NOT_CONNECTED,,,,MISSING,OFFICIAL_QUERY,NO_TARGET_IN_RECEIPTS,reports/M7_ALL_EDGE_EVIDENCE_READINESS_V2.json,[],,3,DEFAULT,"{""records"":0,""a31b_overlap_counts"":{},""landslide"":""NOT_JOINED"",""earthquake"":""NOT_JOINED"",""liquefaction"":""NOT_CONNECTED"",""tsunami"":""NOT_CONNECTED"",""note"":""露出は被害ではない。damage_state・debris_present・official_closure・通行可否を導出しない。""}",,,,,false,false
kyoto_kiyomizu:edge:KK-OSM-W30882783-S01:setback_m,kyoto_kiyomizu,SUBAREA_NOT_ASSIGNED_IN_RECEIPTS,edge,KK-OSM-W30882783-S01,setback_m,UNKNOWN,,,,UNKNOWN,FIELD_MEASUREMENT,NO_TARGET_IN_RECEIPTS,reports/M7_ALL_EDGE_EVIDENCE_READINESS_V2.json,[],,3,DEFAULT,"{""records"":0,""a31b_overlap_counts"":{},""landslide"":""NOT_JOINED"",""earthquake"":""NOT_JOINED"",""liquefaction"":""NOT_CONNECTED"",""tsunami"":""NOT_CONNECTED"",""note"":""露出は被害ではない。damage_state・debris_present・official_closure・通行可否を導出しない。""}",,,,,false,false
kyoto_kiyomizu:edge:KK-OSM-W30882783-S01:side_coverage,kyoto_kiyomizu,SUBAREA_NOT_ASSIGNED_IN_RECEIPTS,edge,KK-OSM-W30882783-S01,side_coverage,NOT_CONNECTED,,,,NOT_ENUMERATED,DOCUMENT_REVIEW,NO_TARGET_IN_RECEIPTS,reports/M7_ALL_EDGE_EVIDENCE_READINESS_V2.json,[],,3,DEFAULT,"{""records"":0,""a31b_overlap_counts"":{},""landslide"":""NOT_JOINED"",""earthquake"":""NOT_JOINED"",""liquefaction"":""NOT_CONNECTED"",""tsunami"":""NOT_CONNECTED"",""note"":""露出は被害ではない。damage_state・debris_present・official_closure・通行可否を導出しない。""}",,,,,false,false
kyoto_kiyomizu:edge:KK-OSM-W30913263-S01:clear_width_m,kyoto_kiyomizu,SUBAREA_NOT_ASSIGNED_IN_RECEIPTS,edge,KK-OSM-W30913263-S01,clear_width_m,UNKNOWN,,,,MISSING_FIELD_MEASUREMENT_DEFERRED,FIELD_MEASUREMENT,NO_TARGET_IN_RECEIPTS,reports/M7_ALL_EDGE_EVIDENCE_READINESS_V2.json,[],,3,DEFAULT,"{""records"":0,""a31b_overlap_counts"":{},""landslide"":""NOT_JOINED"",""earthquake"":""NOT_JOINED"",""liquefaction"":""NOT_CONNECTED"",""tsunami"":""NOT_CONNECTED"",""note"":""露出は被害ではない。damage_state・debris_present・official_closure・通行可否を導出しない。""}",,,,,false,false
kyoto_kiyomizu:edge:KK-OSM-W30913263-S01:damage_state,kyoto_kiyomizu,SUBAREA_NOT_ASSIGNED_IN_RECEIPTS,edge,KK-OSM-W30913263-S01,damage_state,UNKNOWN,,,,UNKNOWN,DOCUMENT_REVIEW,NO_TARGET_IN_RECEIPTS,reports/M7_ALL_EDGE_EVIDENCE_READINESS_V2.json,[],,3,DEFAULT,"{""records"":0,""a31b_overlap_counts"":{},""landslide"":""NOT_JOINED"",""earthquake"":""NOT_JOINED"",""liquefaction"":""NOT_CONNECTED"",""tsunami"":""NOT_CONNECTED"",""note"":""露出は被害ではない。damage_state・debris_present・official_closure・通行可否を導出しない。""}",,,,,false,false
kyoto_kiyomizu:edge:KK-OSM-W30913263-S01:debris_present,kyoto_kiyomizu,SUBAREA_NOT_ASSIGNED_IN_RECEIPTS,edge,KK-OSM-W30913263-S01,debris_present,UNKNOWN,,,,UNKNOWN,DOCUMENT_REVIEW,NO_TARGET_IN_RECEIPTS,reports/M7_ALL_EDGE_EVIDENCE_READINESS_V2.json,[],,3,DEFAULT,"{""records"":0,""a31b_overlap_counts"":{},""landslide"":""NOT_JOINED"",""earthquake"":""NOT_JOINED"",""liquefaction"":""NOT_CONNECTED"",""tsunami"":""NOT_CONNECTED"",""note"":""露出は被害ではない。damage_state・debris_present・official_closure・通行可否を導出しない。""}",,,,,false,false
kyoto_kiyomizu:edge:KK-OSM-W30913263-S01:hazard_data_status,kyoto_kiyomizu,SUBAREA_NOT_ASSIGNED_IN_RECEIPTS,edge,KK-OSM-W30913263-S01,hazard_data_status,UNKNOWN,,,,UNKNOWN,OFFICIAL_QUERY,NO_TARGET_IN_RECEIPTS,reports/M7_ALL_EDGE_EVIDENCE_READINESS_V2.json,[],,3,DEFAULT,"{""records"":0,""a31b_overlap_counts"":{},""landslide"":""NOT_JOINED"",""earthquake"":""NOT_JOINED"",""liquefaction"":""NOT_CONNECTED"",""tsunami"":""NOT_CONNECTED"",""note"":""露出は被害ではない。damage_state・debris_present・official_closure・通行可否を導出しない。""}",,,,,false,false
kyoto_kiyomizu:edge:KK-OSM-W30913263-S01:height_m,kyoto_kiyomizu,SUBAREA_NOT_ASSIGNED_IN_RECEIPTS,edge,KK-OSM-W30913263-S01,height_m,NOT_CONNECTED,,,,NOT_ENUMERATED,DOCUMENT_REVIEW,NO_TARGET_IN_RECEIPTS,reports/M7_ALL_EDGE_EVIDENCE_READINESS_V2.json,[],,3,DEFAULT,"{""records"":0,""a31b_overlap_counts"":{},""landslide"":""NOT_JOINED"",""earthquake"":""NOT_JOINED"",""liquefaction"":""NOT_CONNECTED"",""tsunami"":""NOT_CONNECTED"",""note"":""露出は被害ではない。damage_state・debris_present・official_closure・通行可否を導出しない。""}",,,,,false,false
kyoto_kiyomizu:edge:KK-OSM-W30913263-S01:official_closure,kyoto_kiyomizu,SUBAREA_NOT_ASSIGNED_IN_RECEIPTS,edge,KK-OSM-W30913263-S01,official_closure,NOT_CONNECTED,,,,MISSING,OFFICIAL_QUERY,NO_TARGET_IN_RECEIPTS,reports/M7_ALL_EDGE_EVIDENCE_READINESS_V2.json,[],,3,DEFAULT,"{""records"":0,""a31b_overlap_counts"":{},""landslide"":""NOT_JOINED"",""earthquake"":""NOT_JOINED"",""liquefaction"":""NOT_CONNECTED"",""tsunami"":""NOT_CONNECTED"",""note"":""露出は被害ではない。damage_state・debris_present・official_closure・通行可否を導出しない。""}",,,,,false,false
kyoto_kiyomizu:edge:KK-OSM-W30913263-S01:setback_m,kyoto_kiyomizu,SUBAREA_NOT_ASSIGNED_IN_RECEIPTS,edge,KK-OSM-W30913263-S01,setback_m,UNKNOWN,,,,UNKNOWN,FIELD_MEASUREMENT,NO_TARGET_IN_RECEIPTS,reports/M7_ALL_EDGE_EVIDENCE_READINESS_V2.json,[],,3,DEFAULT,"{""records"":0,""a31b_overlap_counts"":{},""landslide"":""NOT_JOINED"",""earthquake"":""NOT_JOINED"",""liquefaction"":""NOT_CONNECTED"",""tsunami"":""NOT_CONNECTED"",""note"":""露出は被害ではない。damage_state・debris_present・official_closure・通行可否を導出しない。""}",,,,,false,false
kyoto_kiyomizu:edge:KK-OSM-W30913263-S01:side_coverage,kyoto_kiyomizu,SUBAREA_NOT_ASSIGNED_IN_RECEIPTS,edge,KK-OSM-W30913263-S01,side_coverage,NOT_CONNECTED,,,,NOT_ENUMERATED,DOCUMENT_REVIEW,NO_TARGET_IN_RECEIPTS,reports/M7_ALL_EDGE_EVIDENCE_READINESS_V2.json,[],,3,DEFAULT,"{""records"":0,""a31b_overlap_counts"":{},""landslide"":""NOT_JOINED"",""earthquake"":""NOT_JOINED"",""liquefaction"":""NOT_CONNECTED"",""tsunami"":""NOT_CONNECTED"",""note"":""露出は被害ではない。damage_state・debris_present・official_closure・通行可否を導出しない。""}",,,,,false,false
kyoto_kiyomizu:edge:KK-OSM-W371739384-S01:clear_width_m,kyoto_kiyomizu,SUBAREA_NOT_ASSIGNED_IN_RECEIPTS,edge,KK-OSM-W371739384-S01,clear_width_m,UNKNOWN,,,,MISSING_FIELD_MEASUREMENT_DEFERRED,FIELD_MEASUREMENT,NO_TARGET_IN_RECEIPTS,reports/M7_ALL_EDGE_EVIDENCE_READINESS_V2.json,[],,3,DEFAULT,"{""records"":0,""a31b_overlap_counts"":{},""landslide"":""NOT_JOINED"",""earthquake"":""NOT_JOINED"",""liquefaction"":""NOT_CONNECTED"",""tsunami"":""NOT_CONNECTED"",""note"":""露出は被害ではない。damage_state・debris_present・official_closure・通行可否を導出しない。""}",,,,,false,false
kyoto_kiyomizu:edge:KK-OSM-W371739384-S01:damage_state,kyoto_kiyomizu,SUBAREA_NOT_ASSIGNED_IN_RECEIPTS,edge,KK-OSM-W371739384-S01,damage_state,UNKNOWN,,,,UNKNOWN,DOCUMENT_REVIEW,NO_TARGET_IN_RECEIPTS,reports/M7_ALL_EDGE_EVIDENCE_READINESS_V2.json,[],,3,DEFAULT,"{""records"":0,""a31b_overlap_counts"":{},""landslide"":""NOT_JOINED"",""earthquake"":""NOT_JOINED"",""liquefaction"":""NOT_CONNECTED"",""tsunami"":""NOT_CONNECTED"",""note"":""露出は被害ではない。damage_state・debris_present・official_closure・通行可否を導出しない。""}",,,,,false,false
kyoto_kiyomizu:edge:KK-OSM-W371739384-S01:debris_present,kyoto_kiyomizu,SUBAREA_NOT_ASSIGNED_IN_RECEIPTS,edge,KK-OSM-W371739384-S01,debris_present,UNKNOWN,,,,UNKNOWN,DOCUMENT_REVIEW,NO_TARGET_IN_RECEIPTS,reports/M7_ALL_EDGE_EVIDENCE_READINESS_V2.json,[],,3,DEFAULT,"{""records"":0,""a31b_overlap_counts"":{},""landslide"":""NOT_JOINED"",""earthquake"":""NOT_JOINED"",""liquefaction"":""NOT_CONNECTED"",""tsunami"":""NOT_CONNECTED"",""note"":""露出は被害ではない。damage_state・debris_present・official_closure・通行可否を導出しない。""}",,,,,false,false
kyoto_kiyomizu:edge:KK-OSM-W371739384-S01:hazard_data_status,kyoto_kiyomizu,SUBAREA_NOT_ASSIGNED_IN_RECEIPTS,edge,KK-OSM-W371739384-S01,hazard_data_status,UNKNOWN,,,,UNKNOWN,OFFICIAL_QUERY,NO_TARGET_IN_RECEIPTS,reports/M7_ALL_EDGE_EVIDENCE_READINESS_V2.json,[],,3,DEFAULT,"{""records"":0,""a31b_overlap_counts"":{},""landslide"":""NOT_JOINED"",""earthquake"":""NOT_JOINED"",""liquefaction"":""NOT_CONNECTED"",""tsunami"":""NOT_CONNECTED"",""note"":""露出は被害ではない。damage_state・debris_present・official_closure・通行可否を導出しない。""}",,,,,false,false
kyoto_kiyomizu:edge:KK-OSM-W371739384-S01:height_m,kyoto_kiyomizu,SUBAREA_NOT_ASSIGNED_IN_RECEIPTS,edge,KK-OSM-W371739384-S01,height_m,NOT_CONNECTED,,,,NOT_ENUMERATED,DOCUMENT_REVIEW,NO_TARGET_IN_RECEIPTS,reports/M7_ALL_EDGE_EVIDENCE_READINESS_V2.json,[],,3,DEFAULT,"{""records"":0,""a31b_overlap_counts"":{},""landslide"":""NOT_JOINED"",""earthquake"":""NOT_JOINED"",""liquefaction"":""NOT_CONNECTED"",""tsunami"":""NOT_CONNECTED"",""note"":""露出は被害ではない。damage_state・debris_present・official_closure・通行可否を導出しない。""}",,,,,false,false
kyoto_kiyomizu:edge:KK-OSM-W371739384-S01:official_closure,kyoto_kiyomizu,SUBAREA_NOT_ASSIGNED_IN_RECEIPTS,edge,KK-OSM-W371739384-S01,official_closure,NOT_CONNECTED,,,,MISSING,OFFICIAL_QUERY,NO_TARGET_IN_RECEIPTS,reports/M7_ALL_EDGE_EVIDENCE_READINESS_V2.json,[],,3,DEFAULT,"{""records"":0,""a31b_overlap_counts"":{},""landslide"":""NOT_JOINED"",""earthquake"":""NOT_JOINED"",""liquefaction"":""NOT_CONNECTED"",""tsunami"":""NOT_CONNECTED"",""note"":""露出は被害ではない。damage_state・debris_present・official_closure・通行可否を導出しない。""}",,,,,false,false
kyoto_kiyomizu:edge:KK-OSM-W371739384-S01:setback_m,kyoto_kiyomizu,SUBAREA_NOT_ASSIGNED_IN_RECEIPTS,edge,KK-OSM-W371739384-S01,setback_m,UNKNOWN,,,,UNKNOWN,FIELD_MEASUREMENT,NO_TARGET_IN_RECEIPTS,reports/M7_ALL_EDGE_EVIDENCE_READINESS_V2.json,[],,3,DEFAULT,"{""records"":0,""a31b_overlap_counts"":{},""landslide"":""NOT_JOINED"",""earthquake"":""NOT_JOINED"",""liquefaction"":""NOT_CONNECTED"",""tsunami"":""NOT_CONNECTED"",""note"":""露出は被害ではない。damage_state・debris_present・official_closure・通行可否を導出しない。""}",,,,,false,false
kyoto_kiyomizu:edge:KK-OSM-W371739384-S01:side_coverage,kyoto_kiyomizu,SUBAREA_NOT_ASSIGNED_IN_RECEIPTS,edge,KK-OSM-W371739384-S01,side_coverage,NOT_CONNECTED,,,,NOT_ENUMERATED,DOCUMENT_REVIEW,NO_TARGET_IN_RECEIPTS,reports/M7_ALL_EDGE_EVIDENCE_READINESS_V2.json,[],,3,DEFAULT,"{""records"":0,""a31b_overlap_counts"":{},""landslide"":""NOT_JOINED"",""earthquake"":""NOT_JOINED"",""liquefaction"":""NOT_CONNECTED"",""tsunami"":""NOT_CONNECTED"",""note"":""露出は被害ではない。damage_state・debris_present・official_closure・通行可否を導出しない。""}",,,,,false,false
kyoto_kiyomizu:edge:KK-OSM-W371739385-S01:clear_width_m,kyoto_kiyomizu,SUBAREA_NOT_ASSIGNED_IN_RECEIPTS,edge,KK-OSM-W371739385-S01,clear_width_m,UNKNOWN,,,,MISSING_FIELD_MEASUREMENT_DEFERRED,FIELD_MEASUREMENT,NO_TARGET_IN_RECEIPTS,reports/M7_ALL_EDGE_EVIDENCE_READINESS_V2.json,[],,3,DEFAULT,"{""records"":0,""a31b_overlap_counts"":{},""landslide"":""NOT_JOINED"",""earthquake"":""NOT_JOINED"",""liquefaction"":""NOT_CONNECTED"",""tsunami"":""NOT_CONNECTED"",""note"":""露出は被害ではない。damage_state・debris_present・official_closure・通行可否を導出しない。""}",,,,,false,false
kyoto_kiyomizu:edge:KK-OSM-W371739385-S01:damage_state,kyoto_kiyomizu,SUBAREA_NOT_ASSIGNED_IN_RECEIPTS,edge,KK-OSM-W371739385-S01,damage_state,UNKNOWN,,,,UNKNOWN,DOCUMENT_REVIEW,NO_TARGET_IN_RECEIPTS,reports/M7_ALL_EDGE_EVIDENCE_READINESS_V2.json,[],,3,DEFAULT,"{""records"":0,""a31b_overlap_counts"":{},""landslide"":""NOT_JOINED"",""earthquake"":""NOT_JOINED"",""liquefaction"":""NOT_CONNECTED"",""tsunami"":""NOT_CONNECTED"",""note"":""露出は被害ではない。damage_state・debris_present・official_closure・通行可否を導出しない。""}",,,,,false,false
kyoto_kiyomizu:edge:KK-OSM-W371739385-S01:debris_present,kyoto_kiyomizu,SUBAREA_NOT_ASSIGNED_IN_RECEIPTS,edge,KK-OSM-W371739385-S01,debris_present,UNKNOWN,,,,UNKNOWN,DOCUMENT_REVIEW,NO_TARGET_IN_RECEIPTS,reports/M7_ALL_EDGE_EVIDENCE_READINESS_V2.json,[],,3,DEFAULT,"{""records"":0,""a31b_overlap_counts"":{},""landslide"":""NOT_JOINED"",""earthquake"":""NOT_JOINED"",""liquefaction"":""NOT_CONNECTED"",""tsunami"":""NOT_CONNECTED"",""note"":""露出は被害ではない。damage_state・debris_present・official_closure・通行可否を導出しない。""}",,,,,false,false
kyoto_kiyomizu:edge:KK-OSM-W371739385-S01:hazard_data_status,kyoto_kiyomizu,SUBAREA_NOT_ASSIGNED_IN_RECEIPTS,edge,KK-OSM-W371739385-S01,hazard_data_status,UNKNOWN,,,,UNKNOWN,OFFICIAL_QUERY,NO_TARGET_IN_RECEIPTS,reports/M7_ALL_EDGE_EVIDENCE_READINESS_V2.json,[],,3,DEFAULT,"{""records"":0,""a31b_overlap_counts"":{},""landslide"":""NOT_JOINED"",""earthquake"":""NOT_JOINED"",""liquefaction"":""NOT_CONNECTED"",""tsunami"":""NOT_CONNECTED"",""note"":""露出は被害ではない。damage_state・debris_present・official_closure・通行可否を導出しない。""}",,,,,false,false
kyoto_kiyomizu:edge:KK-OSM-W371739385-S01:height_m,kyoto_kiyomizu,SUBAREA_NOT_ASSIGNED_IN_RECEIPTS,edge,KK-OSM-W371739385-S01,height_m,NOT_CONNECTED,,,,NOT_ENUMERATED,DOCUMENT_REVIEW,NO_TARGET_IN_RECEIPTS,reports/M7_ALL_EDGE_EVIDENCE_READINESS_V2.json,[],,3,DEFAULT,"{""records"":0,""a31b_overlap_counts"":{},""landslide"":""NOT_JOINED"",""earthquake"":""NOT_JOINED"",""liquefaction"":""NOT_CONNECTED"",""tsunami"":""NOT_CONNECTED"",""note"":""露出は被害ではない。damage_state・debris_present・official_closure・通行可否を導出しない。""}",,,,,false,false
kyoto_kiyomizu:edge:KK-OSM-W371739385-S01:official_closure,kyoto_kiyomizu,SUBAREA_NOT_ASSIGNED_IN_RECEIPTS,edge,KK-OSM-W371739385-S01,official_closure,NOT_CONNECTED,,,,MISSING,OFFICIAL_QUERY,NO_TARGET_IN_RECEIPTS,reports/M7_ALL_EDGE_EVIDENCE_READINESS_V2.json,[],,3,DEFAULT,"{""records"":0,""a31b_overlap_counts"":{},""landslide"":""NOT_JOINED"",""earthquake"":""NOT_JOINED"",""liquefaction"":""NOT_CONNECTED"",""tsunami"":""NOT_CONNECTED"",""note"":""露出は被害ではない。damage_state・debris_present・official_closure・通行可否を導出しない。""}",,,,,false,false
kyoto_kiyomizu:edge:KK-OSM-W371739385-S01:setback_m,kyoto_kiyomizu,SUBAREA_NOT_ASSIGNED_IN_RECEIPTS,edge,KK-OSM-W371739385-S01,setback_m,UNKNOWN,,,,UNKNOWN,FIELD_MEASUREMENT,NO_TARGET_IN_RECEIPTS,reports/M7_ALL_EDGE_EVIDENCE_READINESS_V2.json,[],,3,DEFAULT,"{""records"":0,""a31b_overlap_counts"":{},""landslide"":""NOT_JOINED"",""earthquake"":""NOT_JOINED"",""liquefaction"":""NOT_CONNECTED"",""tsunami"":""NOT_CONNECTED"",""note"":""露出は被害ではない。damage_state・debris_present・official_closure・通行可否を導出しない。""}",,,,,false,false
kyoto_kiyomizu:edge:KK-OSM-W371739385-S01:side_coverage,kyoto_kiyomizu,SUBAREA_NOT_ASSIGNED_IN_RECEIPTS,edge,KK-OSM-W371739385-S01,side_coverage,NOT_CONNECTED,,,,NOT_ENUMERATED,DOCUMENT_REVIEW,NO_TARGET_IN_RECEIPTS,reports/M7_ALL_EDGE_EVIDENCE_READINESS_V2.json,[],,3,DEFAULT,"{""records"":0,""a31b_overlap_counts"":{},""landslide"":""NOT_JOINED"",""earthquake"":""NOT_JOINED"",""liquefaction"":""NOT_CONNECTED"",""tsunami"":""NOT_CONNECTED"",""note"":""露出は被害ではない。damage_state・debris_present・official_closure・通行可否を導出しない。""}",,,,,false,false
kyoto_kiyomizu:edge:KK-OSM-W526198271-S01:clear_width_m,kyoto_kiyomizu,SUBAREA_NOT_ASSIGNED_IN_RECEIPTS,edge,KK-OSM-W526198271-S01,clear_width_m,UNKNOWN,,,,MISSING_FIELD_MEASUREMENT_DEFERRED,FIELD_MEASUREMENT,NO_TARGET_IN_RECEIPTS,reports/M7_ALL_EDGE_EVIDENCE_READINESS_V2.json,[],,3,DEFAULT,"{""records"":0,""a31b_overlap_counts"":{},""landslide"":""NOT_JOINED"",""earthquake"":""NOT_JOINED"",""liquefaction"":""NOT_CONNECTED"",""tsunami"":""NOT_CONNECTED"",""note"":""露出は被害ではない。damage_state・debris_present・official_closure・通行可否を導出しない。""}",,,,,false,false
kyoto_kiyomizu:edge:KK-OSM-W526198271-S01:damage_state,kyoto_kiyomizu,SUBAREA_NOT_ASSIGNED_IN_RECEIPTS,edge,KK-OSM-W526198271-S01,damage_state,UNKNOWN,,,,UNKNOWN,DOCUMENT_REVIEW,NO_TARGET_IN_RECEIPTS,reports/M7_ALL_EDGE_EVIDENCE_READINESS_V2.json,[],,3,DEFAULT,"{""records"":0,""a31b_overlap_counts"":{},""landslide"":""NOT_JOINED"",""earthquake"":""NOT_JOINED"",""liquefaction"":""NOT_CONNECTED"",""tsunami"":""NOT_CONNECTED"",""note"":""露出は被害ではない。damage_state・debris_present・official_closure・通行可否を導出しない。""}",,,,,false,false
kyoto_kiyomizu:edge:KK-OSM-W526198271-S01:debris_present,kyoto_kiyomizu,SUBAREA_NOT_ASSIGNED_IN_RECEIPTS,edge,KK-OSM-W526198271-S01,debris_present,UNKNOWN,,,,UNKNOWN,DOCUMENT_REVIEW,NO_TARGET_IN_RECEIPTS,reports/M7_ALL_EDGE_EVIDENCE_READINESS_V2.json,[],,3,DEFAULT,"{""records"":0,""a31b_overlap_counts"":{},""landslide"":""NOT_JOINED"",""earthquake"":""NOT_JOINED"",""liquefaction"":""NOT_CONNECTED"",""tsunami"":""NOT_CONNECTED"",""note"":""露出は被害ではない。damage_state・debris_present・official_closure・通行可否を導出しない。""}",,,,,false,false
kyoto_kiyomizu:edge:KK-OSM-W526198271-S01:hazard_data_status,kyoto_kiyomizu,SUBAREA_NOT_ASSIGNED_IN_RECEIPTS,edge,KK-OSM-W526198271-S01,hazard_data_status,UNKNOWN,,,,UNKNOWN,OFFICIAL_QUERY,NO_TARGET_IN_RECEIPTS,reports/M7_ALL_EDGE_EVIDENCE_READINESS_V2.json,[],,3,DEFAULT,"{""records"":0,""a31b_overlap_counts"":{},""landslide"":""NOT_JOINED"",""earthquake"":""NOT_JOINED"",""liquefaction"":""NOT_CONNECTED"",""tsunami"":""NOT_CONNECTED"",""note"":""露出は被害ではない。damage_state・debris_present・official_closure・通行可否を導出しない。""}",,,,,false,false
kyoto_kiyomizu:edge:KK-OSM-W526198271-S01:height_m,kyoto_kiyomizu,SUBAREA_NOT_ASSIGNED_IN_RECEIPTS,edge,KK-OSM-W526198271-S01,height_m,NOT_CONNECTED,,,,NOT_ENUMERATED,DOCUMENT_REVIEW,NO_TARGET_IN_RECEIPTS,reports/M7_ALL_EDGE_EVIDENCE_READINESS_V2.json,[],,3,DEFAULT,"{""records"":0,""a31b_overlap_counts"":{},""landslide"":""NOT_JOINED"",""earthquake"":""NOT_JOINED"",""liquefaction"":""NOT_CONNECTED"",""tsunami"":""NOT_CONNECTED"",""note"":""露出は被害ではない。damage_state・debris_present・official_closure・通行可否を導出しない。""}",,,,,false,false
kyoto_kiyomizu:edge:KK-OSM-W526198271-S01:official_closure,kyoto_kiyomizu,SUBAREA_NOT_ASSIGNED_IN_RECEIPTS,edge,KK-OSM-W526198271-S01,official_closure,NOT_CONNECTED,,,,MISSING,OFFICIAL_QUERY,NO_TARGET_IN_RECEIPTS,reports/M7_ALL_EDGE_EVIDENCE_READINESS_V2.json,[],,3,DEFAULT,"{""records"":0,""a31b_overlap_counts"":{},""landslide"":""NOT_JOINED"",""earthquake"":""NOT_JOINED"",""liquefaction"":""NOT_CONNECTED"",""tsunami"":""NOT_CONNECTED"",""note"":""露出は被害ではない。damage_state・debris_present・official_closure・通行可否を導出しない。""}",,,,,false,false
kyoto_kiyomizu:edge:KK-OSM-W526198271-S01:setback_m,kyoto_kiyomizu,SUBAREA_NOT_ASSIGNED_IN_RECEIPTS,edge,KK-OSM-W526198271-S01,setback_m,UNKNOWN,,,,UNKNOWN,FIELD_MEASUREMENT,NO_TARGET_IN_RECEIPTS,reports/M7_ALL_EDGE_EVIDENCE_READINESS_V2.json,[],,3,DEFAULT,"{""records"":0,""a31b_overlap_counts"":{},""landslide"":""NOT_JOINED"",""earthquake"":""NOT_JOINED"",""liquefaction"":""NOT_CONNECTED"",""tsunami"":""NOT_CONNECTED"",""note"":""露出は被害ではない。damage_state・debris_present・official_closure・通行可否を導出しない。""}",,,,,false,false
kyoto_kiyomizu:edge:KK-OSM-W526198271-S01:side_coverage,kyoto_kiyomizu,SUBAREA_NOT_ASSIGNED_IN_RECEIPTS,edge,KK-OSM-W526198271-S01,side_coverage,NOT_CONNECTED,,,,NOT_ENUMERATED,DOCUMENT_REVIEW,NO_TARGET_IN_RECEIPTS,reports/M7_ALL_EDGE_EVIDENCE_READINESS_V2.json,[],,3,DEFAULT,"{""records"":0,""a31b_overlap_counts"":{},""landslide"":""NOT_JOINED"",""earthquake"":""NOT_JOINED"",""liquefaction"":""NOT_CONNECTED"",""tsunami"":""NOT_CONNECTED"",""note"":""露出は被害ではない。damage_state・debris_present・official_closure・通行可否を導出しない。""}",,,,,false,false
kyoto_kiyomizu:edge:KK-OSM-W550360170-S01:clear_width_m,kyoto_kiyomizu,SUBAREA_NOT_ASSIGNED_IN_RECEIPTS,edge,KK-OSM-W550360170-S01,clear_width_m,UNKNOWN,,,,MISSING_FIELD_MEASUREMENT_DEFERRED,FIELD_MEASUREMENT,NO_TARGET_IN_RECEIPTS,reports/M7_ALL_EDGE_EVIDENCE_READINESS_V2.json,[],,3,DEFAULT,"{""records"":0,""a31b_overlap_counts"":{},""landslide"":""NOT_JOINED"",""earthquake"":""NOT_JOINED"",""liquefaction"":""NOT_CONNECTED"",""tsunami"":""NOT_CONNECTED"",""note"":""露出は被害ではない。damage_state・debris_present・official_closure・通行可否を導出しない。""}",,,,,false,false
kyoto_kiyomizu:edge:KK-OSM-W550360170-S01:damage_state,kyoto_kiyomizu,SUBAREA_NOT_ASSIGNED_IN_RECEIPTS,edge,KK-OSM-W550360170-S01,damage_state,UNKNOWN,,,,UNKNOWN,DOCUMENT_REVIEW,NO_TARGET_IN_RECEIPTS,reports/M7_ALL_EDGE_EVIDENCE_READINESS_V2.json,[],,3,DEFAULT,"{""records"":0,""a31b_overlap_counts"":{},""landslide"":""NOT_JOINED"",""earthquake"":""NOT_JOINED"",""liquefaction"":""NOT_CONNECTED"",""tsunami"":""NOT_CONNECTED"",""note"":""露出は被害ではない。damage_state・debris_present・official_closure・通行可否を導出しない。""}",,,,,false,false
kyoto_kiyomizu:edge:KK-OSM-W550360170-S01:debris_present,kyoto_kiyomizu,SUBAREA_NOT_ASSIGNED_IN_RECEIPTS,edge,KK-OSM-W550360170-S01,debris_present,UNKNOWN,,,,UNKNOWN,DOCUMENT_REVIEW,NO_TARGET_IN_RECEIPTS,reports/M7_ALL_EDGE_EVIDENCE_READINESS_V2.json,[],,3,DEFAULT,"{""records"":0,""a31b_overlap_counts"":{},""landslide"":""NOT_JOINED"",""earthquake"":""NOT_JOINED"",""liquefaction"":""NOT_CONNECTED"",""tsunami"":""NOT_CONNECTED"",""note"":""露出は被害ではない。damage_state・debris_present・official_closure・通行可否を導出しない。""}",,,,,false,false
kyoto_kiyomizu:edge:KK-OSM-W550360170-S01:hazard_data_status,kyoto_kiyomizu,SUBAREA_NOT_ASSIGNED_IN_RECEIPTS,edge,KK-OSM-W550360170-S01,hazard_data_status,UNKNOWN,,,,UNKNOWN,OFFICIAL_QUERY,NO_TARGET_IN_RECEIPTS,reports/M7_ALL_EDGE_EVIDENCE_READINESS_V2.json,[],,3,DEFAULT,"{""records"":0,""a31b_overlap_counts"":{},""landslide"":""NOT_JOINED"",""earthquake"":""NOT_JOINED"",""liquefaction"":""NOT_CONNECTED"",""tsunami"":""NOT_CONNECTED"",""note"":""露出は被害ではない。damage_state・debris_present・official_closure・通行可否を導出しない。""}",,,,,false,false
kyoto_kiyomizu:edge:KK-OSM-W550360170-S01:height_m,kyoto_kiyomizu,SUBAREA_NOT_ASSIGNED_IN_RECEIPTS,edge,KK-OSM-W550360170-S01,height_m,NOT_CONNECTED,,,,NOT_ENUMERATED,DOCUMENT_REVIEW,NO_TARGET_IN_RECEIPTS,reports/M7_ALL_EDGE_EVIDENCE_READINESS_V2.json,[],,3,DEFAULT,"{""records"":0,""a31b_overlap_counts"":{},""landslide"":""NOT_JOINED"",""earthquake"":""NOT_JOINED"",""liquefaction"":""NOT_CONNECTED"",""tsunami"":""NOT_CONNECTED"",""note"":""露出は被害ではない。damage_state・debris_present・official_closure・通行可否を導出しない。""}",,,,,false,false
kyoto_kiyomizu:edge:KK-OSM-W550360170-S01:official_closure,kyoto_kiyomizu,SUBAREA_NOT_ASSIGNED_IN_RECEIPTS,edge,KK-OSM-W550360170-S01,official_closure,NOT_CONNECTED,,,,MISSING,OFFICIAL_QUERY,NO_TARGET_IN_RECEIPTS,reports/M7_ALL_EDGE_EVIDENCE_READINESS_V2.json,[],,3,DEFAULT,"{""records"":0,""a31b_overlap_counts"":{},""landslide"":""NOT_JOINED"",""earthquake"":""NOT_JOINED"",""liquefaction"":""NOT_CONNECTED"",""tsunami"":""NOT_CONNECTED"",""note"":""露出は被害ではない。damage_state・debris_present・official_closure・通行可否を導出しない。""}",,,,,false,false
kyoto_kiyomizu:edge:KK-OSM-W550360170-S01:setback_m,kyoto_kiyomizu,SUBAREA_NOT_ASSIGNED_IN_RECEIPTS,edge,KK-OSM-W550360170-S01,setback_m,UNKNOWN,,,,UNKNOWN,FIELD_MEASUREMENT,NO_TARGET_IN_RECEIPTS,reports/M7_ALL_EDGE_EVIDENCE_READINESS_V2.json,[],,3,DEFAULT,"{""records"":0,""a31b_overlap_counts"":{},""landslide"":""NOT_JOINED"",""earthquake"":""NOT_JOINED"",""liquefaction"":""NOT_CONNECTED"",""tsunami"":""NOT_CONNECTED"",""note"":""露出は被害ではない。damage_state・debris_present・official_closure・通行可否を導出しない。""}",,,,,false,false
kyoto_kiyomizu:edge:KK-OSM-W550360170-S01:side_coverage,kyoto_kiyomizu,SUBAREA_NOT_ASSIGNED_IN_RECEIPTS,edge,KK-OSM-W550360170-S01,side_coverage,NOT_CONNECTED,,,,NOT_ENUMERATED,DOCUMENT_REVIEW,NO_TARGET_IN_RECEIPTS,reports/M7_ALL_EDGE_EVIDENCE_READINESS_V2.json,[],,3,DEFAULT,"{""records"":0,""a31b_overlap_counts"":{},""landslide"":""NOT_JOINED"",""earthquake"":""NOT_JOINED"",""liquefaction"":""NOT_CONNECTED"",""tsunami"":""NOT_CONNECTED"",""note"":""露出は被害ではない。damage_state・debris_present・official_closure・通行可否を導出しない。""}",,,,,false,false
kyoto_kiyomizu:edge:KK-OSM-W58413931-S01:clear_width_m,kyoto_kiyomizu,SUBAREA_NOT_ASSIGNED_IN_RECEIPTS,edge,KK-OSM-W58413931-S01,clear_width_m,UNKNOWN,,,,MISSING_FIELD_MEASUREMENT_DEFERRED,FIELD_MEASUREMENT,NO_TARGET_IN_RECEIPTS,reports/M7_ALL_EDGE_EVIDENCE_READINESS_V2.json,[],,3,DEFAULT,"{""records"":0,""a31b_overlap_counts"":{},""landslide"":""NOT_JOINED"",""earthquake"":""NOT_JOINED"",""liquefaction"":""NOT_CONNECTED"",""tsunami"":""NOT_CONNECTED"",""note"":""露出は被害ではない。damage_state・debris_present・official_closure・通行可否を導出しない。""}",,,,,false,false
kyoto_kiyomizu:edge:KK-OSM-W58413931-S01:damage_state,kyoto_kiyomizu,SUBAREA_NOT_ASSIGNED_IN_RECEIPTS,edge,KK-OSM-W58413931-S01,damage_state,UNKNOWN,,,,UNKNOWN,DOCUMENT_REVIEW,NO_TARGET_IN_RECEIPTS,reports/M7_ALL_EDGE_EVIDENCE_READINESS_V2.json,[],,3,DEFAULT,"{""records"":0,""a31b_overlap_counts"":{},""landslide"":""NOT_JOINED"",""earthquake"":""NOT_JOINED"",""liquefaction"":""NOT_CONNECTED"",""tsunami"":""NOT_CONNECTED"",""note"":""露出は被害ではない。damage_state・debris_present・official_closure・通行可否を導出しない。""}",,,,,false,false
kyoto_kiyomizu:edge:KK-OSM-W58413931-S01:debris_present,kyoto_kiyomizu,SUBAREA_NOT_ASSIGNED_IN_RECEIPTS,edge,KK-OSM-W58413931-S01,debris_present,UNKNOWN,,,,UNKNOWN,DOCUMENT_REVIEW,NO_TARGET_IN_RECEIPTS,reports/M7_ALL_EDGE_EVIDENCE_READINESS_V2.json,[],,3,DEFAULT,"{""records"":0,""a31b_overlap_counts"":{},""landslide"":""NOT_JOINED"",""earthquake"":""NOT_JOINED"",""liquefaction"":""NOT_CONNECTED"",""tsunami"":""NOT_CONNECTED"",""note"":""露出は被害ではない。damage_state・debris_present・official_closure・通行可否を導出しない。""}",,,,,false,false
kyoto_kiyomizu:edge:KK-OSM-W58413931-S01:hazard_data_status,kyoto_kiyomizu,SUBAREA_NOT_ASSIGNED_IN_RECEIPTS,edge,KK-OSM-W58413931-S01,hazard_data_status,UNKNOWN,,,,UNKNOWN,OFFICIAL_QUERY,NO_TARGET_IN_RECEIPTS,reports/M7_ALL_EDGE_EVIDENCE_READINESS_V2.json,[],,3,DEFAULT,"{""records"":0,""a31b_overlap_counts"":{},""landslide"":""NOT_JOINED"",""earthquake"":""NOT_JOINED"",""liquefaction"":""NOT_CONNECTED"",""tsunami"":""NOT_CONNECTED"",""note"":""露出は被害ではない。damage_state・debris_present・official_closure・通行可否を導出しない。""}",,,,,false,false
kyoto_kiyomizu:edge:KK-OSM-W58413931-S01:height_m,kyoto_kiyomizu,SUBAREA_NOT_ASSIGNED_IN_RECEIPTS,edge,KK-OSM-W58413931-S01,height_m,NOT_CONNECTED,,,,NOT_ENUMERATED,DOCUMENT_REVIEW,NO_TARGET_IN_RECEIPTS,reports/M7_ALL_EDGE_EVIDENCE_READINESS_V2.json,[],,3,DEFAULT,"{""records"":0,""a31b_overlap_counts"":{},""landslide"":""NOT_JOINED"",""earthquake"":""NOT_JOINED"",""liquefaction"":""NOT_CONNECTED"",""tsunami"":""NOT_CONNECTED"",""note"":""露出は被害ではない。damage_state・debris_present・official_closure・通行可否を導出しない。""}",,,,,false,false
kyoto_kiyomizu:edge:KK-OSM-W58413931-S01:official_closure,kyoto_kiyomizu,SUBAREA_NOT_ASSIGNED_IN_RECEIPTS,edge,KK-OSM-W58413931-S01,official_closure,NOT_CONNECTED,,,,MISSING,OFFICIAL_QUERY,NO_TARGET_IN_RECEIPTS,reports/M7_ALL_EDGE_EVIDENCE_READINESS_V2.json,[],,3,DEFAULT,"{""records"":0,""a31b_overlap_counts"":{},""landslide"":""NOT_JOINED"",""earthquake"":""NOT_JOINED"",""liquefaction"":""NOT_CONNECTED"",""tsunami"":""NOT_CONNECTED"",""note"":""露出は被害ではない。damage_state・debris_present・official_closure・通行可否を導出しない。""}",,,,,false,false
kyoto_kiyomizu:edge:KK-OSM-W58413931-S01:setback_m,kyoto_kiyomizu,SUBAREA_NOT_ASSIGNED_IN_RECEIPTS,edge,KK-OSM-W58413931-S01,setback_m,UNKNOWN,,,,UNKNOWN,FIELD_MEASUREMENT,NO_TARGET_IN_RECEIPTS,reports/M7_ALL_EDGE_EVIDENCE_READINESS_V2.json,[],,3,DEFAULT,"{""records"":0,""a31b_overlap_counts"":{},""landslide"":""NOT_JOINED"",""earthquake"":""NOT_JOINED"",""liquefaction"":""NOT_CONNECTED"",""tsunami"":""NOT_CONNECTED"",""note"":""露出は被害ではない。damage_state・debris_present・official_closure・通行可否を導出しない。""}",,,,,false,false
kyoto_kiyomizu:edge:KK-OSM-W58413931-S01:side_coverage,kyoto_kiyomizu,SUBAREA_NOT_ASSIGNED_IN_RECEIPTS,edge,KK-OSM-W58413931-S01,side_coverage,NOT_CONNECTED,,,,NOT_ENUMERATED,DOCUMENT_REVIEW,NO_TARGET_IN_RECEIPTS,reports/M7_ALL_EDGE_EVIDENCE_READINESS_V2.json,[],,3,DEFAULT,"{""records"":0,""a31b_overlap_counts"":{},""landslide"":""NOT_JOINED"",""earthquake"":""NOT_JOINED"",""liquefaction"":""NOT_CONNECTED"",""tsunami"":""NOT_CONNECTED"",""note"":""露出は被害ではない。damage_state・debris_present・official_closure・通行可否を導出しない。""}",,,,,false,false
kyoto_kiyomizu:edge:KK-OSM-W710696944-S01:clear_width_m,kyoto_kiyomizu,SUBAREA_NOT_ASSIGNED_IN_RECEIPTS,edge,KK-OSM-W710696944-S01,clear_width_m,UNKNOWN,,,,MISSING_FIELD_MEASUREMENT_DEFERRED,FIELD_MEASUREMENT,NO_TARGET_IN_RECEIPTS,reports/M7_ALL_EDGE_EVIDENCE_READINESS_V2.json,[],,3,DEFAULT,"{""records"":0,""a31b_overlap_counts"":{},""landslide"":""NOT_JOINED"",""earthquake"":""NOT_JOINED"",""liquefaction"":""NOT_CONNECTED"",""tsunami"":""NOT_CONNECTED"",""note"":""露出は被害ではない。damage_state・debris_present・official_closure・通行可否を導出しない。""}",,,,,false,false
kyoto_kiyomizu:edge:KK-OSM-W710696944-S01:damage_state,kyoto_kiyomizu,SUBAREA_NOT_ASSIGNED_IN_RECEIPTS,edge,KK-OSM-W710696944-S01,damage_state,UNKNOWN,,,,UNKNOWN,DOCUMENT_REVIEW,NO_TARGET_IN_RECEIPTS,reports/M7_ALL_EDGE_EVIDENCE_READINESS_V2.json,[],,3,DEFAULT,"{""records"":0,""a31b_overlap_counts"":{},""landslide"":""NOT_JOINED"",""earthquake"":""NOT_JOINED"",""liquefaction"":""NOT_CONNECTED"",""tsunami"":""NOT_CONNECTED"",""note"":""露出は被害ではない。damage_state・debris_present・official_closure・通行可否を導出しない。""}",,,,,false,false
kyoto_kiyomizu:edge:KK-OSM-W710696944-S01:debris_present,kyoto_kiyomizu,SUBAREA_NOT_ASSIGNED_IN_RECEIPTS,edge,KK-OSM-W710696944-S01,debris_present,UNKNOWN,,,,UNKNOWN,DOCUMENT_REVIEW,NO_TARGET_IN_RECEIPTS,reports/M7_ALL_EDGE_EVIDENCE_READINESS_V2.json,[],,3,DEFAULT,"{""records"":0,""a31b_overlap_counts"":{},""landslide"":""NOT_JOINED"",""earthquake"":""NOT_JOINED"",""liquefaction"":""NOT_CONNECTED"",""tsunami"":""NOT_CONNECTED"",""note"":""露出は被害ではない。damage_state・debris_present・official_closure・通行可否を導出しない。""}",,,,,false,false
kyoto_kiyomizu:edge:KK-OSM-W710696944-S01:hazard_data_status,kyoto_kiyomizu,SUBAREA_NOT_ASSIGNED_IN_RECEIPTS,edge,KK-OSM-W710696944-S01,hazard_data_status,UNKNOWN,,,,UNKNOWN,OFFICIAL_QUERY,NO_TARGET_IN_RECEIPTS,reports/M7_ALL_EDGE_EVIDENCE_READINESS_V2.json,[],,3,DEFAULT,"{""records"":0,""a31b_overlap_counts"":{},""landslide"":""NOT_JOINED"",""earthquake"":""NOT_JOINED"",""liquefaction"":""NOT_CONNECTED"",""tsunami"":""NOT_CONNECTED"",""note"":""露出は被害ではない。damage_state・debris_present・official_closure・通行可否を導出しない。""}",,,,,false,false
kyoto_kiyomizu:edge:KK-OSM-W710696944-S01:height_m,kyoto_kiyomizu,SUBAREA_NOT_ASSIGNED_IN_RECEIPTS,edge,KK-OSM-W710696944-S01,height_m,NOT_CONNECTED,,,,NOT_ENUMERATED,DOCUMENT_REVIEW,NO_TARGET_IN_RECEIPTS,reports/M7_ALL_EDGE_EVIDENCE_READINESS_V2.json,[],,3,DEFAULT,"{""records"":0,""a31b_overlap_counts"":{},""landslide"":""NOT_JOINED"",""earthquake"":""NOT_JOINED"",""liquefaction"":""NOT_CONNECTED"",""tsunami"":""NOT_CONNECTED"",""note"":""露出は被害ではない。damage_state・debris_present・official_closure・通行可否を導出しない。""}",,,,,false,false
kyoto_kiyomizu:edge:KK-OSM-W710696944-S01:official_closure,kyoto_kiyomizu,SUBAREA_NOT_ASSIGNED_IN_RECEIPTS,edge,KK-OSM-W710696944-S01,official_closure,NOT_CONNECTED,,,,MISSING,OFFICIAL_QUERY,NO_TARGET_IN_RECEIPTS,reports/M7_ALL_EDGE_EVIDENCE_READINESS_V2.json,[],,3,DEFAULT,"{""records"":0,""a31b_overlap_counts"":{},""landslide"":""NOT_JOINED"",""earthquake"":""NOT_JOINED"",""liquefaction"":""NOT_CONNECTED"",""tsunami"":""NOT_CONNECTED"",""note"":""露出は被害ではない。damage_state・debris_present・official_closure・通行可否を導出しない。""}",,,,,false,false
kyoto_kiyomizu:edge:KK-OSM-W710696944-S01:setback_m,kyoto_kiyomizu,SUBAREA_NOT_ASSIGNED_IN_RECEIPTS,edge,KK-OSM-W710696944-S01,setback_m,UNKNOWN,,,,UNKNOWN,FIELD_MEASUREMENT,NO_TARGET_IN_RECEIPTS,reports/M7_ALL_EDGE_EVIDENCE_READINESS_V2.json,[],,3,DEFAULT,"{""records"":0,""a31b_overlap_counts"":{},""landslide"":""NOT_JOINED"",""earthquake"":""NOT_JOINED"",""liquefaction"":""NOT_CONNECTED"",""tsunami"":""NOT_CONNECTED"",""note"":""露出は被害ではない。damage_state・debris_present・official_closure・通行可否を導出しない。""}",,,,,false,false
kyoto_kiyomizu:edge:KK-OSM-W710696944-S01:side_coverage,kyoto_kiyomizu,SUBAREA_NOT_ASSIGNED_IN_RECEIPTS,edge,KK-OSM-W710696944-S01,side_coverage,NOT_CONNECTED,,,,NOT_ENUMERATED,DOCUMENT_REVIEW,NO_TARGET_IN_RECEIPTS,reports/M7_ALL_EDGE_EVIDENCE_READINESS_V2.json,[],,3,DEFAULT,"{""records"":0,""a31b_overlap_counts"":{},""landslide"":""NOT_JOINED"",""earthquake"":""NOT_JOINED"",""liquefaction"":""NOT_CONNECTED"",""tsunami"":""NOT_CONNECTED"",""note"":""露出は被害ではない。damage_state・debris_present・official_closure・通行可否を導出しない。""}",,,,,false,false
kyoto_kiyomizu:edge:KK-OSM-W747033984-S01:clear_width_m,kyoto_kiyomizu,SUBAREA_NOT_ASSIGNED_IN_RECEIPTS,edge,KK-OSM-W747033984-S01,clear_width_m,UNKNOWN,,,,MISSING_FIELD_MEASUREMENT_DEFERRED,FIELD_MEASUREMENT,NO_TARGET_IN_RECEIPTS,reports/M7_ALL_EDGE_EVIDENCE_READINESS_V2.json,[],,3,DEFAULT,"{""records"":0,""a31b_overlap_counts"":{},""landslide"":""NOT_JOINED"",""earthquake"":""NOT_JOINED"",""liquefaction"":""NOT_CONNECTED"",""tsunami"":""NOT_CONNECTED"",""note"":""露出は被害ではない。damage_state・debris_present・official_closure・通行可否を導出しない。""}",,,,,false,false
kyoto_kiyomizu:edge:KK-OSM-W747033984-S01:damage_state,kyoto_kiyomizu,SUBAREA_NOT_ASSIGNED_IN_RECEIPTS,edge,KK-OSM-W747033984-S01,damage_state,UNKNOWN,,,,UNKNOWN,DOCUMENT_REVIEW,NO_TARGET_IN_RECEIPTS,reports/M7_ALL_EDGE_EVIDENCE_READINESS_V2.json,[],,3,DEFAULT,"{""records"":0,""a31b_overlap_counts"":{},""landslide"":""NOT_JOINED"",""earthquake"":""NOT_JOINED"",""liquefaction"":""NOT_CONNECTED"",""tsunami"":""NOT_CONNECTED"",""note"":""露出は被害ではない。damage_state・debris_present・official_closure・通行可否を導出しない。""}",,,,,false,false
kyoto_kiyomizu:edge:KK-OSM-W747033984-S01:debris_present,kyoto_kiyomizu,SUBAREA_NOT_ASSIGNED_IN_RECEIPTS,edge,KK-OSM-W747033984-S01,debris_present,UNKNOWN,,,,UNKNOWN,DOCUMENT_REVIEW,NO_TARGET_IN_RECEIPTS,reports/M7_ALL_EDGE_EVIDENCE_READINESS_V2.json,[],,3,DEFAULT,"{""records"":0,""a31b_overlap_counts"":{},""landslide"":""NOT_JOINED"",""earthquake"":""NOT_JOINED"",""liquefaction"":""NOT_CONNECTED"",""tsunami"":""NOT_CONNECTED"",""note"":""露出は被害ではない。damage_state・debris_present・official_closure・通行可否を導出しない。""}",,,,,false,false
kyoto_kiyomizu:edge:KK-OSM-W747033984-S01:hazard_data_status,kyoto_kiyomizu,SUBAREA_NOT_ASSIGNED_IN_RECEIPTS,edge,KK-OSM-W747033984-S01,hazard_data_status,UNKNOWN,,,,UNKNOWN,OFFICIAL_QUERY,NO_TARGET_IN_RECEIPTS,reports/M7_ALL_EDGE_EVIDENCE_READINESS_V2.json,[],,3,DEFAULT,"{""records"":0,""a31b_overlap_counts"":{},""landslide"":""NOT_JOINED"",""earthquake"":""NOT_JOINED"",""liquefaction"":""NOT_CONNECTED"",""tsunami"":""NOT_CONNECTED"",""note"":""露出は被害ではない。damage_state・debris_present・official_closure・通行可否を導出しない。""}",,,,,false,false
kyoto_kiyomizu:edge:KK-OSM-W747033984-S01:height_m,kyoto_kiyomizu,SUBAREA_NOT_ASSIGNED_IN_RECEIPTS,edge,KK-OSM-W747033984-S01,height_m,NOT_CONNECTED,,,,NOT_ENUMERATED,DOCUMENT_REVIEW,NO_TARGET_IN_RECEIPTS,reports/M7_ALL_EDGE_EVIDENCE_READINESS_V2.json,[],,3,DEFAULT,"{""records"":0,""a31b_overlap_counts"":{},""landslide"":""NOT_JOINED"",""earthquake"":""NOT_JOINED"",""liquefaction"":""NOT_CONNECTED"",""tsunami"":""NOT_CONNECTED"",""note"":""露出は被害ではない。damage_state・debris_present・official_closure・通行可否を導出しない。""}",,,,,false,false
kyoto_kiyomizu:edge:KK-OSM-W747033984-S01:official_closure,kyoto_kiyomizu,SUBAREA_NOT_ASSIGNED_IN_RECEIPTS,edge,KK-OSM-W747033984-S01,official_closure,NOT_CONNECTED,,,,MISSING,OFFICIAL_QUERY,NO_TARGET_IN_RECEIPTS,reports/M7_ALL_EDGE_EVIDENCE_READINESS_V2.json,[],,3,DEFAULT,"{""records"":0,""a31b_overlap_counts"":{},""landslide"":""NOT_JOINED"",""earthquake"":""NOT_JOINED"",""liquefaction"":""NOT_CONNECTED"",""tsunami"":""NOT_CONNECTED"",""note"":""露出は被害ではない。damage_state・debris_present・official_closure・通行可否を導出しない。""}",,,,,false,false
kyoto_kiyomizu:edge:KK-OSM-W747033984-S01:setback_m,kyoto_kiyomizu,SUBAREA_NOT_ASSIGNED_IN_RECEIPTS,edge,KK-OSM-W747033984-S01,setback_m,UNKNOWN,,,,UNKNOWN,FIELD_MEASUREMENT,NO_TARGET_IN_RECEIPTS,reports/M7_ALL_EDGE_EVIDENCE_READINESS_V2.json,[],,3,DEFAULT,"{""records"":0,""a31b_overlap_counts"":{},""landslide"":""NOT_JOINED"",""earthquake"":""NOT_JOINED"",""liquefaction"":""NOT_CONNECTED"",""tsunami"":""NOT_CONNECTED"",""note"":""露出は被害ではない。damage_state・debris_present・official_closure・通行可否を導出しない。""}",,,,,false,false
kyoto_kiyomizu:edge:KK-OSM-W747033984-S01:side_coverage,kyoto_kiyomizu,SUBAREA_NOT_ASSIGNED_IN_RECEIPTS,edge,KK-OSM-W747033984-S01,side_coverage,NOT_CONNECTED,,,,NOT_ENUMERATED,DOCUMENT_REVIEW,NO_TARGET_IN_RECEIPTS,reports/M7_ALL_EDGE_EVIDENCE_READINESS_V2.json,[],,3,DEFAULT,"{""records"":0,""a31b_overlap_counts"":{},""landslide"":""NOT_JOINED"",""earthquake"":""NOT_JOINED"",""liquefaction"":""NOT_CONNECTED"",""tsunami"":""NOT_CONNECTED"",""note"":""露出は被害ではない。damage_state・debris_present・official_closure・通行可否を導出しない。""}",,,,,false,false
kyoto_kiyomizu:edge:KK-OSM-W747033985-S01:clear_width_m,kyoto_kiyomizu,SUBAREA_NOT_ASSIGNED_IN_RECEIPTS,edge,KK-OSM-W747033985-S01,clear_width_m,UNKNOWN,,,,MISSING_FIELD_MEASUREMENT_DEFERRED,FIELD_MEASUREMENT,NO_TARGET_IN_RECEIPTS,reports/M7_ALL_EDGE_EVIDENCE_READINESS_V2.json,[],,3,DEFAULT,"{""records"":0,""a31b_overlap_counts"":{},""landslide"":""NOT_JOINED"",""earthquake"":""NOT_JOINED"",""liquefaction"":""NOT_CONNECTED"",""tsunami"":""NOT_CONNECTED"",""note"":""露出は被害ではない。damage_state・debris_present・official_closure・通行可否を導出しない。""}",,,,,false,false
kyoto_kiyomizu:edge:KK-OSM-W747033985-S01:damage_state,kyoto_kiyomizu,SUBAREA_NOT_ASSIGNED_IN_RECEIPTS,edge,KK-OSM-W747033985-S01,damage_state,UNKNOWN,,,,UNKNOWN,DOCUMENT_REVIEW,NO_TARGET_IN_RECEIPTS,reports/M7_ALL_EDGE_EVIDENCE_READINESS_V2.json,[],,3,DEFAULT,"{""records"":0,""a31b_overlap_counts"":{},""landslide"":""NOT_JOINED"",""earthquake"":""NOT_JOINED"",""liquefaction"":""NOT_CONNECTED"",""tsunami"":""NOT_CONNECTED"",""note"":""露出は被害ではない。damage_state・debris_present・official_closure・通行可否を導出しない。""}",,,,,false,false
kyoto_kiyomizu:edge:KK-OSM-W747033985-S01:debris_present,kyoto_kiyomizu,SUBAREA_NOT_ASSIGNED_IN_RECEIPTS,edge,KK-OSM-W747033985-S01,debris_present,UNKNOWN,,,,UNKNOWN,DOCUMENT_REVIEW,NO_TARGET_IN_RECEIPTS,reports/M7_ALL_EDGE_EVIDENCE_READINESS_V2.json,[],,3,DEFAULT,"{""records"":0,""a31b_overlap_counts"":{},""landslide"":""NOT_JOINED"",""earthquake"":""NOT_JOINED"",""liquefaction"":""NOT_CONNECTED"",""tsunami"":""NOT_CONNECTED"",""note"":""露出は被害ではない。damage_state・debris_present・official_closure・通行可否を導出しない。""}",,,,,false,false
kyoto_kiyomizu:edge:KK-OSM-W747033985-S01:hazard_data_status,kyoto_kiyomizu,SUBAREA_NOT_ASSIGNED_IN_RECEIPTS,edge,KK-OSM-W747033985-S01,hazard_data_status,UNKNOWN,,,,UNKNOWN,OFFICIAL_QUERY,NO_TARGET_IN_RECEIPTS,reports/M7_ALL_EDGE_EVIDENCE_READINESS_V2.json,[],,3,DEFAULT,"{""records"":0,""a31b_overlap_counts"":{},""landslide"":""NOT_JOINED"",""earthquake"":""NOT_JOINED"",""liquefaction"":""NOT_CONNECTED"",""tsunami"":""NOT_CONNECTED"",""note"":""露出は被害ではない。damage_state・debris_present・official_closure・通行可否を導出しない。""}",,,,,false,false
kyoto_kiyomizu:edge:KK-OSM-W747033985-S01:height_m,kyoto_kiyomizu,SUBAREA_NOT_ASSIGNED_IN_RECEIPTS,edge,KK-OSM-W747033985-S01,height_m,NOT_CONNECTED,,,,NOT_ENUMERATED,DOCUMENT_REVIEW,NO_TARGET_IN_RECEIPTS,reports/M7_ALL_EDGE_EVIDENCE_READINESS_V2.json,[],,3,DEFAULT,"{""records"":0,""a31b_overlap_counts"":{},""landslide"":""NOT_JOINED"",""earthquake"":""NOT_JOINED"",""liquefaction"":""NOT_CONNECTED"",""tsunami"":""NOT_CONNECTED"",""note"":""露出は被害ではない。damage_state・debris_present・official_closure・通行可否を導出しない。""}",,,,,false,false
kyoto_kiyomizu:edge:KK-OSM-W747033985-S01:official_closure,kyoto_kiyomizu,SUBAREA_NOT_ASSIGNED_IN_RECEIPTS,edge,KK-OSM-W747033985-S01,official_closure,NOT_CONNECTED,,,,MISSING,OFFICIAL_QUERY,NO_TARGET_IN_RECEIPTS,reports/M7_ALL_EDGE_EVIDENCE_READINESS_V2.json,[],,3,DEFAULT,"{""records"":0,""a31b_overlap_counts"":{},""landslide"":""NOT_JOINED"",""earthquake"":""NOT_JOINED"",""liquefaction"":""NOT_CONNECTED"",""tsunami"":""NOT_CONNECTED"",""note"":""露出は被害ではない。damage_state・debris_present・official_closure・通行可否を導出しない。""}",,,,,false,false
kyoto_kiyomizu:edge:KK-OSM-W747033985-S01:setback_m,kyoto_kiyomizu,SUBAREA_NOT_ASSIGNED_IN_RECEIPTS,edge,KK-OSM-W747033985-S01,setback_m,UNKNOWN,,,,UNKNOWN,FIELD_MEASUREMENT,NO_TARGET_IN_RECEIPTS,reports/M7_ALL_EDGE_EVIDENCE_READINESS_V2.json,[],,3,DEFAULT,"{""records"":0,""a31b_overlap_counts"":{},""landslide"":""NOT_JOINED"",""earthquake"":""NOT_JOINED"",""liquefaction"":""NOT_CONNECTED"",""tsunami"":""NOT_CONNECTED"",""note"":""露出は被害ではない。damage_state・debris_present・official_closure・通行可否を導出しない。""}",,,,,false,false
kyoto_kiyomizu:edge:KK-OSM-W747033985-S01:side_coverage,kyoto_kiyomizu,SUBAREA_NOT_ASSIGNED_IN_RECEIPTS,edge,KK-OSM-W747033985-S01,side_coverage,NOT_CONNECTED,,,,NOT_ENUMERATED,DOCUMENT_REVIEW,NO_TARGET_IN_RECEIPTS,reports/M7_ALL_EDGE_EVIDENCE_READINESS_V2.json,[],,3,DEFAULT,"{""records"":0,""a31b_overlap_counts"":{},""landslide"":""NOT_JOINED"",""earthquake"":""NOT_JOINED"",""liquefaction"":""NOT_CONNECTED"",""tsunami"":""NOT_CONNECTED"",""note"":""露出は被害ではない。damage_state・debris_present・official_closure・通行可否を導出しない。""}",,,,,false,false
kyoto_kiyomizu:plaza:kyoto_kiyomizu:emergency_open_space:plaza.category_row_connection,kyoto_kiyomizu,kiyomizu_gion,plaza,kyoto_kiyomizu:emergency_open_space,plaza.category_row_connection,NOT_CONNECTED,,,,METADATA_ONLY_NOT_CONNECTED,OFFICIAL_QUERY,"Acquire the current official emergency-open-space row list and preserve stable IDs, direct coordinates, version, licence, and row lineage.",inputs/staging/KYOTO-OFFICIAL-PARITY-V1/facility_category_status.json,"[""gsi_dem_5m10m_current"",""hokonavi_current_catalog"",""kyoto_city_landslide_gis_20260830"",""kyoto_current_hazard_context_2026"",""kyoto_hazard_gis_download_current"",""kyoto_public_toilets_00307"",""kyoto_public_toilets_00307_landing"",""mlit_walkspace_kyoto_h23"",""plateau_kyoto_2025_citygml_v5"",""plateau_kyoto_2025_index"",""plateau_kyoto_2025_related""]","The official landing page is source-bound, but no reviewed current row-level original with source-provided coordinates is present in the bounded trust scope.",3,DEFAULT,,,,,,true,false
kyoto_kiyomizu:plaza:kyoto_kiyomizu:temporary_stay_facility:plaza.category_row_connection,kyoto_kiyomizu,kiyomizu_gion,plaza,kyoto_kiyomizu:temporary_stay_facility,plaza.category_row_connection,NOT_CONNECTED,,,,METADATA_ONLY_NOT_CONNECTED,OFFICIAL_QUERY,"Acquire the current official temporary-stay facility row list and preserve stable IDs, direct coordinates, version, licence, and row lineage.",inputs/staging/KYOTO-OFFICIAL-PARITY-V1/facility_category_status.json,"[""gsi_dem_5m10m_current"",""hokonavi_current_catalog"",""kyoto_city_landslide_gis_20260830"",""kyoto_current_hazard_context_2026"",""kyoto_hazard_gis_download_current"",""kyoto_public_toilets_00307"",""kyoto_public_toilets_00307_landing"",""mlit_walkspace_kyoto_h23"",""plateau_kyoto_2025_citygml_v5"",""plateau_kyoto_2025_index"",""plateau_kyoto_2025_related""]","The official landing page is source-bound, but no reviewed current row-level original with source-provided coordinates is present in the bounded trust scope.",3,DEFAULT,,,,,,true,false
