{"features":[{"geometry":{"coordinates":[135.6776779,35.0121874],"type":"Point"},"id":"kyoto-arashiyama:osm-node-000243776546","properties":{"data_class":"REAL","geometry_status":"SOURCE_TRACEABLE_REAL","lineage":["OpenStreetMap original node ID and coordinate","fixed-time bounded Overpass response retained as exact bytes","node retained because it is an endpoint of a retained candidate segment"],"node_id":"kyoto-arashiyama:osm-node-000243776546","retrieval_query_sha256":"b5c52b3ea7542261159b5764956aa9662673c0422b3509dc59e4866f00c14603","revision_id":"osm-2026-08-29-v1","source_class":"VGI","source_feature_id":"node/243776546","source_id":"openstreetmap-overpass-arashiyama-20260829","source_sha256":"1cde93d68bebf633989e825cbd5ac1e772cee81508043f44beb311250a1e8013","stable_feature_id":"kyoto-arashiyama:osm-node-000243776546","topology_status":"CANDIDATE"},"type":"Feature"},{"geometry":{"coordinates":[135.6778518,35.0136547],"type":"Point"},"id":"kyoto-arashiyama:osm-node-000243776548","properties":{"data_class":"REAL","geometry_status":"SOURCE_TRACEABLE_REAL","lineage":["OpenStreetMap original node ID and coordinate","fixed-time bounded Overpass response retained as exact bytes","node retained because it is an endpoint of a retained candidate segment"],"node_id":"kyoto-arashiyama:osm-node-000243776548","retrieval_query_sha256":"b5c52b3ea7542261159b5764956aa9662673c0422b3509dc59e4866f00c14603","revision_id":"osm-2026-08-29-v1","source_class":"VGI","source_feature_id":"node/243776548","source_id":"openstreetmap-overpass-arashiyama-20260829","source_sha256":"1cde93d68bebf633989e825cbd5ac1e772cee81508043f44beb311250a1e8013","stable_feature_id":"kyoto-arashiyama:osm-node-000243776548","topology_status":"CANDIDATE"},"type":"Feature"},{"geometry":{"coordinates":[135.6775887,35.0118675],"type":"Point"},"id":"kyoto-arashiyama:osm-node-000310718798","properties":{"data_class":"REAL","geometry_status":"SOURCE_TRACEABLE_REAL","lineage":["OpenStreetMap original node ID and coordinate","fixed-time bounded Overpass response retained as exact bytes","node retained because it is an endpoint of a retained candidate segment"],"node_id":"kyoto-arashiyama:osm-node-000310718798","retrieval_query_sha256":"b5c52b3ea7542261159b5764956aa9662673c0422b3509dc59e4866f00c14603","revision_id":"osm-2026-08-29-v1","source_class":"VGI","source_feature_id":"node/310718798","source_id":"openstreetmap-overpass-arashiyama-20260829","source_sha256":"1cde93d68bebf633989e825cbd5ac1e772cee81508043f44beb311250a1e8013","stable_feature_id":"kyoto-arashiyama:osm-node-000310718798","topology_status":"CANDIDATE"},"type":"Feature"},{"geometry":{"coordinates":[135.677363,35.0113338],"type":"Point"},"id":"kyoto-arashiyama:osm-node-000310718799","properties":{"data_class":"REAL","geometry_status":"SOURCE_TRACEABLE_REAL","lineage":["OpenStreetMap original node ID and coordinate","fixed-time bounded Overpass response retained as exact bytes","node retained because it is an endpoint of a retained candidate segment"],"node_id":"kyoto-arashiyama:osm-node-000310718799","retrieval_query_sha256":"b5c52b3ea7542261159b5764956aa9662673c0422b3509dc59e4866f00c14603","revision_id":"osm-2026-08-29-v1","source_class":"VGI","source_feature_id":"node/310718799","source_id":"openstreetmap-overpass-arashiyama-20260829","source_sha256":"1cde93d68bebf633989e825cbd5ac1e772cee81508043f44beb311250a1e8013","stable_feature_id":"kyoto-arashiyama:osm-node-000310718799","topology_status":"CANDIDATE"},"type":"Feature"},{"geometry":{"coordinates":[135.6796483,35.0096132],"type":"Point"},"id":"kyoto-arashiyama:osm-node-000310718800","properties":{"data_class":"REAL","geometry_status":"SOURCE_TRACEABLE_REAL","lineage":["OpenStreetMap original node ID and coordinate","fixed-time bounded Overpass response retained as exact bytes","node retained because it is an endpoint of a retained candidate segment"],"node_id":"kyoto-arashiyama:osm-node-000310718800","retrieval_query_sha256":"b5c52b3ea7542261159b5764956aa9662673c0422b3509dc59e4866f00c14603","revision_id":"osm-2026-08-29-v1","source_class":"VGI","source_feature_id":"node/310718800","source_id":"openstreetmap-overpass-arashiyama-20260829","source_sha256":"1cde93d68bebf633989e825cbd5ac1e772cee81508043f44beb311250a1e8013","stable_feature_id":"kyoto-arashiyama:osm-node-000310718800","topology_status":"CANDIDATE"},"type":"Feature"},{"geometry":{"coordinates":[135.677804,35.0109395],"type":"Point"},"id":"kyoto-arashiyama:osm-node-000605405498","properties":{"data_class":"REAL","geometry_status":"SOURCE_TRACEABLE_REAL","lineage":["OpenStreetMap original node ID and coordinate","fixed-time bounded Overpass response retained as exact bytes","node retained because it is an endpoint of a retained candidate segment"],"node_id":"kyoto-arashiyama:osm-node-000605405498","retrieval_query_sha256":"b5c52b3ea7542261159b5764956aa9662673c0422b3509dc59e4866f00c14603","revision_id":"osm-2026-08-29-v1","source_class":"VGI","source_feature_id":"node/605405498","source_id":"openstreetmap-overpass-arashiyama-20260829","source_sha256":"1cde93d68bebf633989e825cbd5ac1e772cee81508043f44beb311250a1e8013","stable_feature_id":"kyoto-arashiyama:osm-node-000605405498","topology_status":"CANDIDATE"},"type":"Feature"},{"geometry":{"coordinates":[135.6798876,35.0114201],"type":"Point"},"id":"kyoto-arashiyama:osm-node-000605405565","properties":{"data_class":"REAL","geometry_status":"SOURCE_TRACEABLE_REAL","lineage":["OpenStreetMap original node ID and coordinate","fixed-time bounded Overpass response retained as exact bytes","node retained because it is an endpoint of a retained candidate segment"],"node_id":"kyoto-arashiyama:osm-node-000605405565","retrieval_query_sha256":"b5c52b3ea7542261159b5764956aa9662673c0422b3509dc59e4866f00c14603","revision_id":"osm-2026-08-29-v1","source_class":"VGI","source_feature_id":"node/605405565","source_id":"openstreetmap-overpass-arashiyama-20260829","source_sha256":"1cde93d68bebf633989e825cbd5ac1e772cee81508043f44beb311250a1e8013","stable_feature_id":"kyoto-arashiyama:osm-node-000605405565","topology_status":"CANDIDATE"},"type":"Feature"},{"geometry":{"coordinates":[135.6795178,35.0114176],"type":"Point"},"id":"kyoto-arashiyama:osm-node-000605405572","properties":{"data_class":"REAL","geometry_status":"SOURCE_TRACEABLE_REAL","lineage":["OpenStreetMap original node ID and coordinate","fixed-time bounded Overpass response retained as exact bytes","node retained because it is an endpoint of a retained candidate segment"],"node_id":"kyoto-arashiyama:osm-node-000605405572","retrieval_query_sha256":"b5c52b3ea7542261159b5764956aa9662673c0422b3509dc59e4866f00c14603","revision_id":"osm-2026-08-29-v1","source_class":"VGI","source_feature_id":"node/605405572","source_id":"openstreetmap-overpass-arashiyama-20260829","source_sha256":"1cde93d68bebf633989e825cbd5ac1e772cee81508043f44beb311250a1e8013","stable_feature_id":"kyoto-arashiyama:osm-node-000605405572","topology_status":"CANDIDATE"},"type":"Feature"},{"geometry":{"coordinates":[135.6791044,35.0113323],"type":"Point"},"id":"kyoto-arashiyama:osm-node-000605405580","properties":{"data_class":"REAL","geometry_status":"SOURCE_TRACEABLE_REAL","lineage":["OpenStreetMap original node ID and coordinate","fixed-time bounded Overpass response retained as exact bytes","node retained because it is an endpoint of a retained candidate segment"],"node_id":"kyoto-arashiyama:osm-node-000605405580","retrieval_query_sha256":"b5c52b3ea7542261159b5764956aa9662673c0422b3509dc59e4866f00c14603","revision_id":"osm-2026-08-29-v1","source_class":"VGI","source_feature_id":"node/605405580","source_id":"openstreetmap-overpass-arashiyama-20260829","source_sha256":"1cde93d68bebf633989e825cbd5ac1e772cee81508043f44beb311250a1e8013","stable_feature_id":"kyoto-arashiyama:osm-node-000605405580","topology_status":"CANDIDATE"},"type":"Feature"},{"geometry":{"coordinates":[135.6787074,35.0112356],"type":"Point"},"id":"kyoto-arashiyama:osm-node-000605405585","properties":{"data_class":"REAL","geometry_status":"SOURCE_TRACEABLE_REAL","lineage":["OpenStreetMap original node ID and coordinate","fixed-time bounded Overpass response retained as exact bytes","node retained because it is an endpoint of a retained candidate segment"],"node_id":"kyoto-arashiyama:osm-node-000605405585","retrieval_query_sha256":"b5c52b3ea7542261159b5764956aa9662673c0422b3509dc59e4866f00c14603","revision_id":"osm-2026-08-29-v1","source_class":"VGI","source_feature_id":"node/605405585","source_id":"openstreetmap-overpass-arashiyama-20260829","source_sha256":"1cde93d68bebf633989e825cbd5ac1e772cee81508043f44beb311250a1e8013","stable_feature_id":"kyoto-arashiyama:osm-node-000605405585","topology_status":"CANDIDATE"},"type":"Feature"},{"geometry":{"coordinates":[135.6783534,35.0111214],"type":"Point"},"id":"kyoto-arashiyama:osm-node-000605405587","properties":{"data_class":"REAL","geometry_status":"SOURCE_TRACEABLE_REAL","lineage":["OpenStreetMap original node ID and coordinate","fixed-time bounded Overpass response retained as exact bytes","node retained because it is an endpoint of a retained candidate segment"],"node_id":"kyoto-arashiyama:osm-node-000605405587","retrieval_query_sha256":"b5c52b3ea7542261159b5764956aa9662673c0422b3509dc59e4866f00c14603","revision_id":"osm-2026-08-29-v1","source_class":"VGI","source_feature_id":"node/605405587","source_id":"openstreetmap-overpass-arashiyama-20260829","source_sha256":"1cde93d68bebf633989e825cbd5ac1e772cee81508043f44beb311250a1e8013","stable_feature_id":"kyoto-arashiyama:osm-node-000605405587","topology_status":"CANDIDATE"},"type":"Feature"},{"geometry":{"coordinates":[135.6780159,35.0110058],"type":"Point"},"id":"kyoto-arashiyama:osm-node-000605405589","properties":{"data_class":"REAL","geometry_status":"SOURCE_TRACEABLE_REAL","lineage":["OpenStreetMap original node ID and coordinate","fixed-time bounded Overpass response retained as exact bytes","node retained because it is an endpoint of a retained candidate segment"],"node_id":"kyoto-arashiyama:osm-node-000605405589","retrieval_query_sha256":"b5c52b3ea7542261159b5764956aa9662673c0422b3509dc59e4866f00c14603","revision_id":"osm-2026-08-29-v1","source_class":"VGI","source_feature_id":"node/605405589","source_id":"openstreetmap-overpass-arashiyama-20260829","source_sha256":"1cde93d68bebf633989e825cbd5ac1e772cee81508043f44beb311250a1e8013","stable_feature_id":"kyoto-arashiyama:osm-node-000605405589","topology_status":"CANDIDATE"},"type":"Feature"},{"geometry":{"coordinates":[135.6748145,35.0133812],"type":"Point"},"id":"kyoto-arashiyama:osm-node-000605415027","properties":{"data_class":"REAL","geometry_status":"SOURCE_TRACEABLE_REAL","lineage":["OpenStreetMap original node ID and coordinate","fixed-time bounded Overpass response retained as exact bytes","node retained because it is an endpoint of a retained candidate segment"],"node_id":"kyoto-arashiyama:osm-node-000605415027","retrieval_query_sha256":"b5c52b3ea7542261159b5764956aa9662673c0422b3509dc59e4866f00c14603","revision_id":"osm-2026-08-29-v1","source_class":"VGI","source_feature_id":"node/605415027","source_id":"openstreetmap-overpass-arashiyama-20260829","source_sha256":"1cde93d68bebf633989e825cbd5ac1e772cee81508043f44beb311250a1e8013","stable_feature_id":"kyoto-arashiyama:osm-node-000605415027","topology_status":"CANDIDATE"},"type":"Feature"},{"geometry":{"coordinates":[135.6750489,35.0133509],"type":"Point"},"id":"kyoto-arashiyama:osm-node-000605415029","properties":{"data_class":"REAL","geometry_status":"SOURCE_TRACEABLE_REAL","lineage":["OpenStreetMap original node ID and coordinate","fixed-time bounded Overpass response retained as exact bytes","node retained because it is an endpoint of a retained candidate segment"],"node_id":"kyoto-arashiyama:osm-node-000605415029","retrieval_query_sha256":"b5c52b3ea7542261159b5764956aa9662673c0422b3509dc59e4866f00c14603","revision_id":"osm-2026-08-29-v1","source_class":"VGI","source_feature_id":"node/605415029","source_id":"openstreetmap-overpass-arashiyama-20260829","source_sha256":"1cde93d68bebf633989e825cbd5ac1e772cee81508043f44beb311250a1e8013","stable_feature_id":"kyoto-arashiyama:osm-node-000605415029","topology_status":"CANDIDATE"},"type":"Feature"},{"geometry":{"coordinates":[135.6753882,35.0133498],"type":"Point"},"id":"kyoto-arashiyama:osm-node-000605415031","properties":{"data_class":"REAL","geometry_status":"SOURCE_TRACEABLE_REAL","lineage":["OpenStreetMap original node ID and coordinate","fixed-time bounded Overpass response retained as exact bytes","node retained because it is an endpoint of a retained candidate segment"],"node_id":"kyoto-arashiyama:osm-node-000605415031","retrieval_query_sha256":"b5c52b3ea7542261159b5764956aa9662673c0422b3509dc59e4866f00c14603","revision_id":"osm-2026-08-29-v1","source_class":"VGI","source_feature_id":"node/605415031","source_id":"openstreetmap-overpass-arashiyama-20260829","source_sha256":"1cde93d68bebf633989e825cbd5ac1e772cee81508043f44beb311250a1e8013","stable_feature_id":"kyoto-arashiyama:osm-node-000605415031","topology_status":"CANDIDATE"},"type":"Feature"},{"geometry":{"coordinates":[135.6768835,35.0135115],"type":"Point"},"id":"kyoto-arashiyama:osm-node-000605415036","properties":{"data_class":"REAL","geometry_status":"SOURCE_TRACEABLE_REAL","lineage":["OpenStreetMap original node ID and coordinate","fixed-time bounded Overpass response retained as exact bytes","node retained because it is an endpoint of a retained candidate segment"],"node_id":"kyoto-arashiyama:osm-node-000605415036","retrieval_query_sha256":"b5c52b3ea7542261159b5764956aa9662673c0422b3509dc59e4866f00c14603","revision_id":"osm-2026-08-29-v1","source_class":"VGI","source_feature_id":"node/605415036","source_id":"openstreetmap-overpass-arashiyama-20260829","source_sha256":"1cde93d68bebf633989e825cbd5ac1e772cee81508043f44beb311250a1e8013","stable_feature_id":"kyoto-arashiyama:osm-node-000605415036","topology_status":"CANDIDATE"},"type":"Feature"},{"geometry":{"coordinates":[135.6773563,35.0135583],"type":"Point"},"id":"kyoto-arashiyama:osm-node-000605415039","properties":{"data_class":"REAL","geometry_status":"SOURCE_TRACEABLE_REAL","lineage":["OpenStreetMap original node ID and coordinate","fixed-time bounded Overpass response retained as exact bytes","node retained because it is an endpoint of a retained candidate segment"],"node_id":"kyoto-arashiyama:osm-node-000605415039","retrieval_query_sha256":"b5c52b3ea7542261159b5764956aa9662673c0422b3509dc59e4866f00c14603","revision_id":"osm-2026-08-29-v1","source_class":"VGI","source_feature_id":"node/605415039","source_id":"openstreetmap-overpass-arashiyama-20260829","source_sha256":"1cde93d68bebf633989e825cbd5ac1e772cee81508043f44beb311250a1e8013","stable_feature_id":"kyoto-arashiyama:osm-node-000605415039","topology_status":"CANDIDATE"},"type":"Feature"},{"geometry":{"coordinates":[135.6778491,35.013576],"type":"Point"},"id":"kyoto-arashiyama:osm-node-000736395941","properties":{"data_class":"REAL","geometry_status":"SOURCE_TRACEABLE_REAL","lineage":["OpenStreetMap original node ID and coordinate","fixed-time bounded Overpass response retained as exact bytes","node retained because it is an endpoint of a retained candidate segment"],"node_id":"kyoto-arashiyama:osm-node-000736395941","retrieval_query_sha256":"b5c52b3ea7542261159b5764956aa9662673c0422b3509dc59e4866f00c14603","revision_id":"osm-2026-08-29-v1","source_class":"VGI","source_feature_id":"node/736395941","source_id":"openstreetmap-overpass-arashiyama-20260829","source_sha256":"1cde93d68bebf633989e825cbd5ac1e772cee81508043f44beb311250a1e8013","stable_feature_id":"kyoto-arashiyama:osm-node-000736395941","topology_status":"CANDIDATE"},"type":"Feature"},{"geometry":{"coordinates":[135.6774508,35.0115474],"type":"Point"},"id":"kyoto-arashiyama:osm-node-000736395961","properties":{"data_class":"REAL","geometry_status":"SOURCE_TRACEABLE_REAL","lineage":["OpenStreetMap original node ID and coordinate","fixed-time bounded Overpass response retained as exact bytes","node retained because it is an endpoint of a retained candidate segment"],"node_id":"kyoto-arashiyama:osm-node-000736395961","retrieval_query_sha256":"b5c52b3ea7542261159b5764956aa9662673c0422b3509dc59e4866f00c14603","revision_id":"osm-2026-08-29-v1","source_class":"VGI","source_feature_id":"node/736395961","source_id":"openstreetmap-overpass-arashiyama-20260829","source_sha256":"1cde93d68bebf633989e825cbd5ac1e772cee81508043f44beb311250a1e8013","stable_feature_id":"kyoto-arashiyama:osm-node-000736395961","topology_status":"CANDIDATE"},"type":"Feature"},{"geometry":{"coordinates":[135.6773859,35.0113819],"type":"Point"},"id":"kyoto-arashiyama:osm-node-000736395986","properties":{"data_class":"REAL","geometry_status":"SOURCE_TRACEABLE_REAL","lineage":["OpenStreetMap original node ID and coordinate","fixed-time bounded Overpass response retained as exact bytes","node retained because it is an endpoint of a retained candidate segment"],"node_id":"kyoto-arashiyama:osm-node-000736395986","retrieval_query_sha256":"b5c52b3ea7542261159b5764956aa9662673c0422b3509dc59e4866f00c14603","revision_id":"osm-2026-08-29-v1","source_class":"VGI","source_feature_id":"node/736395986","source_id":"openstreetmap-overpass-arashiyama-20260829","source_sha256":"1cde93d68bebf633989e825cbd5ac1e772cee81508043f44beb311250a1e8013","stable_feature_id":"kyoto-arashiyama:osm-node-000736395986","topology_status":"CANDIDATE"},"type":"Feature"},{"geometry":{"coordinates":[135.6768524,35.0115616],"type":"Point"},"id":"kyoto-arashiyama:osm-node-000736396161","properties":{"data_class":"REAL","geometry_status":"SOURCE_TRACEABLE_REAL","lineage":["OpenStreetMap original node ID and coordinate","fixed-time bounded Overpass response retained as exact bytes","node retained because it is an endpoint of a retained candidate segment"],"node_id":"kyoto-arashiyama:osm-node-000736396161","retrieval_query_sha256":"b5c52b3ea7542261159b5764956aa9662673c0422b3509dc59e4866f00c14603","revision_id":"osm-2026-08-29-v1","source_class":"VGI","source_feature_id":"node/736396161","source_id":"openstreetmap-overpass-arashiyama-20260829","source_sha256":"1cde93d68bebf633989e825cbd5ac1e772cee81508043f44beb311250a1e8013","stable_feature_id":"kyoto-arashiyama:osm-node-000736396161","topology_status":"CANDIDATE"},"type":"Feature"},{"geometry":{"coordinates":[135.6760736,35.0119005],"type":"Point"},"id":"kyoto-arashiyama:osm-node-000736396162","properties":{"data_class":"REAL","geometry_status":"SOURCE_TRACEABLE_REAL","lineage":["OpenStreetMap original node ID and coordinate","fixed-time bounded Overpass response retained as exact bytes","node retained because it is an endpoint of a retained candidate segment"],"node_id":"kyoto-arashiyama:osm-node-000736396162","retrieval_query_sha256":"b5c52b3ea7542261159b5764956aa9662673c0422b3509dc59e4866f00c14603","revision_id":"osm-2026-08-29-v1","source_class":"VGI","source_feature_id":"node/736396162","source_id":"openstreetmap-overpass-arashiyama-20260829","source_sha256":"1cde93d68bebf633989e825cbd5ac1e772cee81508043f44beb311250a1e8013","stable_feature_id":"kyoto-arashiyama:osm-node-000736396162","topology_status":"CANDIDATE"},"type":"Feature"},{"geometry":{"coordinates":[135.6756805,35.0120071],"type":"Point"},"id":"kyoto-arashiyama:osm-node-000736396163","properties":{"data_class":"REAL","geometry_status":"SOURCE_TRACEABLE_REAL","lineage":["OpenStreetMap original node ID and coordinate","fixed-time bounded Overpass response retained as exact bytes","node retained because it is an endpoint of a retained candidate segment"],"node_id":"kyoto-arashiyama:osm-node-000736396163","retrieval_query_sha256":"b5c52b3ea7542261159b5764956aa9662673c0422b3509dc59e4866f00c14603","revision_id":"osm-2026-08-29-v1","source_class":"VGI","source_feature_id":"node/736396163","source_id":"openstreetmap-overpass-arashiyama-20260829","source_sha256":"1cde93d68bebf633989e825cbd5ac1e772cee81508043f44beb311250a1e8013","stable_feature_id":"kyoto-arashiyama:osm-node-000736396163","topology_status":"CANDIDATE"},"type":"Feature"},{"geometry":{"coordinates":[135.6756314,35.0146879],"type":"Point"},"id":"kyoto-arashiyama:osm-node-000736396179","properties":{"data_class":"REAL","geometry_status":"SOURCE_TRACEABLE_REAL","lineage":["OpenStreetMap original node ID and coordinate","fixed-time bounded Overpass response retained as exact bytes","node retained because it is an endpoint of a retained candidate segment"],"node_id":"kyoto-arashiyama:osm-node-000736396179","retrieval_query_sha256":"b5c52b3ea7542261159b5764956aa9662673c0422b3509dc59e4866f00c14603","revision_id":"osm-2026-08-29-v1","source_class":"VGI","source_feature_id":"node/736396179","source_id":"openstreetmap-overpass-arashiyama-20260829","source_sha256":"1cde93d68bebf633989e825cbd5ac1e772cee81508043f44beb311250a1e8013","stable_feature_id":"kyoto-arashiyama:osm-node-000736396179","topology_status":"CANDIDATE"},"type":"Feature"},{"geometry":{"coordinates":[135.6794547,35.0116018],"type":"Point"},"id":"kyoto-arashiyama:osm-node-000736426359","properties":{"data_class":"REAL","geometry_status":"SOURCE_TRACEABLE_REAL","lineage":["OpenStreetMap original node ID and coordinate","fixed-time bounded Overpass response retained as exact bytes","node retained because it is an endpoint of a retained candidate segment"],"node_id":"kyoto-arashiyama:osm-node-000736426359","retrieval_query_sha256":"b5c52b3ea7542261159b5764956aa9662673c0422b3509dc59e4866f00c14603","revision_id":"osm-2026-08-29-v1","source_class":"VGI","source_feature_id":"node/736426359","source_id":"openstreetmap-overpass-arashiyama-20260829","source_sha256":"1cde93d68bebf633989e825cbd5ac1e772cee81508043f44beb311250a1e8013","stable_feature_id":"kyoto-arashiyama:osm-node-000736426359","topology_status":"CANDIDATE"},"type":"Feature"},{"geometry":{"coordinates":[135.6800849,35.0121448],"type":"Point"},"id":"kyoto-arashiyama:osm-node-000736426470","properties":{"data_class":"REAL","geometry_status":"SOURCE_TRACEABLE_REAL","lineage":["OpenStreetMap original node ID and coordinate","fixed-time bounded Overpass response retained as exact bytes","node retained because it is an endpoint of a retained candidate segment"],"node_id":"kyoto-arashiyama:osm-node-000736426470","retrieval_query_sha256":"b5c52b3ea7542261159b5764956aa9662673c0422b3509dc59e4866f00c14603","revision_id":"osm-2026-08-29-v1","source_class":"VGI","source_feature_id":"node/736426470","source_id":"openstreetmap-overpass-arashiyama-20260829","source_sha256":"1cde93d68bebf633989e825cbd5ac1e772cee81508043f44beb311250a1e8013","stable_feature_id":"kyoto-arashiyama:osm-node-000736426470","topology_status":"CANDIDATE"},"type":"Feature"},{"geometry":{"coordinates":[135.6800447,35.0122219],"type":"Point"},"id":"kyoto-arashiyama:osm-node-000736426496","properties":{"data_class":"REAL","geometry_status":"SOURCE_TRACEABLE_REAL","lineage":["OpenStreetMap original node ID and coordinate","fixed-time bounded Overpass response retained as exact bytes","node retained because it is an endpoint of a retained candidate segment"],"node_id":"kyoto-arashiyama:osm-node-000736426496","retrieval_query_sha256":"b5c52b3ea7542261159b5764956aa9662673c0422b3509dc59e4866f00c14603","revision_id":"osm-2026-08-29-v1","source_class":"VGI","source_feature_id":"node/736426496","source_id":"openstreetmap-overpass-arashiyama-20260829","source_sha256":"1cde93d68bebf633989e825cbd5ac1e772cee81508043f44beb311250a1e8013","stable_feature_id":"kyoto-arashiyama:osm-node-000736426496","topology_status":"CANDIDATE"},"type":"Feature"},{"geometry":{"coordinates":[135.6800553,35.0092307],"type":"Point"},"id":"kyoto-arashiyama:osm-node-001140309973","properties":{"data_class":"REAL","geometry_status":"SOURCE_TRACEABLE_REAL","lineage":["OpenStreetMap original node ID and coordinate","fixed-time bounded Overpass response retained as exact bytes","node retained because it is an endpoint of a retained candidate segment"],"node_id":"kyoto-arashiyama:osm-node-001140309973","retrieval_query_sha256":"b5c52b3ea7542261159b5764956aa9662673c0422b3509dc59e4866f00c14603","revision_id":"osm-2026-08-29-v1","source_class":"VGI","source_feature_id":"node/1140309973","source_id":"openstreetmap-overpass-arashiyama-20260829","source_sha256":"1cde93d68bebf633989e825cbd5ac1e772cee81508043f44beb311250a1e8013","stable_feature_id":"kyoto-arashiyama:osm-node-001140309973","topology_status":"CANDIDATE"},"type":"Feature"},{"geometry":{"coordinates":[135.679704,35.0095196],"type":"Point"},"id":"kyoto-arashiyama:osm-node-001140310269","properties":{"data_class":"REAL","geometry_status":"SOURCE_TRACEABLE_REAL","lineage":["OpenStreetMap original node ID and coordinate","fixed-time bounded Overpass response retained as exact bytes","node retained because it is an endpoint of a retained candidate segment"],"node_id":"kyoto-arashiyama:osm-node-001140310269","retrieval_query_sha256":"b5c52b3ea7542261159b5764956aa9662673c0422b3509dc59e4866f00c14603","revision_id":"osm-2026-08-29-v1","source_class":"VGI","source_feature_id":"node/1140310269","source_id":"openstreetmap-overpass-arashiyama-20260829","source_sha256":"1cde93d68bebf633989e825cbd5ac1e772cee81508043f44beb311250a1e8013","stable_feature_id":"kyoto-arashiyama:osm-node-001140310269","topology_status":"CANDIDATE"},"type":"Feature"},{"geometry":{"coordinates":[135.6754059,35.0088357],"type":"Point"},"id":"kyoto-arashiyama:osm-node-001212123705","properties":{"data_class":"REAL","geometry_status":"SOURCE_TRACEABLE_REAL","lineage":["OpenStreetMap original node ID and coordinate","fixed-time bounded Overpass response retained as exact bytes","node retained because it is an endpoint of a retained candidate segment"],"node_id":"kyoto-arashiyama:osm-node-001212123705","retrieval_query_sha256":"b5c52b3ea7542261159b5764956aa9662673c0422b3509dc59e4866f00c14603","revision_id":"osm-2026-08-29-v1","source_class":"VGI","source_feature_id":"node/1212123705","source_id":"openstreetmap-overpass-arashiyama-20260829","source_sha256":"1cde93d68bebf633989e825cbd5ac1e772cee81508043f44beb311250a1e8013","stable_feature_id":"kyoto-arashiyama:osm-node-001212123705","topology_status":"CANDIDATE"},"type":"Feature"},{"geometry":{"coordinates":[135.6766527,35.0114839],"type":"Point"},"id":"kyoto-arashiyama:osm-node-001212123707","properties":{"data_class":"REAL","geometry_status":"SOURCE_TRACEABLE_REAL","lineage":["OpenStreetMap original node ID and coordinate","fixed-time bounded Overpass response retained as exact bytes","node retained because it is an endpoint of a retained candidate segment"],"node_id":"kyoto-arashiyama:osm-node-001212123707","retrieval_query_sha256":"b5c52b3ea7542261159b5764956aa9662673c0422b3509dc59e4866f00c14603","revision_id":"osm-2026-08-29-v1","source_class":"VGI","source_feature_id":"node/1212123707","source_id":"openstreetmap-overpass-arashiyama-20260829","source_sha256":"1cde93d68bebf633989e825cbd5ac1e772cee81508043f44beb311250a1e8013","stable_feature_id":"kyoto-arashiyama:osm-node-001212123707","topology_status":"CANDIDATE"},"type":"Feature"},{"geometry":{"coordinates":[135.6757555,35.0095144],"type":"Point"},"id":"kyoto-arashiyama:osm-node-001212123709","properties":{"data_class":"REAL","geometry_status":"SOURCE_TRACEABLE_REAL","lineage":["OpenStreetMap original node ID and coordinate","fixed-time bounded Overpass response retained as exact bytes","node retained because it is an endpoint of a retained candidate segment"],"node_id":"kyoto-arashiyama:osm-node-001212123709","retrieval_query_sha256":"b5c52b3ea7542261159b5764956aa9662673c0422b3509dc59e4866f00c14603","revision_id":"osm-2026-08-29-v1","source_class":"VGI","source_feature_id":"node/1212123709","source_id":"openstreetmap-overpass-arashiyama-20260829","source_sha256":"1cde93d68bebf633989e825cbd5ac1e772cee81508043f44beb311250a1e8013","stable_feature_id":"kyoto-arashiyama:osm-node-001212123709","topology_status":"CANDIDATE"},"type":"Feature"},{"geometry":{"coordinates":[135.6756259,35.0092094],"type":"Point"},"id":"kyoto-arashiyama:osm-node-001212123726","properties":{"data_class":"REAL","geometry_status":"SOURCE_TRACEABLE_REAL","lineage":["OpenStreetMap original node ID and coordinate","fixed-time bounded Overpass response retained as exact bytes","node retained because it is an endpoint of a retained candidate segment"],"node_id":"kyoto-arashiyama:osm-node-001212123726","retrieval_query_sha256":"b5c52b3ea7542261159b5764956aa9662673c0422b3509dc59e4866f00c14603","revision_id":"osm-2026-08-29-v1","source_class":"VGI","source_feature_id":"node/1212123726","source_id":"openstreetmap-overpass-arashiyama-20260829","source_sha256":"1cde93d68bebf633989e825cbd5ac1e772cee81508043f44beb311250a1e8013","stable_feature_id":"kyoto-arashiyama:osm-node-001212123726","topology_status":"CANDIDATE"},"type":"Feature"},{"geometry":{"coordinates":[135.6751531,35.0087932],"type":"Point"},"id":"kyoto-arashiyama:osm-node-001212123730","properties":{"data_class":"REAL","geometry_status":"SOURCE_TRACEABLE_REAL","lineage":["OpenStreetMap original node ID and coordinate","fixed-time bounded Overpass response retained as exact bytes","node retained because it is an endpoint of a retained candidate segment"],"node_id":"kyoto-arashiyama:osm-node-001212123730","retrieval_query_sha256":"b5c52b3ea7542261159b5764956aa9662673c0422b3509dc59e4866f00c14603","revision_id":"osm-2026-08-29-v1","source_class":"VGI","source_feature_id":"node/1212123730","source_id":"openstreetmap-overpass-arashiyama-20260829","source_sha256":"1cde93d68bebf633989e825cbd5ac1e772cee81508043f44beb311250a1e8013","stable_feature_id":"kyoto-arashiyama:osm-node-001212123730","topology_status":"CANDIDATE"},"type":"Feature"},{"geometry":{"coordinates":[135.6748136,35.0091818],"type":"Point"},"id":"kyoto-arashiyama:osm-node-001212123732","properties":{"data_class":"REAL","geometry_status":"SOURCE_TRACEABLE_REAL","lineage":["OpenStreetMap original node ID and coordinate","fixed-time bounded Overpass response retained as exact bytes","node retained because it is an endpoint of a retained candidate segment"],"node_id":"kyoto-arashiyama:osm-node-001212123732","retrieval_query_sha256":"b5c52b3ea7542261159b5764956aa9662673c0422b3509dc59e4866f00c14603","revision_id":"osm-2026-08-29-v1","source_class":"VGI","source_feature_id":"node/1212123732","source_id":"openstreetmap-overpass-arashiyama-20260829","source_sha256":"1cde93d68bebf633989e825cbd5ac1e772cee81508043f44beb311250a1e8013","stable_feature_id":"kyoto-arashiyama:osm-node-001212123732","topology_status":"CANDIDATE"},"type":"Feature"},{"geometry":{"coordinates":[135.6749941,35.0087306],"type":"Point"},"id":"kyoto-arashiyama:osm-node-001212123753","properties":{"data_class":"REAL","geometry_status":"SOURCE_TRACEABLE_REAL","lineage":["OpenStreetMap original node ID and coordinate","fixed-time bounded Overpass response retained as exact bytes","node retained because it is an endpoint of a retained candidate segment"],"node_id":"kyoto-arashiyama:osm-node-001212123753","retrieval_query_sha256":"b5c52b3ea7542261159b5764956aa9662673c0422b3509dc59e4866f00c14603","revision_id":"osm-2026-08-29-v1","source_class":"VGI","source_feature_id":"node/1212123753","source_id":"openstreetmap-overpass-arashiyama-20260829","source_sha256":"1cde93d68bebf633989e825cbd5ac1e772cee81508043f44beb311250a1e8013","stable_feature_id":"kyoto-arashiyama:osm-node-001212123753","topology_status":"CANDIDATE"},"type":"Feature"},{"geometry":{"coordinates":[135.6757949,35.0092601],"type":"Point"},"id":"kyoto-arashiyama:osm-node-001212123765","properties":{"data_class":"REAL","geometry_status":"SOURCE_TRACEABLE_REAL","lineage":["OpenStreetMap original node ID and coordinate","fixed-time bounded Overpass response retained as exact bytes","node retained because it is an endpoint of a retained candidate segment"],"node_id":"kyoto-arashiyama:osm-node-001212123765","retrieval_query_sha256":"b5c52b3ea7542261159b5764956aa9662673c0422b3509dc59e4866f00c14603","revision_id":"osm-2026-08-29-v1","source_class":"VGI","source_feature_id":"node/1212123765","source_id":"openstreetmap-overpass-arashiyama-20260829","source_sha256":"1cde93d68bebf633989e825cbd5ac1e772cee81508043f44beb311250a1e8013","stable_feature_id":"kyoto-arashiyama:osm-node-001212123765","topology_status":"CANDIDATE"},"type":"Feature"},{"geometry":{"coordinates":[135.6756487,35.0094925],"type":"Point"},"id":"kyoto-arashiyama:osm-node-001212123771","properties":{"data_class":"REAL","geometry_status":"SOURCE_TRACEABLE_REAL","lineage":["OpenStreetMap original node ID and coordinate","fixed-time bounded Overpass response retained as exact bytes","node retained because it is an endpoint of a retained candidate segment"],"node_id":"kyoto-arashiyama:osm-node-001212123771","retrieval_query_sha256":"b5c52b3ea7542261159b5764956aa9662673c0422b3509dc59e4866f00c14603","revision_id":"osm-2026-08-29-v1","source_class":"VGI","source_feature_id":"node/1212123771","source_id":"openstreetmap-overpass-arashiyama-20260829","source_sha256":"1cde93d68bebf633989e825cbd5ac1e772cee81508043f44beb311250a1e8013","stable_feature_id":"kyoto-arashiyama:osm-node-001212123771","topology_status":"CANDIDATE"},"type":"Feature"},{"geometry":{"coordinates":[135.6750841,35.008834],"type":"Point"},"id":"kyoto-arashiyama:osm-node-001212123776","properties":{"data_class":"REAL","geometry_status":"SOURCE_TRACEABLE_REAL","lineage":["OpenStreetMap original node ID and coordinate","fixed-time bounded Overpass response retained as exact bytes","node retained because it is an endpoint of a retained candidate segment"],"node_id":"kyoto-arashiyama:osm-node-001212123776","retrieval_query_sha256":"b5c52b3ea7542261159b5764956aa9662673c0422b3509dc59e4866f00c14603","revision_id":"osm-2026-08-29-v1","source_class":"VGI","source_feature_id":"node/1212123776","source_id":"openstreetmap-overpass-arashiyama-20260829","source_sha256":"1cde93d68bebf633989e825cbd5ac1e772cee81508043f44beb311250a1e8013","stable_feature_id":"kyoto-arashiyama:osm-node-001212123776","topology_status":"CANDIDATE"},"type":"Feature"},{"geometry":{"coordinates":[135.6756143,35.009622],"type":"Point"},"id":"kyoto-arashiyama:osm-node-001212123798","properties":{"data_class":"REAL","geometry_status":"SOURCE_TRACEABLE_REAL","lineage":["OpenStreetMap original node ID and coordinate","fixed-time bounded Overpass response retained as exact bytes","node retained because it is an endpoint of a retained candidate segment"],"node_id":"kyoto-arashiyama:osm-node-001212123798","retrieval_query_sha256":"b5c52b3ea7542261159b5764956aa9662673c0422b3509dc59e4866f00c14603","revision_id":"osm-2026-08-29-v1","source_class":"VGI","source_feature_id":"node/1212123798","source_id":"openstreetmap-overpass-arashiyama-20260829","source_sha256":"1cde93d68bebf633989e825cbd5ac1e772cee81508043f44beb311250a1e8013","stable_feature_id":"kyoto-arashiyama:osm-node-001212123798","topology_status":"CANDIDATE"},"type":"Feature"},{"geometry":{"coordinates":[135.675353,35.0095272],"type":"Point"},"id":"kyoto-arashiyama:osm-node-001212123806","properties":{"data_class":"REAL","geometry_status":"SOURCE_TRACEABLE_REAL","lineage":["OpenStreetMap original node ID and coordinate","fixed-time bounded Overpass response retained as exact bytes","node retained because it is an endpoint of a retained candidate segment"],"node_id":"kyoto-arashiyama:osm-node-001212123806","retrieval_query_sha256":"b5c52b3ea7542261159b5764956aa9662673c0422b3509dc59e4866f00c14603","revision_id":"osm-2026-08-29-v1","source_class":"VGI","source_feature_id":"node/1212123806","source_id":"openstreetmap-overpass-arashiyama-20260829","source_sha256":"1cde93d68bebf633989e825cbd5ac1e772cee81508043f44beb311250a1e8013","stable_feature_id":"kyoto-arashiyama:osm-node-001212123806","topology_status":"CANDIDATE"},"type":"Feature"},{"geometry":{"coordinates":[135.675186,35.0087165],"type":"Point"},"id":"kyoto-arashiyama:osm-node-001212123817","properties":{"data_class":"REAL","geometry_status":"SOURCE_TRACEABLE_REAL","lineage":["OpenStreetMap original node ID and coordinate","fixed-time bounded Overpass response retained as exact bytes","node retained because it is an endpoint of a retained candidate segment"],"node_id":"kyoto-arashiyama:osm-node-001212123817","retrieval_query_sha256":"b5c52b3ea7542261159b5764956aa9662673c0422b3509dc59e4866f00c14603","revision_id":"osm-2026-08-29-v1","source_class":"VGI","source_feature_id":"node/1212123817","source_id":"openstreetmap-overpass-arashiyama-20260829","source_sha256":"1cde93d68bebf633989e825cbd5ac1e772cee81508043f44beb311250a1e8013","stable_feature_id":"kyoto-arashiyama:osm-node-001212123817","topology_status":"CANDIDATE"},"type":"Feature"},{"geometry":{"coordinates":[135.6752457,35.0089633],"type":"Point"},"id":"kyoto-arashiyama:osm-node-001212123818","properties":{"data_class":"REAL","geometry_status":"SOURCE_TRACEABLE_REAL","lineage":["OpenStreetMap original node ID and coordinate","fixed-time bounded Overpass response retained as exact bytes","node retained because it is an endpoint of a retained candidate segment"],"node_id":"kyoto-arashiyama:osm-node-001212123818","retrieval_query_sha256":"b5c52b3ea7542261159b5764956aa9662673c0422b3509dc59e4866f00c14603","revision_id":"osm-2026-08-29-v1","source_class":"VGI","source_feature_id":"node/1212123818","source_id":"openstreetmap-overpass-arashiyama-20260829","source_sha256":"1cde93d68bebf633989e825cbd5ac1e772cee81508043f44beb311250a1e8013","stable_feature_id":"kyoto-arashiyama:osm-node-001212123818","topology_status":"CANDIDATE"},"type":"Feature"},{"geometry":{"coordinates":[135.6761456,35.0097175],"type":"Point"},"id":"kyoto-arashiyama:osm-node-001212123824","properties":{"data_class":"REAL","geometry_status":"SOURCE_TRACEABLE_REAL","lineage":["OpenStreetMap original node ID and coordinate","fixed-time bounded Overpass response retained as exact bytes","node retained because it is an endpoint of a retained candidate segment"],"node_id":"kyoto-arashiyama:osm-node-001212123824","retrieval_query_sha256":"b5c52b3ea7542261159b5764956aa9662673c0422b3509dc59e4866f00c14603","revision_id":"osm-2026-08-29-v1","source_class":"VGI","source_feature_id":"node/1212123824","source_id":"openstreetmap-overpass-arashiyama-20260829","source_sha256":"1cde93d68bebf633989e825cbd5ac1e772cee81508043f44beb311250a1e8013","stable_feature_id":"kyoto-arashiyama:osm-node-001212123824","topology_status":"CANDIDATE"},"type":"Feature"},{"geometry":{"coordinates":[135.6749578,35.0089226],"type":"Point"},"id":"kyoto-arashiyama:osm-node-001212123835","properties":{"data_class":"REAL","geometry_status":"SOURCE_TRACEABLE_REAL","lineage":["OpenStreetMap original node ID and coordinate","fixed-time bounded Overpass response retained as exact bytes","node retained because it is an endpoint of a retained candidate segment"],"node_id":"kyoto-arashiyama:osm-node-001212123835","retrieval_query_sha256":"b5c52b3ea7542261159b5764956aa9662673c0422b3509dc59e4866f00c14603","revision_id":"osm-2026-08-29-v1","source_class":"VGI","source_feature_id":"node/1212123835","source_id":"openstreetmap-overpass-arashiyama-20260829","source_sha256":"1cde93d68bebf633989e825cbd5ac1e772cee81508043f44beb311250a1e8013","stable_feature_id":"kyoto-arashiyama:osm-node-001212123835","topology_status":"CANDIDATE"},"type":"Feature"},{"geometry":{"coordinates":[135.6756255,35.0097205],"type":"Point"},"id":"kyoto-arashiyama:osm-node-001212123850","properties":{"data_class":"REAL","geometry_status":"SOURCE_TRACEABLE_REAL","lineage":["OpenStreetMap original node ID and coordinate","fixed-time bounded Overpass response retained as exact bytes","node retained because it is an endpoint of a retained candidate segment"],"node_id":"kyoto-arashiyama:osm-node-001212123850","retrieval_query_sha256":"b5c52b3ea7542261159b5764956aa9662673c0422b3509dc59e4866f00c14603","revision_id":"osm-2026-08-29-v1","source_class":"VGI","source_feature_id":"node/1212123850","source_id":"openstreetmap-overpass-arashiyama-20260829","source_sha256":"1cde93d68bebf633989e825cbd5ac1e772cee81508043f44beb311250a1e8013","stable_feature_id":"kyoto-arashiyama:osm-node-001212123850","topology_status":"CANDIDATE"},"type":"Feature"},{"geometry":{"coordinates":[135.6754711,35.0095139],"type":"Point"},"id":"kyoto-arashiyama:osm-node-001212123854","properties":{"data_class":"REAL","geometry_status":"SOURCE_TRACEABLE_REAL","lineage":["OpenStreetMap original node ID and coordinate","fixed-time bounded Overpass response retained as exact bytes","node retained because it is an endpoint of a retained candidate segment"],"node_id":"kyoto-arashiyama:osm-node-001212123854","retrieval_query_sha256":"b5c52b3ea7542261159b5764956aa9662673c0422b3509dc59e4866f00c14603","revision_id":"osm-2026-08-29-v1","source_class":"VGI","source_feature_id":"node/1212123854","source_id":"openstreetmap-overpass-arashiyama-20260829","source_sha256":"1cde93d68bebf633989e825cbd5ac1e772cee81508043f44beb311250a1e8013","stable_feature_id":"kyoto-arashiyama:osm-node-001212123854","topology_status":"CANDIDATE"},"type":"Feature"},{"geometry":{"coordinates":[135.6753287,35.0087148],"type":"Point"},"id":"kyoto-arashiyama:osm-node-001212123857","properties":{"data_class":"REAL","geometry_status":"SOURCE_TRACEABLE_REAL","lineage":["OpenStreetMap original node ID and coordinate","fixed-time bounded Overpass response retained as exact bytes","node retained because it is an endpoint of a retained candidate segment"],"node_id":"kyoto-arashiyama:osm-node-001212123857","retrieval_query_sha256":"b5c52b3ea7542261159b5764956aa9662673c0422b3509dc59e4866f00c14603","revision_id":"osm-2026-08-29-v1","source_class":"VGI","source_feature_id":"node/1212123857","source_id":"openstreetmap-overpass-arashiyama-20260829","source_sha256":"1cde93d68bebf633989e825cbd5ac1e772cee81508043f44beb311250a1e8013","stable_feature_id":"kyoto-arashiyama:osm-node-001212123857","topology_status":"CANDIDATE"},"type":"Feature"},{"geometry":{"coordinates":[135.6748084,35.0088241],"type":"Point"},"id":"kyoto-arashiyama:osm-node-001212123859","properties":{"data_class":"REAL","geometry_status":"SOURCE_TRACEABLE_REAL","lineage":["OpenStreetMap original node ID and coordinate","fixed-time bounded Overpass response retained as exact bytes","node retained because it is an endpoint of a retained candidate segment"],"node_id":"kyoto-arashiyama:osm-node-001212123859","retrieval_query_sha256":"b5c52b3ea7542261159b5764956aa9662673c0422b3509dc59e4866f00c14603","revision_id":"osm-2026-08-29-v1","source_class":"VGI","source_feature_id":"node/1212123859","source_id":"openstreetmap-overpass-arashiyama-20260829","source_sha256":"1cde93d68bebf633989e825cbd5ac1e772cee81508043f44beb311250a1e8013","stable_feature_id":"kyoto-arashiyama:osm-node-001212123859","topology_status":"CANDIDATE"},"type":"Feature"},{"geometry":{"coordinates":[135.6748556,35.0089521],"type":"Point"},"id":"kyoto-arashiyama:osm-node-001212123885","properties":{"data_class":"REAL","geometry_status":"SOURCE_TRACEABLE_REAL","lineage":["OpenStreetMap original node ID and coordinate","fixed-time bounded Overpass response retained as exact bytes","node retained because it is an endpoint of a retained candidate segment"],"node_id":"kyoto-arashiyama:osm-node-001212123885","retrieval_query_sha256":"b5c52b3ea7542261159b5764956aa9662673c0422b3509dc59e4866f00c14603","revision_id":"osm-2026-08-29-v1","source_class":"VGI","source_feature_id":"node/1212123885","source_id":"openstreetmap-overpass-arashiyama-20260829","source_sha256":"1cde93d68bebf633989e825cbd5ac1e772cee81508043f44beb311250a1e8013","stable_feature_id":"kyoto-arashiyama:osm-node-001212123885","topology_status":"CANDIDATE"},"type":"Feature"},{"geometry":{"coordinates":[135.6766427,35.0115093],"type":"Point"},"id":"kyoto-arashiyama:osm-node-001212123892","properties":{"data_class":"REAL","geometry_status":"SOURCE_TRACEABLE_REAL","lineage":["OpenStreetMap original node ID and coordinate","fixed-time bounded Overpass response retained as exact bytes","node retained because it is an endpoint of a retained candidate segment"],"node_id":"kyoto-arashiyama:osm-node-001212123892","retrieval_query_sha256":"b5c52b3ea7542261159b5764956aa9662673c0422b3509dc59e4866f00c14603","revision_id":"osm-2026-08-29-v1","source_class":"VGI","source_feature_id":"node/1212123892","source_id":"openstreetmap-overpass-arashiyama-20260829","source_sha256":"1cde93d68bebf633989e825cbd5ac1e772cee81508043f44beb311250a1e8013","stable_feature_id":"kyoto-arashiyama:osm-node-001212123892","topology_status":"CANDIDATE"},"type":"Feature"},{"geometry":{"coordinates":[135.675682,35.0096568],"type":"Point"},"id":"kyoto-arashiyama:osm-node-001212123905","properties":{"data_class":"REAL","geometry_status":"SOURCE_TRACEABLE_REAL","lineage":["OpenStreetMap original node ID and coordinate","fixed-time bounded Overpass response retained as exact bytes","node retained because it is an endpoint of a retained candidate segment"],"node_id":"kyoto-arashiyama:osm-node-001212123905","retrieval_query_sha256":"b5c52b3ea7542261159b5764956aa9662673c0422b3509dc59e4866f00c14603","revision_id":"osm-2026-08-29-v1","source_class":"VGI","source_feature_id":"node/1212123905","source_id":"openstreetmap-overpass-arashiyama-20260829","source_sha256":"1cde93d68bebf633989e825cbd5ac1e772cee81508043f44beb311250a1e8013","stable_feature_id":"kyoto-arashiyama:osm-node-001212123905","topology_status":"CANDIDATE"},"type":"Feature"},{"geometry":{"coordinates":[135.6755803,35.0091867],"type":"Point"},"id":"kyoto-arashiyama:osm-node-001212123910","properties":{"data_class":"REAL","geometry_status":"SOURCE_TRACEABLE_REAL","lineage":["OpenStreetMap original node ID and coordinate","fixed-time bounded Overpass response retained as exact bytes","node retained because it is an endpoint of a retained candidate segment"],"node_id":"kyoto-arashiyama:osm-node-001212123910","retrieval_query_sha256":"b5c52b3ea7542261159b5764956aa9662673c0422b3509dc59e4866f00c14603","revision_id":"osm-2026-08-29-v1","source_class":"VGI","source_feature_id":"node/1212123910","source_id":"openstreetmap-overpass-arashiyama-20260829","source_sha256":"1cde93d68bebf633989e825cbd5ac1e772cee81508043f44beb311250a1e8013","stable_feature_id":"kyoto-arashiyama:osm-node-001212123910","topology_status":"CANDIDATE"},"type":"Feature"},{"geometry":{"coordinates":[135.6748512,35.0090854],"type":"Point"},"id":"kyoto-arashiyama:osm-node-001212123913","properties":{"data_class":"REAL","geometry_status":"SOURCE_TRACEABLE_REAL","lineage":["OpenStreetMap original node ID and coordinate","fixed-time bounded Overpass response retained as exact bytes","node retained because it is an endpoint of a retained candidate segment"],"node_id":"kyoto-arashiyama:osm-node-001212123913","retrieval_query_sha256":"b5c52b3ea7542261159b5764956aa9662673c0422b3509dc59e4866f00c14603","revision_id":"osm-2026-08-29-v1","source_class":"VGI","source_feature_id":"node/1212123913","source_id":"openstreetmap-overpass-arashiyama-20260829","source_sha256":"1cde93d68bebf633989e825cbd5ac1e772cee81508043f44beb311250a1e8013","stable_feature_id":"kyoto-arashiyama:osm-node-001212123913","topology_status":"CANDIDATE"},"type":"Feature"},{"geometry":{"coordinates":[135.6779597,35.0136904],"type":"Point"},"id":"kyoto-arashiyama:osm-node-001215761678","properties":{"data_class":"REAL","geometry_status":"SOURCE_TRACEABLE_REAL","lineage":["OpenStreetMap original node ID and coordinate","fixed-time bounded Overpass response retained as exact bytes","node retained because it is an endpoint of a retained candidate segment"],"node_id":"kyoto-arashiyama:osm-node-001215761678","retrieval_query_sha256":"b5c52b3ea7542261159b5764956aa9662673c0422b3509dc59e4866f00c14603","revision_id":"osm-2026-08-29-v1","source_class":"VGI","source_feature_id":"node/1215761678","source_id":"openstreetmap-overpass-arashiyama-20260829","source_sha256":"1cde93d68bebf633989e825cbd5ac1e772cee81508043f44beb311250a1e8013","stable_feature_id":"kyoto-arashiyama:osm-node-001215761678","topology_status":"CANDIDATE"},"type":"Feature"},{"geometry":{"coordinates":[135.6776226,35.011962],"type":"Point"},"id":"kyoto-arashiyama:osm-node-001215761691","properties":{"data_class":"REAL","geometry_status":"SOURCE_TRACEABLE_REAL","lineage":["OpenStreetMap original node ID and coordinate","fixed-time bounded Overpass response retained as exact bytes","node retained because it is an endpoint of a retained candidate segment"],"node_id":"kyoto-arashiyama:osm-node-001215761691","retrieval_query_sha256":"b5c52b3ea7542261159b5764956aa9662673c0422b3509dc59e4866f00c14603","revision_id":"osm-2026-08-29-v1","source_class":"VGI","source_feature_id":"node/1215761691","source_id":"openstreetmap-overpass-arashiyama-20260829","source_sha256":"1cde93d68bebf633989e825cbd5ac1e772cee81508043f44beb311250a1e8013","stable_feature_id":"kyoto-arashiyama:osm-node-001215761691","topology_status":"CANDIDATE"},"type":"Feature"},{"geometry":{"coordinates":[135.6777643,35.0136232],"type":"Point"},"id":"kyoto-arashiyama:osm-node-001215761721","properties":{"data_class":"REAL","geometry_status":"SOURCE_TRACEABLE_REAL","lineage":["OpenStreetMap original node ID and coordinate","fixed-time bounded Overpass response retained as exact bytes","node retained because it is an endpoint of a retained candidate segment"],"node_id":"kyoto-arashiyama:osm-node-001215761721","retrieval_query_sha256":"b5c52b3ea7542261159b5764956aa9662673c0422b3509dc59e4866f00c14603","revision_id":"osm-2026-08-29-v1","source_class":"VGI","source_feature_id":"node/1215761721","source_id":"openstreetmap-overpass-arashiyama-20260829","source_sha256":"1cde93d68bebf633989e825cbd5ac1e772cee81508043f44beb311250a1e8013","stable_feature_id":"kyoto-arashiyama:osm-node-001215761721","topology_status":"CANDIDATE"},"type":"Feature"},{"geometry":{"coordinates":[135.6756477,35.0141213],"type":"Point"},"id":"kyoto-arashiyama:osm-node-001332355492","properties":{"data_class":"REAL","geometry_status":"SOURCE_TRACEABLE_REAL","lineage":["OpenStreetMap original node ID and coordinate","fixed-time bounded Overpass response retained as exact bytes","node retained because it is an endpoint of a retained candidate segment"],"node_id":"kyoto-arashiyama:osm-node-001332355492","retrieval_query_sha256":"b5c52b3ea7542261159b5764956aa9662673c0422b3509dc59e4866f00c14603","revision_id":"osm-2026-08-29-v1","source_class":"VGI","source_feature_id":"node/1332355492","source_id":"openstreetmap-overpass-arashiyama-20260829","source_sha256":"1cde93d68bebf633989e825cbd5ac1e772cee81508043f44beb311250a1e8013","stable_feature_id":"kyoto-arashiyama:osm-node-001332355492","topology_status":"CANDIDATE"},"type":"Feature"},{"geometry":{"coordinates":[135.67847,35.0147849],"type":"Point"},"id":"kyoto-arashiyama:osm-node-001332355511","properties":{"data_class":"REAL","geometry_status":"SOURCE_TRACEABLE_REAL","lineage":["OpenStreetMap original node ID and coordinate","fixed-time bounded Overpass response retained as exact bytes","node retained because it is an endpoint of a retained candidate segment"],"node_id":"kyoto-arashiyama:osm-node-001332355511","retrieval_query_sha256":"b5c52b3ea7542261159b5764956aa9662673c0422b3509dc59e4866f00c14603","revision_id":"osm-2026-08-29-v1","source_class":"VGI","source_feature_id":"node/1332355511","source_id":"openstreetmap-overpass-arashiyama-20260829","source_sha256":"1cde93d68bebf633989e825cbd5ac1e772cee81508043f44beb311250a1e8013","stable_feature_id":"kyoto-arashiyama:osm-node-001332355511","topology_status":"CANDIDATE"},"type":"Feature"},{"geometry":{"coordinates":[135.6769896,35.0142628],"type":"Point"},"id":"kyoto-arashiyama:osm-node-001332355598","properties":{"data_class":"REAL","geometry_status":"SOURCE_TRACEABLE_REAL","lineage":["OpenStreetMap original node ID and coordinate","fixed-time bounded Overpass response retained as exact bytes","node retained because it is an endpoint of a retained candidate segment"],"node_id":"kyoto-arashiyama:osm-node-001332355598","retrieval_query_sha256":"b5c52b3ea7542261159b5764956aa9662673c0422b3509dc59e4866f00c14603","revision_id":"osm-2026-08-29-v1","source_class":"VGI","source_feature_id":"node/1332355598","source_id":"openstreetmap-overpass-arashiyama-20260829","source_sha256":"1cde93d68bebf633989e825cbd5ac1e772cee81508043f44beb311250a1e8013","stable_feature_id":"kyoto-arashiyama:osm-node-001332355598","topology_status":"CANDIDATE"},"type":"Feature"},{"geometry":{"coordinates":[135.6780807,35.0143798],"type":"Point"},"id":"kyoto-arashiyama:osm-node-001332355713","properties":{"data_class":"REAL","geometry_status":"SOURCE_TRACEABLE_REAL","lineage":["OpenStreetMap original node ID and coordinate","fixed-time bounded Overpass response retained as exact bytes","node retained because it is an endpoint of a retained candidate segment"],"node_id":"kyoto-arashiyama:osm-node-001332355713","retrieval_query_sha256":"b5c52b3ea7542261159b5764956aa9662673c0422b3509dc59e4866f00c14603","revision_id":"osm-2026-08-29-v1","source_class":"VGI","source_feature_id":"node/1332355713","source_id":"openstreetmap-overpass-arashiyama-20260829","source_sha256":"1cde93d68bebf633989e825cbd5ac1e772cee81508043f44beb311250a1e8013","stable_feature_id":"kyoto-arashiyama:osm-node-001332355713","topology_status":"CANDIDATE"},"type":"Feature"},{"geometry":{"coordinates":[135.6752759,35.0141101],"type":"Point"},"id":"kyoto-arashiyama:osm-node-001332355939","properties":{"data_class":"REAL","geometry_status":"SOURCE_TRACEABLE_REAL","lineage":["OpenStreetMap original node ID and coordinate","fixed-time bounded Overpass response retained as exact bytes","node retained because it is an endpoint of a retained candidate segment"],"node_id":"kyoto-arashiyama:osm-node-001332355939","retrieval_query_sha256":"b5c52b3ea7542261159b5764956aa9662673c0422b3509dc59e4866f00c14603","revision_id":"osm-2026-08-29-v1","source_class":"VGI","source_feature_id":"node/1332355939","source_id":"openstreetmap-overpass-arashiyama-20260829","source_sha256":"1cde93d68bebf633989e825cbd5ac1e772cee81508043f44beb311250a1e8013","stable_feature_id":"kyoto-arashiyama:osm-node-001332355939","topology_status":"CANDIDATE"},"type":"Feature"},{"geometry":{"coordinates":[135.6784494,35.0145545],"type":"Point"},"id":"kyoto-arashiyama:osm-node-001332355953","properties":{"data_class":"REAL","geometry_status":"SOURCE_TRACEABLE_REAL","lineage":["OpenStreetMap original node ID and coordinate","fixed-time bounded Overpass response retained as exact bytes","node retained because it is an endpoint of a retained candidate segment"],"node_id":"kyoto-arashiyama:osm-node-001332355953","retrieval_query_sha256":"b5c52b3ea7542261159b5764956aa9662673c0422b3509dc59e4866f00c14603","revision_id":"osm-2026-08-29-v1","source_class":"VGI","source_feature_id":"node/1332355953","source_id":"openstreetmap-overpass-arashiyama-20260829","source_sha256":"1cde93d68bebf633989e825cbd5ac1e772cee81508043f44beb311250a1e8013","stable_feature_id":"kyoto-arashiyama:osm-node-001332355953","topology_status":"CANDIDATE"},"type":"Feature"},{"geometry":{"coordinates":[135.676391,35.0141831],"type":"Point"},"id":"kyoto-arashiyama:osm-node-001332356015","properties":{"data_class":"REAL","geometry_status":"SOURCE_TRACEABLE_REAL","lineage":["OpenStreetMap original node ID and coordinate","fixed-time bounded Overpass response retained as exact bytes","node retained because it is an endpoint of a retained candidate segment"],"node_id":"kyoto-arashiyama:osm-node-001332356015","retrieval_query_sha256":"b5c52b3ea7542261159b5764956aa9662673c0422b3509dc59e4866f00c14603","revision_id":"osm-2026-08-29-v1","source_class":"VGI","source_feature_id":"node/1332356015","source_id":"openstreetmap-overpass-arashiyama-20260829","source_sha256":"1cde93d68bebf633989e825cbd5ac1e772cee81508043f44beb311250a1e8013","stable_feature_id":"kyoto-arashiyama:osm-node-001332356015","topology_status":"CANDIDATE"},"type":"Feature"},{"geometry":{"coordinates":[135.6779298,35.0148038],"type":"Point"},"id":"kyoto-arashiyama:osm-node-001332356031","properties":{"data_class":"REAL","geometry_status":"SOURCE_TRACEABLE_REAL","lineage":["OpenStreetMap original node ID and coordinate","fixed-time bounded Overpass response retained as exact bytes","node retained because it is an endpoint of a retained candidate segment"],"node_id":"kyoto-arashiyama:osm-node-001332356031","retrieval_query_sha256":"b5c52b3ea7542261159b5764956aa9662673c0422b3509dc59e4866f00c14603","revision_id":"osm-2026-08-29-v1","source_class":"VGI","source_feature_id":"node/1332356031","source_id":"openstreetmap-overpass-arashiyama-20260829","source_sha256":"1cde93d68bebf633989e825cbd5ac1e772cee81508043f44beb311250a1e8013","stable_feature_id":"kyoto-arashiyama:osm-node-001332356031","topology_status":"CANDIDATE"},"type":"Feature"},{"geometry":{"coordinates":[135.6764842,35.0134673],"type":"Point"},"id":"kyoto-arashiyama:osm-node-001332356080","properties":{"data_class":"REAL","geometry_status":"SOURCE_TRACEABLE_REAL","lineage":["OpenStreetMap original node ID and coordinate","fixed-time bounded Overpass response retained as exact bytes","node retained because it is an endpoint of a retained candidate segment"],"node_id":"kyoto-arashiyama:osm-node-001332356080","retrieval_query_sha256":"b5c52b3ea7542261159b5764956aa9662673c0422b3509dc59e4866f00c14603","revision_id":"osm-2026-08-29-v1","source_class":"VGI","source_feature_id":"node/1332356080","source_id":"openstreetmap-overpass-arashiyama-20260829","source_sha256":"1cde93d68bebf633989e825cbd5ac1e772cee81508043f44beb311250a1e8013","stable_feature_id":"kyoto-arashiyama:osm-node-001332356080","topology_status":"CANDIDATE"},"type":"Feature"},{"geometry":{"coordinates":[135.6750607,35.0146845],"type":"Point"},"id":"kyoto-arashiyama:osm-node-001332356112","properties":{"data_class":"REAL","geometry_status":"SOURCE_TRACEABLE_REAL","lineage":["OpenStreetMap original node ID and coordinate","fixed-time bounded Overpass response retained as exact bytes","node retained because it is an endpoint of a retained candidate segment"],"node_id":"kyoto-arashiyama:osm-node-001332356112","retrieval_query_sha256":"b5c52b3ea7542261159b5764956aa9662673c0422b3509dc59e4866f00c14603","revision_id":"osm-2026-08-29-v1","source_class":"VGI","source_feature_id":"node/1332356112","source_id":"openstreetmap-overpass-arashiyama-20260829","source_sha256":"1cde93d68bebf633989e825cbd5ac1e772cee81508043f44beb311250a1e8013","stable_feature_id":"kyoto-arashiyama:osm-node-001332356112","topology_status":"CANDIDATE"},"type":"Feature"},{"geometry":{"coordinates":[135.6775657,35.0145151],"type":"Point"},"id":"kyoto-arashiyama:osm-node-001332356133","properties":{"data_class":"REAL","geometry_status":"SOURCE_TRACEABLE_REAL","lineage":["OpenStreetMap original node ID and coordinate","fixed-time bounded Overpass response retained as exact bytes","node retained because it is an endpoint of a retained candidate segment"],"node_id":"kyoto-arashiyama:osm-node-001332356133","retrieval_query_sha256":"b5c52b3ea7542261159b5764956aa9662673c0422b3509dc59e4866f00c14603","revision_id":"osm-2026-08-29-v1","source_class":"VGI","source_feature_id":"node/1332356133","source_id":"openstreetmap-overpass-arashiyama-20260829","source_sha256":"1cde93d68bebf633989e825cbd5ac1e772cee81508043f44beb311250a1e8013","stable_feature_id":"kyoto-arashiyama:osm-node-001332356133","topology_status":"CANDIDATE"},"type":"Feature"},{"geometry":{"coordinates":[135.6756496,35.0144654],"type":"Point"},"id":"kyoto-arashiyama:osm-node-001332356190","properties":{"data_class":"REAL","geometry_status":"SOURCE_TRACEABLE_REAL","lineage":["OpenStreetMap original node ID and coordinate","fixed-time bounded Overpass response retained as exact bytes","node retained because it is an endpoint of a retained candidate segment"],"node_id":"kyoto-arashiyama:osm-node-001332356190","retrieval_query_sha256":"b5c52b3ea7542261159b5764956aa9662673c0422b3509dc59e4866f00c14603","revision_id":"osm-2026-08-29-v1","source_class":"VGI","source_feature_id":"node/1332356190","source_id":"openstreetmap-overpass-arashiyama-20260829","source_sha256":"1cde93d68bebf633989e825cbd5ac1e772cee81508043f44beb311250a1e8013","stable_feature_id":"kyoto-arashiyama:osm-node-001332356190","topology_status":"CANDIDATE"},"type":"Feature"},{"geometry":{"coordinates":[135.6780388,35.0145008],"type":"Point"},"id":"kyoto-arashiyama:osm-node-001332356206","properties":{"data_class":"REAL","geometry_status":"SOURCE_TRACEABLE_REAL","lineage":["OpenStreetMap original node ID and coordinate","fixed-time bounded Overpass response retained as exact bytes","node retained because it is an endpoint of a retained candidate segment"],"node_id":"kyoto-arashiyama:osm-node-001332356206","retrieval_query_sha256":"b5c52b3ea7542261159b5764956aa9662673c0422b3509dc59e4866f00c14603","revision_id":"osm-2026-08-29-v1","source_class":"VGI","source_feature_id":"node/1332356206","source_id":"openstreetmap-overpass-arashiyama-20260829","source_sha256":"1cde93d68bebf633989e825cbd5ac1e772cee81508043f44beb311250a1e8013","stable_feature_id":"kyoto-arashiyama:osm-node-001332356206","topology_status":"CANDIDATE"},"type":"Feature"},{"geometry":{"coordinates":[135.6759483,35.0141379],"type":"Point"},"id":"kyoto-arashiyama:osm-node-001332356268","properties":{"data_class":"REAL","geometry_status":"SOURCE_TRACEABLE_REAL","lineage":["OpenStreetMap original node ID and coordinate","fixed-time bounded Overpass response retained as exact bytes","node retained because it is an endpoint of a retained candidate segment"],"node_id":"kyoto-arashiyama:osm-node-001332356268","retrieval_query_sha256":"b5c52b3ea7542261159b5764956aa9662673c0422b3509dc59e4866f00c14603","revision_id":"osm-2026-08-29-v1","source_class":"VGI","source_feature_id":"node/1332356268","source_id":"openstreetmap-overpass-arashiyama-20260829","source_sha256":"1cde93d68bebf633989e825cbd5ac1e772cee81508043f44beb311250a1e8013","stable_feature_id":"kyoto-arashiyama:osm-node-001332356268","topology_status":"CANDIDATE"},"type":"Feature"},{"geometry":{"coordinates":[135.6784268,35.0149078],"type":"Point"},"id":"kyoto-arashiyama:osm-node-001332356286","properties":{"data_class":"REAL","geometry_status":"SOURCE_TRACEABLE_REAL","lineage":["OpenStreetMap original node ID and coordinate","fixed-time bounded Overpass response retained as exact bytes","node retained because it is an endpoint of a retained candidate segment"],"node_id":"kyoto-arashiyama:osm-node-001332356286","retrieval_query_sha256":"b5c52b3ea7542261159b5764956aa9662673c0422b3509dc59e4866f00c14603","revision_id":"osm-2026-08-29-v1","source_class":"VGI","source_feature_id":"node/1332356286","source_id":"openstreetmap-overpass-arashiyama-20260829","source_sha256":"1cde93d68bebf633989e825cbd5ac1e772cee81508043f44beb311250a1e8013","stable_feature_id":"kyoto-arashiyama:osm-node-001332356286","topology_status":"CANDIDATE"},"type":"Feature"},{"geometry":{"coordinates":[135.6763518,35.0145195],"type":"Point"},"id":"kyoto-arashiyama:osm-node-001332356333","properties":{"data_class":"REAL","geometry_status":"SOURCE_TRACEABLE_REAL","lineage":["OpenStreetMap original node ID and coordinate","fixed-time bounded Overpass response retained as exact bytes","node retained because it is an endpoint of a retained candidate segment"],"node_id":"kyoto-arashiyama:osm-node-001332356333","retrieval_query_sha256":"b5c52b3ea7542261159b5764956aa9662673c0422b3509dc59e4866f00c14603","revision_id":"osm-2026-08-29-v1","source_class":"VGI","source_feature_id":"node/1332356333","source_id":"openstreetmap-overpass-arashiyama-20260829","source_sha256":"1cde93d68bebf633989e825cbd5ac1e772cee81508043f44beb311250a1e8013","stable_feature_id":"kyoto-arashiyama:osm-node-001332356333","topology_status":"CANDIDATE"},"type":"Feature"},{"geometry":{"coordinates":[135.6776293,35.0143436],"type":"Point"},"id":"kyoto-arashiyama:osm-node-001332356340","properties":{"data_class":"REAL","geometry_status":"SOURCE_TRACEABLE_REAL","lineage":["OpenStreetMap original node ID and coordinate","fixed-time bounded Overpass response retained as exact bytes","node retained because it is an endpoint of a retained candidate segment"],"node_id":"kyoto-arashiyama:osm-node-001332356340","retrieval_query_sha256":"b5c52b3ea7542261159b5764956aa9662673c0422b3509dc59e4866f00c14603","revision_id":"osm-2026-08-29-v1","source_class":"VGI","source_feature_id":"node/1332356340","source_id":"openstreetmap-overpass-arashiyama-20260829","source_sha256":"1cde93d68bebf633989e825cbd5ac1e772cee81508043f44beb311250a1e8013","stable_feature_id":"kyoto-arashiyama:osm-node-001332356340","topology_status":"CANDIDATE"},"type":"Feature"},{"geometry":{"coordinates":[135.6779936,35.0146115],"type":"Point"},"id":"kyoto-arashiyama:osm-node-001332356394","properties":{"data_class":"REAL","geometry_status":"SOURCE_TRACEABLE_REAL","lineage":["OpenStreetMap original node ID and coordinate","fixed-time bounded Overpass response retained as exact bytes","node retained because it is an endpoint of a retained candidate segment"],"node_id":"kyoto-arashiyama:osm-node-001332356394","retrieval_query_sha256":"b5c52b3ea7542261159b5764956aa9662673c0422b3509dc59e4866f00c14603","revision_id":"osm-2026-08-29-v1","source_class":"VGI","source_feature_id":"node/1332356394","source_id":"openstreetmap-overpass-arashiyama-20260829","source_sha256":"1cde93d68bebf633989e825cbd5ac1e772cee81508043f44beb311250a1e8013","stable_feature_id":"kyoto-arashiyama:osm-node-001332356394","topology_status":"CANDIDATE"},"type":"Feature"},{"geometry":{"coordinates":[135.6750367,35.0142608],"type":"Point"},"id":"kyoto-arashiyama:osm-node-001332356436","properties":{"data_class":"REAL","geometry_status":"SOURCE_TRACEABLE_REAL","lineage":["OpenStreetMap original node ID and coordinate","fixed-time bounded Overpass response retained as exact bytes","node retained because it is an endpoint of a retained candidate segment"],"node_id":"kyoto-arashiyama:osm-node-001332356436","retrieval_query_sha256":"b5c52b3ea7542261159b5764956aa9662673c0422b3509dc59e4866f00c14603","revision_id":"osm-2026-08-29-v1","source_class":"VGI","source_feature_id":"node/1332356436","source_id":"openstreetmap-overpass-arashiyama-20260829","source_sha256":"1cde93d68bebf633989e825cbd5ac1e772cee81508043f44beb311250a1e8013","stable_feature_id":"kyoto-arashiyama:osm-node-001332356436","topology_status":"CANDIDATE"},"type":"Feature"},{"geometry":{"coordinates":[135.677298,35.00874],"type":"Point"},"id":"kyoto-arashiyama:osm-node-001411953070","properties":{"data_class":"REAL","geometry_status":"SOURCE_TRACEABLE_REAL","lineage":["OpenStreetMap original node ID and coordinate","fixed-time bounded Overpass response retained as exact bytes","node retained because it is an endpoint of a retained candidate segment"],"node_id":"kyoto-arashiyama:osm-node-001411953070","retrieval_query_sha256":"b5c52b3ea7542261159b5764956aa9662673c0422b3509dc59e4866f00c14603","revision_id":"osm-2026-08-29-v1","source_class":"VGI","source_feature_id":"node/1411953070","source_id":"openstreetmap-overpass-arashiyama-20260829","source_sha256":"1cde93d68bebf633989e825cbd5ac1e772cee81508043f44beb311250a1e8013","stable_feature_id":"kyoto-arashiyama:osm-node-001411953070","topology_status":"CANDIDATE"},"type":"Feature"},{"geometry":{"coordinates":[135.677625,35.009121],"type":"Point"},"id":"kyoto-arashiyama:osm-node-001411953096","properties":{"data_class":"REAL","geometry_status":"SOURCE_TRACEABLE_REAL","lineage":["OpenStreetMap original node ID and coordinate","fixed-time bounded Overpass response retained as exact bytes","node retained because it is an endpoint of a retained candidate segment"],"node_id":"kyoto-arashiyama:osm-node-001411953096","retrieval_query_sha256":"b5c52b3ea7542261159b5764956aa9662673c0422b3509dc59e4866f00c14603","revision_id":"osm-2026-08-29-v1","source_class":"VGI","source_feature_id":"node/1411953096","source_id":"openstreetmap-overpass-arashiyama-20260829","source_sha256":"1cde93d68bebf633989e825cbd5ac1e772cee81508043f44beb311250a1e8013","stable_feature_id":"kyoto-arashiyama:osm-node-001411953096","topology_status":"CANDIDATE"},"type":"Feature"},{"geometry":{"coordinates":[135.677709,35.009205],"type":"Point"},"id":"kyoto-arashiyama:osm-node-001411953104","properties":{"data_class":"REAL","geometry_status":"SOURCE_TRACEABLE_REAL","lineage":["OpenStreetMap original node ID and coordinate","fixed-time bounded Overpass response retained as exact bytes","node retained because it is an endpoint of a retained candidate segment"],"node_id":"kyoto-arashiyama:osm-node-001411953104","retrieval_query_sha256":"b5c52b3ea7542261159b5764956aa9662673c0422b3509dc59e4866f00c14603","revision_id":"osm-2026-08-29-v1","source_class":"VGI","source_feature_id":"node/1411953104","source_id":"openstreetmap-overpass-arashiyama-20260829","source_sha256":"1cde93d68bebf633989e825cbd5ac1e772cee81508043f44beb311250a1e8013","stable_feature_id":"kyoto-arashiyama:osm-node-001411953104","topology_status":"CANDIDATE"},"type":"Feature"},{"geometry":{"coordinates":[135.67775,35.009261],"type":"Point"},"id":"kyoto-arashiyama:osm-node-001411953107","properties":{"data_class":"REAL","geometry_status":"SOURCE_TRACEABLE_REAL","lineage":["OpenStreetMap original node ID and coordinate","fixed-time bounded Overpass response retained as exact bytes","node retained because it is an endpoint of a retained candidate segment"],"node_id":"kyoto-arashiyama:osm-node-001411953107","retrieval_query_sha256":"b5c52b3ea7542261159b5764956aa9662673c0422b3509dc59e4866f00c14603","revision_id":"osm-2026-08-29-v1","source_class":"VGI","source_feature_id":"node/1411953107","source_id":"openstreetmap-overpass-arashiyama-20260829","source_sha256":"1cde93d68bebf633989e825cbd5ac1e772cee81508043f44beb311250a1e8013","stable_feature_id":"kyoto-arashiyama:osm-node-001411953107","topology_status":"CANDIDATE"},"type":"Feature"},{"geometry":{"coordinates":[135.677756,35.009299],"type":"Point"},"id":"kyoto-arashiyama:osm-node-001411953112","properties":{"data_class":"REAL","geometry_status":"SOURCE_TRACEABLE_REAL","lineage":["OpenStreetMap original node ID and coordinate","fixed-time bounded Overpass response retained as exact bytes","node retained because it is an endpoint of a retained candidate segment"],"node_id":"kyoto-arashiyama:osm-node-001411953112","retrieval_query_sha256":"b5c52b3ea7542261159b5764956aa9662673c0422b3509dc59e4866f00c14603","revision_id":"osm-2026-08-29-v1","source_class":"VGI","source_feature_id":"node/1411953112","source_id":"openstreetmap-overpass-arashiyama-20260829","source_sha256":"1cde93d68bebf633989e825cbd5ac1e772cee81508043f44beb311250a1e8013","stable_feature_id":"kyoto-arashiyama:osm-node-001411953112","topology_status":"CANDIDATE"},"type":"Feature"},{"geometry":{"coordinates":[135.6781872,35.0093438],"type":"Point"},"id":"kyoto-arashiyama:osm-node-001411953118","properties":{"data_class":"REAL","geometry_status":"SOURCE_TRACEABLE_REAL","lineage":["OpenStreetMap original node ID and coordinate","fixed-time bounded Overpass response retained as exact bytes","node retained because it is an endpoint of a retained candidate segment"],"node_id":"kyoto-arashiyama:osm-node-001411953118","retrieval_query_sha256":"b5c52b3ea7542261159b5764956aa9662673c0422b3509dc59e4866f00c14603","revision_id":"osm-2026-08-29-v1","source_class":"VGI","source_feature_id":"node/1411953118","source_id":"openstreetmap-overpass-arashiyama-20260829","source_sha256":"1cde93d68bebf633989e825cbd5ac1e772cee81508043f44beb311250a1e8013","stable_feature_id":"kyoto-arashiyama:osm-node-001411953118","topology_status":"CANDIDATE"},"type":"Feature"},{"geometry":{"coordinates":[135.677744,35.009361],"type":"Point"},"id":"kyoto-arashiyama:osm-node-001411953119","properties":{"data_class":"REAL","geometry_status":"SOURCE_TRACEABLE_REAL","lineage":["OpenStreetMap original node ID and coordinate","fixed-time bounded Overpass response retained as exact bytes","node retained because it is an endpoint of a retained candidate segment"],"node_id":"kyoto-arashiyama:osm-node-001411953119","retrieval_query_sha256":"b5c52b3ea7542261159b5764956aa9662673c0422b3509dc59e4866f00c14603","revision_id":"osm-2026-08-29-v1","source_class":"VGI","source_feature_id":"node/1411953119","source_id":"openstreetmap-overpass-arashiyama-20260829","source_sha256":"1cde93d68bebf633989e825cbd5ac1e772cee81508043f44beb311250a1e8013","stable_feature_id":"kyoto-arashiyama:osm-node-001411953119","topology_status":"CANDIDATE"},"type":"Feature"},{"geometry":{"coordinates":[135.6782839,35.0093756],"type":"Point"},"id":"kyoto-arashiyama:osm-node-001411953121","properties":{"data_class":"REAL","geometry_status":"SOURCE_TRACEABLE_REAL","lineage":["OpenStreetMap original node ID and coordinate","fixed-time bounded Overpass response retained as exact bytes","node retained because it is an endpoint of a retained candidate segment"],"node_id":"kyoto-arashiyama:osm-node-001411953121","retrieval_query_sha256":"b5c52b3ea7542261159b5764956aa9662673c0422b3509dc59e4866f00c14603","revision_id":"osm-2026-08-29-v1","source_class":"VGI","source_feature_id":"node/1411953121","source_id":"openstreetmap-overpass-arashiyama-20260829","source_sha256":"1cde93d68bebf633989e825cbd5ac1e772cee81508043f44beb311250a1e8013","stable_feature_id":"kyoto-arashiyama:osm-node-001411953121","topology_status":"CANDIDATE"},"type":"Feature"},{"geometry":{"coordinates":[135.678336,35.0094203],"type":"Point"},"id":"kyoto-arashiyama:osm-node-001411953123","properties":{"data_class":"REAL","geometry_status":"SOURCE_TRACEABLE_REAL","lineage":["OpenStreetMap original node ID and coordinate","fixed-time bounded Overpass response retained as exact bytes","node retained because it is an endpoint of a retained candidate segment"],"node_id":"kyoto-arashiyama:osm-node-001411953123","retrieval_query_sha256":"b5c52b3ea7542261159b5764956aa9662673c0422b3509dc59e4866f00c14603","revision_id":"osm-2026-08-29-v1","source_class":"VGI","source_feature_id":"node/1411953123","source_id":"openstreetmap-overpass-arashiyama-20260829","source_sha256":"1cde93d68bebf633989e825cbd5ac1e772cee81508043f44beb311250a1e8013","stable_feature_id":"kyoto-arashiyama:osm-node-001411953123","topology_status":"CANDIDATE"},"type":"Feature"},{"geometry":{"coordinates":[135.6780532,35.009374],"type":"Point"},"id":"kyoto-arashiyama:osm-node-001411953126","properties":{"data_class":"REAL","geometry_status":"SOURCE_TRACEABLE_REAL","lineage":["OpenStreetMap original node ID and coordinate","fixed-time bounded Overpass response retained as exact bytes","node retained because it is an endpoint of a retained candidate segment"],"node_id":"kyoto-arashiyama:osm-node-001411953126","retrieval_query_sha256":"b5c52b3ea7542261159b5764956aa9662673c0422b3509dc59e4866f00c14603","revision_id":"osm-2026-08-29-v1","source_class":"VGI","source_feature_id":"node/1411953126","source_id":"openstreetmap-overpass-arashiyama-20260829","source_sha256":"1cde93d68bebf633989e825cbd5ac1e772cee81508043f44beb311250a1e8013","stable_feature_id":"kyoto-arashiyama:osm-node-001411953126","topology_status":"CANDIDATE"},"type":"Feature"},{"geometry":{"coordinates":[135.678359,35.009455],"type":"Point"},"id":"kyoto-arashiyama:osm-node-001411953131","properties":{"data_class":"REAL","geometry_status":"SOURCE_TRACEABLE_REAL","lineage":["OpenStreetMap original node ID and coordinate","fixed-time bounded Overpass response retained as exact bytes","node retained because it is an endpoint of a retained candidate segment"],"node_id":"kyoto-arashiyama:osm-node-001411953131","retrieval_query_sha256":"b5c52b3ea7542261159b5764956aa9662673c0422b3509dc59e4866f00c14603","revision_id":"osm-2026-08-29-v1","source_class":"VGI","source_feature_id":"node/1411953131","source_id":"openstreetmap-overpass-arashiyama-20260829","source_sha256":"1cde93d68bebf633989e825cbd5ac1e772cee81508043f44beb311250a1e8013","stable_feature_id":"kyoto-arashiyama:osm-node-001411953131","topology_status":"CANDIDATE"},"type":"Feature"},{"geometry":{"coordinates":[135.6776738,35.0095985],"type":"Point"},"id":"kyoto-arashiyama:osm-node-001411953142","properties":{"data_class":"REAL","geometry_status":"SOURCE_TRACEABLE_REAL","lineage":["OpenStreetMap original node ID and coordinate","fixed-time bounded Overpass response retained as exact bytes","node retained because it is an endpoint of a retained candidate segment"],"node_id":"kyoto-arashiyama:osm-node-001411953142","retrieval_query_sha256":"b5c52b3ea7542261159b5764956aa9662673c0422b3509dc59e4866f00c14603","revision_id":"osm-2026-08-29-v1","source_class":"VGI","source_feature_id":"node/1411953142","source_id":"openstreetmap-overpass-arashiyama-20260829","source_sha256":"1cde93d68bebf633989e825cbd5ac1e772cee81508043f44beb311250a1e8013","stable_feature_id":"kyoto-arashiyama:osm-node-001411953142","topology_status":"CANDIDATE"},"type":"Feature"},{"geometry":{"coordinates":[135.6778815,35.0096278],"type":"Point"},"id":"kyoto-arashiyama:osm-node-001411953143","properties":{"data_class":"REAL","geometry_status":"SOURCE_TRACEABLE_REAL","lineage":["OpenStreetMap original node ID and coordinate","fixed-time bounded Overpass response retained as exact bytes","node retained because it is an endpoint of a retained candidate segment"],"node_id":"kyoto-arashiyama:osm-node-001411953143","retrieval_query_sha256":"b5c52b3ea7542261159b5764956aa9662673c0422b3509dc59e4866f00c14603","revision_id":"osm-2026-08-29-v1","source_class":"VGI","source_feature_id":"node/1411953143","source_id":"openstreetmap-overpass-arashiyama-20260829","source_sha256":"1cde93d68bebf633989e825cbd5ac1e772cee81508043f44beb311250a1e8013","stable_feature_id":"kyoto-arashiyama:osm-node-001411953143","topology_status":"CANDIDATE"},"type":"Feature"},{"geometry":{"coordinates":[135.67834,35.009632],"type":"Point"},"id":"kyoto-arashiyama:osm-node-001411953148","properties":{"data_class":"REAL","geometry_status":"SOURCE_TRACEABLE_REAL","lineage":["OpenStreetMap original node ID and coordinate","fixed-time bounded Overpass response retained as exact bytes","node retained because it is an endpoint of a retained candidate segment"],"node_id":"kyoto-arashiyama:osm-node-001411953148","retrieval_query_sha256":"b5c52b3ea7542261159b5764956aa9662673c0422b3509dc59e4866f00c14603","revision_id":"osm-2026-08-29-v1","source_class":"VGI","source_feature_id":"node/1411953148","source_id":"openstreetmap-overpass-arashiyama-20260829","source_sha256":"1cde93d68bebf633989e825cbd5ac1e772cee81508043f44beb311250a1e8013","stable_feature_id":"kyoto-arashiyama:osm-node-001411953148","topology_status":"CANDIDATE"},"type":"Feature"},{"geometry":{"coordinates":[135.6783479,35.0097098],"type":"Point"},"id":"kyoto-arashiyama:osm-node-001411953152","properties":{"data_class":"REAL","geometry_status":"SOURCE_TRACEABLE_REAL","lineage":["OpenStreetMap original node ID and coordinate","fixed-time bounded Overpass response retained as exact bytes","node retained because it is an endpoint of a retained candidate segment"],"node_id":"kyoto-arashiyama:osm-node-001411953152","retrieval_query_sha256":"b5c52b3ea7542261159b5764956aa9662673c0422b3509dc59e4866f00c14603","revision_id":"osm-2026-08-29-v1","source_class":"VGI","source_feature_id":"node/1411953152","source_id":"openstreetmap-overpass-arashiyama-20260829","source_sha256":"1cde93d68bebf633989e825cbd5ac1e772cee81508043f44beb311250a1e8013","stable_feature_id":"kyoto-arashiyama:osm-node-001411953152","topology_status":"CANDIDATE"},"type":"Feature"},{"geometry":{"coordinates":[135.677643,35.009685],"type":"Point"},"id":"kyoto-arashiyama:osm-node-001411953155","properties":{"data_class":"REAL","geometry_status":"SOURCE_TRACEABLE_REAL","lineage":["OpenStreetMap original node ID and coordinate","fixed-time bounded Overpass response retained as exact bytes","node retained because it is an endpoint of a retained candidate segment"],"node_id":"kyoto-arashiyama:osm-node-001411953155","retrieval_query_sha256":"b5c52b3ea7542261159b5764956aa9662673c0422b3509dc59e4866f00c14603","revision_id":"osm-2026-08-29-v1","source_class":"VGI","source_feature_id":"node/1411953155","source_id":"openstreetmap-overpass-arashiyama-20260829","source_sha256":"1cde93d68bebf633989e825cbd5ac1e772cee81508043f44beb311250a1e8013","stable_feature_id":"kyoto-arashiyama:osm-node-001411953155","topology_status":"CANDIDATE"},"type":"Feature"},{"geometry":{"coordinates":[135.6776272,35.0097385],"type":"Point"},"id":"kyoto-arashiyama:osm-node-001411953158","properties":{"data_class":"REAL","geometry_status":"SOURCE_TRACEABLE_REAL","lineage":["OpenStreetMap original node ID and coordinate","fixed-time bounded Overpass response retained as exact bytes","node retained because it is an endpoint of a retained candidate segment"],"node_id":"kyoto-arashiyama:osm-node-001411953158","retrieval_query_sha256":"b5c52b3ea7542261159b5764956aa9662673c0422b3509dc59e4866f00c14603","revision_id":"osm-2026-08-29-v1","source_class":"VGI","source_feature_id":"node/1411953158","source_id":"openstreetmap-overpass-arashiyama-20260829","source_sha256":"1cde93d68bebf633989e825cbd5ac1e772cee81508043f44beb311250a1e8013","stable_feature_id":"kyoto-arashiyama:osm-node-001411953158","topology_status":"CANDIDATE"},"type":"Feature"},{"geometry":{"coordinates":[135.6776223,35.0097759],"type":"Point"},"id":"kyoto-arashiyama:osm-node-001411953161","properties":{"data_class":"REAL","geometry_status":"SOURCE_TRACEABLE_REAL","lineage":["OpenStreetMap original node ID and coordinate","fixed-time bounded Overpass response retained as exact bytes","node retained because it is an endpoint of a retained candidate segment"],"node_id":"kyoto-arashiyama:osm-node-001411953161","retrieval_query_sha256":"b5c52b3ea7542261159b5764956aa9662673c0422b3509dc59e4866f00c14603","revision_id":"osm-2026-08-29-v1","source_class":"VGI","source_feature_id":"node/1411953161","source_id":"openstreetmap-overpass-arashiyama-20260829","source_sha256":"1cde93d68bebf633989e825cbd5ac1e772cee81508043f44beb311250a1e8013","stable_feature_id":"kyoto-arashiyama:osm-node-001411953161","topology_status":"CANDIDATE"},"type":"Feature"},{"geometry":{"coordinates":[135.6777525,35.0098689],"type":"Point"},"id":"kyoto-arashiyama:osm-node-001411953163","properties":{"data_class":"REAL","geometry_status":"SOURCE_TRACEABLE_REAL","lineage":["OpenStreetMap original node ID and coordinate","fixed-time bounded Overpass response retained as exact bytes","node retained because it is an endpoint of a retained candidate segment"],"node_id":"kyoto-arashiyama:osm-node-001411953163","retrieval_query_sha256":"b5c52b3ea7542261159b5764956aa9662673c0422b3509dc59e4866f00c14603","revision_id":"osm-2026-08-29-v1","source_class":"VGI","source_feature_id":"node/1411953163","source_id":"openstreetmap-overpass-arashiyama-20260829","source_sha256":"1cde93d68bebf633989e825cbd5ac1e772cee81508043f44beb311250a1e8013","stable_feature_id":"kyoto-arashiyama:osm-node-001411953163","topology_status":"CANDIDATE"},"type":"Feature"},{"geometry":{"coordinates":[135.6783728,35.0097799],"type":"Point"},"id":"kyoto-arashiyama:osm-node-001411953164","properties":{"data_class":"REAL","geometry_status":"SOURCE_TRACEABLE_REAL","lineage":["OpenStreetMap original node ID and coordinate","fixed-time bounded Overpass response retained as exact bytes","node retained because it is an endpoint of a retained candidate segment"],"node_id":"kyoto-arashiyama:osm-node-001411953164","retrieval_query_sha256":"b5c52b3ea7542261159b5764956aa9662673c0422b3509dc59e4866f00c14603","revision_id":"osm-2026-08-29-v1","source_class":"VGI","source_feature_id":"node/1411953164","source_id":"openstreetmap-overpass-arashiyama-20260829","source_sha256":"1cde93d68bebf633989e825cbd5ac1e772cee81508043f44beb311250a1e8013","stable_feature_id":"kyoto-arashiyama:osm-node-001411953164","topology_status":"CANDIDATE"},"type":"Feature"},{"geometry":{"coordinates":[135.6776385,35.0097979],"type":"Point"},"id":"kyoto-arashiyama:osm-node-001411953165","properties":{"data_class":"REAL","geometry_status":"SOURCE_TRACEABLE_REAL","lineage":["OpenStreetMap original node ID and coordinate","fixed-time bounded Overpass response retained as exact bytes","node retained because it is an endpoint of a retained candidate segment"],"node_id":"kyoto-arashiyama:osm-node-001411953165","retrieval_query_sha256":"b5c52b3ea7542261159b5764956aa9662673c0422b3509dc59e4866f00c14603","revision_id":"osm-2026-08-29-v1","source_class":"VGI","source_feature_id":"node/1411953165","source_id":"openstreetmap-overpass-arashiyama-20260829","source_sha256":"1cde93d68bebf633989e825cbd5ac1e772cee81508043f44beb311250a1e8013","stable_feature_id":"kyoto-arashiyama:osm-node-001411953165","topology_status":"CANDIDATE"},"type":"Feature"},{"geometry":{"coordinates":[135.6784233,35.0098503],"type":"Point"},"id":"kyoto-arashiyama:osm-node-001411953170","properties":{"data_class":"REAL","geometry_status":"SOURCE_TRACEABLE_REAL","lineage":["OpenStreetMap original node ID and coordinate","fixed-time bounded Overpass response retained as exact bytes","node retained because it is an endpoint of a retained candidate segment"],"node_id":"kyoto-arashiyama:osm-node-001411953170","retrieval_query_sha256":"b5c52b3ea7542261159b5764956aa9662673c0422b3509dc59e4866f00c14603","revision_id":"osm-2026-08-29-v1","source_class":"VGI","source_feature_id":"node/1411953170","source_id":"openstreetmap-overpass-arashiyama-20260829","source_sha256":"1cde93d68bebf633989e825cbd5ac1e772cee81508043f44beb311250a1e8013","stable_feature_id":"kyoto-arashiyama:osm-node-001411953170","topology_status":"CANDIDATE"},"type":"Feature"},{"geometry":{"coordinates":[135.677666,35.009932],"type":"Point"},"id":"kyoto-arashiyama:osm-node-001411953171","properties":{"data_class":"REAL","geometry_status":"SOURCE_TRACEABLE_REAL","lineage":["OpenStreetMap original node ID and coordinate","fixed-time bounded Overpass response retained as exact bytes","node retained because it is an endpoint of a retained candidate segment"],"node_id":"kyoto-arashiyama:osm-node-001411953171","retrieval_query_sha256":"b5c52b3ea7542261159b5764956aa9662673c0422b3509dc59e4866f00c14603","revision_id":"osm-2026-08-29-v1","source_class":"VGI","source_feature_id":"node/1411953171","source_id":"openstreetmap-overpass-arashiyama-20260829","source_sha256":"1cde93d68bebf633989e825cbd5ac1e772cee81508043f44beb311250a1e8013","stable_feature_id":"kyoto-arashiyama:osm-node-001411953171","topology_status":"CANDIDATE"},"type":"Feature"},{"geometry":{"coordinates":[135.6781785,35.0099203],"type":"Point"},"id":"kyoto-arashiyama:osm-node-001411953174","properties":{"data_class":"REAL","geometry_status":"SOURCE_TRACEABLE_REAL","lineage":["OpenStreetMap original node ID and coordinate","fixed-time bounded Overpass response retained as exact bytes","node retained because it is an endpoint of a retained candidate segment"],"node_id":"kyoto-arashiyama:osm-node-001411953174","retrieval_query_sha256":"b5c52b3ea7542261159b5764956aa9662673c0422b3509dc59e4866f00c14603","revision_id":"osm-2026-08-29-v1","source_class":"VGI","source_feature_id":"node/1411953174","source_id":"openstreetmap-overpass-arashiyama-20260829","source_sha256":"1cde93d68bebf633989e825cbd5ac1e772cee81508043f44beb311250a1e8013","stable_feature_id":"kyoto-arashiyama:osm-node-001411953174","topology_status":"CANDIDATE"},"type":"Feature"},{"geometry":{"coordinates":[135.6785355,35.00996],"type":"Point"},"id":"kyoto-arashiyama:osm-node-001411953175","properties":{"data_class":"REAL","geometry_status":"SOURCE_TRACEABLE_REAL","lineage":["OpenStreetMap original node ID and coordinate","fixed-time bounded Overpass response retained as exact bytes","node retained because it is an endpoint of a retained candidate segment"],"node_id":"kyoto-arashiyama:osm-node-001411953175","retrieval_query_sha256":"b5c52b3ea7542261159b5764956aa9662673c0422b3509dc59e4866f00c14603","revision_id":"osm-2026-08-29-v1","source_class":"VGI","source_feature_id":"node/1411953175","source_id":"openstreetmap-overpass-arashiyama-20260829","source_sha256":"1cde93d68bebf633989e825cbd5ac1e772cee81508043f44beb311250a1e8013","stable_feature_id":"kyoto-arashiyama:osm-node-001411953175","topology_status":"CANDIDATE"},"type":"Feature"},{"geometry":{"coordinates":[135.6786363,35.0100476],"type":"Point"},"id":"kyoto-arashiyama:osm-node-001411953180","properties":{"data_class":"REAL","geometry_status":"SOURCE_TRACEABLE_REAL","lineage":["OpenStreetMap original node ID and coordinate","fixed-time bounded Overpass response retained as exact bytes","node retained because it is an endpoint of a retained candidate segment"],"node_id":"kyoto-arashiyama:osm-node-001411953180","retrieval_query_sha256":"b5c52b3ea7542261159b5764956aa9662673c0422b3509dc59e4866f00c14603","revision_id":"osm-2026-08-29-v1","source_class":"VGI","source_feature_id":"node/1411953180","source_id":"openstreetmap-overpass-arashiyama-20260829","source_sha256":"1cde93d68bebf633989e825cbd5ac1e772cee81508043f44beb311250a1e8013","stable_feature_id":"kyoto-arashiyama:osm-node-001411953180","topology_status":"CANDIDATE"},"type":"Feature"},{"geometry":{"coordinates":[135.678731,35.0101495],"type":"Point"},"id":"kyoto-arashiyama:osm-node-001411953183","properties":{"data_class":"REAL","geometry_status":"SOURCE_TRACEABLE_REAL","lineage":["OpenStreetMap original node ID and coordinate","fixed-time bounded Overpass response retained as exact bytes","node retained because it is an endpoint of a retained candidate segment"],"node_id":"kyoto-arashiyama:osm-node-001411953183","retrieval_query_sha256":"b5c52b3ea7542261159b5764956aa9662673c0422b3509dc59e4866f00c14603","revision_id":"osm-2026-08-29-v1","source_class":"VGI","source_feature_id":"node/1411953183","source_id":"openstreetmap-overpass-arashiyama-20260829","source_sha256":"1cde93d68bebf633989e825cbd5ac1e772cee81508043f44beb311250a1e8013","stable_feature_id":"kyoto-arashiyama:osm-node-001411953183","topology_status":"CANDIDATE"},"type":"Feature"},{"geometry":{"coordinates":[135.6787791,35.0102209],"type":"Point"},"id":"kyoto-arashiyama:osm-node-001411953186","properties":{"data_class":"REAL","geometry_status":"SOURCE_TRACEABLE_REAL","lineage":["OpenStreetMap original node ID and coordinate","fixed-time bounded Overpass response retained as exact bytes","node retained because it is an endpoint of a retained candidate segment"],"node_id":"kyoto-arashiyama:osm-node-001411953186","retrieval_query_sha256":"b5c52b3ea7542261159b5764956aa9662673c0422b3509dc59e4866f00c14603","revision_id":"osm-2026-08-29-v1","source_class":"VGI","source_feature_id":"node/1411953186","source_id":"openstreetmap-overpass-arashiyama-20260829","source_sha256":"1cde93d68bebf633989e825cbd5ac1e772cee81508043f44beb311250a1e8013","stable_feature_id":"kyoto-arashiyama:osm-node-001411953186","topology_status":"CANDIDATE"},"type":"Feature"},{"geometry":{"coordinates":[135.6793688,35.0098347],"type":"Point"},"id":"kyoto-arashiyama:osm-node-001412234429","properties":{"data_class":"REAL","geometry_status":"SOURCE_TRACEABLE_REAL","lineage":["OpenStreetMap original node ID and coordinate","fixed-time bounded Overpass response retained as exact bytes","node retained because it is an endpoint of a retained candidate segment"],"node_id":"kyoto-arashiyama:osm-node-001412234429","retrieval_query_sha256":"b5c52b3ea7542261159b5764956aa9662673c0422b3509dc59e4866f00c14603","revision_id":"osm-2026-08-29-v1","source_class":"VGI","source_feature_id":"node/1412234429","source_id":"openstreetmap-overpass-arashiyama-20260829","source_sha256":"1cde93d68bebf633989e825cbd5ac1e772cee81508043f44beb311250a1e8013","stable_feature_id":"kyoto-arashiyama:osm-node-001412234429","topology_status":"CANDIDATE"},"type":"Feature"},{"geometry":{"coordinates":[135.6796855,35.0101484],"type":"Point"},"id":"kyoto-arashiyama:osm-node-001412234481","properties":{"data_class":"REAL","geometry_status":"SOURCE_TRACEABLE_REAL","lineage":["OpenStreetMap original node ID and coordinate","fixed-time bounded Overpass response retained as exact bytes","node retained because it is an endpoint of a retained candidate segment"],"node_id":"kyoto-arashiyama:osm-node-001412234481","retrieval_query_sha256":"b5c52b3ea7542261159b5764956aa9662673c0422b3509dc59e4866f00c14603","revision_id":"osm-2026-08-29-v1","source_class":"VGI","source_feature_id":"node/1412234481","source_id":"openstreetmap-overpass-arashiyama-20260829","source_sha256":"1cde93d68bebf633989e825cbd5ac1e772cee81508043f44beb311250a1e8013","stable_feature_id":"kyoto-arashiyama:osm-node-001412234481","topology_status":"CANDIDATE"},"type":"Feature"},{"geometry":{"coordinates":[135.6787104,35.0102571],"type":"Point"},"id":"kyoto-arashiyama:osm-node-001412234504","properties":{"data_class":"REAL","geometry_status":"SOURCE_TRACEABLE_REAL","lineage":["OpenStreetMap original node ID and coordinate","fixed-time bounded Overpass response retained as exact bytes","node retained because it is an endpoint of a retained candidate segment"],"node_id":"kyoto-arashiyama:osm-node-001412234504","retrieval_query_sha256":"b5c52b3ea7542261159b5764956aa9662673c0422b3509dc59e4866f00c14603","revision_id":"osm-2026-08-29-v1","source_class":"VGI","source_feature_id":"node/1412234504","source_id":"openstreetmap-overpass-arashiyama-20260829","source_sha256":"1cde93d68bebf633989e825cbd5ac1e772cee81508043f44beb311250a1e8013","stable_feature_id":"kyoto-arashiyama:osm-node-001412234504","topology_status":"CANDIDATE"},"type":"Feature"},{"geometry":{"coordinates":[135.6789817,35.0104966],"type":"Point"},"id":"kyoto-arashiyama:osm-node-001412234525","properties":{"data_class":"REAL","geometry_status":"SOURCE_TRACEABLE_REAL","lineage":["OpenStreetMap original node ID and coordinate","fixed-time bounded Overpass response retained as exact bytes","node retained because it is an endpoint of a retained candidate segment"],"node_id":"kyoto-arashiyama:osm-node-001412234525","retrieval_query_sha256":"b5c52b3ea7542261159b5764956aa9662673c0422b3509dc59e4866f00c14603","revision_id":"osm-2026-08-29-v1","source_class":"VGI","source_feature_id":"node/1412234525","source_id":"openstreetmap-overpass-arashiyama-20260829","source_sha256":"1cde93d68bebf633989e825cbd5ac1e772cee81508043f44beb311250a1e8013","stable_feature_id":"kyoto-arashiyama:osm-node-001412234525","topology_status":"CANDIDATE"},"type":"Feature"},{"geometry":{"coordinates":[135.6787861,35.0087139],"type":"Point"},"id":"kyoto-arashiyama:osm-node-001583573186","properties":{"data_class":"REAL","geometry_status":"SOURCE_TRACEABLE_REAL","lineage":["OpenStreetMap original node ID and coordinate","fixed-time bounded Overpass response retained as exact bytes","node retained because it is an endpoint of a retained candidate segment"],"node_id":"kyoto-arashiyama:osm-node-001583573186","retrieval_query_sha256":"b5c52b3ea7542261159b5764956aa9662673c0422b3509dc59e4866f00c14603","revision_id":"osm-2026-08-29-v1","source_class":"VGI","source_feature_id":"node/1583573186","source_id":"openstreetmap-overpass-arashiyama-20260829","source_sha256":"1cde93d68bebf633989e825cbd5ac1e772cee81508043f44beb311250a1e8013","stable_feature_id":"kyoto-arashiyama:osm-node-001583573186","topology_status":"CANDIDATE"},"type":"Feature"},{"geometry":{"coordinates":[135.6789253,35.008771],"type":"Point"},"id":"kyoto-arashiyama:osm-node-001583573187","properties":{"data_class":"REAL","geometry_status":"SOURCE_TRACEABLE_REAL","lineage":["OpenStreetMap original node ID and coordinate","fixed-time bounded Overpass response retained as exact bytes","node retained because it is an endpoint of a retained candidate segment"],"node_id":"kyoto-arashiyama:osm-node-001583573187","retrieval_query_sha256":"b5c52b3ea7542261159b5764956aa9662673c0422b3509dc59e4866f00c14603","revision_id":"osm-2026-08-29-v1","source_class":"VGI","source_feature_id":"node/1583573187","source_id":"openstreetmap-overpass-arashiyama-20260829","source_sha256":"1cde93d68bebf633989e825cbd5ac1e772cee81508043f44beb311250a1e8013","stable_feature_id":"kyoto-arashiyama:osm-node-001583573187","topology_status":"CANDIDATE"},"type":"Feature"},{"geometry":{"coordinates":[135.6790133,35.0088045],"type":"Point"},"id":"kyoto-arashiyama:osm-node-001583573188","properties":{"data_class":"REAL","geometry_status":"SOURCE_TRACEABLE_REAL","lineage":["OpenStreetMap original node ID and coordinate","fixed-time bounded Overpass response retained as exact bytes","node retained because it is an endpoint of a retained candidate segment"],"node_id":"kyoto-arashiyama:osm-node-001583573188","retrieval_query_sha256":"b5c52b3ea7542261159b5764956aa9662673c0422b3509dc59e4866f00c14603","revision_id":"osm-2026-08-29-v1","source_class":"VGI","source_feature_id":"node/1583573188","source_id":"openstreetmap-overpass-arashiyama-20260829","source_sha256":"1cde93d68bebf633989e825cbd5ac1e772cee81508043f44beb311250a1e8013","stable_feature_id":"kyoto-arashiyama:osm-node-001583573188","topology_status":"CANDIDATE"},"type":"Feature"},{"geometry":{"coordinates":[135.6791151,35.0088425],"type":"Point"},"id":"kyoto-arashiyama:osm-node-001583573189","properties":{"data_class":"REAL","geometry_status":"SOURCE_TRACEABLE_REAL","lineage":["OpenStreetMap original node ID and coordinate","fixed-time bounded Overpass response retained as exact bytes","node retained because it is an endpoint of a retained candidate segment"],"node_id":"kyoto-arashiyama:osm-node-001583573189","retrieval_query_sha256":"b5c52b3ea7542261159b5764956aa9662673c0422b3509dc59e4866f00c14603","revision_id":"osm-2026-08-29-v1","source_class":"VGI","source_feature_id":"node/1583573189","source_id":"openstreetmap-overpass-arashiyama-20260829","source_sha256":"1cde93d68bebf633989e825cbd5ac1e772cee81508043f44beb311250a1e8013","stable_feature_id":"kyoto-arashiyama:osm-node-001583573189","topology_status":"CANDIDATE"},"type":"Feature"},{"geometry":{"coordinates":[135.6791965,35.0088826],"type":"Point"},"id":"kyoto-arashiyama:osm-node-001583573190","properties":{"data_class":"REAL","geometry_status":"SOURCE_TRACEABLE_REAL","lineage":["OpenStreetMap original node ID and coordinate","fixed-time bounded Overpass response retained as exact bytes","node retained because it is an endpoint of a retained candidate segment"],"node_id":"kyoto-arashiyama:osm-node-001583573190","retrieval_query_sha256":"b5c52b3ea7542261159b5764956aa9662673c0422b3509dc59e4866f00c14603","revision_id":"osm-2026-08-29-v1","source_class":"VGI","source_feature_id":"node/1583573190","source_id":"openstreetmap-overpass-arashiyama-20260829","source_sha256":"1cde93d68bebf633989e825cbd5ac1e772cee81508043f44beb311250a1e8013","stable_feature_id":"kyoto-arashiyama:osm-node-001583573190","topology_status":"CANDIDATE"},"type":"Feature"},{"geometry":{"coordinates":[135.6792782,35.0089177],"type":"Point"},"id":"kyoto-arashiyama:osm-node-001583573191","properties":{"data_class":"REAL","geometry_status":"SOURCE_TRACEABLE_REAL","lineage":["OpenStreetMap original node ID and coordinate","fixed-time bounded Overpass response retained as exact bytes","node retained because it is an endpoint of a retained candidate segment"],"node_id":"kyoto-arashiyama:osm-node-001583573191","retrieval_query_sha256":"b5c52b3ea7542261159b5764956aa9662673c0422b3509dc59e4866f00c14603","revision_id":"osm-2026-08-29-v1","source_class":"VGI","source_feature_id":"node/1583573191","source_id":"openstreetmap-overpass-arashiyama-20260829","source_sha256":"1cde93d68bebf633989e825cbd5ac1e772cee81508043f44beb311250a1e8013","stable_feature_id":"kyoto-arashiyama:osm-node-001583573191","topology_status":"CANDIDATE"},"type":"Feature"},{"geometry":{"coordinates":[135.6793706,35.0089647],"type":"Point"},"id":"kyoto-arashiyama:osm-node-001583573192","properties":{"data_class":"REAL","geometry_status":"SOURCE_TRACEABLE_REAL","lineage":["OpenStreetMap original node ID and coordinate","fixed-time bounded Overpass response retained as exact bytes","node retained because it is an endpoint of a retained candidate segment"],"node_id":"kyoto-arashiyama:osm-node-001583573192","retrieval_query_sha256":"b5c52b3ea7542261159b5764956aa9662673c0422b3509dc59e4866f00c14603","revision_id":"osm-2026-08-29-v1","source_class":"VGI","source_feature_id":"node/1583573192","source_id":"openstreetmap-overpass-arashiyama-20260829","source_sha256":"1cde93d68bebf633989e825cbd5ac1e772cee81508043f44beb311250a1e8013","stable_feature_id":"kyoto-arashiyama:osm-node-001583573192","topology_status":"CANDIDATE"},"type":"Feature"},{"geometry":{"coordinates":[135.6794612,35.0089997],"type":"Point"},"id":"kyoto-arashiyama:osm-node-001583573193","properties":{"data_class":"REAL","geometry_status":"SOURCE_TRACEABLE_REAL","lineage":["OpenStreetMap original node ID and coordinate","fixed-time bounded Overpass response retained as exact bytes","node retained because it is an endpoint of a retained candidate segment"],"node_id":"kyoto-arashiyama:osm-node-001583573193","retrieval_query_sha256":"b5c52b3ea7542261159b5764956aa9662673c0422b3509dc59e4866f00c14603","revision_id":"osm-2026-08-29-v1","source_class":"VGI","source_feature_id":"node/1583573193","source_id":"openstreetmap-overpass-arashiyama-20260829","source_sha256":"1cde93d68bebf633989e825cbd5ac1e772cee81508043f44beb311250a1e8013","stable_feature_id":"kyoto-arashiyama:osm-node-001583573193","topology_status":"CANDIDATE"},"type":"Feature"},{"geometry":{"coordinates":[135.6795048,35.0090191],"type":"Point"},"id":"kyoto-arashiyama:osm-node-001583573194","properties":{"data_class":"REAL","geometry_status":"SOURCE_TRACEABLE_REAL","lineage":["OpenStreetMap original node ID and coordinate","fixed-time bounded Overpass response retained as exact bytes","node retained because it is an endpoint of a retained candidate segment"],"node_id":"kyoto-arashiyama:osm-node-001583573194","retrieval_query_sha256":"b5c52b3ea7542261159b5764956aa9662673c0422b3509dc59e4866f00c14603","revision_id":"osm-2026-08-29-v1","source_class":"VGI","source_feature_id":"node/1583573194","source_id":"openstreetmap-overpass-arashiyama-20260829","source_sha256":"1cde93d68bebf633989e825cbd5ac1e772cee81508043f44beb311250a1e8013","stable_feature_id":"kyoto-arashiyama:osm-node-001583573194","topology_status":"CANDIDATE"},"type":"Feature"},{"geometry":{"coordinates":[135.6795798,35.0090472],"type":"Point"},"id":"kyoto-arashiyama:osm-node-001583573195","properties":{"data_class":"REAL","geometry_status":"SOURCE_TRACEABLE_REAL","lineage":["OpenStreetMap original node ID and coordinate","fixed-time bounded Overpass response retained as exact bytes","node retained because it is an endpoint of a retained candidate segment"],"node_id":"kyoto-arashiyama:osm-node-001583573195","retrieval_query_sha256":"b5c52b3ea7542261159b5764956aa9662673c0422b3509dc59e4866f00c14603","revision_id":"osm-2026-08-29-v1","source_class":"VGI","source_feature_id":"node/1583573195","source_id":"openstreetmap-overpass-arashiyama-20260829","source_sha256":"1cde93d68bebf633989e825cbd5ac1e772cee81508043f44beb311250a1e8013","stable_feature_id":"kyoto-arashiyama:osm-node-001583573195","topology_status":"CANDIDATE"},"type":"Feature"},{"geometry":{"coordinates":[135.6796413,35.0090703],"type":"Point"},"id":"kyoto-arashiyama:osm-node-001583573196","properties":{"data_class":"REAL","geometry_status":"SOURCE_TRACEABLE_REAL","lineage":["OpenStreetMap original node ID and coordinate","fixed-time bounded Overpass response retained as exact bytes","node retained because it is an endpoint of a retained candidate segment"],"node_id":"kyoto-arashiyama:osm-node-001583573196","retrieval_query_sha256":"b5c52b3ea7542261159b5764956aa9662673c0422b3509dc59e4866f00c14603","revision_id":"osm-2026-08-29-v1","source_class":"VGI","source_feature_id":"node/1583573196","source_id":"openstreetmap-overpass-arashiyama-20260829","source_sha256":"1cde93d68bebf633989e825cbd5ac1e772cee81508043f44beb311250a1e8013","stable_feature_id":"kyoto-arashiyama:osm-node-001583573196","topology_status":"CANDIDATE"},"type":"Feature"},{"geometry":{"coordinates":[135.6797226,35.0091035],"type":"Point"},"id":"kyoto-arashiyama:osm-node-001583573197","properties":{"data_class":"REAL","geometry_status":"SOURCE_TRACEABLE_REAL","lineage":["OpenStreetMap original node ID and coordinate","fixed-time bounded Overpass response retained as exact bytes","node retained because it is an endpoint of a retained candidate segment"],"node_id":"kyoto-arashiyama:osm-node-001583573197","retrieval_query_sha256":"b5c52b3ea7542261159b5764956aa9662673c0422b3509dc59e4866f00c14603","revision_id":"osm-2026-08-29-v1","source_class":"VGI","source_feature_id":"node/1583573197","source_id":"openstreetmap-overpass-arashiyama-20260829","source_sha256":"1cde93d68bebf633989e825cbd5ac1e772cee81508043f44beb311250a1e8013","stable_feature_id":"kyoto-arashiyama:osm-node-001583573197","topology_status":"CANDIDATE"},"type":"Feature"},{"geometry":{"coordinates":[135.6797566,35.0091191],"type":"Point"},"id":"kyoto-arashiyama:osm-node-001583573198","properties":{"data_class":"REAL","geometry_status":"SOURCE_TRACEABLE_REAL","lineage":["OpenStreetMap original node ID and coordinate","fixed-time bounded Overpass response retained as exact bytes","node retained because it is an endpoint of a retained candidate segment"],"node_id":"kyoto-arashiyama:osm-node-001583573198","retrieval_query_sha256":"b5c52b3ea7542261159b5764956aa9662673c0422b3509dc59e4866f00c14603","revision_id":"osm-2026-08-29-v1","source_class":"VGI","source_feature_id":"node/1583573198","source_id":"openstreetmap-overpass-arashiyama-20260829","source_sha256":"1cde93d68bebf633989e825cbd5ac1e772cee81508043f44beb311250a1e8013","stable_feature_id":"kyoto-arashiyama:osm-node-001583573198","topology_status":"CANDIDATE"},"type":"Feature"},{"geometry":{"coordinates":[135.6798168,35.0091617],"type":"Point"},"id":"kyoto-arashiyama:osm-node-001583573199","properties":{"data_class":"REAL","geometry_status":"SOURCE_TRACEABLE_REAL","lineage":["OpenStreetMap original node ID and coordinate","fixed-time bounded Overpass response retained as exact bytes","node retained because it is an endpoint of a retained candidate segment"],"node_id":"kyoto-arashiyama:osm-node-001583573199","retrieval_query_sha256":"b5c52b3ea7542261159b5764956aa9662673c0422b3509dc59e4866f00c14603","revision_id":"osm-2026-08-29-v1","source_class":"VGI","source_feature_id":"node/1583573199","source_id":"openstreetmap-overpass-arashiyama-20260829","source_sha256":"1cde93d68bebf633989e825cbd5ac1e772cee81508043f44beb311250a1e8013","stable_feature_id":"kyoto-arashiyama:osm-node-001583573199","topology_status":"CANDIDATE"},"type":"Feature"},{"geometry":{"coordinates":[135.6799481,35.009272],"type":"Point"},"id":"kyoto-arashiyama:osm-node-001583573200","properties":{"data_class":"REAL","geometry_status":"SOURCE_TRACEABLE_REAL","lineage":["OpenStreetMap original node ID and coordinate","fixed-time bounded Overpass response retained as exact bytes","node retained because it is an endpoint of a retained candidate segment"],"node_id":"kyoto-arashiyama:osm-node-001583573200","retrieval_query_sha256":"b5c52b3ea7542261159b5764956aa9662673c0422b3509dc59e4866f00c14603","revision_id":"osm-2026-08-29-v1","source_class":"VGI","source_feature_id":"node/1583573200","source_id":"openstreetmap-overpass-arashiyama-20260829","source_sha256":"1cde93d68bebf633989e825cbd5ac1e772cee81508043f44beb311250a1e8013","stable_feature_id":"kyoto-arashiyama:osm-node-001583573200","topology_status":"CANDIDATE"},"type":"Feature"},{"geometry":{"coordinates":[135.6799735,35.0092939],"type":"Point"},"id":"kyoto-arashiyama:osm-node-001583573201","properties":{"data_class":"REAL","geometry_status":"SOURCE_TRACEABLE_REAL","lineage":["OpenStreetMap original node ID and coordinate","fixed-time bounded Overpass response retained as exact bytes","node retained because it is an endpoint of a retained candidate segment"],"node_id":"kyoto-arashiyama:osm-node-001583573201","retrieval_query_sha256":"b5c52b3ea7542261159b5764956aa9662673c0422b3509dc59e4866f00c14603","revision_id":"osm-2026-08-29-v1","source_class":"VGI","source_feature_id":"node/1583573201","source_id":"openstreetmap-overpass-arashiyama-20260829","source_sha256":"1cde93d68bebf633989e825cbd5ac1e772cee81508043f44beb311250a1e8013","stable_feature_id":"kyoto-arashiyama:osm-node-001583573201","topology_status":"CANDIDATE"},"type":"Feature"},{"geometry":{"coordinates":[135.6796743,35.0137506],"type":"Point"},"id":"kyoto-arashiyama:osm-node-001943229963","properties":{"data_class":"REAL","geometry_status":"SOURCE_TRACEABLE_REAL","lineage":["OpenStreetMap original node ID and coordinate","fixed-time bounded Overpass response retained as exact bytes","node retained because it is an endpoint of a retained candidate segment"],"node_id":"kyoto-arashiyama:osm-node-001943229963","retrieval_query_sha256":"b5c52b3ea7542261159b5764956aa9662673c0422b3509dc59e4866f00c14603","revision_id":"osm-2026-08-29-v1","source_class":"VGI","source_feature_id":"node/1943229963","source_id":"openstreetmap-overpass-arashiyama-20260829","source_sha256":"1cde93d68bebf633989e825cbd5ac1e772cee81508043f44beb311250a1e8013","stable_feature_id":"kyoto-arashiyama:osm-node-001943229963","topology_status":"CANDIDATE"},"type":"Feature"},{"geometry":{"coordinates":[135.6796637,35.0143087],"type":"Point"},"id":"kyoto-arashiyama:osm-node-001943230027","properties":{"data_class":"REAL","geometry_status":"SOURCE_TRACEABLE_REAL","lineage":["OpenStreetMap original node ID and coordinate","fixed-time bounded Overpass response retained as exact bytes","node retained because it is an endpoint of a retained candidate segment"],"node_id":"kyoto-arashiyama:osm-node-001943230027","retrieval_query_sha256":"b5c52b3ea7542261159b5764956aa9662673c0422b3509dc59e4866f00c14603","revision_id":"osm-2026-08-29-v1","source_class":"VGI","source_feature_id":"node/1943230027","source_id":"openstreetmap-overpass-arashiyama-20260829","source_sha256":"1cde93d68bebf633989e825cbd5ac1e772cee81508043f44beb311250a1e8013","stable_feature_id":"kyoto-arashiyama:osm-node-001943230027","topology_status":"CANDIDATE"},"type":"Feature"},{"geometry":{"coordinates":[135.6795832,35.014803],"type":"Point"},"id":"kyoto-arashiyama:osm-node-001943230037","properties":{"data_class":"REAL","geometry_status":"SOURCE_TRACEABLE_REAL","lineage":["OpenStreetMap original node ID and coordinate","fixed-time bounded Overpass response retained as exact bytes","node retained because it is an endpoint of a retained candidate segment"],"node_id":"kyoto-arashiyama:osm-node-001943230037","retrieval_query_sha256":"b5c52b3ea7542261159b5764956aa9662673c0422b3509dc59e4866f00c14603","revision_id":"osm-2026-08-29-v1","source_class":"VGI","source_feature_id":"node/1943230037","source_id":"openstreetmap-overpass-arashiyama-20260829","source_sha256":"1cde93d68bebf633989e825cbd5ac1e772cee81508043f44beb311250a1e8013","stable_feature_id":"kyoto-arashiyama:osm-node-001943230037","topology_status":"CANDIDATE"},"type":"Feature"},{"geometry":{"coordinates":[135.6786158,35.0152143],"type":"Point"},"id":"kyoto-arashiyama:osm-node-001943230150","properties":{"data_class":"REAL","geometry_status":"SOURCE_TRACEABLE_REAL","lineage":["OpenStreetMap original node ID and coordinate","fixed-time bounded Overpass response retained as exact bytes","node retained because it is an endpoint of a retained candidate segment"],"node_id":"kyoto-arashiyama:osm-node-001943230150","retrieval_query_sha256":"b5c52b3ea7542261159b5764956aa9662673c0422b3509dc59e4866f00c14603","revision_id":"osm-2026-08-29-v1","source_class":"VGI","source_feature_id":"node/1943230150","source_id":"openstreetmap-overpass-arashiyama-20260829","source_sha256":"1cde93d68bebf633989e825cbd5ac1e772cee81508043f44beb311250a1e8013","stable_feature_id":"kyoto-arashiyama:osm-node-001943230150","topology_status":"CANDIDATE"},"type":"Feature"},{"geometry":{"coordinates":[135.6795296,35.0149919],"type":"Point"},"id":"kyoto-arashiyama:osm-node-001943230179","properties":{"data_class":"REAL","geometry_status":"SOURCE_TRACEABLE_REAL","lineage":["OpenStreetMap original node ID and coordinate","fixed-time bounded Overpass response retained as exact bytes","node retained because it is an endpoint of a retained candidate segment"],"node_id":"kyoto-arashiyama:osm-node-001943230179","retrieval_query_sha256":"b5c52b3ea7542261159b5764956aa9662673c0422b3509dc59e4866f00c14603","revision_id":"osm-2026-08-29-v1","source_class":"VGI","source_feature_id":"node/1943230179","source_id":"openstreetmap-overpass-arashiyama-20260829","source_sha256":"1cde93d68bebf633989e825cbd5ac1e772cee81508043f44beb311250a1e8013","stable_feature_id":"kyoto-arashiyama:osm-node-001943230179","topology_status":"CANDIDATE"},"type":"Feature"},{"geometry":{"coordinates":[135.6796583,35.0146031],"type":"Point"},"id":"kyoto-arashiyama:osm-node-001943230223","properties":{"data_class":"REAL","geometry_status":"SOURCE_TRACEABLE_REAL","lineage":["OpenStreetMap original node ID and coordinate","fixed-time bounded Overpass response retained as exact bytes","node retained because it is an endpoint of a retained candidate segment"],"node_id":"kyoto-arashiyama:osm-node-001943230223","retrieval_query_sha256":"b5c52b3ea7542261159b5764956aa9662673c0422b3509dc59e4866f00c14603","revision_id":"osm-2026-08-29-v1","source_class":"VGI","source_feature_id":"node/1943230223","source_id":"openstreetmap-overpass-arashiyama-20260829","source_sha256":"1cde93d68bebf633989e825cbd5ac1e772cee81508043f44beb311250a1e8013","stable_feature_id":"kyoto-arashiyama:osm-node-001943230223","topology_status":"CANDIDATE"},"type":"Feature"},{"geometry":{"coordinates":[135.6793847,35.0152665],"type":"Point"},"id":"kyoto-arashiyama:osm-node-001943230330","properties":{"data_class":"REAL","geometry_status":"SOURCE_TRACEABLE_REAL","lineage":["OpenStreetMap original node ID and coordinate","fixed-time bounded Overpass response retained as exact bytes","node retained because it is an endpoint of a retained candidate segment"],"node_id":"kyoto-arashiyama:osm-node-001943230330","retrieval_query_sha256":"b5c52b3ea7542261159b5764956aa9662673c0422b3509dc59e4866f00c14603","revision_id":"osm-2026-08-29-v1","source_class":"VGI","source_feature_id":"node/1943230330","source_id":"openstreetmap-overpass-arashiyama-20260829","source_sha256":"1cde93d68bebf633989e825cbd5ac1e772cee81508043f44beb311250a1e8013","stable_feature_id":"kyoto-arashiyama:osm-node-001943230330","topology_status":"CANDIDATE"},"type":"Feature"},{"geometry":{"coordinates":[135.6777604,35.0116747],"type":"Point"},"id":"kyoto-arashiyama:osm-node-002200792857","properties":{"data_class":"REAL","geometry_status":"SOURCE_TRACEABLE_REAL","lineage":["OpenStreetMap original node ID and coordinate","fixed-time bounded Overpass response retained as exact bytes","node retained because it is an endpoint of a retained candidate segment"],"node_id":"kyoto-arashiyama:osm-node-002200792857","retrieval_query_sha256":"b5c52b3ea7542261159b5764956aa9662673c0422b3509dc59e4866f00c14603","revision_id":"osm-2026-08-29-v1","source_class":"VGI","source_feature_id":"node/2200792857","source_id":"openstreetmap-overpass-arashiyama-20260829","source_sha256":"1cde93d68bebf633989e825cbd5ac1e772cee81508043f44beb311250a1e8013","stable_feature_id":"kyoto-arashiyama:osm-node-002200792857","topology_status":"CANDIDATE"},"type":"Feature"},{"geometry":{"coordinates":[135.6782703,35.0116755],"type":"Point"},"id":"kyoto-arashiyama:osm-node-002200792859","properties":{"data_class":"REAL","geometry_status":"SOURCE_TRACEABLE_REAL","lineage":["OpenStreetMap original node ID and coordinate","fixed-time bounded Overpass response retained as exact bytes","node retained because it is an endpoint of a retained candidate segment"],"node_id":"kyoto-arashiyama:osm-node-002200792859","retrieval_query_sha256":"b5c52b3ea7542261159b5764956aa9662673c0422b3509dc59e4866f00c14603","revision_id":"osm-2026-08-29-v1","source_class":"VGI","source_feature_id":"node/2200792859","source_id":"openstreetmap-overpass-arashiyama-20260829","source_sha256":"1cde93d68bebf633989e825cbd5ac1e772cee81508043f44beb311250a1e8013","stable_feature_id":"kyoto-arashiyama:osm-node-002200792859","topology_status":"CANDIDATE"},"type":"Feature"},{"geometry":{"coordinates":[135.678883,35.0118926],"type":"Point"},"id":"kyoto-arashiyama:osm-node-002200792867","properties":{"data_class":"REAL","geometry_status":"SOURCE_TRACEABLE_REAL","lineage":["OpenStreetMap original node ID and coordinate","fixed-time bounded Overpass response retained as exact bytes","node retained because it is an endpoint of a retained candidate segment"],"node_id":"kyoto-arashiyama:osm-node-002200792867","retrieval_query_sha256":"b5c52b3ea7542261159b5764956aa9662673c0422b3509dc59e4866f00c14603","revision_id":"osm-2026-08-29-v1","source_class":"VGI","source_feature_id":"node/2200792867","source_id":"openstreetmap-overpass-arashiyama-20260829","source_sha256":"1cde93d68bebf633989e825cbd5ac1e772cee81508043f44beb311250a1e8013","stable_feature_id":"kyoto-arashiyama:osm-node-002200792867","topology_status":"CANDIDATE"},"type":"Feature"},{"geometry":{"coordinates":[135.6776621,35.0120997],"type":"Point"},"id":"kyoto-arashiyama:osm-node-002200792879","properties":{"data_class":"REAL","geometry_status":"SOURCE_TRACEABLE_REAL","lineage":["OpenStreetMap original node ID and coordinate","fixed-time bounded Overpass response retained as exact bytes","node retained because it is an endpoint of a retained candidate segment"],"node_id":"kyoto-arashiyama:osm-node-002200792879","retrieval_query_sha256":"b5c52b3ea7542261159b5764956aa9662673c0422b3509dc59e4866f00c14603","revision_id":"osm-2026-08-29-v1","source_class":"VGI","source_feature_id":"node/2200792879","source_id":"openstreetmap-overpass-arashiyama-20260829","source_sha256":"1cde93d68bebf633989e825cbd5ac1e772cee81508043f44beb311250a1e8013","stable_feature_id":"kyoto-arashiyama:osm-node-002200792879","topology_status":"CANDIDATE"},"type":"Feature"},{"geometry":{"coordinates":[135.6799781,35.0122012],"type":"Point"},"id":"kyoto-arashiyama:osm-node-002200792887","properties":{"data_class":"REAL","geometry_status":"SOURCE_TRACEABLE_REAL","lineage":["OpenStreetMap original node ID and coordinate","fixed-time bounded Overpass response retained as exact bytes","node retained because it is an endpoint of a retained candidate segment"],"node_id":"kyoto-arashiyama:osm-node-002200792887","retrieval_query_sha256":"b5c52b3ea7542261159b5764956aa9662673c0422b3509dc59e4866f00c14603","revision_id":"osm-2026-08-29-v1","source_class":"VGI","source_feature_id":"node/2200792887","source_id":"openstreetmap-overpass-arashiyama-20260829","source_sha256":"1cde93d68bebf633989e825cbd5ac1e772cee81508043f44beb311250a1e8013","stable_feature_id":"kyoto-arashiyama:osm-node-002200792887","topology_status":"CANDIDATE"},"type":"Feature"},{"geometry":{"coordinates":[135.680182,35.0121893],"type":"Point"},"id":"kyoto-arashiyama:osm-node-002200792893","properties":{"data_class":"REAL","geometry_status":"SOURCE_TRACEABLE_REAL","lineage":["OpenStreetMap original node ID and coordinate","fixed-time bounded Overpass response retained as exact bytes","node retained because it is an endpoint of a retained candidate segment"],"node_id":"kyoto-arashiyama:osm-node-002200792893","retrieval_query_sha256":"b5c52b3ea7542261159b5764956aa9662673c0422b3509dc59e4866f00c14603","revision_id":"osm-2026-08-29-v1","source_class":"VGI","source_feature_id":"node/2200792893","source_id":"openstreetmap-overpass-arashiyama-20260829","source_sha256":"1cde93d68bebf633989e825cbd5ac1e772cee81508043f44beb311250a1e8013","stable_feature_id":"kyoto-arashiyama:osm-node-002200792893","topology_status":"CANDIDATE"},"type":"Feature"},{"geometry":{"coordinates":[135.6798699,35.012348],"type":"Point"},"id":"kyoto-arashiyama:osm-node-002200792895","properties":{"data_class":"REAL","geometry_status":"SOURCE_TRACEABLE_REAL","lineage":["OpenStreetMap original node ID and coordinate","fixed-time bounded Overpass response retained as exact bytes","node retained because it is an endpoint of a retained candidate segment"],"node_id":"kyoto-arashiyama:osm-node-002200792895","retrieval_query_sha256":"b5c52b3ea7542261159b5764956aa9662673c0422b3509dc59e4866f00c14603","revision_id":"osm-2026-08-29-v1","source_class":"VGI","source_feature_id":"node/2200792895","source_id":"openstreetmap-overpass-arashiyama-20260829","source_sha256":"1cde93d68bebf633989e825cbd5ac1e772cee81508043f44beb311250a1e8013","stable_feature_id":"kyoto-arashiyama:osm-node-002200792895","topology_status":"CANDIDATE"},"type":"Feature"},{"geometry":{"coordinates":[135.6800743,35.0124181],"type":"Point"},"id":"kyoto-arashiyama:osm-node-002200792898","properties":{"data_class":"REAL","geometry_status":"SOURCE_TRACEABLE_REAL","lineage":["OpenStreetMap original node ID and coordinate","fixed-time bounded Overpass response retained as exact bytes","node retained because it is an endpoint of a retained candidate segment"],"node_id":"kyoto-arashiyama:osm-node-002200792898","retrieval_query_sha256":"b5c52b3ea7542261159b5764956aa9662673c0422b3509dc59e4866f00c14603","revision_id":"osm-2026-08-29-v1","source_class":"VGI","source_feature_id":"node/2200792898","source_id":"openstreetmap-overpass-arashiyama-20260829","source_sha256":"1cde93d68bebf633989e825cbd5ac1e772cee81508043f44beb311250a1e8013","stable_feature_id":"kyoto-arashiyama:osm-node-002200792898","topology_status":"CANDIDATE"},"type":"Feature"},{"geometry":{"coordinates":[135.6775325,35.0098663],"type":"Point"},"id":"kyoto-arashiyama:osm-node-002200899655","properties":{"data_class":"REAL","geometry_status":"SOURCE_TRACEABLE_REAL","lineage":["OpenStreetMap original node ID and coordinate","fixed-time bounded Overpass response retained as exact bytes","node retained because it is an endpoint of a retained candidate segment"],"node_id":"kyoto-arashiyama:osm-node-002200899655","retrieval_query_sha256":"b5c52b3ea7542261159b5764956aa9662673c0422b3509dc59e4866f00c14603","revision_id":"osm-2026-08-29-v1","source_class":"VGI","source_feature_id":"node/2200899655","source_id":"openstreetmap-overpass-arashiyama-20260829","source_sha256":"1cde93d68bebf633989e825cbd5ac1e772cee81508043f44beb311250a1e8013","stable_feature_id":"kyoto-arashiyama:osm-node-002200899655","topology_status":"CANDIDATE"},"type":"Feature"},{"geometry":{"coordinates":[135.6784809,35.0099117],"type":"Point"},"id":"kyoto-arashiyama:osm-node-002200899656","properties":{"data_class":"REAL","geometry_status":"SOURCE_TRACEABLE_REAL","lineage":["OpenStreetMap original node ID and coordinate","fixed-time bounded Overpass response retained as exact bytes","node retained because it is an endpoint of a retained candidate segment"],"node_id":"kyoto-arashiyama:osm-node-002200899656","retrieval_query_sha256":"b5c52b3ea7542261159b5764956aa9662673c0422b3509dc59e4866f00c14603","revision_id":"osm-2026-08-29-v1","source_class":"VGI","source_feature_id":"node/2200899656","source_id":"openstreetmap-overpass-arashiyama-20260829","source_sha256":"1cde93d68bebf633989e825cbd5ac1e772cee81508043f44beb311250a1e8013","stable_feature_id":"kyoto-arashiyama:osm-node-002200899656","topology_status":"CANDIDATE"},"type":"Feature"},{"geometry":{"coordinates":[135.6775276,35.0099342],"type":"Point"},"id":"kyoto-arashiyama:osm-node-002200899657","properties":{"data_class":"REAL","geometry_status":"SOURCE_TRACEABLE_REAL","lineage":["OpenStreetMap original node ID and coordinate","fixed-time bounded Overpass response retained as exact bytes","node retained because it is an endpoint of a retained candidate segment"],"node_id":"kyoto-arashiyama:osm-node-002200899657","retrieval_query_sha256":"b5c52b3ea7542261159b5764956aa9662673c0422b3509dc59e4866f00c14603","revision_id":"osm-2026-08-29-v1","source_class":"VGI","source_feature_id":"node/2200899657","source_id":"openstreetmap-overpass-arashiyama-20260829","source_sha256":"1cde93d68bebf633989e825cbd5ac1e772cee81508043f44beb311250a1e8013","stable_feature_id":"kyoto-arashiyama:osm-node-002200899657","topology_status":"CANDIDATE"},"type":"Feature"},{"geometry":{"coordinates":[135.6775042,35.0101338],"type":"Point"},"id":"kyoto-arashiyama:osm-node-002200899658","properties":{"data_class":"REAL","geometry_status":"SOURCE_TRACEABLE_REAL","lineage":["OpenStreetMap original node ID and coordinate","fixed-time bounded Overpass response retained as exact bytes","node retained because it is an endpoint of a retained candidate segment"],"node_id":"kyoto-arashiyama:osm-node-002200899658","retrieval_query_sha256":"b5c52b3ea7542261159b5764956aa9662673c0422b3509dc59e4866f00c14603","revision_id":"osm-2026-08-29-v1","source_class":"VGI","source_feature_id":"node/2200899658","source_id":"openstreetmap-overpass-arashiyama-20260829","source_sha256":"1cde93d68bebf633989e825cbd5ac1e772cee81508043f44beb311250a1e8013","stable_feature_id":"kyoto-arashiyama:osm-node-002200899658","topology_status":"CANDIDATE"},"type":"Feature"},{"geometry":{"coordinates":[135.6773514,35.0101433],"type":"Point"},"id":"kyoto-arashiyama:osm-node-002200899659","properties":{"data_class":"REAL","geometry_status":"SOURCE_TRACEABLE_REAL","lineage":["OpenStreetMap original node ID and coordinate","fixed-time bounded Overpass response retained as exact bytes","node retained because it is an endpoint of a retained candidate segment"],"node_id":"kyoto-arashiyama:osm-node-002200899659","retrieval_query_sha256":"b5c52b3ea7542261159b5764956aa9662673c0422b3509dc59e4866f00c14603","revision_id":"osm-2026-08-29-v1","source_class":"VGI","source_feature_id":"node/2200899659","source_id":"openstreetmap-overpass-arashiyama-20260829","source_sha256":"1cde93d68bebf633989e825cbd5ac1e772cee81508043f44beb311250a1e8013","stable_feature_id":"kyoto-arashiyama:osm-node-002200899659","topology_status":"CANDIDATE"},"type":"Feature"},{"geometry":{"coordinates":[135.6770779,35.0114767],"type":"Point"},"id":"kyoto-arashiyama:osm-node-002200899661","properties":{"data_class":"REAL","geometry_status":"SOURCE_TRACEABLE_REAL","lineage":["OpenStreetMap original node ID and coordinate","fixed-time bounded Overpass response retained as exact bytes","node retained because it is an endpoint of a retained candidate segment"],"node_id":"kyoto-arashiyama:osm-node-002200899661","retrieval_query_sha256":"b5c52b3ea7542261159b5764956aa9662673c0422b3509dc59e4866f00c14603","revision_id":"osm-2026-08-29-v1","source_class":"VGI","source_feature_id":"node/2200899661","source_id":"openstreetmap-overpass-arashiyama-20260829","source_sha256":"1cde93d68bebf633989e825cbd5ac1e772cee81508043f44beb311250a1e8013","stable_feature_id":"kyoto-arashiyama:osm-node-002200899661","topology_status":"CANDIDATE"},"type":"Feature"},{"geometry":{"coordinates":[135.6776516,35.01428],"type":"Point"},"id":"kyoto-arashiyama:osm-node-002835031333","properties":{"data_class":"REAL","geometry_status":"SOURCE_TRACEABLE_REAL","lineage":["OpenStreetMap original node ID and coordinate","fixed-time bounded Overpass response retained as exact bytes","node retained because it is an endpoint of a retained candidate segment"],"node_id":"kyoto-arashiyama:osm-node-002835031333","retrieval_query_sha256":"b5c52b3ea7542261159b5764956aa9662673c0422b3509dc59e4866f00c14603","revision_id":"osm-2026-08-29-v1","source_class":"VGI","source_feature_id":"node/2835031333","source_id":"openstreetmap-overpass-arashiyama-20260829","source_sha256":"1cde93d68bebf633989e825cbd5ac1e772cee81508043f44beb311250a1e8013","stable_feature_id":"kyoto-arashiyama:osm-node-002835031333","topology_status":"CANDIDATE"},"type":"Feature"},{"geometry":{"coordinates":[135.6784919,35.0145947],"type":"Point"},"id":"kyoto-arashiyama:osm-node-002835031378","properties":{"data_class":"REAL","geometry_status":"SOURCE_TRACEABLE_REAL","lineage":["OpenStreetMap original node ID and coordinate","fixed-time bounded Overpass response retained as exact bytes","node retained because it is an endpoint of a retained candidate segment"],"node_id":"kyoto-arashiyama:osm-node-002835031378","retrieval_query_sha256":"b5c52b3ea7542261159b5764956aa9662673c0422b3509dc59e4866f00c14603","revision_id":"osm-2026-08-29-v1","source_class":"VGI","source_feature_id":"node/2835031378","source_id":"openstreetmap-overpass-arashiyama-20260829","source_sha256":"1cde93d68bebf633989e825cbd5ac1e772cee81508043f44beb311250a1e8013","stable_feature_id":"kyoto-arashiyama:osm-node-002835031378","topology_status":"CANDIDATE"},"type":"Feature"},{"geometry":{"coordinates":[135.6781646,35.0148635],"type":"Point"},"id":"kyoto-arashiyama:osm-node-002835031425","properties":{"data_class":"REAL","geometry_status":"SOURCE_TRACEABLE_REAL","lineage":["OpenStreetMap original node ID and coordinate","fixed-time bounded Overpass response retained as exact bytes","node retained because it is an endpoint of a retained candidate segment"],"node_id":"kyoto-arashiyama:osm-node-002835031425","retrieval_query_sha256":"b5c52b3ea7542261159b5764956aa9662673c0422b3509dc59e4866f00c14603","revision_id":"osm-2026-08-29-v1","source_class":"VGI","source_feature_id":"node/2835031425","source_id":"openstreetmap-overpass-arashiyama-20260829","source_sha256":"1cde93d68bebf633989e825cbd5ac1e772cee81508043f44beb311250a1e8013","stable_feature_id":"kyoto-arashiyama:osm-node-002835031425","topology_status":"CANDIDATE"},"type":"Feature"},{"geometry":{"coordinates":[135.6752991,35.0138781],"type":"Point"},"id":"kyoto-arashiyama:osm-node-002854305022","properties":{"data_class":"REAL","geometry_status":"SOURCE_TRACEABLE_REAL","lineage":["OpenStreetMap original node ID and coordinate","fixed-time bounded Overpass response retained as exact bytes","node retained because it is an endpoint of a retained candidate segment"],"node_id":"kyoto-arashiyama:osm-node-002854305022","retrieval_query_sha256":"b5c52b3ea7542261159b5764956aa9662673c0422b3509dc59e4866f00c14603","revision_id":"osm-2026-08-29-v1","source_class":"VGI","source_feature_id":"node/2854305022","source_id":"openstreetmap-overpass-arashiyama-20260829","source_sha256":"1cde93d68bebf633989e825cbd5ac1e772cee81508043f44beb311250a1e8013","stable_feature_id":"kyoto-arashiyama:osm-node-002854305022","topology_status":"CANDIDATE"},"type":"Feature"},{"geometry":{"coordinates":[135.6749455,35.0133136],"type":"Point"},"id":"kyoto-arashiyama:osm-node-002854305047","properties":{"data_class":"REAL","geometry_status":"SOURCE_TRACEABLE_REAL","lineage":["OpenStreetMap original node ID and coordinate","fixed-time bounded Overpass response retained as exact bytes","node retained because it is an endpoint of a retained candidate segment"],"node_id":"kyoto-arashiyama:osm-node-002854305047","retrieval_query_sha256":"b5c52b3ea7542261159b5764956aa9662673c0422b3509dc59e4866f00c14603","revision_id":"osm-2026-08-29-v1","source_class":"VGI","source_feature_id":"node/2854305047","source_id":"openstreetmap-overpass-arashiyama-20260829","source_sha256":"1cde93d68bebf633989e825cbd5ac1e772cee81508043f44beb311250a1e8013","stable_feature_id":"kyoto-arashiyama:osm-node-002854305047","topology_status":"CANDIDATE"},"type":"Feature"},{"geometry":{"coordinates":[135.6752287,35.0146646],"type":"Point"},"id":"kyoto-arashiyama:osm-node-002854305150","properties":{"data_class":"REAL","geometry_status":"SOURCE_TRACEABLE_REAL","lineage":["OpenStreetMap original node ID and coordinate","fixed-time bounded Overpass response retained as exact bytes","node retained because it is an endpoint of a retained candidate segment"],"node_id":"kyoto-arashiyama:osm-node-002854305150","retrieval_query_sha256":"b5c52b3ea7542261159b5764956aa9662673c0422b3509dc59e4866f00c14603","revision_id":"osm-2026-08-29-v1","source_class":"VGI","source_feature_id":"node/2854305150","source_id":"openstreetmap-overpass-arashiyama-20260829","source_sha256":"1cde93d68bebf633989e825cbd5ac1e772cee81508043f44beb311250a1e8013","stable_feature_id":"kyoto-arashiyama:osm-node-002854305150","topology_status":"CANDIDATE"},"type":"Feature"},{"geometry":{"coordinates":[135.6778039,35.0137776],"type":"Point"},"id":"kyoto-arashiyama:osm-node-003022373777","properties":{"data_class":"REAL","geometry_status":"SOURCE_TRACEABLE_REAL","lineage":["OpenStreetMap original node ID and coordinate","fixed-time bounded Overpass response retained as exact bytes","node retained because it is an endpoint of a retained candidate segment"],"node_id":"kyoto-arashiyama:osm-node-003022373777","retrieval_query_sha256":"b5c52b3ea7542261159b5764956aa9662673c0422b3509dc59e4866f00c14603","revision_id":"osm-2026-08-29-v1","source_class":"VGI","source_feature_id":"node/3022373777","source_id":"openstreetmap-overpass-arashiyama-20260829","source_sha256":"1cde93d68bebf633989e825cbd5ac1e772cee81508043f44beb311250a1e8013","stable_feature_id":"kyoto-arashiyama:osm-node-003022373777","topology_status":"CANDIDATE"},"type":"Feature"},{"geometry":{"coordinates":[135.6773905,35.0150381],"type":"Point"},"id":"kyoto-arashiyama:osm-node-003022373778","properties":{"data_class":"REAL","geometry_status":"SOURCE_TRACEABLE_REAL","lineage":["OpenStreetMap original node ID and coordinate","fixed-time bounded Overpass response retained as exact bytes","node retained because it is an endpoint of a retained candidate segment"],"node_id":"kyoto-arashiyama:osm-node-003022373778","retrieval_query_sha256":"b5c52b3ea7542261159b5764956aa9662673c0422b3509dc59e4866f00c14603","revision_id":"osm-2026-08-29-v1","source_class":"VGI","source_feature_id":"node/3022373778","source_id":"openstreetmap-overpass-arashiyama-20260829","source_sha256":"1cde93d68bebf633989e825cbd5ac1e772cee81508043f44beb311250a1e8013","stable_feature_id":"kyoto-arashiyama:osm-node-003022373778","topology_status":"CANDIDATE"},"type":"Feature"},{"geometry":{"coordinates":[135.6779938,35.0136935],"type":"Point"},"id":"kyoto-arashiyama:osm-node-003255952277","properties":{"data_class":"REAL","geometry_status":"SOURCE_TRACEABLE_REAL","lineage":["OpenStreetMap original node ID and coordinate","fixed-time bounded Overpass response retained as exact bytes","node retained because it is an endpoint of a retained candidate segment"],"node_id":"kyoto-arashiyama:osm-node-003255952277","retrieval_query_sha256":"b5c52b3ea7542261159b5764956aa9662673c0422b3509dc59e4866f00c14603","revision_id":"osm-2026-08-29-v1","source_class":"VGI","source_feature_id":"node/3255952277","source_id":"openstreetmap-overpass-arashiyama-20260829","source_sha256":"1cde93d68bebf633989e825cbd5ac1e772cee81508043f44beb311250a1e8013","stable_feature_id":"kyoto-arashiyama:osm-node-003255952277","topology_status":"CANDIDATE"},"type":"Feature"},{"geometry":{"coordinates":[135.6795733,35.0137449],"type":"Point"},"id":"kyoto-arashiyama:osm-node-003255952300","properties":{"data_class":"REAL","geometry_status":"SOURCE_TRACEABLE_REAL","lineage":["OpenStreetMap original node ID and coordinate","fixed-time bounded Overpass response retained as exact bytes","node retained because it is an endpoint of a retained candidate segment"],"node_id":"kyoto-arashiyama:osm-node-003255952300","retrieval_query_sha256":"b5c52b3ea7542261159b5764956aa9662673c0422b3509dc59e4866f00c14603","revision_id":"osm-2026-08-29-v1","source_class":"VGI","source_feature_id":"node/3255952300","source_id":"openstreetmap-overpass-arashiyama-20260829","source_sha256":"1cde93d68bebf633989e825cbd5ac1e772cee81508043f44beb311250a1e8013","stable_feature_id":"kyoto-arashiyama:osm-node-003255952300","topology_status":"CANDIDATE"},"type":"Feature"},{"geometry":{"coordinates":[135.680089,35.0137739],"type":"Point"},"id":"kyoto-arashiyama:osm-node-003255952320","properties":{"data_class":"REAL","geometry_status":"SOURCE_TRACEABLE_REAL","lineage":["OpenStreetMap original node ID and coordinate","fixed-time bounded Overpass response retained as exact bytes","node retained because it is an endpoint of a retained candidate segment"],"node_id":"kyoto-arashiyama:osm-node-003255952320","retrieval_query_sha256":"b5c52b3ea7542261159b5764956aa9662673c0422b3509dc59e4866f00c14603","revision_id":"osm-2026-08-29-v1","source_class":"VGI","source_feature_id":"node/3255952320","source_id":"openstreetmap-overpass-arashiyama-20260829","source_sha256":"1cde93d68bebf633989e825cbd5ac1e772cee81508043f44beb311250a1e8013","stable_feature_id":"kyoto-arashiyama:osm-node-003255952320","topology_status":"CANDIDATE"},"type":"Feature"},{"geometry":{"coordinates":[135.6750469,35.0142666],"type":"Point"},"id":"kyoto-arashiyama:osm-node-003255952531","properties":{"data_class":"REAL","geometry_status":"SOURCE_TRACEABLE_REAL","lineage":["OpenStreetMap original node ID and coordinate","fixed-time bounded Overpass response retained as exact bytes","node retained because it is an endpoint of a retained candidate segment"],"node_id":"kyoto-arashiyama:osm-node-003255952531","retrieval_query_sha256":"b5c52b3ea7542261159b5764956aa9662673c0422b3509dc59e4866f00c14603","revision_id":"osm-2026-08-29-v1","source_class":"VGI","source_feature_id":"node/3255952531","source_id":"openstreetmap-overpass-arashiyama-20260829","source_sha256":"1cde93d68bebf633989e825cbd5ac1e772cee81508043f44beb311250a1e8013","stable_feature_id":"kyoto-arashiyama:osm-node-003255952531","topology_status":"CANDIDATE"},"type":"Feature"},{"geometry":{"coordinates":[135.6763553,35.0144894],"type":"Point"},"id":"kyoto-arashiyama:osm-node-003255952673","properties":{"data_class":"REAL","geometry_status":"SOURCE_TRACEABLE_REAL","lineage":["OpenStreetMap original node ID and coordinate","fixed-time bounded Overpass response retained as exact bytes","node retained because it is an endpoint of a retained candidate segment"],"node_id":"kyoto-arashiyama:osm-node-003255952673","retrieval_query_sha256":"b5c52b3ea7542261159b5764956aa9662673c0422b3509dc59e4866f00c14603","revision_id":"osm-2026-08-29-v1","source_class":"VGI","source_feature_id":"node/3255952673","source_id":"openstreetmap-overpass-arashiyama-20260829","source_sha256":"1cde93d68bebf633989e825cbd5ac1e772cee81508043f44beb311250a1e8013","stable_feature_id":"kyoto-arashiyama:osm-node-003255952673","topology_status":"CANDIDATE"},"type":"Feature"},{"geometry":{"coordinates":[135.6774662,35.0146613],"type":"Point"},"id":"kyoto-arashiyama:osm-node-003255952713","properties":{"data_class":"REAL","geometry_status":"SOURCE_TRACEABLE_REAL","lineage":["OpenStreetMap original node ID and coordinate","fixed-time bounded Overpass response retained as exact bytes","node retained because it is an endpoint of a retained candidate segment"],"node_id":"kyoto-arashiyama:osm-node-003255952713","retrieval_query_sha256":"b5c52b3ea7542261159b5764956aa9662673c0422b3509dc59e4866f00c14603","revision_id":"osm-2026-08-29-v1","source_class":"VGI","source_feature_id":"node/3255952713","source_id":"openstreetmap-overpass-arashiyama-20260829","source_sha256":"1cde93d68bebf633989e825cbd5ac1e772cee81508043f44beb311250a1e8013","stable_feature_id":"kyoto-arashiyama:osm-node-003255952713","topology_status":"CANDIDATE"},"type":"Feature"},{"geometry":{"coordinates":[135.6775101,35.0146677],"type":"Point"},"id":"kyoto-arashiyama:osm-node-003255952714","properties":{"data_class":"REAL","geometry_status":"SOURCE_TRACEABLE_REAL","lineage":["OpenStreetMap original node ID and coordinate","fixed-time bounded Overpass response retained as exact bytes","node retained because it is an endpoint of a retained candidate segment"],"node_id":"kyoto-arashiyama:osm-node-003255952714","retrieval_query_sha256":"b5c52b3ea7542261159b5764956aa9662673c0422b3509dc59e4866f00c14603","revision_id":"osm-2026-08-29-v1","source_class":"VGI","source_feature_id":"node/3255952714","source_id":"openstreetmap-overpass-arashiyama-20260829","source_sha256":"1cde93d68bebf633989e825cbd5ac1e772cee81508043f44beb311250a1e8013","stable_feature_id":"kyoto-arashiyama:osm-node-003255952714","topology_status":"CANDIDATE"},"type":"Feature"},{"geometry":{"coordinates":[135.6786498,35.0148201],"type":"Point"},"id":"kyoto-arashiyama:osm-node-003255952801","properties":{"data_class":"REAL","geometry_status":"SOURCE_TRACEABLE_REAL","lineage":["OpenStreetMap original node ID and coordinate","fixed-time bounded Overpass response retained as exact bytes","node retained because it is an endpoint of a retained candidate segment"],"node_id":"kyoto-arashiyama:osm-node-003255952801","retrieval_query_sha256":"b5c52b3ea7542261159b5764956aa9662673c0422b3509dc59e4866f00c14603","revision_id":"osm-2026-08-29-v1","source_class":"VGI","source_feature_id":"node/3255952801","source_id":"openstreetmap-overpass-arashiyama-20260829","source_sha256":"1cde93d68bebf633989e825cbd5ac1e772cee81508043f44beb311250a1e8013","stable_feature_id":"kyoto-arashiyama:osm-node-003255952801","topology_status":"CANDIDATE"},"type":"Feature"},{"geometry":{"coordinates":[135.6786826,35.0150737],"type":"Point"},"id":"kyoto-arashiyama:osm-node-003255952925","properties":{"data_class":"REAL","geometry_status":"SOURCE_TRACEABLE_REAL","lineage":["OpenStreetMap original node ID and coordinate","fixed-time bounded Overpass response retained as exact bytes","node retained because it is an endpoint of a retained candidate segment"],"node_id":"kyoto-arashiyama:osm-node-003255952925","retrieval_query_sha256":"b5c52b3ea7542261159b5764956aa9662673c0422b3509dc59e4866f00c14603","revision_id":"osm-2026-08-29-v1","source_class":"VGI","source_feature_id":"node/3255952925","source_id":"openstreetmap-overpass-arashiyama-20260829","source_sha256":"1cde93d68bebf633989e825cbd5ac1e772cee81508043f44beb311250a1e8013","stable_feature_id":"kyoto-arashiyama:osm-node-003255952925","topology_status":"CANDIDATE"},"type":"Feature"},{"geometry":{"coordinates":[135.6781729,35.0100931],"type":"Point"},"id":"kyoto-arashiyama:osm-node-003256136621","properties":{"data_class":"REAL","geometry_status":"SOURCE_TRACEABLE_REAL","lineage":["OpenStreetMap original node ID and coordinate","fixed-time bounded Overpass response retained as exact bytes","node retained because it is an endpoint of a retained candidate segment"],"node_id":"kyoto-arashiyama:osm-node-003256136621","retrieval_query_sha256":"b5c52b3ea7542261159b5764956aa9662673c0422b3509dc59e4866f00c14603","revision_id":"osm-2026-08-29-v1","source_class":"VGI","source_feature_id":"node/3256136621","source_id":"openstreetmap-overpass-arashiyama-20260829","source_sha256":"1cde93d68bebf633989e825cbd5ac1e772cee81508043f44beb311250a1e8013","stable_feature_id":"kyoto-arashiyama:osm-node-003256136621","topology_status":"CANDIDATE"},"type":"Feature"},{"geometry":{"coordinates":[135.6801228,35.0101588],"type":"Point"},"id":"kyoto-arashiyama:osm-node-003256136765","properties":{"data_class":"REAL","geometry_status":"SOURCE_TRACEABLE_REAL","lineage":["OpenStreetMap original node ID and coordinate","fixed-time bounded Overpass response retained as exact bytes","node retained because it is an endpoint of a retained candidate segment"],"node_id":"kyoto-arashiyama:osm-node-003256136765","retrieval_query_sha256":"b5c52b3ea7542261159b5764956aa9662673c0422b3509dc59e4866f00c14603","revision_id":"osm-2026-08-29-v1","source_class":"VGI","source_feature_id":"node/3256136765","source_id":"openstreetmap-overpass-arashiyama-20260829","source_sha256":"1cde93d68bebf633989e825cbd5ac1e772cee81508043f44beb311250a1e8013","stable_feature_id":"kyoto-arashiyama:osm-node-003256136765","topology_status":"CANDIDATE"},"type":"Feature"},{"geometry":{"coordinates":[135.6800587,35.0102151],"type":"Point"},"id":"kyoto-arashiyama:osm-node-003256136783","properties":{"data_class":"REAL","geometry_status":"SOURCE_TRACEABLE_REAL","lineage":["OpenStreetMap original node ID and coordinate","fixed-time bounded Overpass response retained as exact bytes","node retained because it is an endpoint of a retained candidate segment"],"node_id":"kyoto-arashiyama:osm-node-003256136783","retrieval_query_sha256":"b5c52b3ea7542261159b5764956aa9662673c0422b3509dc59e4866f00c14603","revision_id":"osm-2026-08-29-v1","source_class":"VGI","source_feature_id":"node/3256136783","source_id":"openstreetmap-overpass-arashiyama-20260829","source_sha256":"1cde93d68bebf633989e825cbd5ac1e772cee81508043f44beb311250a1e8013","stable_feature_id":"kyoto-arashiyama:osm-node-003256136783","topology_status":"CANDIDATE"},"type":"Feature"},{"geometry":{"coordinates":[135.6783361,35.0102119],"type":"Point"},"id":"kyoto-arashiyama:osm-node-003256136784","properties":{"data_class":"REAL","geometry_status":"SOURCE_TRACEABLE_REAL","lineage":["OpenStreetMap original node ID and coordinate","fixed-time bounded Overpass response retained as exact bytes","node retained because it is an endpoint of a retained candidate segment"],"node_id":"kyoto-arashiyama:osm-node-003256136784","retrieval_query_sha256":"b5c52b3ea7542261159b5764956aa9662673c0422b3509dc59e4866f00c14603","revision_id":"osm-2026-08-29-v1","source_class":"VGI","source_feature_id":"node/3256136784","source_id":"openstreetmap-overpass-arashiyama-20260829","source_sha256":"1cde93d68bebf633989e825cbd5ac1e772cee81508043f44beb311250a1e8013","stable_feature_id":"kyoto-arashiyama:osm-node-003256136784","topology_status":"CANDIDATE"},"type":"Feature"},{"geometry":{"coordinates":[135.6783676,35.010299],"type":"Point"},"id":"kyoto-arashiyama:osm-node-003256136803","properties":{"data_class":"REAL","geometry_status":"SOURCE_TRACEABLE_REAL","lineage":["OpenStreetMap original node ID and coordinate","fixed-time bounded Overpass response retained as exact bytes","node retained because it is an endpoint of a retained candidate segment"],"node_id":"kyoto-arashiyama:osm-node-003256136803","retrieval_query_sha256":"b5c52b3ea7542261159b5764956aa9662673c0422b3509dc59e4866f00c14603","revision_id":"osm-2026-08-29-v1","source_class":"VGI","source_feature_id":"node/3256136803","source_id":"openstreetmap-overpass-arashiyama-20260829","source_sha256":"1cde93d68bebf633989e825cbd5ac1e772cee81508043f44beb311250a1e8013","stable_feature_id":"kyoto-arashiyama:osm-node-003256136803","topology_status":"CANDIDATE"},"type":"Feature"},{"geometry":{"coordinates":[135.6799362,35.0103124],"type":"Point"},"id":"kyoto-arashiyama:osm-node-003256136806","properties":{"data_class":"REAL","geometry_status":"SOURCE_TRACEABLE_REAL","lineage":["OpenStreetMap original node ID and coordinate","fixed-time bounded Overpass response retained as exact bytes","node retained because it is an endpoint of a retained candidate segment"],"node_id":"kyoto-arashiyama:osm-node-003256136806","retrieval_query_sha256":"b5c52b3ea7542261159b5764956aa9662673c0422b3509dc59e4866f00c14603","revision_id":"osm-2026-08-29-v1","source_class":"VGI","source_feature_id":"node/3256136806","source_id":"openstreetmap-overpass-arashiyama-20260829","source_sha256":"1cde93d68bebf633989e825cbd5ac1e772cee81508043f44beb311250a1e8013","stable_feature_id":"kyoto-arashiyama:osm-node-003256136806","topology_status":"CANDIDATE"},"type":"Feature"},{"geometry":{"coordinates":[135.6784172,35.0104002],"type":"Point"},"id":"kyoto-arashiyama:osm-node-003256136833","properties":{"data_class":"REAL","geometry_status":"SOURCE_TRACEABLE_REAL","lineage":["OpenStreetMap original node ID and coordinate","fixed-time bounded Overpass response retained as exact bytes","node retained because it is an endpoint of a retained candidate segment"],"node_id":"kyoto-arashiyama:osm-node-003256136833","retrieval_query_sha256":"b5c52b3ea7542261159b5764956aa9662673c0422b3509dc59e4866f00c14603","revision_id":"osm-2026-08-29-v1","source_class":"VGI","source_feature_id":"node/3256136833","source_id":"openstreetmap-overpass-arashiyama-20260829","source_sha256":"1cde93d68bebf633989e825cbd5ac1e772cee81508043f44beb311250a1e8013","stable_feature_id":"kyoto-arashiyama:osm-node-003256136833","topology_status":"CANDIDATE"},"type":"Feature"},{"geometry":{"coordinates":[135.6778034,35.0104071],"type":"Point"},"id":"kyoto-arashiyama:osm-node-003256136837","properties":{"data_class":"REAL","geometry_status":"SOURCE_TRACEABLE_REAL","lineage":["OpenStreetMap original node ID and coordinate","fixed-time bounded Overpass response retained as exact bytes","node retained because it is an endpoint of a retained candidate segment"],"node_id":"kyoto-arashiyama:osm-node-003256136837","retrieval_query_sha256":"b5c52b3ea7542261159b5764956aa9662673c0422b3509dc59e4866f00c14603","revision_id":"osm-2026-08-29-v1","source_class":"VGI","source_feature_id":"node/3256136837","source_id":"openstreetmap-overpass-arashiyama-20260829","source_sha256":"1cde93d68bebf633989e825cbd5ac1e772cee81508043f44beb311250a1e8013","stable_feature_id":"kyoto-arashiyama:osm-node-003256136837","topology_status":"CANDIDATE"},"type":"Feature"},{"geometry":{"coordinates":[135.6801108,35.0104296],"type":"Point"},"id":"kyoto-arashiyama:osm-node-003256136849","properties":{"data_class":"REAL","geometry_status":"SOURCE_TRACEABLE_REAL","lineage":["OpenStreetMap original node ID and coordinate","fixed-time bounded Overpass response retained as exact bytes","node retained because it is an endpoint of a retained candidate segment"],"node_id":"kyoto-arashiyama:osm-node-003256136849","retrieval_query_sha256":"b5c52b3ea7542261159b5764956aa9662673c0422b3509dc59e4866f00c14603","revision_id":"osm-2026-08-29-v1","source_class":"VGI","source_feature_id":"node/3256136849","source_id":"openstreetmap-overpass-arashiyama-20260829","source_sha256":"1cde93d68bebf633989e825cbd5ac1e772cee81508043f44beb311250a1e8013","stable_feature_id":"kyoto-arashiyama:osm-node-003256136849","topology_status":"CANDIDATE"},"type":"Feature"},{"geometry":{"coordinates":[135.6796908,35.0104657],"type":"Point"},"id":"kyoto-arashiyama:osm-node-003256136870","properties":{"data_class":"REAL","geometry_status":"SOURCE_TRACEABLE_REAL","lineage":["OpenStreetMap original node ID and coordinate","fixed-time bounded Overpass response retained as exact bytes","node retained because it is an endpoint of a retained candidate segment"],"node_id":"kyoto-arashiyama:osm-node-003256136870","retrieval_query_sha256":"b5c52b3ea7542261159b5764956aa9662673c0422b3509dc59e4866f00c14603","revision_id":"osm-2026-08-29-v1","source_class":"VGI","source_feature_id":"node/3256136870","source_id":"openstreetmap-overpass-arashiyama-20260829","source_sha256":"1cde93d68bebf633989e825cbd5ac1e772cee81508043f44beb311250a1e8013","stable_feature_id":"kyoto-arashiyama:osm-node-003256136870","topology_status":"CANDIDATE"},"type":"Feature"},{"geometry":{"coordinates":[135.6796848,35.0105389],"type":"Point"},"id":"kyoto-arashiyama:osm-node-003256136910","properties":{"data_class":"REAL","geometry_status":"SOURCE_TRACEABLE_REAL","lineage":["OpenStreetMap original node ID and coordinate","fixed-time bounded Overpass response retained as exact bytes","node retained because it is an endpoint of a retained candidate segment"],"node_id":"kyoto-arashiyama:osm-node-003256136910","retrieval_query_sha256":"b5c52b3ea7542261159b5764956aa9662673c0422b3509dc59e4866f00c14603","revision_id":"osm-2026-08-29-v1","source_class":"VGI","source_feature_id":"node/3256136910","source_id":"openstreetmap-overpass-arashiyama-20260829","source_sha256":"1cde93d68bebf633989e825cbd5ac1e772cee81508043f44beb311250a1e8013","stable_feature_id":"kyoto-arashiyama:osm-node-003256136910","topology_status":"CANDIDATE"},"type":"Feature"},{"geometry":{"coordinates":[135.6801685,35.0105339],"type":"Point"},"id":"kyoto-arashiyama:osm-node-003256136922","properties":{"data_class":"REAL","geometry_status":"SOURCE_TRACEABLE_REAL","lineage":["OpenStreetMap original node ID and coordinate","fixed-time bounded Overpass response retained as exact bytes","node retained because it is an endpoint of a retained candidate segment"],"node_id":"kyoto-arashiyama:osm-node-003256136922","retrieval_query_sha256":"b5c52b3ea7542261159b5764956aa9662673c0422b3509dc59e4866f00c14603","revision_id":"osm-2026-08-29-v1","source_class":"VGI","source_feature_id":"node/3256136922","source_id":"openstreetmap-overpass-arashiyama-20260829","source_sha256":"1cde93d68bebf633989e825cbd5ac1e772cee81508043f44beb311250a1e8013","stable_feature_id":"kyoto-arashiyama:osm-node-003256136922","topology_status":"CANDIDATE"},"type":"Feature"},{"geometry":{"coordinates":[135.6797223,35.0106414],"type":"Point"},"id":"kyoto-arashiyama:osm-node-003256136973","properties":{"data_class":"REAL","geometry_status":"SOURCE_TRACEABLE_REAL","lineage":["OpenStreetMap original node ID and coordinate","fixed-time bounded Overpass response retained as exact bytes","node retained because it is an endpoint of a retained candidate segment"],"node_id":"kyoto-arashiyama:osm-node-003256136973","retrieval_query_sha256":"b5c52b3ea7542261159b5764956aa9662673c0422b3509dc59e4866f00c14603","revision_id":"osm-2026-08-29-v1","source_class":"VGI","source_feature_id":"node/3256136973","source_id":"openstreetmap-overpass-arashiyama-20260829","source_sha256":"1cde93d68bebf633989e825cbd5ac1e772cee81508043f44beb311250a1e8013","stable_feature_id":"kyoto-arashiyama:osm-node-003256136973","topology_status":"CANDIDATE"},"type":"Feature"},{"geometry":{"coordinates":[135.6797722,35.010708],"type":"Point"},"id":"kyoto-arashiyama:osm-node-003256137001","properties":{"data_class":"REAL","geometry_status":"SOURCE_TRACEABLE_REAL","lineage":["OpenStreetMap original node ID and coordinate","fixed-time bounded Overpass response retained as exact bytes","node retained because it is an endpoint of a retained candidate segment"],"node_id":"kyoto-arashiyama:osm-node-003256137001","retrieval_query_sha256":"b5c52b3ea7542261159b5764956aa9662673c0422b3509dc59e4866f00c14603","revision_id":"osm-2026-08-29-v1","source_class":"VGI","source_feature_id":"node/3256137001","source_id":"openstreetmap-overpass-arashiyama-20260829","source_sha256":"1cde93d68bebf633989e825cbd5ac1e772cee81508043f44beb311250a1e8013","stable_feature_id":"kyoto-arashiyama:osm-node-003256137001","topology_status":"CANDIDATE"},"type":"Feature"},{"geometry":{"coordinates":[135.6778568,35.0109564],"type":"Point"},"id":"kyoto-arashiyama:osm-node-003256137075","properties":{"data_class":"REAL","geometry_status":"SOURCE_TRACEABLE_REAL","lineage":["OpenStreetMap original node ID and coordinate","fixed-time bounded Overpass response retained as exact bytes","node retained because it is an endpoint of a retained candidate segment"],"node_id":"kyoto-arashiyama:osm-node-003256137075","retrieval_query_sha256":"b5c52b3ea7542261159b5764956aa9662673c0422b3509dc59e4866f00c14603","revision_id":"osm-2026-08-29-v1","source_class":"VGI","source_feature_id":"node/3256137075","source_id":"openstreetmap-overpass-arashiyama-20260829","source_sha256":"1cde93d68bebf633989e825cbd5ac1e772cee81508043f44beb311250a1e8013","stable_feature_id":"kyoto-arashiyama:osm-node-003256137075","topology_status":"CANDIDATE"},"type":"Feature"},{"geometry":{"coordinates":[135.6786725,35.0136918],"type":"Point"},"id":"kyoto-arashiyama:osm-node-003832838076","properties":{"data_class":"REAL","geometry_status":"SOURCE_TRACEABLE_REAL","lineage":["OpenStreetMap original node ID and coordinate","fixed-time bounded Overpass response retained as exact bytes","node retained because it is an endpoint of a retained candidate segment"],"node_id":"kyoto-arashiyama:osm-node-003832838076","retrieval_query_sha256":"b5c52b3ea7542261159b5764956aa9662673c0422b3509dc59e4866f00c14603","revision_id":"osm-2026-08-29-v1","source_class":"VGI","source_feature_id":"node/3832838076","source_id":"openstreetmap-overpass-arashiyama-20260829","source_sha256":"1cde93d68bebf633989e825cbd5ac1e772cee81508043f44beb311250a1e8013","stable_feature_id":"kyoto-arashiyama:osm-node-003832838076","topology_status":"CANDIDATE"},"type":"Feature"},{"geometry":{"coordinates":[135.6797256,35.0096273],"type":"Point"},"id":"kyoto-arashiyama:osm-node-003832850892","properties":{"data_class":"REAL","geometry_status":"SOURCE_TRACEABLE_REAL","lineage":["OpenStreetMap original node ID and coordinate","fixed-time bounded Overpass response retained as exact bytes","node retained because it is an endpoint of a retained candidate segment"],"node_id":"kyoto-arashiyama:osm-node-003832850892","retrieval_query_sha256":"b5c52b3ea7542261159b5764956aa9662673c0422b3509dc59e4866f00c14603","revision_id":"osm-2026-08-29-v1","source_class":"VGI","source_feature_id":"node/3832850892","source_id":"openstreetmap-overpass-arashiyama-20260829","source_sha256":"1cde93d68bebf633989e825cbd5ac1e772cee81508043f44beb311250a1e8013","stable_feature_id":"kyoto-arashiyama:osm-node-003832850892","topology_status":"CANDIDATE"},"type":"Feature"},{"geometry":{"coordinates":[135.6796047,35.0096286],"type":"Point"},"id":"kyoto-arashiyama:osm-node-003832850893","properties":{"data_class":"REAL","geometry_status":"SOURCE_TRACEABLE_REAL","lineage":["OpenStreetMap original node ID and coordinate","fixed-time bounded Overpass response retained as exact bytes","node retained because it is an endpoint of a retained candidate segment"],"node_id":"kyoto-arashiyama:osm-node-003832850893","retrieval_query_sha256":"b5c52b3ea7542261159b5764956aa9662673c0422b3509dc59e4866f00c14603","revision_id":"osm-2026-08-29-v1","source_class":"VGI","source_feature_id":"node/3832850893","source_id":"openstreetmap-overpass-arashiyama-20260829","source_sha256":"1cde93d68bebf633989e825cbd5ac1e772cee81508043f44beb311250a1e8013","stable_feature_id":"kyoto-arashiyama:osm-node-003832850893","topology_status":"CANDIDATE"},"type":"Feature"},{"geometry":{"coordinates":[135.6792982,35.0098913],"type":"Point"},"id":"kyoto-arashiyama:osm-node-003832850894","properties":{"data_class":"REAL","geometry_status":"SOURCE_TRACEABLE_REAL","lineage":["OpenStreetMap original node ID and coordinate","fixed-time bounded Overpass response retained as exact bytes","node retained because it is an endpoint of a retained candidate segment"],"node_id":"kyoto-arashiyama:osm-node-003832850894","retrieval_query_sha256":"b5c52b3ea7542261159b5764956aa9662673c0422b3509dc59e4866f00c14603","revision_id":"osm-2026-08-29-v1","source_class":"VGI","source_feature_id":"node/3832850894","source_id":"openstreetmap-overpass-arashiyama-20260829","source_sha256":"1cde93d68bebf633989e825cbd5ac1e772cee81508043f44beb311250a1e8013","stable_feature_id":"kyoto-arashiyama:osm-node-003832850894","topology_status":"CANDIDATE"},"type":"Feature"},{"geometry":{"coordinates":[135.6790386,35.0100617],"type":"Point"},"id":"kyoto-arashiyama:osm-node-003832850895","properties":{"data_class":"REAL","geometry_status":"SOURCE_TRACEABLE_REAL","lineage":["OpenStreetMap original node ID and coordinate","fixed-time bounded Overpass response retained as exact bytes","node retained because it is an endpoint of a retained candidate segment"],"node_id":"kyoto-arashiyama:osm-node-003832850895","retrieval_query_sha256":"b5c52b3ea7542261159b5764956aa9662673c0422b3509dc59e4866f00c14603","revision_id":"osm-2026-08-29-v1","source_class":"VGI","source_feature_id":"node/3832850895","source_id":"openstreetmap-overpass-arashiyama-20260829","source_sha256":"1cde93d68bebf633989e825cbd5ac1e772cee81508043f44beb311250a1e8013","stable_feature_id":"kyoto-arashiyama:osm-node-003832850895","topology_status":"CANDIDATE"},"type":"Feature"},{"geometry":{"coordinates":[135.6773741,35.0112615],"type":"Point"},"id":"kyoto-arashiyama:osm-node-003832850896","properties":{"data_class":"REAL","geometry_status":"SOURCE_TRACEABLE_REAL","lineage":["OpenStreetMap original node ID and coordinate","fixed-time bounded Overpass response retained as exact bytes","node retained because it is an endpoint of a retained candidate segment"],"node_id":"kyoto-arashiyama:osm-node-003832850896","retrieval_query_sha256":"b5c52b3ea7542261159b5764956aa9662673c0422b3509dc59e4866f00c14603","revision_id":"osm-2026-08-29-v1","source_class":"VGI","source_feature_id":"node/3832850896","source_id":"openstreetmap-overpass-arashiyama-20260829","source_sha256":"1cde93d68bebf633989e825cbd5ac1e772cee81508043f44beb311250a1e8013","stable_feature_id":"kyoto-arashiyama:osm-node-003832850896","topology_status":"CANDIDATE"},"type":"Feature"},{"geometry":{"coordinates":[135.6775275,35.0117236],"type":"Point"},"id":"kyoto-arashiyama:osm-node-004080109906","properties":{"data_class":"REAL","geometry_status":"SOURCE_TRACEABLE_REAL","lineage":["OpenStreetMap original node ID and coordinate","fixed-time bounded Overpass response retained as exact bytes","node retained because it is an endpoint of a retained candidate segment"],"node_id":"kyoto-arashiyama:osm-node-004080109906","retrieval_query_sha256":"b5c52b3ea7542261159b5764956aa9662673c0422b3509dc59e4866f00c14603","revision_id":"osm-2026-08-29-v1","source_class":"VGI","source_feature_id":"node/4080109906","source_id":"openstreetmap-overpass-arashiyama-20260829","source_sha256":"1cde93d68bebf633989e825cbd5ac1e772cee81508043f44beb311250a1e8013","stable_feature_id":"kyoto-arashiyama:osm-node-004080109906","topology_status":"CANDIDATE"},"type":"Feature"},{"geometry":{"coordinates":[135.6752661,35.0094666],"type":"Point"},"id":"kyoto-arashiyama:osm-node-004115946855","properties":{"data_class":"REAL","geometry_status":"SOURCE_TRACEABLE_REAL","lineage":["OpenStreetMap original node ID and coordinate","fixed-time bounded Overpass response retained as exact bytes","node retained because it is an endpoint of a retained candidate segment"],"node_id":"kyoto-arashiyama:osm-node-004115946855","retrieval_query_sha256":"b5c52b3ea7542261159b5764956aa9662673c0422b3509dc59e4866f00c14603","revision_id":"osm-2026-08-29-v1","source_class":"VGI","source_feature_id":"node/4115946855","source_id":"openstreetmap-overpass-arashiyama-20260829","source_sha256":"1cde93d68bebf633989e825cbd5ac1e772cee81508043f44beb311250a1e8013","stable_feature_id":"kyoto-arashiyama:osm-node-004115946855","topology_status":"CANDIDATE"},"type":"Feature"},{"geometry":{"coordinates":[135.6750988,35.0094687],"type":"Point"},"id":"kyoto-arashiyama:osm-node-004115946856","properties":{"data_class":"REAL","geometry_status":"SOURCE_TRACEABLE_REAL","lineage":["OpenStreetMap original node ID and coordinate","fixed-time bounded Overpass response retained as exact bytes","node retained because it is an endpoint of a retained candidate segment"],"node_id":"kyoto-arashiyama:osm-node-004115946856","retrieval_query_sha256":"b5c52b3ea7542261159b5764956aa9662673c0422b3509dc59e4866f00c14603","revision_id":"osm-2026-08-29-v1","source_class":"VGI","source_feature_id":"node/4115946856","source_id":"openstreetmap-overpass-arashiyama-20260829","source_sha256":"1cde93d68bebf633989e825cbd5ac1e772cee81508043f44beb311250a1e8013","stable_feature_id":"kyoto-arashiyama:osm-node-004115946856","topology_status":"CANDIDATE"},"type":"Feature"},{"geometry":{"coordinates":[135.6750666,35.0095004],"type":"Point"},"id":"kyoto-arashiyama:osm-node-004115946857","properties":{"data_class":"REAL","geometry_status":"SOURCE_TRACEABLE_REAL","lineage":["OpenStreetMap original node ID and coordinate","fixed-time bounded Overpass response retained as exact bytes","node retained because it is an endpoint of a retained candidate segment"],"node_id":"kyoto-arashiyama:osm-node-004115946857","retrieval_query_sha256":"b5c52b3ea7542261159b5764956aa9662673c0422b3509dc59e4866f00c14603","revision_id":"osm-2026-08-29-v1","source_class":"VGI","source_feature_id":"node/4115946857","source_id":"openstreetmap-overpass-arashiyama-20260829","source_sha256":"1cde93d68bebf633989e825cbd5ac1e772cee81508043f44beb311250a1e8013","stable_feature_id":"kyoto-arashiyama:osm-node-004115946857","topology_status":"CANDIDATE"},"type":"Feature"},{"geometry":{"coordinates":[135.675103,35.0095314],"type":"Point"},"id":"kyoto-arashiyama:osm-node-004115946858","properties":{"data_class":"REAL","geometry_status":"SOURCE_TRACEABLE_REAL","lineage":["OpenStreetMap original node ID and coordinate","fixed-time bounded Overpass response retained as exact bytes","node retained because it is an endpoint of a retained candidate segment"],"node_id":"kyoto-arashiyama:osm-node-004115946858","retrieval_query_sha256":"b5c52b3ea7542261159b5764956aa9662673c0422b3509dc59e4866f00c14603","revision_id":"osm-2026-08-29-v1","source_class":"VGI","source_feature_id":"node/4115946858","source_id":"openstreetmap-overpass-arashiyama-20260829","source_sha256":"1cde93d68bebf633989e825cbd5ac1e772cee81508043f44beb311250a1e8013","stable_feature_id":"kyoto-arashiyama:osm-node-004115946858","topology_status":"CANDIDATE"},"type":"Feature"},{"geometry":{"coordinates":[135.6752612,35.0094037],"type":"Point"},"id":"kyoto-arashiyama:osm-node-004115946859","properties":{"data_class":"REAL","geometry_status":"SOURCE_TRACEABLE_REAL","lineage":["OpenStreetMap original node ID and coordinate","fixed-time bounded Overpass response retained as exact bytes","node retained because it is an endpoint of a retained candidate segment"],"node_id":"kyoto-arashiyama:osm-node-004115946859","retrieval_query_sha256":"b5c52b3ea7542261159b5764956aa9662673c0422b3509dc59e4866f00c14603","revision_id":"osm-2026-08-29-v1","source_class":"VGI","source_feature_id":"node/4115946859","source_id":"openstreetmap-overpass-arashiyama-20260829","source_sha256":"1cde93d68bebf633989e825cbd5ac1e772cee81508043f44beb311250a1e8013","stable_feature_id":"kyoto-arashiyama:osm-node-004115946859","topology_status":"CANDIDATE"},"type":"Feature"},{"geometry":{"coordinates":[135.6778907,35.0151133],"type":"Point"},"id":"kyoto-arashiyama:osm-node-004115953996","properties":{"data_class":"REAL","geometry_status":"SOURCE_TRACEABLE_REAL","lineage":["OpenStreetMap original node ID and coordinate","fixed-time bounded Overpass response retained as exact bytes","node retained because it is an endpoint of a retained candidate segment"],"node_id":"kyoto-arashiyama:osm-node-004115953996","retrieval_query_sha256":"b5c52b3ea7542261159b5764956aa9662673c0422b3509dc59e4866f00c14603","revision_id":"osm-2026-08-29-v1","source_class":"VGI","source_feature_id":"node/4115953996","source_id":"openstreetmap-overpass-arashiyama-20260829","source_sha256":"1cde93d68bebf633989e825cbd5ac1e772cee81508043f44beb311250a1e8013","stable_feature_id":"kyoto-arashiyama:osm-node-004115953996","topology_status":"CANDIDATE"},"type":"Feature"},{"geometry":{"coordinates":[135.6781734,35.0151928],"type":"Point"},"id":"kyoto-arashiyama:osm-node-004115953997","properties":{"data_class":"REAL","geometry_status":"SOURCE_TRACEABLE_REAL","lineage":["OpenStreetMap original node ID and coordinate","fixed-time bounded Overpass response retained as exact bytes","node retained because it is an endpoint of a retained candidate segment"],"node_id":"kyoto-arashiyama:osm-node-004115953997","retrieval_query_sha256":"b5c52b3ea7542261159b5764956aa9662673c0422b3509dc59e4866f00c14603","revision_id":"osm-2026-08-29-v1","source_class":"VGI","source_feature_id":"node/4115953997","source_id":"openstreetmap-overpass-arashiyama-20260829","source_sha256":"1cde93d68bebf633989e825cbd5ac1e772cee81508043f44beb311250a1e8013","stable_feature_id":"kyoto-arashiyama:osm-node-004115953997","topology_status":"CANDIDATE"},"type":"Feature"},{"geometry":{"coordinates":[135.6782209,35.0152086],"type":"Point"},"id":"kyoto-arashiyama:osm-node-004115953998","properties":{"data_class":"REAL","geometry_status":"SOURCE_TRACEABLE_REAL","lineage":["OpenStreetMap original node ID and coordinate","fixed-time bounded Overpass response retained as exact bytes","node retained because it is an endpoint of a retained candidate segment"],"node_id":"kyoto-arashiyama:osm-node-004115953998","retrieval_query_sha256":"b5c52b3ea7542261159b5764956aa9662673c0422b3509dc59e4866f00c14603","revision_id":"osm-2026-08-29-v1","source_class":"VGI","source_feature_id":"node/4115953998","source_id":"openstreetmap-overpass-arashiyama-20260829","source_sha256":"1cde93d68bebf633989e825cbd5ac1e772cee81508043f44beb311250a1e8013","stable_feature_id":"kyoto-arashiyama:osm-node-004115953998","topology_status":"CANDIDATE"},"type":"Feature"},{"geometry":{"coordinates":[135.6782671,35.0152254],"type":"Point"},"id":"kyoto-arashiyama:osm-node-004115953999","properties":{"data_class":"REAL","geometry_status":"SOURCE_TRACEABLE_REAL","lineage":["OpenStreetMap original node ID and coordinate","fixed-time bounded Overpass response retained as exact bytes","node retained because it is an endpoint of a retained candidate segment"],"node_id":"kyoto-arashiyama:osm-node-004115953999","retrieval_query_sha256":"b5c52b3ea7542261159b5764956aa9662673c0422b3509dc59e4866f00c14603","revision_id":"osm-2026-08-29-v1","source_class":"VGI","source_feature_id":"node/4115953999","source_id":"openstreetmap-overpass-arashiyama-20260829","source_sha256":"1cde93d68bebf633989e825cbd5ac1e772cee81508043f44beb311250a1e8013","stable_feature_id":"kyoto-arashiyama:osm-node-004115953999","topology_status":"CANDIDATE"},"type":"Feature"},{"geometry":{"coordinates":[135.6783645,35.0152444],"type":"Point"},"id":"kyoto-arashiyama:osm-node-004115954001","properties":{"data_class":"REAL","geometry_status":"SOURCE_TRACEABLE_REAL","lineage":["OpenStreetMap original node ID and coordinate","fixed-time bounded Overpass response retained as exact bytes","node retained because it is an endpoint of a retained candidate segment"],"node_id":"kyoto-arashiyama:osm-node-004115954001","retrieval_query_sha256":"b5c52b3ea7542261159b5764956aa9662673c0422b3509dc59e4866f00c14603","revision_id":"osm-2026-08-29-v1","source_class":"VGI","source_feature_id":"node/4115954001","source_id":"openstreetmap-overpass-arashiyama-20260829","source_sha256":"1cde93d68bebf633989e825cbd5ac1e772cee81508043f44beb311250a1e8013","stable_feature_id":"kyoto-arashiyama:osm-node-004115954001","topology_status":"CANDIDATE"},"type":"Feature"},{"geometry":{"coordinates":[135.678384,35.0152497],"type":"Point"},"id":"kyoto-arashiyama:osm-node-004115954002","properties":{"data_class":"REAL","geometry_status":"SOURCE_TRACEABLE_REAL","lineage":["OpenStreetMap original node ID and coordinate","fixed-time bounded Overpass response retained as exact bytes","node retained because it is an endpoint of a retained candidate segment"],"node_id":"kyoto-arashiyama:osm-node-004115954002","retrieval_query_sha256":"b5c52b3ea7542261159b5764956aa9662673c0422b3509dc59e4866f00c14603","revision_id":"osm-2026-08-29-v1","source_class":"VGI","source_feature_id":"node/4115954002","source_id":"openstreetmap-overpass-arashiyama-20260829","source_sha256":"1cde93d68bebf633989e825cbd5ac1e772cee81508043f44beb311250a1e8013","stable_feature_id":"kyoto-arashiyama:osm-node-004115954002","topology_status":"CANDIDATE"},"type":"Feature"},{"geometry":{"coordinates":[135.6783265,35.0152528],"type":"Point"},"id":"kyoto-arashiyama:osm-node-004115954003","properties":{"data_class":"REAL","geometry_status":"SOURCE_TRACEABLE_REAL","lineage":["OpenStreetMap original node ID and coordinate","fixed-time bounded Overpass response retained as exact bytes","node retained because it is an endpoint of a retained candidate segment"],"node_id":"kyoto-arashiyama:osm-node-004115954003","retrieval_query_sha256":"b5c52b3ea7542261159b5764956aa9662673c0422b3509dc59e4866f00c14603","revision_id":"osm-2026-08-29-v1","source_class":"VGI","source_feature_id":"node/4115954003","source_id":"openstreetmap-overpass-arashiyama-20260829","source_sha256":"1cde93d68bebf633989e825cbd5ac1e772cee81508043f44beb311250a1e8013","stable_feature_id":"kyoto-arashiyama:osm-node-004115954003","topology_status":"CANDIDATE"},"type":"Feature"},{"geometry":{"coordinates":[135.6784007,35.0152619],"type":"Point"},"id":"kyoto-arashiyama:osm-node-004115954009","properties":{"data_class":"REAL","geometry_status":"SOURCE_TRACEABLE_REAL","lineage":["OpenStreetMap original node ID and coordinate","fixed-time bounded Overpass response retained as exact bytes","node retained because it is an endpoint of a retained candidate segment"],"node_id":"kyoto-arashiyama:osm-node-004115954009","retrieval_query_sha256":"b5c52b3ea7542261159b5764956aa9662673c0422b3509dc59e4866f00c14603","revision_id":"osm-2026-08-29-v1","source_class":"VGI","source_feature_id":"node/4115954009","source_id":"openstreetmap-overpass-arashiyama-20260829","source_sha256":"1cde93d68bebf633989e825cbd5ac1e772cee81508043f44beb311250a1e8013","stable_feature_id":"kyoto-arashiyama:osm-node-004115954009","topology_status":"CANDIDATE"},"type":"Feature"},{"geometry":{"coordinates":[135.678409,35.0152771],"type":"Point"},"id":"kyoto-arashiyama:osm-node-004115954017","properties":{"data_class":"REAL","geometry_status":"SOURCE_TRACEABLE_REAL","lineage":["OpenStreetMap original node ID and coordinate","fixed-time bounded Overpass response retained as exact bytes","node retained because it is an endpoint of a retained candidate segment"],"node_id":"kyoto-arashiyama:osm-node-004115954017","retrieval_query_sha256":"b5c52b3ea7542261159b5764956aa9662673c0422b3509dc59e4866f00c14603","revision_id":"osm-2026-08-29-v1","source_class":"VGI","source_feature_id":"node/4115954017","source_id":"openstreetmap-overpass-arashiyama-20260829","source_sha256":"1cde93d68bebf633989e825cbd5ac1e772cee81508043f44beb311250a1e8013","stable_feature_id":"kyoto-arashiyama:osm-node-004115954017","topology_status":"CANDIDATE"},"type":"Feature"},{"geometry":{"coordinates":[135.6784109,35.0152938],"type":"Point"},"id":"kyoto-arashiyama:osm-node-004115954025","properties":{"data_class":"REAL","geometry_status":"SOURCE_TRACEABLE_REAL","lineage":["OpenStreetMap original node ID and coordinate","fixed-time bounded Overpass response retained as exact bytes","node retained because it is an endpoint of a retained candidate segment"],"node_id":"kyoto-arashiyama:osm-node-004115954025","retrieval_query_sha256":"b5c52b3ea7542261159b5764956aa9662673c0422b3509dc59e4866f00c14603","revision_id":"osm-2026-08-29-v1","source_class":"VGI","source_feature_id":"node/4115954025","source_id":"openstreetmap-overpass-arashiyama-20260829","source_sha256":"1cde93d68bebf633989e825cbd5ac1e772cee81508043f44beb311250a1e8013","stable_feature_id":"kyoto-arashiyama:osm-node-004115954025","topology_status":"CANDIDATE"},"type":"Feature"},{"geometry":{"coordinates":[135.6796375,35.0116604],"type":"Point"},"id":"kyoto-arashiyama:osm-node-004269820526","properties":{"data_class":"REAL","geometry_status":"SOURCE_TRACEABLE_REAL","lineage":["OpenStreetMap original node ID and coordinate","fixed-time bounded Overpass response retained as exact bytes","node retained because it is an endpoint of a retained candidate segment"],"node_id":"kyoto-arashiyama:osm-node-004269820526","retrieval_query_sha256":"b5c52b3ea7542261159b5764956aa9662673c0422b3509dc59e4866f00c14603","revision_id":"osm-2026-08-29-v1","source_class":"VGI","source_feature_id":"node/4269820526","source_id":"openstreetmap-overpass-arashiyama-20260829","source_sha256":"1cde93d68bebf633989e825cbd5ac1e772cee81508043f44beb311250a1e8013","stable_feature_id":"kyoto-arashiyama:osm-node-004269820526","topology_status":"CANDIDATE"},"type":"Feature"},{"geometry":{"coordinates":[135.6800804,35.0121516],"type":"Point"},"id":"kyoto-arashiyama:osm-node-004269861778","properties":{"data_class":"REAL","geometry_status":"SOURCE_TRACEABLE_REAL","lineage":["OpenStreetMap original node ID and coordinate","fixed-time bounded Overpass response retained as exact bytes","node retained because it is an endpoint of a retained candidate segment"],"node_id":"kyoto-arashiyama:osm-node-004269861778","retrieval_query_sha256":"b5c52b3ea7542261159b5764956aa9662673c0422b3509dc59e4866f00c14603","revision_id":"osm-2026-08-29-v1","source_class":"VGI","source_feature_id":"node/4269861778","source_id":"openstreetmap-overpass-arashiyama-20260829","source_sha256":"1cde93d68bebf633989e825cbd5ac1e772cee81508043f44beb311250a1e8013","stable_feature_id":"kyoto-arashiyama:osm-node-004269861778","topology_status":"CANDIDATE"},"type":"Feature"},{"geometry":{"coordinates":[135.6799316,35.0122861],"type":"Point"},"id":"kyoto-arashiyama:osm-node-004269861782","properties":{"data_class":"REAL","geometry_status":"SOURCE_TRACEABLE_REAL","lineage":["OpenStreetMap original node ID and coordinate","fixed-time bounded Overpass response retained as exact bytes","node retained because it is an endpoint of a retained candidate segment"],"node_id":"kyoto-arashiyama:osm-node-004269861782","retrieval_query_sha256":"b5c52b3ea7542261159b5764956aa9662673c0422b3509dc59e4866f00c14603","revision_id":"osm-2026-08-29-v1","source_class":"VGI","source_feature_id":"node/4269861782","source_id":"openstreetmap-overpass-arashiyama-20260829","source_sha256":"1cde93d68bebf633989e825cbd5ac1e772cee81508043f44beb311250a1e8013","stable_feature_id":"kyoto-arashiyama:osm-node-004269861782","topology_status":"CANDIDATE"},"type":"Feature"},{"geometry":{"coordinates":[135.6749596,35.0151995],"type":"Point"},"id":"kyoto-arashiyama:osm-node-004273616164","properties":{"data_class":"REAL","geometry_status":"SOURCE_TRACEABLE_REAL","lineage":["OpenStreetMap original node ID and coordinate","fixed-time bounded Overpass response retained as exact bytes","node retained because it is an endpoint of a retained candidate segment"],"node_id":"kyoto-arashiyama:osm-node-004273616164","retrieval_query_sha256":"b5c52b3ea7542261159b5764956aa9662673c0422b3509dc59e4866f00c14603","revision_id":"osm-2026-08-29-v1","source_class":"VGI","source_feature_id":"node/4273616164","source_id":"openstreetmap-overpass-arashiyama-20260829","source_sha256":"1cde93d68bebf633989e825cbd5ac1e772cee81508043f44beb311250a1e8013","stable_feature_id":"kyoto-arashiyama:osm-node-004273616164","topology_status":"CANDIDATE"},"type":"Feature"},{"geometry":{"coordinates":[135.67496,35.0152089],"type":"Point"},"id":"kyoto-arashiyama:osm-node-004273616169","properties":{"data_class":"REAL","geometry_status":"SOURCE_TRACEABLE_REAL","lineage":["OpenStreetMap original node ID and coordinate","fixed-time bounded Overpass response retained as exact bytes","node retained because it is an endpoint of a retained candidate segment"],"node_id":"kyoto-arashiyama:osm-node-004273616169","retrieval_query_sha256":"b5c52b3ea7542261159b5764956aa9662673c0422b3509dc59e4866f00c14603","revision_id":"osm-2026-08-29-v1","source_class":"VGI","source_feature_id":"node/4273616169","source_id":"openstreetmap-overpass-arashiyama-20260829","source_sha256":"1cde93d68bebf633989e825cbd5ac1e772cee81508043f44beb311250a1e8013","stable_feature_id":"kyoto-arashiyama:osm-node-004273616169","topology_status":"CANDIDATE"},"type":"Feature"},{"geometry":{"coordinates":[135.6749285,35.0152467],"type":"Point"},"id":"kyoto-arashiyama:osm-node-004273616180","properties":{"data_class":"REAL","geometry_status":"SOURCE_TRACEABLE_REAL","lineage":["OpenStreetMap original node ID and coordinate","fixed-time bounded Overpass response retained as exact bytes","node retained because it is an endpoint of a retained candidate segment"],"node_id":"kyoto-arashiyama:osm-node-004273616180","retrieval_query_sha256":"b5c52b3ea7542261159b5764956aa9662673c0422b3509dc59e4866f00c14603","revision_id":"osm-2026-08-29-v1","source_class":"VGI","source_feature_id":"node/4273616180","source_id":"openstreetmap-overpass-arashiyama-20260829","source_sha256":"1cde93d68bebf633989e825cbd5ac1e772cee81508043f44beb311250a1e8013","stable_feature_id":"kyoto-arashiyama:osm-node-004273616180","topology_status":"CANDIDATE"},"type":"Feature"},{"geometry":{"coordinates":[135.6749283,35.0152722],"type":"Point"},"id":"kyoto-arashiyama:osm-node-004273616189","properties":{"data_class":"REAL","geometry_status":"SOURCE_TRACEABLE_REAL","lineage":["OpenStreetMap original node ID and coordinate","fixed-time bounded Overpass response retained as exact bytes","node retained because it is an endpoint of a retained candidate segment"],"node_id":"kyoto-arashiyama:osm-node-004273616189","retrieval_query_sha256":"b5c52b3ea7542261159b5764956aa9662673c0422b3509dc59e4866f00c14603","revision_id":"osm-2026-08-29-v1","source_class":"VGI","source_feature_id":"node/4273616189","source_id":"openstreetmap-overpass-arashiyama-20260829","source_sha256":"1cde93d68bebf633989e825cbd5ac1e772cee81508043f44beb311250a1e8013","stable_feature_id":"kyoto-arashiyama:osm-node-004273616189","topology_status":"CANDIDATE"},"type":"Feature"},{"geometry":{"coordinates":[135.6749284,35.0152884],"type":"Point"},"id":"kyoto-arashiyama:osm-node-004273616202","properties":{"data_class":"REAL","geometry_status":"SOURCE_TRACEABLE_REAL","lineage":["OpenStreetMap original node ID and coordinate","fixed-time bounded Overpass response retained as exact bytes","node retained because it is an endpoint of a retained candidate segment"],"node_id":"kyoto-arashiyama:osm-node-004273616202","retrieval_query_sha256":"b5c52b3ea7542261159b5764956aa9662673c0422b3509dc59e4866f00c14603","revision_id":"osm-2026-08-29-v1","source_class":"VGI","source_feature_id":"node/4273616202","source_id":"openstreetmap-overpass-arashiyama-20260829","source_sha256":"1cde93d68bebf633989e825cbd5ac1e772cee81508043f44beb311250a1e8013","stable_feature_id":"kyoto-arashiyama:osm-node-004273616202","topology_status":"CANDIDATE"},"type":"Feature"},{"geometry":{"coordinates":[135.6748959,35.0152886],"type":"Point"},"id":"kyoto-arashiyama:osm-node-004273616203","properties":{"data_class":"REAL","geometry_status":"SOURCE_TRACEABLE_REAL","lineage":["OpenStreetMap original node ID and coordinate","fixed-time bounded Overpass response retained as exact bytes","node retained because it is an endpoint of a retained candidate segment"],"node_id":"kyoto-arashiyama:osm-node-004273616203","retrieval_query_sha256":"b5c52b3ea7542261159b5764956aa9662673c0422b3509dc59e4866f00c14603","revision_id":"osm-2026-08-29-v1","source_class":"VGI","source_feature_id":"node/4273616203","source_id":"openstreetmap-overpass-arashiyama-20260829","source_sha256":"1cde93d68bebf633989e825cbd5ac1e772cee81508043f44beb311250a1e8013","stable_feature_id":"kyoto-arashiyama:osm-node-004273616203","topology_status":"CANDIDATE"},"type":"Feature"},{"geometry":{"coordinates":[135.6749068,35.0152886],"type":"Point"},"id":"kyoto-arashiyama:osm-node-004273616204","properties":{"data_class":"REAL","geometry_status":"SOURCE_TRACEABLE_REAL","lineage":["OpenStreetMap original node ID and coordinate","fixed-time bounded Overpass response retained as exact bytes","node retained because it is an endpoint of a retained candidate segment"],"node_id":"kyoto-arashiyama:osm-node-004273616204","retrieval_query_sha256":"b5c52b3ea7542261159b5764956aa9662673c0422b3509dc59e4866f00c14603","revision_id":"osm-2026-08-29-v1","source_class":"VGI","source_feature_id":"node/4273616204","source_id":"openstreetmap-overpass-arashiyama-20260829","source_sha256":"1cde93d68bebf633989e825cbd5ac1e772cee81508043f44beb311250a1e8013","stable_feature_id":"kyoto-arashiyama:osm-node-004273616204","topology_status":"CANDIDATE"},"type":"Feature"},{"geometry":{"coordinates":[135.6750532,35.0152937],"type":"Point"},"id":"kyoto-arashiyama:osm-node-004273616206","properties":{"data_class":"REAL","geometry_status":"SOURCE_TRACEABLE_REAL","lineage":["OpenStreetMap original node ID and coordinate","fixed-time bounded Overpass response retained as exact bytes","node retained because it is an endpoint of a retained candidate segment"],"node_id":"kyoto-arashiyama:osm-node-004273616206","retrieval_query_sha256":"b5c52b3ea7542261159b5764956aa9662673c0422b3509dc59e4866f00c14603","revision_id":"osm-2026-08-29-v1","source_class":"VGI","source_feature_id":"node/4273616206","source_id":"openstreetmap-overpass-arashiyama-20260829","source_sha256":"1cde93d68bebf633989e825cbd5ac1e772cee81508043f44beb311250a1e8013","stable_feature_id":"kyoto-arashiyama:osm-node-004273616206","topology_status":"CANDIDATE"},"type":"Feature"},{"geometry":{"coordinates":[135.675042,35.015294],"type":"Point"},"id":"kyoto-arashiyama:osm-node-004273616207","properties":{"data_class":"REAL","geometry_status":"SOURCE_TRACEABLE_REAL","lineage":["OpenStreetMap original node ID and coordinate","fixed-time bounded Overpass response retained as exact bytes","node retained because it is an endpoint of a retained candidate segment"],"node_id":"kyoto-arashiyama:osm-node-004273616207","retrieval_query_sha256":"b5c52b3ea7542261159b5764956aa9662673c0422b3509dc59e4866f00c14603","revision_id":"osm-2026-08-29-v1","source_class":"VGI","source_feature_id":"node/4273616207","source_id":"openstreetmap-overpass-arashiyama-20260829","source_sha256":"1cde93d68bebf633989e825cbd5ac1e772cee81508043f44beb311250a1e8013","stable_feature_id":"kyoto-arashiyama:osm-node-004273616207","topology_status":"CANDIDATE"},"type":"Feature"},{"geometry":{"coordinates":[135.6749286,35.0152964],"type":"Point"},"id":"kyoto-arashiyama:osm-node-004273616208","properties":{"data_class":"REAL","geometry_status":"SOURCE_TRACEABLE_REAL","lineage":["OpenStreetMap original node ID and coordinate","fixed-time bounded Overpass response retained as exact bytes","node retained because it is an endpoint of a retained candidate segment"],"node_id":"kyoto-arashiyama:osm-node-004273616208","retrieval_query_sha256":"b5c52b3ea7542261159b5764956aa9662673c0422b3509dc59e4866f00c14603","revision_id":"osm-2026-08-29-v1","source_class":"VGI","source_feature_id":"node/4273616208","source_id":"openstreetmap-overpass-arashiyama-20260829","source_sha256":"1cde93d68bebf633989e825cbd5ac1e772cee81508043f44beb311250a1e8013","stable_feature_id":"kyoto-arashiyama:osm-node-004273616208","topology_status":"CANDIDATE"},"type":"Feature"},{"geometry":{"coordinates":[135.6754439,35.0152366],"type":"Point"},"id":"kyoto-arashiyama:osm-node-004275697363","properties":{"data_class":"REAL","geometry_status":"SOURCE_TRACEABLE_REAL","lineage":["OpenStreetMap original node ID and coordinate","fixed-time bounded Overpass response retained as exact bytes","node retained because it is an endpoint of a retained candidate segment"],"node_id":"kyoto-arashiyama:osm-node-004275697363","retrieval_query_sha256":"b5c52b3ea7542261159b5764956aa9662673c0422b3509dc59e4866f00c14603","revision_id":"osm-2026-08-29-v1","source_class":"VGI","source_feature_id":"node/4275697363","source_id":"openstreetmap-overpass-arashiyama-20260829","source_sha256":"1cde93d68bebf633989e825cbd5ac1e772cee81508043f44beb311250a1e8013","stable_feature_id":"kyoto-arashiyama:osm-node-004275697363","topology_status":"CANDIDATE"},"type":"Feature"},{"geometry":{"coordinates":[135.6753785,35.0152706],"type":"Point"},"id":"kyoto-arashiyama:osm-node-004275697369","properties":{"data_class":"REAL","geometry_status":"SOURCE_TRACEABLE_REAL","lineage":["OpenStreetMap original node ID and coordinate","fixed-time bounded Overpass response retained as exact bytes","node retained because it is an endpoint of a retained candidate segment"],"node_id":"kyoto-arashiyama:osm-node-004275697369","retrieval_query_sha256":"b5c52b3ea7542261159b5764956aa9662673c0422b3509dc59e4866f00c14603","revision_id":"osm-2026-08-29-v1","source_class":"VGI","source_feature_id":"node/4275697369","source_id":"openstreetmap-overpass-arashiyama-20260829","source_sha256":"1cde93d68bebf633989e825cbd5ac1e772cee81508043f44beb311250a1e8013","stable_feature_id":"kyoto-arashiyama:osm-node-004275697369","topology_status":"CANDIDATE"},"type":"Feature"},{"geometry":{"coordinates":[135.6753667,35.0152768],"type":"Point"},"id":"kyoto-arashiyama:osm-node-004275697370","properties":{"data_class":"REAL","geometry_status":"SOURCE_TRACEABLE_REAL","lineage":["OpenStreetMap original node ID and coordinate","fixed-time bounded Overpass response retained as exact bytes","node retained because it is an endpoint of a retained candidate segment"],"node_id":"kyoto-arashiyama:osm-node-004275697370","retrieval_query_sha256":"b5c52b3ea7542261159b5764956aa9662673c0422b3509dc59e4866f00c14603","revision_id":"osm-2026-08-29-v1","source_class":"VGI","source_feature_id":"node/4275697370","source_id":"openstreetmap-overpass-arashiyama-20260829","source_sha256":"1cde93d68bebf633989e825cbd5ac1e772cee81508043f44beb311250a1e8013","stable_feature_id":"kyoto-arashiyama:osm-node-004275697370","topology_status":"CANDIDATE"},"type":"Feature"},{"geometry":{"coordinates":[135.6758683,35.0152488],"type":"Point"},"id":"kyoto-arashiyama:osm-node-004277494649","properties":{"data_class":"REAL","geometry_status":"SOURCE_TRACEABLE_REAL","lineage":["OpenStreetMap original node ID and coordinate","fixed-time bounded Overpass response retained as exact bytes","node retained because it is an endpoint of a retained candidate segment"],"node_id":"kyoto-arashiyama:osm-node-004277494649","retrieval_query_sha256":"b5c52b3ea7542261159b5764956aa9662673c0422b3509dc59e4866f00c14603","revision_id":"osm-2026-08-29-v1","source_class":"VGI","source_feature_id":"node/4277494649","source_id":"openstreetmap-overpass-arashiyama-20260829","source_sha256":"1cde93d68bebf633989e825cbd5ac1e772cee81508043f44beb311250a1e8013","stable_feature_id":"kyoto-arashiyama:osm-node-004277494649","topology_status":"CANDIDATE"},"type":"Feature"},{"geometry":{"coordinates":[135.6757926,35.0152528],"type":"Point"},"id":"kyoto-arashiyama:osm-node-004277494652","properties":{"data_class":"REAL","geometry_status":"SOURCE_TRACEABLE_REAL","lineage":["OpenStreetMap original node ID and coordinate","fixed-time bounded Overpass response retained as exact bytes","node retained because it is an endpoint of a retained candidate segment"],"node_id":"kyoto-arashiyama:osm-node-004277494652","retrieval_query_sha256":"b5c52b3ea7542261159b5764956aa9662673c0422b3509dc59e4866f00c14603","revision_id":"osm-2026-08-29-v1","source_class":"VGI","source_feature_id":"node/4277494652","source_id":"openstreetmap-overpass-arashiyama-20260829","source_sha256":"1cde93d68bebf633989e825cbd5ac1e772cee81508043f44beb311250a1e8013","stable_feature_id":"kyoto-arashiyama:osm-node-004277494652","topology_status":"CANDIDATE"},"type":"Feature"},{"geometry":{"coordinates":[135.675783,35.0152835],"type":"Point"},"id":"kyoto-arashiyama:osm-node-004277494665","properties":{"data_class":"REAL","geometry_status":"SOURCE_TRACEABLE_REAL","lineage":["OpenStreetMap original node ID and coordinate","fixed-time bounded Overpass response retained as exact bytes","node retained because it is an endpoint of a retained candidate segment"],"node_id":"kyoto-arashiyama:osm-node-004277494665","retrieval_query_sha256":"b5c52b3ea7542261159b5764956aa9662673c0422b3509dc59e4866f00c14603","revision_id":"osm-2026-08-29-v1","source_class":"VGI","source_feature_id":"node/4277494665","source_id":"openstreetmap-overpass-arashiyama-20260829","source_sha256":"1cde93d68bebf633989e825cbd5ac1e772cee81508043f44beb311250a1e8013","stable_feature_id":"kyoto-arashiyama:osm-node-004277494665","topology_status":"CANDIDATE"},"type":"Feature"},{"geometry":{"coordinates":[135.6757597,35.0152836],"type":"Point"},"id":"kyoto-arashiyama:osm-node-004277494666","properties":{"data_class":"REAL","geometry_status":"SOURCE_TRACEABLE_REAL","lineage":["OpenStreetMap original node ID and coordinate","fixed-time bounded Overpass response retained as exact bytes","node retained because it is an endpoint of a retained candidate segment"],"node_id":"kyoto-arashiyama:osm-node-004277494666","retrieval_query_sha256":"b5c52b3ea7542261159b5764956aa9662673c0422b3509dc59e4866f00c14603","revision_id":"osm-2026-08-29-v1","source_class":"VGI","source_feature_id":"node/4277494666","source_id":"openstreetmap-overpass-arashiyama-20260829","source_sha256":"1cde93d68bebf633989e825cbd5ac1e772cee81508043f44beb311250a1e8013","stable_feature_id":"kyoto-arashiyama:osm-node-004277494666","topology_status":"CANDIDATE"},"type":"Feature"},{"geometry":{"coordinates":[135.6757923,35.015284],"type":"Point"},"id":"kyoto-arashiyama:osm-node-004277494667","properties":{"data_class":"REAL","geometry_status":"SOURCE_TRACEABLE_REAL","lineage":["OpenStreetMap original node ID and coordinate","fixed-time bounded Overpass response retained as exact bytes","node retained because it is an endpoint of a retained candidate segment"],"node_id":"kyoto-arashiyama:osm-node-004277494667","retrieval_query_sha256":"b5c52b3ea7542261159b5764956aa9662673c0422b3509dc59e4866f00c14603","revision_id":"osm-2026-08-29-v1","source_class":"VGI","source_feature_id":"node/4277494667","source_id":"openstreetmap-overpass-arashiyama-20260829","source_sha256":"1cde93d68bebf633989e825cbd5ac1e772cee81508043f44beb311250a1e8013","stable_feature_id":"kyoto-arashiyama:osm-node-004277494667","topology_status":"CANDIDATE"},"type":"Feature"},{"geometry":{"coordinates":[135.6787653,35.011792],"type":"Point"},"id":"kyoto-arashiyama:osm-node-004280069056","properties":{"data_class":"REAL","geometry_status":"SOURCE_TRACEABLE_REAL","lineage":["OpenStreetMap original node ID and coordinate","fixed-time bounded Overpass response retained as exact bytes","node retained because it is an endpoint of a retained candidate segment"],"node_id":"kyoto-arashiyama:osm-node-004280069056","retrieval_query_sha256":"b5c52b3ea7542261159b5764956aa9662673c0422b3509dc59e4866f00c14603","revision_id":"osm-2026-08-29-v1","source_class":"VGI","source_feature_id":"node/4280069056","source_id":"openstreetmap-overpass-arashiyama-20260829","source_sha256":"1cde93d68bebf633989e825cbd5ac1e772cee81508043f44beb311250a1e8013","stable_feature_id":"kyoto-arashiyama:osm-node-004280069056","topology_status":"CANDIDATE"},"type":"Feature"},{"geometry":{"coordinates":[135.67789,35.0117956],"type":"Point"},"id":"kyoto-arashiyama:osm-node-004280069058","properties":{"data_class":"REAL","geometry_status":"SOURCE_TRACEABLE_REAL","lineage":["OpenStreetMap original node ID and coordinate","fixed-time bounded Overpass response retained as exact bytes","node retained because it is an endpoint of a retained candidate segment"],"node_id":"kyoto-arashiyama:osm-node-004280069058","retrieval_query_sha256":"b5c52b3ea7542261159b5764956aa9662673c0422b3509dc59e4866f00c14603","revision_id":"osm-2026-08-29-v1","source_class":"VGI","source_feature_id":"node/4280069058","source_id":"openstreetmap-overpass-arashiyama-20260829","source_sha256":"1cde93d68bebf633989e825cbd5ac1e772cee81508043f44beb311250a1e8013","stable_feature_id":"kyoto-arashiyama:osm-node-004280069058","topology_status":"CANDIDATE"},"type":"Feature"},{"geometry":{"coordinates":[135.6778195,35.0118061],"type":"Point"},"id":"kyoto-arashiyama:osm-node-004280069060","properties":{"data_class":"REAL","geometry_status":"SOURCE_TRACEABLE_REAL","lineage":["OpenStreetMap original node ID and coordinate","fixed-time bounded Overpass response retained as exact bytes","node retained because it is an endpoint of a retained candidate segment"],"node_id":"kyoto-arashiyama:osm-node-004280069060","retrieval_query_sha256":"b5c52b3ea7542261159b5764956aa9662673c0422b3509dc59e4866f00c14603","revision_id":"osm-2026-08-29-v1","source_class":"VGI","source_feature_id":"node/4280069060","source_id":"openstreetmap-overpass-arashiyama-20260829","source_sha256":"1cde93d68bebf633989e825cbd5ac1e772cee81508043f44beb311250a1e8013","stable_feature_id":"kyoto-arashiyama:osm-node-004280069060","topology_status":"CANDIDATE"},"type":"Feature"},{"geometry":{"coordinates":[135.6788333,35.0118133],"type":"Point"},"id":"kyoto-arashiyama:osm-node-004280069063","properties":{"data_class":"REAL","geometry_status":"SOURCE_TRACEABLE_REAL","lineage":["OpenStreetMap original node ID and coordinate","fixed-time bounded Overpass response retained as exact bytes","node retained because it is an endpoint of a retained candidate segment"],"node_id":"kyoto-arashiyama:osm-node-004280069063","retrieval_query_sha256":"b5c52b3ea7542261159b5764956aa9662673c0422b3509dc59e4866f00c14603","revision_id":"osm-2026-08-29-v1","source_class":"VGI","source_feature_id":"node/4280069063","source_id":"openstreetmap-overpass-arashiyama-20260829","source_sha256":"1cde93d68bebf633989e825cbd5ac1e772cee81508043f44beb311250a1e8013","stable_feature_id":"kyoto-arashiyama:osm-node-004280069063","topology_status":"CANDIDATE"},"type":"Feature"},{"geometry":{"coordinates":[135.6781693,35.01187],"type":"Point"},"id":"kyoto-arashiyama:osm-node-004280069067","properties":{"data_class":"REAL","geometry_status":"SOURCE_TRACEABLE_REAL","lineage":["OpenStreetMap original node ID and coordinate","fixed-time bounded Overpass response retained as exact bytes","node retained because it is an endpoint of a retained candidate segment"],"node_id":"kyoto-arashiyama:osm-node-004280069067","retrieval_query_sha256":"b5c52b3ea7542261159b5764956aa9662673c0422b3509dc59e4866f00c14603","revision_id":"osm-2026-08-29-v1","source_class":"VGI","source_feature_id":"node/4280069067","source_id":"openstreetmap-overpass-arashiyama-20260829","source_sha256":"1cde93d68bebf633989e825cbd5ac1e772cee81508043f44beb311250a1e8013","stable_feature_id":"kyoto-arashiyama:osm-node-004280069067","topology_status":"CANDIDATE"},"type":"Feature"},{"geometry":{"coordinates":[135.6781953,35.0118761],"type":"Point"},"id":"kyoto-arashiyama:osm-node-004280069069","properties":{"data_class":"REAL","geometry_status":"SOURCE_TRACEABLE_REAL","lineage":["OpenStreetMap original node ID and coordinate","fixed-time bounded Overpass response retained as exact bytes","node retained because it is an endpoint of a retained candidate segment"],"node_id":"kyoto-arashiyama:osm-node-004280069069","retrieval_query_sha256":"b5c52b3ea7542261159b5764956aa9662673c0422b3509dc59e4866f00c14603","revision_id":"osm-2026-08-29-v1","source_class":"VGI","source_feature_id":"node/4280069069","source_id":"openstreetmap-overpass-arashiyama-20260829","source_sha256":"1cde93d68bebf633989e825cbd5ac1e772cee81508043f44beb311250a1e8013","stable_feature_id":"kyoto-arashiyama:osm-node-004280069069","topology_status":"CANDIDATE"},"type":"Feature"},{"geometry":{"coordinates":[135.6778075,35.0118786],"type":"Point"},"id":"kyoto-arashiyama:osm-node-004280069071","properties":{"data_class":"REAL","geometry_status":"SOURCE_TRACEABLE_REAL","lineage":["OpenStreetMap original node ID and coordinate","fixed-time bounded Overpass response retained as exact bytes","node retained because it is an endpoint of a retained candidate segment"],"node_id":"kyoto-arashiyama:osm-node-004280069071","retrieval_query_sha256":"b5c52b3ea7542261159b5764956aa9662673c0422b3509dc59e4866f00c14603","revision_id":"osm-2026-08-29-v1","source_class":"VGI","source_feature_id":"node/4280069071","source_id":"openstreetmap-overpass-arashiyama-20260829","source_sha256":"1cde93d68bebf633989e825cbd5ac1e772cee81508043f44beb311250a1e8013","stable_feature_id":"kyoto-arashiyama:osm-node-004280069071","topology_status":"CANDIDATE"},"type":"Feature"},{"geometry":{"coordinates":[135.6782912,35.011898],"type":"Point"},"id":"kyoto-arashiyama:osm-node-004280069078","properties":{"data_class":"REAL","geometry_status":"SOURCE_TRACEABLE_REAL","lineage":["OpenStreetMap original node ID and coordinate","fixed-time bounded Overpass response retained as exact bytes","node retained because it is an endpoint of a retained candidate segment"],"node_id":"kyoto-arashiyama:osm-node-004280069078","retrieval_query_sha256":"b5c52b3ea7542261159b5764956aa9662673c0422b3509dc59e4866f00c14603","revision_id":"osm-2026-08-29-v1","source_class":"VGI","source_feature_id":"node/4280069078","source_id":"openstreetmap-overpass-arashiyama-20260829","source_sha256":"1cde93d68bebf633989e825cbd5ac1e772cee81508043f44beb311250a1e8013","stable_feature_id":"kyoto-arashiyama:osm-node-004280069078","topology_status":"CANDIDATE"},"type":"Feature"},{"geometry":{"coordinates":[135.6778058,35.0119033],"type":"Point"},"id":"kyoto-arashiyama:osm-node-004280069080","properties":{"data_class":"REAL","geometry_status":"SOURCE_TRACEABLE_REAL","lineage":["OpenStreetMap original node ID and coordinate","fixed-time bounded Overpass response retained as exact bytes","node retained because it is an endpoint of a retained candidate segment"],"node_id":"kyoto-arashiyama:osm-node-004280069080","retrieval_query_sha256":"b5c52b3ea7542261159b5764956aa9662673c0422b3509dc59e4866f00c14603","revision_id":"osm-2026-08-29-v1","source_class":"VGI","source_feature_id":"node/4280069080","source_id":"openstreetmap-overpass-arashiyama-20260829","source_sha256":"1cde93d68bebf633989e825cbd5ac1e772cee81508043f44beb311250a1e8013","stable_feature_id":"kyoto-arashiyama:osm-node-004280069080","topology_status":"CANDIDATE"},"type":"Feature"},{"geometry":{"coordinates":[135.6783587,35.0119042],"type":"Point"},"id":"kyoto-arashiyama:osm-node-004280069081","properties":{"data_class":"REAL","geometry_status":"SOURCE_TRACEABLE_REAL","lineage":["OpenStreetMap original node ID and coordinate","fixed-time bounded Overpass response retained as exact bytes","node retained because it is an endpoint of a retained candidate segment"],"node_id":"kyoto-arashiyama:osm-node-004280069081","retrieval_query_sha256":"b5c52b3ea7542261159b5764956aa9662673c0422b3509dc59e4866f00c14603","revision_id":"osm-2026-08-29-v1","source_class":"VGI","source_feature_id":"node/4280069081","source_id":"openstreetmap-overpass-arashiyama-20260829","source_sha256":"1cde93d68bebf633989e825cbd5ac1e772cee81508043f44beb311250a1e8013","stable_feature_id":"kyoto-arashiyama:osm-node-004280069081","topology_status":"CANDIDATE"},"type":"Feature"},{"geometry":{"coordinates":[135.6783943,35.0119075],"type":"Point"},"id":"kyoto-arashiyama:osm-node-004280069082","properties":{"data_class":"REAL","geometry_status":"SOURCE_TRACEABLE_REAL","lineage":["OpenStreetMap original node ID and coordinate","fixed-time bounded Overpass response retained as exact bytes","node retained because it is an endpoint of a retained candidate segment"],"node_id":"kyoto-arashiyama:osm-node-004280069082","retrieval_query_sha256":"b5c52b3ea7542261159b5764956aa9662673c0422b3509dc59e4866f00c14603","revision_id":"osm-2026-08-29-v1","source_class":"VGI","source_feature_id":"node/4280069082","source_id":"openstreetmap-overpass-arashiyama-20260829","source_sha256":"1cde93d68bebf633989e825cbd5ac1e772cee81508043f44beb311250a1e8013","stable_feature_id":"kyoto-arashiyama:osm-node-004280069082","topology_status":"CANDIDATE"},"type":"Feature"},{"geometry":{"coordinates":[135.6783269,35.0119086],"type":"Point"},"id":"kyoto-arashiyama:osm-node-004280069083","properties":{"data_class":"REAL","geometry_status":"SOURCE_TRACEABLE_REAL","lineage":["OpenStreetMap original node ID and coordinate","fixed-time bounded Overpass response retained as exact bytes","node retained because it is an endpoint of a retained candidate segment"],"node_id":"kyoto-arashiyama:osm-node-004280069083","retrieval_query_sha256":"b5c52b3ea7542261159b5764956aa9662673c0422b3509dc59e4866f00c14603","revision_id":"osm-2026-08-29-v1","source_class":"VGI","source_feature_id":"node/4280069083","source_id":"openstreetmap-overpass-arashiyama-20260829","source_sha256":"1cde93d68bebf633989e825cbd5ac1e772cee81508043f44beb311250a1e8013","stable_feature_id":"kyoto-arashiyama:osm-node-004280069083","topology_status":"CANDIDATE"},"type":"Feature"},{"geometry":{"coordinates":[135.6781569,35.0119115],"type":"Point"},"id":"kyoto-arashiyama:osm-node-004280069086","properties":{"data_class":"REAL","geometry_status":"SOURCE_TRACEABLE_REAL","lineage":["OpenStreetMap original node ID and coordinate","fixed-time bounded Overpass response retained as exact bytes","node retained because it is an endpoint of a retained candidate segment"],"node_id":"kyoto-arashiyama:osm-node-004280069086","retrieval_query_sha256":"b5c52b3ea7542261159b5764956aa9662673c0422b3509dc59e4866f00c14603","revision_id":"osm-2026-08-29-v1","source_class":"VGI","source_feature_id":"node/4280069086","source_id":"openstreetmap-overpass-arashiyama-20260829","source_sha256":"1cde93d68bebf633989e825cbd5ac1e772cee81508043f44beb311250a1e8013","stable_feature_id":"kyoto-arashiyama:osm-node-004280069086","topology_status":"CANDIDATE"},"type":"Feature"},{"geometry":{"coordinates":[135.6782989,35.0119165],"type":"Point"},"id":"kyoto-arashiyama:osm-node-004280069087","properties":{"data_class":"REAL","geometry_status":"SOURCE_TRACEABLE_REAL","lineage":["OpenStreetMap original node ID and coordinate","fixed-time bounded Overpass response retained as exact bytes","node retained because it is an endpoint of a retained candidate segment"],"node_id":"kyoto-arashiyama:osm-node-004280069087","retrieval_query_sha256":"b5c52b3ea7542261159b5764956aa9662673c0422b3509dc59e4866f00c14603","revision_id":"osm-2026-08-29-v1","source_class":"VGI","source_feature_id":"node/4280069087","source_id":"openstreetmap-overpass-arashiyama-20260829","source_sha256":"1cde93d68bebf633989e825cbd5ac1e772cee81508043f44beb311250a1e8013","stable_feature_id":"kyoto-arashiyama:osm-node-004280069087","topology_status":"CANDIDATE"},"type":"Feature"},{"geometry":{"coordinates":[135.6781331,35.0119225],"type":"Point"},"id":"kyoto-arashiyama:osm-node-004280071792","properties":{"data_class":"REAL","geometry_status":"SOURCE_TRACEABLE_REAL","lineage":["OpenStreetMap original node ID and coordinate","fixed-time bounded Overpass response retained as exact bytes","node retained because it is an endpoint of a retained candidate segment"],"node_id":"kyoto-arashiyama:osm-node-004280071792","retrieval_query_sha256":"b5c52b3ea7542261159b5764956aa9662673c0422b3509dc59e4866f00c14603","revision_id":"osm-2026-08-29-v1","source_class":"VGI","source_feature_id":"node/4280071792","source_id":"openstreetmap-overpass-arashiyama-20260829","source_sha256":"1cde93d68bebf633989e825cbd5ac1e772cee81508043f44beb311250a1e8013","stable_feature_id":"kyoto-arashiyama:osm-node-004280071792","topology_status":"CANDIDATE"},"type":"Feature"},{"geometry":{"coordinates":[135.6784293,35.0119242],"type":"Point"},"id":"kyoto-arashiyama:osm-node-004280071793","properties":{"data_class":"REAL","geometry_status":"SOURCE_TRACEABLE_REAL","lineage":["OpenStreetMap original node ID and coordinate","fixed-time bounded Overpass response retained as exact bytes","node retained because it is an endpoint of a retained candidate segment"],"node_id":"kyoto-arashiyama:osm-node-004280071793","retrieval_query_sha256":"b5c52b3ea7542261159b5764956aa9662673c0422b3509dc59e4866f00c14603","revision_id":"osm-2026-08-29-v1","source_class":"VGI","source_feature_id":"node/4280071793","source_id":"openstreetmap-overpass-arashiyama-20260829","source_sha256":"1cde93d68bebf633989e825cbd5ac1e772cee81508043f44beb311250a1e8013","stable_feature_id":"kyoto-arashiyama:osm-node-004280071793","topology_status":"CANDIDATE"},"type":"Feature"},{"geometry":{"coordinates":[135.6781056,35.0119321],"type":"Point"},"id":"kyoto-arashiyama:osm-node-004280071797","properties":{"data_class":"REAL","geometry_status":"SOURCE_TRACEABLE_REAL","lineage":["OpenStreetMap original node ID and coordinate","fixed-time bounded Overpass response retained as exact bytes","node retained because it is an endpoint of a retained candidate segment"],"node_id":"kyoto-arashiyama:osm-node-004280071797","retrieval_query_sha256":"b5c52b3ea7542261159b5764956aa9662673c0422b3509dc59e4866f00c14603","revision_id":"osm-2026-08-29-v1","source_class":"VGI","source_feature_id":"node/4280071797","source_id":"openstreetmap-overpass-arashiyama-20260829","source_sha256":"1cde93d68bebf633989e825cbd5ac1e772cee81508043f44beb311250a1e8013","stable_feature_id":"kyoto-arashiyama:osm-node-004280071797","topology_status":"CANDIDATE"},"type":"Feature"},{"geometry":{"coordinates":[135.6778093,35.0119338],"type":"Point"},"id":"kyoto-arashiyama:osm-node-004280071800","properties":{"data_class":"REAL","geometry_status":"SOURCE_TRACEABLE_REAL","lineage":["OpenStreetMap original node ID and coordinate","fixed-time bounded Overpass response retained as exact bytes","node retained because it is an endpoint of a retained candidate segment"],"node_id":"kyoto-arashiyama:osm-node-004280071800","retrieval_query_sha256":"b5c52b3ea7542261159b5764956aa9662673c0422b3509dc59e4866f00c14603","revision_id":"osm-2026-08-29-v1","source_class":"VGI","source_feature_id":"node/4280071800","source_id":"openstreetmap-overpass-arashiyama-20260829","source_sha256":"1cde93d68bebf633989e825cbd5ac1e772cee81508043f44beb311250a1e8013","stable_feature_id":"kyoto-arashiyama:osm-node-004280071800","topology_status":"CANDIDATE"},"type":"Feature"},{"geometry":{"coordinates":[135.6779494,35.0119348],"type":"Point"},"id":"kyoto-arashiyama:osm-node-004280071802","properties":{"data_class":"REAL","geometry_status":"SOURCE_TRACEABLE_REAL","lineage":["OpenStreetMap original node ID and coordinate","fixed-time bounded Overpass response retained as exact bytes","node retained because it is an endpoint of a retained candidate segment"],"node_id":"kyoto-arashiyama:osm-node-004280071802","retrieval_query_sha256":"b5c52b3ea7542261159b5764956aa9662673c0422b3509dc59e4866f00c14603","revision_id":"osm-2026-08-29-v1","source_class":"VGI","source_feature_id":"node/4280071802","source_id":"openstreetmap-overpass-arashiyama-20260829","source_sha256":"1cde93d68bebf633989e825cbd5ac1e772cee81508043f44beb311250a1e8013","stable_feature_id":"kyoto-arashiyama:osm-node-004280071802","topology_status":"CANDIDATE"},"type":"Feature"},{"geometry":{"coordinates":[135.6783089,35.0119414],"type":"Point"},"id":"kyoto-arashiyama:osm-node-004280071803","properties":{"data_class":"REAL","geometry_status":"SOURCE_TRACEABLE_REAL","lineage":["OpenStreetMap original node ID and coordinate","fixed-time bounded Overpass response retained as exact bytes","node retained because it is an endpoint of a retained candidate segment"],"node_id":"kyoto-arashiyama:osm-node-004280071803","retrieval_query_sha256":"b5c52b3ea7542261159b5764956aa9662673c0422b3509dc59e4866f00c14603","revision_id":"osm-2026-08-29-v1","source_class":"VGI","source_feature_id":"node/4280071803","source_id":"openstreetmap-overpass-arashiyama-20260829","source_sha256":"1cde93d68bebf633989e825cbd5ac1e772cee81508043f44beb311250a1e8013","stable_feature_id":"kyoto-arashiyama:osm-node-004280071803","topology_status":"CANDIDATE"},"type":"Feature"},{"geometry":{"coordinates":[135.678063,35.0119472],"type":"Point"},"id":"kyoto-arashiyama:osm-node-004280071808","properties":{"data_class":"REAL","geometry_status":"SOURCE_TRACEABLE_REAL","lineage":["OpenStreetMap original node ID and coordinate","fixed-time bounded Overpass response retained as exact bytes","node retained because it is an endpoint of a retained candidate segment"],"node_id":"kyoto-arashiyama:osm-node-004280071808","retrieval_query_sha256":"b5c52b3ea7542261159b5764956aa9662673c0422b3509dc59e4866f00c14603","revision_id":"osm-2026-08-29-v1","source_class":"VGI","source_feature_id":"node/4280071808","source_id":"openstreetmap-overpass-arashiyama-20260829","source_sha256":"1cde93d68bebf633989e825cbd5ac1e772cee81508043f44beb311250a1e8013","stable_feature_id":"kyoto-arashiyama:osm-node-004280071808","topology_status":"CANDIDATE"},"type":"Feature"},{"geometry":{"coordinates":[135.6784506,35.0119472],"type":"Point"},"id":"kyoto-arashiyama:osm-node-004280071809","properties":{"data_class":"REAL","geometry_status":"SOURCE_TRACEABLE_REAL","lineage":["OpenStreetMap original node ID and coordinate","fixed-time bounded Overpass response retained as exact bytes","node retained because it is an endpoint of a retained candidate segment"],"node_id":"kyoto-arashiyama:osm-node-004280071809","retrieval_query_sha256":"b5c52b3ea7542261159b5764956aa9662673c0422b3509dc59e4866f00c14603","revision_id":"osm-2026-08-29-v1","source_class":"VGI","source_feature_id":"node/4280071809","source_id":"openstreetmap-overpass-arashiyama-20260829","source_sha256":"1cde93d68bebf633989e825cbd5ac1e772cee81508043f44beb311250a1e8013","stable_feature_id":"kyoto-arashiyama:osm-node-004280071809","topology_status":"CANDIDATE"},"type":"Feature"},{"geometry":{"coordinates":[135.6779759,35.0119477],"type":"Point"},"id":"kyoto-arashiyama:osm-node-004280071810","properties":{"data_class":"REAL","geometry_status":"SOURCE_TRACEABLE_REAL","lineage":["OpenStreetMap original node ID and coordinate","fixed-time bounded Overpass response retained as exact bytes","node retained because it is an endpoint of a retained candidate segment"],"node_id":"kyoto-arashiyama:osm-node-004280071810","retrieval_query_sha256":"b5c52b3ea7542261159b5764956aa9662673c0422b3509dc59e4866f00c14603","revision_id":"osm-2026-08-29-v1","source_class":"VGI","source_feature_id":"node/4280071810","source_id":"openstreetmap-overpass-arashiyama-20260829","source_sha256":"1cde93d68bebf633989e825cbd5ac1e772cee81508043f44beb311250a1e8013","stable_feature_id":"kyoto-arashiyama:osm-node-004280071810","topology_status":"CANDIDATE"},"type":"Feature"},{"geometry":{"coordinates":[135.6780345,35.0119538],"type":"Point"},"id":"kyoto-arashiyama:osm-node-004280071814","properties":{"data_class":"REAL","geometry_status":"SOURCE_TRACEABLE_REAL","lineage":["OpenStreetMap original node ID and coordinate","fixed-time bounded Overpass response retained as exact bytes","node retained because it is an endpoint of a retained candidate segment"],"node_id":"kyoto-arashiyama:osm-node-004280071814","retrieval_query_sha256":"b5c52b3ea7542261159b5764956aa9662673c0422b3509dc59e4866f00c14603","revision_id":"osm-2026-08-29-v1","source_class":"VGI","source_feature_id":"node/4280071814","source_id":"openstreetmap-overpass-arashiyama-20260829","source_sha256":"1cde93d68bebf633989e825cbd5ac1e772cee81508043f44beb311250a1e8013","stable_feature_id":"kyoto-arashiyama:osm-node-004280071814","topology_status":"CANDIDATE"},"type":"Feature"},{"geometry":{"coordinates":[135.6778186,35.0119554],"type":"Point"},"id":"kyoto-arashiyama:osm-node-004280071816","properties":{"data_class":"REAL","geometry_status":"SOURCE_TRACEABLE_REAL","lineage":["OpenStreetMap original node ID and coordinate","fixed-time bounded Overpass response retained as exact bytes","node retained because it is an endpoint of a retained candidate segment"],"node_id":"kyoto-arashiyama:osm-node-004280071816","retrieval_query_sha256":"b5c52b3ea7542261159b5764956aa9662673c0422b3509dc59e4866f00c14603","revision_id":"osm-2026-08-29-v1","source_class":"VGI","source_feature_id":"node/4280071816","source_id":"openstreetmap-overpass-arashiyama-20260829","source_sha256":"1cde93d68bebf633989e825cbd5ac1e772cee81508043f44beb311250a1e8013","stable_feature_id":"kyoto-arashiyama:osm-node-004280071816","topology_status":"CANDIDATE"},"type":"Feature"},{"geometry":{"coordinates":[135.678006,35.0119557],"type":"Point"},"id":"kyoto-arashiyama:osm-node-004280071817","properties":{"data_class":"REAL","geometry_status":"SOURCE_TRACEABLE_REAL","lineage":["OpenStreetMap original node ID and coordinate","fixed-time bounded Overpass response retained as exact bytes","node retained because it is an endpoint of a retained candidate segment"],"node_id":"kyoto-arashiyama:osm-node-004280071817","retrieval_query_sha256":"b5c52b3ea7542261159b5764956aa9662673c0422b3509dc59e4866f00c14603","revision_id":"osm-2026-08-29-v1","source_class":"VGI","source_feature_id":"node/4280071817","source_id":"openstreetmap-overpass-arashiyama-20260829","source_sha256":"1cde93d68bebf633989e825cbd5ac1e772cee81508043f44beb311250a1e8013","stable_feature_id":"kyoto-arashiyama:osm-node-004280071817","topology_status":"CANDIDATE"},"type":"Feature"},{"geometry":{"coordinates":[135.6782965,35.0119637],"type":"Point"},"id":"kyoto-arashiyama:osm-node-004280071819","properties":{"data_class":"REAL","geometry_status":"SOURCE_TRACEABLE_REAL","lineage":["OpenStreetMap original node ID and coordinate","fixed-time bounded Overpass response retained as exact bytes","node retained because it is an endpoint of a retained candidate segment"],"node_id":"kyoto-arashiyama:osm-node-004280071819","retrieval_query_sha256":"b5c52b3ea7542261159b5764956aa9662673c0422b3509dc59e4866f00c14603","revision_id":"osm-2026-08-29-v1","source_class":"VGI","source_feature_id":"node/4280071819","source_id":"openstreetmap-overpass-arashiyama-20260829","source_sha256":"1cde93d68bebf633989e825cbd5ac1e772cee81508043f44beb311250a1e8013","stable_feature_id":"kyoto-arashiyama:osm-node-004280071819","topology_status":"CANDIDATE"},"type":"Feature"},{"geometry":{"coordinates":[135.6778376,35.0119714],"type":"Point"},"id":"kyoto-arashiyama:osm-node-004280071822","properties":{"data_class":"REAL","geometry_status":"SOURCE_TRACEABLE_REAL","lineage":["OpenStreetMap original node ID and coordinate","fixed-time bounded Overpass response retained as exact bytes","node retained because it is an endpoint of a retained candidate segment"],"node_id":"kyoto-arashiyama:osm-node-004280071822","retrieval_query_sha256":"b5c52b3ea7542261159b5764956aa9662673c0422b3509dc59e4866f00c14603","revision_id":"osm-2026-08-29-v1","source_class":"VGI","source_feature_id":"node/4280071822","source_id":"openstreetmap-overpass-arashiyama-20260829","source_sha256":"1cde93d68bebf633989e825cbd5ac1e772cee81508043f44beb311250a1e8013","stable_feature_id":"kyoto-arashiyama:osm-node-004280071822","topology_status":"CANDIDATE"},"type":"Feature"},{"geometry":{"coordinates":[135.677882,35.0119746],"type":"Point"},"id":"kyoto-arashiyama:osm-node-004280071824","properties":{"data_class":"REAL","geometry_status":"SOURCE_TRACEABLE_REAL","lineage":["OpenStreetMap original node ID and coordinate","fixed-time bounded Overpass response retained as exact bytes","node retained because it is an endpoint of a retained candidate segment"],"node_id":"kyoto-arashiyama:osm-node-004280071824","retrieval_query_sha256":"b5c52b3ea7542261159b5764956aa9662673c0422b3509dc59e4866f00c14603","revision_id":"osm-2026-08-29-v1","source_class":"VGI","source_feature_id":"node/4280071824","source_id":"openstreetmap-overpass-arashiyama-20260829","source_sha256":"1cde93d68bebf633989e825cbd5ac1e772cee81508043f44beb311250a1e8013","stable_feature_id":"kyoto-arashiyama:osm-node-004280071824","topology_status":"CANDIDATE"},"type":"Feature"},{"geometry":{"coordinates":[135.6778594,35.0119754],"type":"Point"},"id":"kyoto-arashiyama:osm-node-004280071825","properties":{"data_class":"REAL","geometry_status":"SOURCE_TRACEABLE_REAL","lineage":["OpenStreetMap original node ID and coordinate","fixed-time bounded Overpass response retained as exact bytes","node retained because it is an endpoint of a retained candidate segment"],"node_id":"kyoto-arashiyama:osm-node-004280071825","retrieval_query_sha256":"b5c52b3ea7542261159b5764956aa9662673c0422b3509dc59e4866f00c14603","revision_id":"osm-2026-08-29-v1","source_class":"VGI","source_feature_id":"node/4280071825","source_id":"openstreetmap-overpass-arashiyama-20260829","source_sha256":"1cde93d68bebf633989e825cbd5ac1e772cee81508043f44beb311250a1e8013","stable_feature_id":"kyoto-arashiyama:osm-node-004280071825","topology_status":"CANDIDATE"},"type":"Feature"},{"geometry":{"coordinates":[135.6791964,35.0119809],"type":"Point"},"id":"kyoto-arashiyama:osm-node-004280071828","properties":{"data_class":"REAL","geometry_status":"SOURCE_TRACEABLE_REAL","lineage":["OpenStreetMap original node ID and coordinate","fixed-time bounded Overpass response retained as exact bytes","node retained because it is an endpoint of a retained candidate segment"],"node_id":"kyoto-arashiyama:osm-node-004280071828","retrieval_query_sha256":"b5c52b3ea7542261159b5764956aa9662673c0422b3509dc59e4866f00c14603","revision_id":"osm-2026-08-29-v1","source_class":"VGI","source_feature_id":"node/4280071828","source_id":"openstreetmap-overpass-arashiyama-20260829","source_sha256":"1cde93d68bebf633989e825cbd5ac1e772cee81508043f44beb311250a1e8013","stable_feature_id":"kyoto-arashiyama:osm-node-004280071828","topology_status":"CANDIDATE"},"type":"Feature"},{"geometry":{"coordinates":[135.6784442,35.0119837],"type":"Point"},"id":"kyoto-arashiyama:osm-node-004280071829","properties":{"data_class":"REAL","geometry_status":"SOURCE_TRACEABLE_REAL","lineage":["OpenStreetMap original node ID and coordinate","fixed-time bounded Overpass response retained as exact bytes","node retained because it is an endpoint of a retained candidate segment"],"node_id":"kyoto-arashiyama:osm-node-004280071829","retrieval_query_sha256":"b5c52b3ea7542261159b5764956aa9662673c0422b3509dc59e4866f00c14603","revision_id":"osm-2026-08-29-v1","source_class":"VGI","source_feature_id":"node/4280071829","source_id":"openstreetmap-overpass-arashiyama-20260829","source_sha256":"1cde93d68bebf633989e825cbd5ac1e772cee81508043f44beb311250a1e8013","stable_feature_id":"kyoto-arashiyama:osm-node-004280071829","topology_status":"CANDIDATE"},"type":"Feature"},{"geometry":{"coordinates":[135.6784593,35.0119843],"type":"Point"},"id":"kyoto-arashiyama:osm-node-004280071830","properties":{"data_class":"REAL","geometry_status":"SOURCE_TRACEABLE_REAL","lineage":["OpenStreetMap original node ID and coordinate","fixed-time bounded Overpass response retained as exact bytes","node retained because it is an endpoint of a retained candidate segment"],"node_id":"kyoto-arashiyama:osm-node-004280071830","retrieval_query_sha256":"b5c52b3ea7542261159b5764956aa9662673c0422b3509dc59e4866f00c14603","revision_id":"osm-2026-08-29-v1","source_class":"VGI","source_feature_id":"node/4280071830","source_id":"openstreetmap-overpass-arashiyama-20260829","source_sha256":"1cde93d68bebf633989e825cbd5ac1e772cee81508043f44beb311250a1e8013","stable_feature_id":"kyoto-arashiyama:osm-node-004280071830","topology_status":"CANDIDATE"},"type":"Feature"},{"geometry":{"coordinates":[135.6778947,35.0119863],"type":"Point"},"id":"kyoto-arashiyama:osm-node-004280071831","properties":{"data_class":"REAL","geometry_status":"SOURCE_TRACEABLE_REAL","lineage":["OpenStreetMap original node ID and coordinate","fixed-time bounded Overpass response retained as exact bytes","node retained because it is an endpoint of a retained candidate segment"],"node_id":"kyoto-arashiyama:osm-node-004280071831","retrieval_query_sha256":"b5c52b3ea7542261159b5764956aa9662673c0422b3509dc59e4866f00c14603","revision_id":"osm-2026-08-29-v1","source_class":"VGI","source_feature_id":"node/4280071831","source_id":"openstreetmap-overpass-arashiyama-20260829","source_sha256":"1cde93d68bebf633989e825cbd5ac1e772cee81508043f44beb311250a1e8013","stable_feature_id":"kyoto-arashiyama:osm-node-004280071831","topology_status":"CANDIDATE"},"type":"Feature"},{"geometry":{"coordinates":[135.6782939,35.0119878],"type":"Point"},"id":"kyoto-arashiyama:osm-node-004280071834","properties":{"data_class":"REAL","geometry_status":"SOURCE_TRACEABLE_REAL","lineage":["OpenStreetMap original node ID and coordinate","fixed-time bounded Overpass response retained as exact bytes","node retained because it is an endpoint of a retained candidate segment"],"node_id":"kyoto-arashiyama:osm-node-004280071834","retrieval_query_sha256":"b5c52b3ea7542261159b5764956aa9662673c0422b3509dc59e4866f00c14603","revision_id":"osm-2026-08-29-v1","source_class":"VGI","source_feature_id":"node/4280071834","source_id":"openstreetmap-overpass-arashiyama-20260829","source_sha256":"1cde93d68bebf633989e825cbd5ac1e772cee81508043f44beb311250a1e8013","stable_feature_id":"kyoto-arashiyama:osm-node-004280071834","topology_status":"CANDIDATE"},"type":"Feature"},{"geometry":{"coordinates":[135.6784421,35.0119988],"type":"Point"},"id":"kyoto-arashiyama:osm-node-004280071837","properties":{"data_class":"REAL","geometry_status":"SOURCE_TRACEABLE_REAL","lineage":["OpenStreetMap original node ID and coordinate","fixed-time bounded Overpass response retained as exact bytes","node retained because it is an endpoint of a retained candidate segment"],"node_id":"kyoto-arashiyama:osm-node-004280071837","retrieval_query_sha256":"b5c52b3ea7542261159b5764956aa9662673c0422b3509dc59e4866f00c14603","revision_id":"osm-2026-08-29-v1","source_class":"VGI","source_feature_id":"node/4280071837","source_id":"openstreetmap-overpass-arashiyama-20260829","source_sha256":"1cde93d68bebf633989e825cbd5ac1e772cee81508043f44beb311250a1e8013","stable_feature_id":"kyoto-arashiyama:osm-node-004280071837","topology_status":"CANDIDATE"},"type":"Feature"},{"geometry":{"coordinates":[135.6779056,35.0120025],"type":"Point"},"id":"kyoto-arashiyama:osm-node-004280071839","properties":{"data_class":"REAL","geometry_status":"SOURCE_TRACEABLE_REAL","lineage":["OpenStreetMap original node ID and coordinate","fixed-time bounded Overpass response retained as exact bytes","node retained because it is an endpoint of a retained candidate segment"],"node_id":"kyoto-arashiyama:osm-node-004280071839","retrieval_query_sha256":"b5c52b3ea7542261159b5764956aa9662673c0422b3509dc59e4866f00c14603","revision_id":"osm-2026-08-29-v1","source_class":"VGI","source_feature_id":"node/4280071839","source_id":"openstreetmap-overpass-arashiyama-20260829","source_sha256":"1cde93d68bebf633989e825cbd5ac1e772cee81508043f44beb311250a1e8013","stable_feature_id":"kyoto-arashiyama:osm-node-004280071839","topology_status":"CANDIDATE"},"type":"Feature"},{"geometry":{"coordinates":[135.6783027,35.0120109],"type":"Point"},"id":"kyoto-arashiyama:osm-node-004280071840","properties":{"data_class":"REAL","geometry_status":"SOURCE_TRACEABLE_REAL","lineage":["OpenStreetMap original node ID and coordinate","fixed-time bounded Overpass response retained as exact bytes","node retained because it is an endpoint of a retained candidate segment"],"node_id":"kyoto-arashiyama:osm-node-004280071840","retrieval_query_sha256":"b5c52b3ea7542261159b5764956aa9662673c0422b3509dc59e4866f00c14603","revision_id":"osm-2026-08-29-v1","source_class":"VGI","source_feature_id":"node/4280071840","source_id":"openstreetmap-overpass-arashiyama-20260829","source_sha256":"1cde93d68bebf633989e825cbd5ac1e772cee81508043f44beb311250a1e8013","stable_feature_id":"kyoto-arashiyama:osm-node-004280071840","topology_status":"CANDIDATE"},"type":"Feature"},{"geometry":{"coordinates":[135.6784283,35.0120203],"type":"Point"},"id":"kyoto-arashiyama:osm-node-004280071841","properties":{"data_class":"REAL","geometry_status":"SOURCE_TRACEABLE_REAL","lineage":["OpenStreetMap original node ID and coordinate","fixed-time bounded Overpass response retained as exact bytes","node retained because it is an endpoint of a retained candidate segment"],"node_id":"kyoto-arashiyama:osm-node-004280071841","retrieval_query_sha256":"b5c52b3ea7542261159b5764956aa9662673c0422b3509dc59e4866f00c14603","revision_id":"osm-2026-08-29-v1","source_class":"VGI","source_feature_id":"node/4280071841","source_id":"openstreetmap-overpass-arashiyama-20260829","source_sha256":"1cde93d68bebf633989e825cbd5ac1e772cee81508043f44beb311250a1e8013","stable_feature_id":"kyoto-arashiyama:osm-node-004280071841","topology_status":"CANDIDATE"},"type":"Feature"},{"geometry":{"coordinates":[135.6783216,35.0120296],"type":"Point"},"id":"kyoto-arashiyama:osm-node-004280071843","properties":{"data_class":"REAL","geometry_status":"SOURCE_TRACEABLE_REAL","lineage":["OpenStreetMap original node ID and coordinate","fixed-time bounded Overpass response retained as exact bytes","node retained because it is an endpoint of a retained candidate segment"],"node_id":"kyoto-arashiyama:osm-node-004280071843","retrieval_query_sha256":"b5c52b3ea7542261159b5764956aa9662673c0422b3509dc59e4866f00c14603","revision_id":"osm-2026-08-29-v1","source_class":"VGI","source_feature_id":"node/4280071843","source_id":"openstreetmap-overpass-arashiyama-20260829","source_sha256":"1cde93d68bebf633989e825cbd5ac1e772cee81508043f44beb311250a1e8013","stable_feature_id":"kyoto-arashiyama:osm-node-004280071843","topology_status":"CANDIDATE"},"type":"Feature"},{"geometry":{"coordinates":[135.6777269,35.0120296],"type":"Point"},"id":"kyoto-arashiyama:osm-node-004280071844","properties":{"data_class":"REAL","geometry_status":"SOURCE_TRACEABLE_REAL","lineage":["OpenStreetMap original node ID and coordinate","fixed-time bounded Overpass response retained as exact bytes","node retained because it is an endpoint of a retained candidate segment"],"node_id":"kyoto-arashiyama:osm-node-004280071844","retrieval_query_sha256":"b5c52b3ea7542261159b5764956aa9662673c0422b3509dc59e4866f00c14603","revision_id":"osm-2026-08-29-v1","source_class":"VGI","source_feature_id":"node/4280071844","source_id":"openstreetmap-overpass-arashiyama-20260829","source_sha256":"1cde93d68bebf633989e825cbd5ac1e772cee81508043f44beb311250a1e8013","stable_feature_id":"kyoto-arashiyama:osm-node-004280071844","topology_status":"CANDIDATE"},"type":"Feature"},{"geometry":{"coordinates":[135.6791705,35.0120349],"type":"Point"},"id":"kyoto-arashiyama:osm-node-004280071846","properties":{"data_class":"REAL","geometry_status":"SOURCE_TRACEABLE_REAL","lineage":["OpenStreetMap original node ID and coordinate","fixed-time bounded Overpass response retained as exact bytes","node retained because it is an endpoint of a retained candidate segment"],"node_id":"kyoto-arashiyama:osm-node-004280071846","retrieval_query_sha256":"b5c52b3ea7542261159b5764956aa9662673c0422b3509dc59e4866f00c14603","revision_id":"osm-2026-08-29-v1","source_class":"VGI","source_feature_id":"node/4280071846","source_id":"openstreetmap-overpass-arashiyama-20260829","source_sha256":"1cde93d68bebf633989e825cbd5ac1e772cee81508043f44beb311250a1e8013","stable_feature_id":"kyoto-arashiyama:osm-node-004280071846","topology_status":"CANDIDATE"},"type":"Feature"},{"geometry":{"coordinates":[135.6784056,35.0120358],"type":"Point"},"id":"kyoto-arashiyama:osm-node-004280071847","properties":{"data_class":"REAL","geometry_status":"SOURCE_TRACEABLE_REAL","lineage":["OpenStreetMap original node ID and coordinate","fixed-time bounded Overpass response retained as exact bytes","node retained because it is an endpoint of a retained candidate segment"],"node_id":"kyoto-arashiyama:osm-node-004280071847","retrieval_query_sha256":"b5c52b3ea7542261159b5764956aa9662673c0422b3509dc59e4866f00c14603","revision_id":"osm-2026-08-29-v1","source_class":"VGI","source_feature_id":"node/4280071847","source_id":"openstreetmap-overpass-arashiyama-20260829","source_sha256":"1cde93d68bebf633989e825cbd5ac1e772cee81508043f44beb311250a1e8013","stable_feature_id":"kyoto-arashiyama:osm-node-004280071847","topology_status":"CANDIDATE"},"type":"Feature"},{"geometry":{"coordinates":[135.6786276,35.0120395],"type":"Point"},"id":"kyoto-arashiyama:osm-node-004280071848","properties":{"data_class":"REAL","geometry_status":"SOURCE_TRACEABLE_REAL","lineage":["OpenStreetMap original node ID and coordinate","fixed-time bounded Overpass response retained as exact bytes","node retained because it is an endpoint of a retained candidate segment"],"node_id":"kyoto-arashiyama:osm-node-004280071848","retrieval_query_sha256":"b5c52b3ea7542261159b5764956aa9662673c0422b3509dc59e4866f00c14603","revision_id":"osm-2026-08-29-v1","source_class":"VGI","source_feature_id":"node/4280071848","source_id":"openstreetmap-overpass-arashiyama-20260829","source_sha256":"1cde93d68bebf633989e825cbd5ac1e772cee81508043f44beb311250a1e8013","stable_feature_id":"kyoto-arashiyama:osm-node-004280071848","topology_status":"CANDIDATE"},"type":"Feature"},{"geometry":{"coordinates":[135.6783478,35.0120408],"type":"Point"},"id":"kyoto-arashiyama:osm-node-004280071851","properties":{"data_class":"REAL","geometry_status":"SOURCE_TRACEABLE_REAL","lineage":["OpenStreetMap original node ID and coordinate","fixed-time bounded Overpass response retained as exact bytes","node retained because it is an endpoint of a retained candidate segment"],"node_id":"kyoto-arashiyama:osm-node-004280071851","retrieval_query_sha256":"b5c52b3ea7542261159b5764956aa9662673c0422b3509dc59e4866f00c14603","revision_id":"osm-2026-08-29-v1","source_class":"VGI","source_feature_id":"node/4280071851","source_id":"openstreetmap-overpass-arashiyama-20260829","source_sha256":"1cde93d68bebf633989e825cbd5ac1e772cee81508043f44beb311250a1e8013","stable_feature_id":"kyoto-arashiyama:osm-node-004280071851","topology_status":"CANDIDATE"},"type":"Feature"},{"geometry":{"coordinates":[135.6783773,35.012043],"type":"Point"},"id":"kyoto-arashiyama:osm-node-004280071854","properties":{"data_class":"REAL","geometry_status":"SOURCE_TRACEABLE_REAL","lineage":["OpenStreetMap original node ID and coordinate","fixed-time bounded Overpass response retained as exact bytes","node retained because it is an endpoint of a retained candidate segment"],"node_id":"kyoto-arashiyama:osm-node-004280071854","retrieval_query_sha256":"b5c52b3ea7542261159b5764956aa9662673c0422b3509dc59e4866f00c14603","revision_id":"osm-2026-08-29-v1","source_class":"VGI","source_feature_id":"node/4280071854","source_id":"openstreetmap-overpass-arashiyama-20260829","source_sha256":"1cde93d68bebf633989e825cbd5ac1e772cee81508043f44beb311250a1e8013","stable_feature_id":"kyoto-arashiyama:osm-node-004280071854","topology_status":"CANDIDATE"},"type":"Feature"},{"geometry":{"coordinates":[135.6777398,35.0120866],"type":"Point"},"id":"kyoto-arashiyama:osm-node-004280071875","properties":{"data_class":"REAL","geometry_status":"SOURCE_TRACEABLE_REAL","lineage":["OpenStreetMap original node ID and coordinate","fixed-time bounded Overpass response retained as exact bytes","node retained because it is an endpoint of a retained candidate segment"],"node_id":"kyoto-arashiyama:osm-node-004280071875","retrieval_query_sha256":"b5c52b3ea7542261159b5764956aa9662673c0422b3509dc59e4866f00c14603","revision_id":"osm-2026-08-29-v1","source_class":"VGI","source_feature_id":"node/4280071875","source_id":"openstreetmap-overpass-arashiyama-20260829","source_sha256":"1cde93d68bebf633989e825cbd5ac1e772cee81508043f44beb311250a1e8013","stable_feature_id":"kyoto-arashiyama:osm-node-004280071875","topology_status":"CANDIDATE"},"type":"Feature"},{"geometry":{"coordinates":[135.6788025,35.0120935],"type":"Point"},"id":"kyoto-arashiyama:osm-node-004280071879","properties":{"data_class":"REAL","geometry_status":"SOURCE_TRACEABLE_REAL","lineage":["OpenStreetMap original node ID and coordinate","fixed-time bounded Overpass response retained as exact bytes","node retained because it is an endpoint of a retained candidate segment"],"node_id":"kyoto-arashiyama:osm-node-004280071879","retrieval_query_sha256":"b5c52b3ea7542261159b5764956aa9662673c0422b3509dc59e4866f00c14603","revision_id":"osm-2026-08-29-v1","source_class":"VGI","source_feature_id":"node/4280071879","source_id":"openstreetmap-overpass-arashiyama-20260829","source_sha256":"1cde93d68bebf633989e825cbd5ac1e772cee81508043f44beb311250a1e8013","stable_feature_id":"kyoto-arashiyama:osm-node-004280071879","topology_status":"CANDIDATE"},"type":"Feature"},{"geometry":{"coordinates":[135.6791731,35.0120996],"type":"Point"},"id":"kyoto-arashiyama:osm-node-004280071882","properties":{"data_class":"REAL","geometry_status":"SOURCE_TRACEABLE_REAL","lineage":["OpenStreetMap original node ID and coordinate","fixed-time bounded Overpass response retained as exact bytes","node retained because it is an endpoint of a retained candidate segment"],"node_id":"kyoto-arashiyama:osm-node-004280071882","retrieval_query_sha256":"b5c52b3ea7542261159b5764956aa9662673c0422b3509dc59e4866f00c14603","revision_id":"osm-2026-08-29-v1","source_class":"VGI","source_feature_id":"node/4280071882","source_id":"openstreetmap-overpass-arashiyama-20260829","source_sha256":"1cde93d68bebf633989e825cbd5ac1e772cee81508043f44beb311250a1e8013","stable_feature_id":"kyoto-arashiyama:osm-node-004280071882","topology_status":"CANDIDATE"},"type":"Feature"},{"geometry":{"coordinates":[135.6791944,35.0121046],"type":"Point"},"id":"kyoto-arashiyama:osm-node-004280071886","properties":{"data_class":"REAL","geometry_status":"SOURCE_TRACEABLE_REAL","lineage":["OpenStreetMap original node ID and coordinate","fixed-time bounded Overpass response retained as exact bytes","node retained because it is an endpoint of a retained candidate segment"],"node_id":"kyoto-arashiyama:osm-node-004280071886","retrieval_query_sha256":"b5c52b3ea7542261159b5764956aa9662673c0422b3509dc59e4866f00c14603","revision_id":"osm-2026-08-29-v1","source_class":"VGI","source_feature_id":"node/4280071886","source_id":"openstreetmap-overpass-arashiyama-20260829","source_sha256":"1cde93d68bebf633989e825cbd5ac1e772cee81508043f44beb311250a1e8013","stable_feature_id":"kyoto-arashiyama:osm-node-004280071886","topology_status":"CANDIDATE"},"type":"Feature"},{"geometry":{"coordinates":[135.6791305,35.0121192],"type":"Point"},"id":"kyoto-arashiyama:osm-node-004280071895","properties":{"data_class":"REAL","geometry_status":"SOURCE_TRACEABLE_REAL","lineage":["OpenStreetMap original node ID and coordinate","fixed-time bounded Overpass response retained as exact bytes","node retained because it is an endpoint of a retained candidate segment"],"node_id":"kyoto-arashiyama:osm-node-004280071895","retrieval_query_sha256":"b5c52b3ea7542261159b5764956aa9662673c0422b3509dc59e4866f00c14603","revision_id":"osm-2026-08-29-v1","source_class":"VGI","source_feature_id":"node/4280071895","source_id":"openstreetmap-overpass-arashiyama-20260829","source_sha256":"1cde93d68bebf633989e825cbd5ac1e772cee81508043f44beb311250a1e8013","stable_feature_id":"kyoto-arashiyama:osm-node-004280071895","topology_status":"CANDIDATE"},"type":"Feature"},{"geometry":{"coordinates":[135.677932,35.0121194],"type":"Point"},"id":"kyoto-arashiyama:osm-node-004280071899","properties":{"data_class":"REAL","geometry_status":"SOURCE_TRACEABLE_REAL","lineage":["OpenStreetMap original node ID and coordinate","fixed-time bounded Overpass response retained as exact bytes","node retained because it is an endpoint of a retained candidate segment"],"node_id":"kyoto-arashiyama:osm-node-004280071899","retrieval_query_sha256":"b5c52b3ea7542261159b5764956aa9662673c0422b3509dc59e4866f00c14603","revision_id":"osm-2026-08-29-v1","source_class":"VGI","source_feature_id":"node/4280071899","source_id":"openstreetmap-overpass-arashiyama-20260829","source_sha256":"1cde93d68bebf633989e825cbd5ac1e772cee81508043f44beb311250a1e8013","stable_feature_id":"kyoto-arashiyama:osm-node-004280071899","topology_status":"CANDIDATE"},"type":"Feature"},{"geometry":{"coordinates":[135.679711,35.0121259],"type":"Point"},"id":"kyoto-arashiyama:osm-node-004280071902","properties":{"data_class":"REAL","geometry_status":"SOURCE_TRACEABLE_REAL","lineage":["OpenStreetMap original node ID and coordinate","fixed-time bounded Overpass response retained as exact bytes","node retained because it is an endpoint of a retained candidate segment"],"node_id":"kyoto-arashiyama:osm-node-004280071902","retrieval_query_sha256":"b5c52b3ea7542261159b5764956aa9662673c0422b3509dc59e4866f00c14603","revision_id":"osm-2026-08-29-v1","source_class":"VGI","source_feature_id":"node/4280071902","source_id":"openstreetmap-overpass-arashiyama-20260829","source_sha256":"1cde93d68bebf633989e825cbd5ac1e772cee81508043f44beb311250a1e8013","stable_feature_id":"kyoto-arashiyama:osm-node-004280071902","topology_status":"CANDIDATE"},"type":"Feature"},{"geometry":{"coordinates":[135.6792645,35.0121279],"type":"Point"},"id":"kyoto-arashiyama:osm-node-004280071907","properties":{"data_class":"REAL","geometry_status":"SOURCE_TRACEABLE_REAL","lineage":["OpenStreetMap original node ID and coordinate","fixed-time bounded Overpass response retained as exact bytes","node retained because it is an endpoint of a retained candidate segment"],"node_id":"kyoto-arashiyama:osm-node-004280071907","retrieval_query_sha256":"b5c52b3ea7542261159b5764956aa9662673c0422b3509dc59e4866f00c14603","revision_id":"osm-2026-08-29-v1","source_class":"VGI","source_feature_id":"node/4280071907","source_id":"openstreetmap-overpass-arashiyama-20260829","source_sha256":"1cde93d68bebf633989e825cbd5ac1e772cee81508043f44beb311250a1e8013","stable_feature_id":"kyoto-arashiyama:osm-node-004280071907","topology_status":"CANDIDATE"},"type":"Feature"},{"geometry":{"coordinates":[135.6791586,35.0121286],"type":"Point"},"id":"kyoto-arashiyama:osm-node-004280071910","properties":{"data_class":"REAL","geometry_status":"SOURCE_TRACEABLE_REAL","lineage":["OpenStreetMap original node ID and coordinate","fixed-time bounded Overpass response retained as exact bytes","node retained because it is an endpoint of a retained candidate segment"],"node_id":"kyoto-arashiyama:osm-node-004280071910","retrieval_query_sha256":"b5c52b3ea7542261159b5764956aa9662673c0422b3509dc59e4866f00c14603","revision_id":"osm-2026-08-29-v1","source_class":"VGI","source_feature_id":"node/4280071910","source_id":"openstreetmap-overpass-arashiyama-20260829","source_sha256":"1cde93d68bebf633989e825cbd5ac1e772cee81508043f44beb311250a1e8013","stable_feature_id":"kyoto-arashiyama:osm-node-004280071910","topology_status":"CANDIDATE"},"type":"Feature"},{"geometry":{"coordinates":[135.6777534,35.0121465],"type":"Point"},"id":"kyoto-arashiyama:osm-node-004280071914","properties":{"data_class":"REAL","geometry_status":"SOURCE_TRACEABLE_REAL","lineage":["OpenStreetMap original node ID and coordinate","fixed-time bounded Overpass response retained as exact bytes","node retained because it is an endpoint of a retained candidate segment"],"node_id":"kyoto-arashiyama:osm-node-004280071914","retrieval_query_sha256":"b5c52b3ea7542261159b5764956aa9662673c0422b3509dc59e4866f00c14603","revision_id":"osm-2026-08-29-v1","source_class":"VGI","source_feature_id":"node/4280071914","source_id":"openstreetmap-overpass-arashiyama-20260829","source_sha256":"1cde93d68bebf633989e825cbd5ac1e772cee81508043f44beb311250a1e8013","stable_feature_id":"kyoto-arashiyama:osm-node-004280071914","topology_status":"CANDIDATE"},"type":"Feature"},{"geometry":{"coordinates":[135.6796305,35.0121734],"type":"Point"},"id":"kyoto-arashiyama:osm-node-004280071927","properties":{"data_class":"REAL","geometry_status":"SOURCE_TRACEABLE_REAL","lineage":["OpenStreetMap original node ID and coordinate","fixed-time bounded Overpass response retained as exact bytes","node retained because it is an endpoint of a retained candidate segment"],"node_id":"kyoto-arashiyama:osm-node-004280071927","retrieval_query_sha256":"b5c52b3ea7542261159b5764956aa9662673c0422b3509dc59e4866f00c14603","revision_id":"osm-2026-08-29-v1","source_class":"VGI","source_feature_id":"node/4280071927","source_id":"openstreetmap-overpass-arashiyama-20260829","source_sha256":"1cde93d68bebf633989e825cbd5ac1e772cee81508043f44beb311250a1e8013","stable_feature_id":"kyoto-arashiyama:osm-node-004280071927","topology_status":"CANDIDATE"},"type":"Feature"},{"geometry":{"coordinates":[135.6779834,35.0121765],"type":"Point"},"id":"kyoto-arashiyama:osm-node-004280071929","properties":{"data_class":"REAL","geometry_status":"SOURCE_TRACEABLE_REAL","lineage":["OpenStreetMap original node ID and coordinate","fixed-time bounded Overpass response retained as exact bytes","node retained because it is an endpoint of a retained candidate segment"],"node_id":"kyoto-arashiyama:osm-node-004280071929","retrieval_query_sha256":"b5c52b3ea7542261159b5764956aa9662673c0422b3509dc59e4866f00c14603","revision_id":"osm-2026-08-29-v1","source_class":"VGI","source_feature_id":"node/4280071929","source_id":"openstreetmap-overpass-arashiyama-20260829","source_sha256":"1cde93d68bebf633989e825cbd5ac1e772cee81508043f44beb311250a1e8013","stable_feature_id":"kyoto-arashiyama:osm-node-004280071929","topology_status":"CANDIDATE"},"type":"Feature"},{"geometry":{"coordinates":[135.6790982,35.0121809],"type":"Point"},"id":"kyoto-arashiyama:osm-node-004280071930","properties":{"data_class":"REAL","geometry_status":"SOURCE_TRACEABLE_REAL","lineage":["OpenStreetMap original node ID and coordinate","fixed-time bounded Overpass response retained as exact bytes","node retained because it is an endpoint of a retained candidate segment"],"node_id":"kyoto-arashiyama:osm-node-004280071930","retrieval_query_sha256":"b5c52b3ea7542261159b5764956aa9662673c0422b3509dc59e4866f00c14603","revision_id":"osm-2026-08-29-v1","source_class":"VGI","source_feature_id":"node/4280071930","source_id":"openstreetmap-overpass-arashiyama-20260829","source_sha256":"1cde93d68bebf633989e825cbd5ac1e772cee81508043f44beb311250a1e8013","stable_feature_id":"kyoto-arashiyama:osm-node-004280071930","topology_status":"CANDIDATE"},"type":"Feature"},{"geometry":{"coordinates":[135.679268,35.0121813],"type":"Point"},"id":"kyoto-arashiyama:osm-node-004280071932","properties":{"data_class":"REAL","geometry_status":"SOURCE_TRACEABLE_REAL","lineage":["OpenStreetMap original node ID and coordinate","fixed-time bounded Overpass response retained as exact bytes","node retained because it is an endpoint of a retained candidate segment"],"node_id":"kyoto-arashiyama:osm-node-004280071932","retrieval_query_sha256":"b5c52b3ea7542261159b5764956aa9662673c0422b3509dc59e4866f00c14603","revision_id":"osm-2026-08-29-v1","source_class":"VGI","source_feature_id":"node/4280071932","source_id":"openstreetmap-overpass-arashiyama-20260829","source_sha256":"1cde93d68bebf633989e825cbd5ac1e772cee81508043f44beb311250a1e8013","stable_feature_id":"kyoto-arashiyama:osm-node-004280071932","topology_status":"CANDIDATE"},"type":"Feature"},{"geometry":{"coordinates":[135.6780971,35.012196],"type":"Point"},"id":"kyoto-arashiyama:osm-node-004280071937","properties":{"data_class":"REAL","geometry_status":"SOURCE_TRACEABLE_REAL","lineage":["OpenStreetMap original node ID and coordinate","fixed-time bounded Overpass response retained as exact bytes","node retained because it is an endpoint of a retained candidate segment"],"node_id":"kyoto-arashiyama:osm-node-004280071937","retrieval_query_sha256":"b5c52b3ea7542261159b5764956aa9662673c0422b3509dc59e4866f00c14603","revision_id":"osm-2026-08-29-v1","source_class":"VGI","source_feature_id":"node/4280071937","source_id":"openstreetmap-overpass-arashiyama-20260829","source_sha256":"1cde93d68bebf633989e825cbd5ac1e772cee81508043f44beb311250a1e8013","stable_feature_id":"kyoto-arashiyama:osm-node-004280071937","topology_status":"CANDIDATE"},"type":"Feature"},{"geometry":{"coordinates":[135.6795047,35.0122469],"type":"Point"},"id":"kyoto-arashiyama:osm-node-004280071943","properties":{"data_class":"REAL","geometry_status":"SOURCE_TRACEABLE_REAL","lineage":["OpenStreetMap original node ID and coordinate","fixed-time bounded Overpass response retained as exact bytes","node retained because it is an endpoint of a retained candidate segment"],"node_id":"kyoto-arashiyama:osm-node-004280071943","retrieval_query_sha256":"b5c52b3ea7542261159b5764956aa9662673c0422b3509dc59e4866f00c14603","revision_id":"osm-2026-08-29-v1","source_class":"VGI","source_feature_id":"node/4280071943","source_id":"openstreetmap-overpass-arashiyama-20260829","source_sha256":"1cde93d68bebf633989e825cbd5ac1e772cee81508043f44beb311250a1e8013","stable_feature_id":"kyoto-arashiyama:osm-node-004280071943","topology_status":"CANDIDATE"},"type":"Feature"},{"geometry":{"coordinates":[135.6785611,35.0122833],"type":"Point"},"id":"kyoto-arashiyama:osm-node-004280071945","properties":{"data_class":"REAL","geometry_status":"SOURCE_TRACEABLE_REAL","lineage":["OpenStreetMap original node ID and coordinate","fixed-time bounded Overpass response retained as exact bytes","node retained because it is an endpoint of a retained candidate segment"],"node_id":"kyoto-arashiyama:osm-node-004280071945","retrieval_query_sha256":"b5c52b3ea7542261159b5764956aa9662673c0422b3509dc59e4866f00c14603","revision_id":"osm-2026-08-29-v1","source_class":"VGI","source_feature_id":"node/4280071945","source_id":"openstreetmap-overpass-arashiyama-20260829","source_sha256":"1cde93d68bebf633989e825cbd5ac1e772cee81508043f44beb311250a1e8013","stable_feature_id":"kyoto-arashiyama:osm-node-004280071945","topology_status":"CANDIDATE"},"type":"Feature"},{"geometry":{"coordinates":[135.6788246,35.0123471],"type":"Point"},"id":"kyoto-arashiyama:osm-node-004280071948","properties":{"data_class":"REAL","geometry_status":"SOURCE_TRACEABLE_REAL","lineage":["OpenStreetMap original node ID and coordinate","fixed-time bounded Overpass response retained as exact bytes","node retained because it is an endpoint of a retained candidate segment"],"node_id":"kyoto-arashiyama:osm-node-004280071948","retrieval_query_sha256":"b5c52b3ea7542261159b5764956aa9662673c0422b3509dc59e4866f00c14603","revision_id":"osm-2026-08-29-v1","source_class":"VGI","source_feature_id":"node/4280071948","source_id":"openstreetmap-overpass-arashiyama-20260829","source_sha256":"1cde93d68bebf633989e825cbd5ac1e772cee81508043f44beb311250a1e8013","stable_feature_id":"kyoto-arashiyama:osm-node-004280071948","topology_status":"CANDIDATE"},"type":"Feature"},{"geometry":{"coordinates":[135.6799195,35.0123617],"type":"Point"},"id":"kyoto-arashiyama:osm-node-004280071949","properties":{"data_class":"REAL","geometry_status":"SOURCE_TRACEABLE_REAL","lineage":["OpenStreetMap original node ID and coordinate","fixed-time bounded Overpass response retained as exact bytes","node retained because it is an endpoint of a retained candidate segment"],"node_id":"kyoto-arashiyama:osm-node-004280071949","retrieval_query_sha256":"b5c52b3ea7542261159b5764956aa9662673c0422b3509dc59e4866f00c14603","revision_id":"osm-2026-08-29-v1","source_class":"VGI","source_feature_id":"node/4280071949","source_id":"openstreetmap-overpass-arashiyama-20260829","source_sha256":"1cde93d68bebf633989e825cbd5ac1e772cee81508043f44beb311250a1e8013","stable_feature_id":"kyoto-arashiyama:osm-node-004280071949","topology_status":"CANDIDATE"},"type":"Feature"},{"geometry":{"coordinates":[135.6799074,35.0123806],"type":"Point"},"id":"kyoto-arashiyama:osm-node-004280071951","properties":{"data_class":"REAL","geometry_status":"SOURCE_TRACEABLE_REAL","lineage":["OpenStreetMap original node ID and coordinate","fixed-time bounded Overpass response retained as exact bytes","node retained because it is an endpoint of a retained candidate segment"],"node_id":"kyoto-arashiyama:osm-node-004280071951","retrieval_query_sha256":"b5c52b3ea7542261159b5764956aa9662673c0422b3509dc59e4866f00c14603","revision_id":"osm-2026-08-29-v1","source_class":"VGI","source_feature_id":"node/4280071951","source_id":"openstreetmap-overpass-arashiyama-20260829","source_sha256":"1cde93d68bebf633989e825cbd5ac1e772cee81508043f44beb311250a1e8013","stable_feature_id":"kyoto-arashiyama:osm-node-004280071951","topology_status":"CANDIDATE"},"type":"Feature"},{"geometry":{"coordinates":[135.6799972,35.012397],"type":"Point"},"id":"kyoto-arashiyama:osm-node-004280071952","properties":{"data_class":"REAL","geometry_status":"SOURCE_TRACEABLE_REAL","lineage":["OpenStreetMap original node ID and coordinate","fixed-time bounded Overpass response retained as exact bytes","node retained because it is an endpoint of a retained candidate segment"],"node_id":"kyoto-arashiyama:osm-node-004280071952","retrieval_query_sha256":"b5c52b3ea7542261159b5764956aa9662673c0422b3509dc59e4866f00c14603","revision_id":"osm-2026-08-29-v1","source_class":"VGI","source_feature_id":"node/4280071952","source_id":"openstreetmap-overpass-arashiyama-20260829","source_sha256":"1cde93d68bebf633989e825cbd5ac1e772cee81508043f44beb311250a1e8013","stable_feature_id":"kyoto-arashiyama:osm-node-004280071952","topology_status":"CANDIDATE"},"type":"Feature"},{"geometry":{"coordinates":[135.6798958,35.012399],"type":"Point"},"id":"kyoto-arashiyama:osm-node-004280071953","properties":{"data_class":"REAL","geometry_status":"SOURCE_TRACEABLE_REAL","lineage":["OpenStreetMap original node ID and coordinate","fixed-time bounded Overpass response retained as exact bytes","node retained because it is an endpoint of a retained candidate segment"],"node_id":"kyoto-arashiyama:osm-node-004280071953","retrieval_query_sha256":"b5c52b3ea7542261159b5764956aa9662673c0422b3509dc59e4866f00c14603","revision_id":"osm-2026-08-29-v1","source_class":"VGI","source_feature_id":"node/4280071953","source_id":"openstreetmap-overpass-arashiyama-20260829","source_sha256":"1cde93d68bebf633989e825cbd5ac1e772cee81508043f44beb311250a1e8013","stable_feature_id":"kyoto-arashiyama:osm-node-004280071953","topology_status":"CANDIDATE"},"type":"Feature"},{"geometry":{"coordinates":[135.6800817,35.0124023],"type":"Point"},"id":"kyoto-arashiyama:osm-node-004280071955","properties":{"data_class":"REAL","geometry_status":"SOURCE_TRACEABLE_REAL","lineage":["OpenStreetMap original node ID and coordinate","fixed-time bounded Overpass response retained as exact bytes","node retained because it is an endpoint of a retained candidate segment"],"node_id":"kyoto-arashiyama:osm-node-004280071955","retrieval_query_sha256":"b5c52b3ea7542261159b5764956aa9662673c0422b3509dc59e4866f00c14603","revision_id":"osm-2026-08-29-v1","source_class":"VGI","source_feature_id":"node/4280071955","source_id":"openstreetmap-overpass-arashiyama-20260829","source_sha256":"1cde93d68bebf633989e825cbd5ac1e772cee81508043f44beb311250a1e8013","stable_feature_id":"kyoto-arashiyama:osm-node-004280071955","topology_status":"CANDIDATE"},"type":"Feature"},{"geometry":{"coordinates":[135.6797362,35.0124027],"type":"Point"},"id":"kyoto-arashiyama:osm-node-004280071956","properties":{"data_class":"REAL","geometry_status":"SOURCE_TRACEABLE_REAL","lineage":["OpenStreetMap original node ID and coordinate","fixed-time bounded Overpass response retained as exact bytes","node retained because it is an endpoint of a retained candidate segment"],"node_id":"kyoto-arashiyama:osm-node-004280071956","retrieval_query_sha256":"b5c52b3ea7542261159b5764956aa9662673c0422b3509dc59e4866f00c14603","revision_id":"osm-2026-08-29-v1","source_class":"VGI","source_feature_id":"node/4280071956","source_id":"openstreetmap-overpass-arashiyama-20260829","source_sha256":"1cde93d68bebf633989e825cbd5ac1e772cee81508043f44beb311250a1e8013","stable_feature_id":"kyoto-arashiyama:osm-node-004280071956","topology_status":"CANDIDATE"},"type":"Feature"},{"geometry":{"coordinates":[135.6790975,35.012411],"type":"Point"},"id":"kyoto-arashiyama:osm-node-004280071957","properties":{"data_class":"REAL","geometry_status":"SOURCE_TRACEABLE_REAL","lineage":["OpenStreetMap original node ID and coordinate","fixed-time bounded Overpass response retained as exact bytes","node retained because it is an endpoint of a retained candidate segment"],"node_id":"kyoto-arashiyama:osm-node-004280071957","retrieval_query_sha256":"b5c52b3ea7542261159b5764956aa9662673c0422b3509dc59e4866f00c14603","revision_id":"osm-2026-08-29-v1","source_class":"VGI","source_feature_id":"node/4280071957","source_id":"openstreetmap-overpass-arashiyama-20260829","source_sha256":"1cde93d68bebf633989e825cbd5ac1e772cee81508043f44beb311250a1e8013","stable_feature_id":"kyoto-arashiyama:osm-node-004280071957","topology_status":"CANDIDATE"},"type":"Feature"},{"geometry":{"coordinates":[135.6801593,35.0124227],"type":"Point"},"id":"kyoto-arashiyama:osm-node-004280071959","properties":{"data_class":"REAL","geometry_status":"SOURCE_TRACEABLE_REAL","lineage":["OpenStreetMap original node ID and coordinate","fixed-time bounded Overpass response retained as exact bytes","node retained because it is an endpoint of a retained candidate segment"],"node_id":"kyoto-arashiyama:osm-node-004280071959","retrieval_query_sha256":"b5c52b3ea7542261159b5764956aa9662673c0422b3509dc59e4866f00c14603","revision_id":"osm-2026-08-29-v1","source_class":"VGI","source_feature_id":"node/4280071959","source_id":"openstreetmap-overpass-arashiyama-20260829","source_sha256":"1cde93d68bebf633989e825cbd5ac1e772cee81508043f44beb311250a1e8013","stable_feature_id":"kyoto-arashiyama:osm-node-004280071959","topology_status":"CANDIDATE"},"type":"Feature"},{"geometry":{"coordinates":[135.6798205,35.0124269],"type":"Point"},"id":"kyoto-arashiyama:osm-node-004280071960","properties":{"data_class":"REAL","geometry_status":"SOURCE_TRACEABLE_REAL","lineage":["OpenStreetMap original node ID and coordinate","fixed-time bounded Overpass response retained as exact bytes","node retained because it is an endpoint of a retained candidate segment"],"node_id":"kyoto-arashiyama:osm-node-004280071960","retrieval_query_sha256":"b5c52b3ea7542261159b5764956aa9662673c0422b3509dc59e4866f00c14603","revision_id":"osm-2026-08-29-v1","source_class":"VGI","source_feature_id":"node/4280071960","source_id":"openstreetmap-overpass-arashiyama-20260829","source_sha256":"1cde93d68bebf633989e825cbd5ac1e772cee81508043f44beb311250a1e8013","stable_feature_id":"kyoto-arashiyama:osm-node-004280071960","topology_status":"CANDIDATE"},"type":"Feature"},{"geometry":{"coordinates":[135.6793104,35.0124419],"type":"Point"},"id":"kyoto-arashiyama:osm-node-004280071961","properties":{"data_class":"REAL","geometry_status":"SOURCE_TRACEABLE_REAL","lineage":["OpenStreetMap original node ID and coordinate","fixed-time bounded Overpass response retained as exact bytes","node retained because it is an endpoint of a retained candidate segment"],"node_id":"kyoto-arashiyama:osm-node-004280071961","retrieval_query_sha256":"b5c52b3ea7542261159b5764956aa9662673c0422b3509dc59e4866f00c14603","revision_id":"osm-2026-08-29-v1","source_class":"VGI","source_feature_id":"node/4280071961","source_id":"openstreetmap-overpass-arashiyama-20260829","source_sha256":"1cde93d68bebf633989e825cbd5ac1e772cee81508043f44beb311250a1e8013","stable_feature_id":"kyoto-arashiyama:osm-node-004280071961","topology_status":"CANDIDATE"},"type":"Feature"},{"geometry":{"coordinates":[135.6794583,35.0124448],"type":"Point"},"id":"kyoto-arashiyama:osm-node-004280071962","properties":{"data_class":"REAL","geometry_status":"SOURCE_TRACEABLE_REAL","lineage":["OpenStreetMap original node ID and coordinate","fixed-time bounded Overpass response retained as exact bytes","node retained because it is an endpoint of a retained candidate segment"],"node_id":"kyoto-arashiyama:osm-node-004280071962","retrieval_query_sha256":"b5c52b3ea7542261159b5764956aa9662673c0422b3509dc59e4866f00c14603","revision_id":"osm-2026-08-29-v1","source_class":"VGI","source_feature_id":"node/4280071962","source_id":"openstreetmap-overpass-arashiyama-20260829","source_sha256":"1cde93d68bebf633989e825cbd5ac1e772cee81508043f44beb311250a1e8013","stable_feature_id":"kyoto-arashiyama:osm-node-004280071962","topology_status":"CANDIDATE"},"type":"Feature"},{"geometry":{"coordinates":[135.6777133,35.0120906],"type":"Point"},"id":"kyoto-arashiyama:osm-node-004280313257","properties":{"data_class":"REAL","geometry_status":"SOURCE_TRACEABLE_REAL","lineage":["OpenStreetMap original node ID and coordinate","fixed-time bounded Overpass response retained as exact bytes","node retained because it is an endpoint of a retained candidate segment"],"node_id":"kyoto-arashiyama:osm-node-004280313257","retrieval_query_sha256":"b5c52b3ea7542261159b5764956aa9662673c0422b3509dc59e4866f00c14603","revision_id":"osm-2026-08-29-v1","source_class":"VGI","source_feature_id":"node/4280313257","source_id":"openstreetmap-overpass-arashiyama-20260829","source_sha256":"1cde93d68bebf633989e825cbd5ac1e772cee81508043f44beb311250a1e8013","stable_feature_id":"kyoto-arashiyama:osm-node-004280313257","topology_status":"CANDIDATE"},"type":"Feature"},{"geometry":{"coordinates":[135.6776096,35.0121076],"type":"Point"},"id":"kyoto-arashiyama:osm-node-004280313258","properties":{"data_class":"REAL","geometry_status":"SOURCE_TRACEABLE_REAL","lineage":["OpenStreetMap original node ID and coordinate","fixed-time bounded Overpass response retained as exact bytes","node retained because it is an endpoint of a retained candidate segment"],"node_id":"kyoto-arashiyama:osm-node-004280313258","retrieval_query_sha256":"b5c52b3ea7542261159b5764956aa9662673c0422b3509dc59e4866f00c14603","revision_id":"osm-2026-08-29-v1","source_class":"VGI","source_feature_id":"node/4280313258","source_id":"openstreetmap-overpass-arashiyama-20260829","source_sha256":"1cde93d68bebf633989e825cbd5ac1e772cee81508043f44beb311250a1e8013","stable_feature_id":"kyoto-arashiyama:osm-node-004280313258","topology_status":"CANDIDATE"},"type":"Feature"},{"geometry":{"coordinates":[135.6776285,35.0121815],"type":"Point"},"id":"kyoto-arashiyama:osm-node-004280313259","properties":{"data_class":"REAL","geometry_status":"SOURCE_TRACEABLE_REAL","lineage":["OpenStreetMap original node ID and coordinate","fixed-time bounded Overpass response retained as exact bytes","node retained because it is an endpoint of a retained candidate segment"],"node_id":"kyoto-arashiyama:osm-node-004280313259","retrieval_query_sha256":"b5c52b3ea7542261159b5764956aa9662673c0422b3509dc59e4866f00c14603","revision_id":"osm-2026-08-29-v1","source_class":"VGI","source_feature_id":"node/4280313259","source_id":"openstreetmap-overpass-arashiyama-20260829","source_sha256":"1cde93d68bebf633989e825cbd5ac1e772cee81508043f44beb311250a1e8013","stable_feature_id":"kyoto-arashiyama:osm-node-004280313259","topology_status":"CANDIDATE"},"type":"Feature"},{"geometry":{"coordinates":[135.6777273,35.0121933],"type":"Point"},"id":"kyoto-arashiyama:osm-node-004280313260","properties":{"data_class":"REAL","geometry_status":"SOURCE_TRACEABLE_REAL","lineage":["OpenStreetMap original node ID and coordinate","fixed-time bounded Overpass response retained as exact bytes","node retained because it is an endpoint of a retained candidate segment"],"node_id":"kyoto-arashiyama:osm-node-004280313260","retrieval_query_sha256":"b5c52b3ea7542261159b5764956aa9662673c0422b3509dc59e4866f00c14603","revision_id":"osm-2026-08-29-v1","source_class":"VGI","source_feature_id":"node/4280313260","source_id":"openstreetmap-overpass-arashiyama-20260829","source_sha256":"1cde93d68bebf633989e825cbd5ac1e772cee81508043f44beb311250a1e8013","stable_feature_id":"kyoto-arashiyama:osm-node-004280313260","topology_status":"CANDIDATE"},"type":"Feature"},{"geometry":{"coordinates":[135.6778019,35.0135546],"type":"Point"},"id":"kyoto-arashiyama:osm-node-004280313261","properties":{"data_class":"REAL","geometry_status":"SOURCE_TRACEABLE_REAL","lineage":["OpenStreetMap original node ID and coordinate","fixed-time bounded Overpass response retained as exact bytes","node retained because it is an endpoint of a retained candidate segment"],"node_id":"kyoto-arashiyama:osm-node-004280313261","retrieval_query_sha256":"b5c52b3ea7542261159b5764956aa9662673c0422b3509dc59e4866f00c14603","revision_id":"osm-2026-08-29-v1","source_class":"VGI","source_feature_id":"node/4280313261","source_id":"openstreetmap-overpass-arashiyama-20260829","source_sha256":"1cde93d68bebf633989e825cbd5ac1e772cee81508043f44beb311250a1e8013","stable_feature_id":"kyoto-arashiyama:osm-node-004280313261","topology_status":"CANDIDATE"},"type":"Feature"},{"geometry":{"coordinates":[135.6778974,35.0135556],"type":"Point"},"id":"kyoto-arashiyama:osm-node-004280313262","properties":{"data_class":"REAL","geometry_status":"SOURCE_TRACEABLE_REAL","lineage":["OpenStreetMap original node ID and coordinate","fixed-time bounded Overpass response retained as exact bytes","node retained because it is an endpoint of a retained candidate segment"],"node_id":"kyoto-arashiyama:osm-node-004280313262","retrieval_query_sha256":"b5c52b3ea7542261159b5764956aa9662673c0422b3509dc59e4866f00c14603","revision_id":"osm-2026-08-29-v1","source_class":"VGI","source_feature_id":"node/4280313262","source_id":"openstreetmap-overpass-arashiyama-20260829","source_sha256":"1cde93d68bebf633989e825cbd5ac1e772cee81508043f44beb311250a1e8013","stable_feature_id":"kyoto-arashiyama:osm-node-004280313262","topology_status":"CANDIDATE"},"type":"Feature"},{"geometry":{"coordinates":[135.6778466,35.0135551],"type":"Point"},"id":"kyoto-arashiyama:osm-node-004280313263","properties":{"data_class":"REAL","geometry_status":"SOURCE_TRACEABLE_REAL","lineage":["OpenStreetMap original node ID and coordinate","fixed-time bounded Overpass response retained as exact bytes","node retained because it is an endpoint of a retained candidate segment"],"node_id":"kyoto-arashiyama:osm-node-004280313263","retrieval_query_sha256":"b5c52b3ea7542261159b5764956aa9662673c0422b3509dc59e4866f00c14603","revision_id":"osm-2026-08-29-v1","source_class":"VGI","source_feature_id":"node/4280313263","source_id":"openstreetmap-overpass-arashiyama-20260829","source_sha256":"1cde93d68bebf633989e825cbd5ac1e772cee81508043f44beb311250a1e8013","stable_feature_id":"kyoto-arashiyama:osm-node-004280313263","topology_status":"CANDIDATE"},"type":"Feature"},{"geometry":{"coordinates":[135.6778999,35.0135745],"type":"Point"},"id":"kyoto-arashiyama:osm-node-004280313264","properties":{"data_class":"REAL","geometry_status":"SOURCE_TRACEABLE_REAL","lineage":["OpenStreetMap original node ID and coordinate","fixed-time bounded Overpass response retained as exact bytes","node retained because it is an endpoint of a retained candidate segment"],"node_id":"kyoto-arashiyama:osm-node-004280313264","retrieval_query_sha256":"b5c52b3ea7542261159b5764956aa9662673c0422b3509dc59e4866f00c14603","revision_id":"osm-2026-08-29-v1","source_class":"VGI","source_feature_id":"node/4280313264","source_id":"openstreetmap-overpass-arashiyama-20260829","source_sha256":"1cde93d68bebf633989e825cbd5ac1e772cee81508043f44beb311250a1e8013","stable_feature_id":"kyoto-arashiyama:osm-node-004280313264","topology_status":"CANDIDATE"},"type":"Feature"},{"geometry":{"coordinates":[135.6778035,35.0135764],"type":"Point"},"id":"kyoto-arashiyama:osm-node-004280313265","properties":{"data_class":"REAL","geometry_status":"SOURCE_TRACEABLE_REAL","lineage":["OpenStreetMap original node ID and coordinate","fixed-time bounded Overpass response retained as exact bytes","node retained because it is an endpoint of a retained candidate segment"],"node_id":"kyoto-arashiyama:osm-node-004280313265","retrieval_query_sha256":"b5c52b3ea7542261159b5764956aa9662673c0422b3509dc59e4866f00c14603","revision_id":"osm-2026-08-29-v1","source_class":"VGI","source_feature_id":"node/4280313265","source_id":"openstreetmap-overpass-arashiyama-20260829","source_sha256":"1cde93d68bebf633989e825cbd5ac1e772cee81508043f44beb311250a1e8013","stable_feature_id":"kyoto-arashiyama:osm-node-004280313265","topology_status":"CANDIDATE"},"type":"Feature"},{"geometry":{"coordinates":[135.677789,35.0135911],"type":"Point"},"id":"kyoto-arashiyama:osm-node-004280313266","properties":{"data_class":"REAL","geometry_status":"SOURCE_TRACEABLE_REAL","lineage":["OpenStreetMap original node ID and coordinate","fixed-time bounded Overpass response retained as exact bytes","node retained because it is an endpoint of a retained candidate segment"],"node_id":"kyoto-arashiyama:osm-node-004280313266","retrieval_query_sha256":"b5c52b3ea7542261159b5764956aa9662673c0422b3509dc59e4866f00c14603","revision_id":"osm-2026-08-29-v1","source_class":"VGI","source_feature_id":"node/4280313266","source_id":"openstreetmap-overpass-arashiyama-20260829","source_sha256":"1cde93d68bebf633989e825cbd5ac1e772cee81508043f44beb311250a1e8013","stable_feature_id":"kyoto-arashiyama:osm-node-004280313266","topology_status":"CANDIDATE"},"type":"Feature"},{"geometry":{"coordinates":[135.6777752,35.0135918],"type":"Point"},"id":"kyoto-arashiyama:osm-node-004280313267","properties":{"data_class":"REAL","geometry_status":"SOURCE_TRACEABLE_REAL","lineage":["OpenStreetMap original node ID and coordinate","fixed-time bounded Overpass response retained as exact bytes","node retained because it is an endpoint of a retained candidate segment"],"node_id":"kyoto-arashiyama:osm-node-004280313267","retrieval_query_sha256":"b5c52b3ea7542261159b5764956aa9662673c0422b3509dc59e4866f00c14603","revision_id":"osm-2026-08-29-v1","source_class":"VGI","source_feature_id":"node/4280313267","source_id":"openstreetmap-overpass-arashiyama-20260829","source_sha256":"1cde93d68bebf633989e825cbd5ac1e772cee81508043f44beb311250a1e8013","stable_feature_id":"kyoto-arashiyama:osm-node-004280313267","topology_status":"CANDIDATE"},"type":"Feature"},{"geometry":{"coordinates":[135.6779031,35.0136035],"type":"Point"},"id":"kyoto-arashiyama:osm-node-004280313268","properties":{"data_class":"REAL","geometry_status":"SOURCE_TRACEABLE_REAL","lineage":["OpenStreetMap original node ID and coordinate","fixed-time bounded Overpass response retained as exact bytes","node retained because it is an endpoint of a retained candidate segment"],"node_id":"kyoto-arashiyama:osm-node-004280313268","retrieval_query_sha256":"b5c52b3ea7542261159b5764956aa9662673c0422b3509dc59e4866f00c14603","revision_id":"osm-2026-08-29-v1","source_class":"VGI","source_feature_id":"node/4280313268","source_id":"openstreetmap-overpass-arashiyama-20260829","source_sha256":"1cde93d68bebf633989e825cbd5ac1e772cee81508043f44beb311250a1e8013","stable_feature_id":"kyoto-arashiyama:osm-node-004280313268","topology_status":"CANDIDATE"},"type":"Feature"},{"geometry":{"coordinates":[135.6779133,35.0136176],"type":"Point"},"id":"kyoto-arashiyama:osm-node-004280313269","properties":{"data_class":"REAL","geometry_status":"SOURCE_TRACEABLE_REAL","lineage":["OpenStreetMap original node ID and coordinate","fixed-time bounded Overpass response retained as exact bytes","node retained because it is an endpoint of a retained candidate segment"],"node_id":"kyoto-arashiyama:osm-node-004280313269","retrieval_query_sha256":"b5c52b3ea7542261159b5764956aa9662673c0422b3509dc59e4866f00c14603","revision_id":"osm-2026-08-29-v1","source_class":"VGI","source_feature_id":"node/4280313269","source_id":"openstreetmap-overpass-arashiyama-20260829","source_sha256":"1cde93d68bebf633989e825cbd5ac1e772cee81508043f44beb311250a1e8013","stable_feature_id":"kyoto-arashiyama:osm-node-004280313269","topology_status":"CANDIDATE"},"type":"Feature"},{"geometry":{"coordinates":[135.6779759,35.0136432],"type":"Point"},"id":"kyoto-arashiyama:osm-node-004280313270","properties":{"data_class":"REAL","geometry_status":"SOURCE_TRACEABLE_REAL","lineage":["OpenStreetMap original node ID and coordinate","fixed-time bounded Overpass response retained as exact bytes","node retained because it is an endpoint of a retained candidate segment"],"node_id":"kyoto-arashiyama:osm-node-004280313270","retrieval_query_sha256":"b5c52b3ea7542261159b5764956aa9662673c0422b3509dc59e4866f00c14603","revision_id":"osm-2026-08-29-v1","source_class":"VGI","source_feature_id":"node/4280313270","source_id":"openstreetmap-overpass-arashiyama-20260829","source_sha256":"1cde93d68bebf633989e825cbd5ac1e772cee81508043f44beb311250a1e8013","stable_feature_id":"kyoto-arashiyama:osm-node-004280313270","topology_status":"CANDIDATE"},"type":"Feature"},{"geometry":{"coordinates":[135.6779947,35.0136437],"type":"Point"},"id":"kyoto-arashiyama:osm-node-004280313271","properties":{"data_class":"REAL","geometry_status":"SOURCE_TRACEABLE_REAL","lineage":["OpenStreetMap original node ID and coordinate","fixed-time bounded Overpass response retained as exact bytes","node retained because it is an endpoint of a retained candidate segment"],"node_id":"kyoto-arashiyama:osm-node-004280313271","retrieval_query_sha256":"b5c52b3ea7542261159b5764956aa9662673c0422b3509dc59e4866f00c14603","revision_id":"osm-2026-08-29-v1","source_class":"VGI","source_feature_id":"node/4280313271","source_id":"openstreetmap-overpass-arashiyama-20260829","source_sha256":"1cde93d68bebf633989e825cbd5ac1e772cee81508043f44beb311250a1e8013","stable_feature_id":"kyoto-arashiyama:osm-node-004280313271","topology_status":"CANDIDATE"},"type":"Feature"},{"geometry":{"coordinates":[135.6777571,35.0136572],"type":"Point"},"id":"kyoto-arashiyama:osm-node-004280313272","properties":{"data_class":"REAL","geometry_status":"SOURCE_TRACEABLE_REAL","lineage":["OpenStreetMap original node ID and coordinate","fixed-time bounded Overpass response retained as exact bytes","node retained because it is an endpoint of a retained candidate segment"],"node_id":"kyoto-arashiyama:osm-node-004280313272","retrieval_query_sha256":"b5c52b3ea7542261159b5764956aa9662673c0422b3509dc59e4866f00c14603","revision_id":"osm-2026-08-29-v1","source_class":"VGI","source_feature_id":"node/4280313272","source_id":"openstreetmap-overpass-arashiyama-20260829","source_sha256":"1cde93d68bebf633989e825cbd5ac1e772cee81508043f44beb311250a1e8013","stable_feature_id":"kyoto-arashiyama:osm-node-004280313272","topology_status":"CANDIDATE"},"type":"Feature"},{"geometry":{"coordinates":[135.6777788,35.0136696],"type":"Point"},"id":"kyoto-arashiyama:osm-node-004280313273","properties":{"data_class":"REAL","geometry_status":"SOURCE_TRACEABLE_REAL","lineage":["OpenStreetMap original node ID and coordinate","fixed-time bounded Overpass response retained as exact bytes","node retained because it is an endpoint of a retained candidate segment"],"node_id":"kyoto-arashiyama:osm-node-004280313273","retrieval_query_sha256":"b5c52b3ea7542261159b5764956aa9662673c0422b3509dc59e4866f00c14603","revision_id":"osm-2026-08-29-v1","source_class":"VGI","source_feature_id":"node/4280313273","source_id":"openstreetmap-overpass-arashiyama-20260829","source_sha256":"1cde93d68bebf633989e825cbd5ac1e772cee81508043f44beb311250a1e8013","stable_feature_id":"kyoto-arashiyama:osm-node-004280313273","topology_status":"CANDIDATE"},"type":"Feature"},{"geometry":{"coordinates":[135.6777832,35.0136881],"type":"Point"},"id":"kyoto-arashiyama:osm-node-004280313274","properties":{"data_class":"REAL","geometry_status":"SOURCE_TRACEABLE_REAL","lineage":["OpenStreetMap original node ID and coordinate","fixed-time bounded Overpass response retained as exact bytes","node retained because it is an endpoint of a retained candidate segment"],"node_id":"kyoto-arashiyama:osm-node-004280313274","retrieval_query_sha256":"b5c52b3ea7542261159b5764956aa9662673c0422b3509dc59e4866f00c14603","revision_id":"osm-2026-08-29-v1","source_class":"VGI","source_feature_id":"node/4280313274","source_id":"openstreetmap-overpass-arashiyama-20260829","source_sha256":"1cde93d68bebf633989e825cbd5ac1e772cee81508043f44beb311250a1e8013","stable_feature_id":"kyoto-arashiyama:osm-node-004280313274","topology_status":"CANDIDATE"},"type":"Feature"},{"geometry":{"coordinates":[135.6779886,35.0137447],"type":"Point"},"id":"kyoto-arashiyama:osm-node-004280313275","properties":{"data_class":"REAL","geometry_status":"SOURCE_TRACEABLE_REAL","lineage":["OpenStreetMap original node ID and coordinate","fixed-time bounded Overpass response retained as exact bytes","node retained because it is an endpoint of a retained candidate segment"],"node_id":"kyoto-arashiyama:osm-node-004280313275","retrieval_query_sha256":"b5c52b3ea7542261159b5764956aa9662673c0422b3509dc59e4866f00c14603","revision_id":"osm-2026-08-29-v1","source_class":"VGI","source_feature_id":"node/4280313275","source_id":"openstreetmap-overpass-arashiyama-20260829","source_sha256":"1cde93d68bebf633989e825cbd5ac1e772cee81508043f44beb311250a1e8013","stable_feature_id":"kyoto-arashiyama:osm-node-004280313275","topology_status":"CANDIDATE"},"type":"Feature"},{"geometry":{"coordinates":[135.6779093,35.0137605],"type":"Point"},"id":"kyoto-arashiyama:osm-node-004280313276","properties":{"data_class":"REAL","geometry_status":"SOURCE_TRACEABLE_REAL","lineage":["OpenStreetMap original node ID and coordinate","fixed-time bounded Overpass response retained as exact bytes","node retained because it is an endpoint of a retained candidate segment"],"node_id":"kyoto-arashiyama:osm-node-004280313276","retrieval_query_sha256":"b5c52b3ea7542261159b5764956aa9662673c0422b3509dc59e4866f00c14603","revision_id":"osm-2026-08-29-v1","source_class":"VGI","source_feature_id":"node/4280313276","source_id":"openstreetmap-overpass-arashiyama-20260829","source_sha256":"1cde93d68bebf633989e825cbd5ac1e772cee81508043f44beb311250a1e8013","stable_feature_id":"kyoto-arashiyama:osm-node-004280313276","topology_status":"CANDIDATE"},"type":"Feature"},{"geometry":{"coordinates":[135.6777602,35.0137694],"type":"Point"},"id":"kyoto-arashiyama:osm-node-004280313277","properties":{"data_class":"REAL","geometry_status":"SOURCE_TRACEABLE_REAL","lineage":["OpenStreetMap original node ID and coordinate","fixed-time bounded Overpass response retained as exact bytes","node retained because it is an endpoint of a retained candidate segment"],"node_id":"kyoto-arashiyama:osm-node-004280313277","retrieval_query_sha256":"b5c52b3ea7542261159b5764956aa9662673c0422b3509dc59e4866f00c14603","revision_id":"osm-2026-08-29-v1","source_class":"VGI","source_feature_id":"node/4280313277","source_id":"openstreetmap-overpass-arashiyama-20260829","source_sha256":"1cde93d68bebf633989e825cbd5ac1e772cee81508043f44beb311250a1e8013","stable_feature_id":"kyoto-arashiyama:osm-node-004280313277","topology_status":"CANDIDATE"},"type":"Feature"},{"geometry":{"coordinates":[135.6778464,35.0137854],"type":"Point"},"id":"kyoto-arashiyama:osm-node-004280313278","properties":{"data_class":"REAL","geometry_status":"SOURCE_TRACEABLE_REAL","lineage":["OpenStreetMap original node ID and coordinate","fixed-time bounded Overpass response retained as exact bytes","node retained because it is an endpoint of a retained candidate segment"],"node_id":"kyoto-arashiyama:osm-node-004280313278","retrieval_query_sha256":"b5c52b3ea7542261159b5764956aa9662673c0422b3509dc59e4866f00c14603","revision_id":"osm-2026-08-29-v1","source_class":"VGI","source_feature_id":"node/4280313278","source_id":"openstreetmap-overpass-arashiyama-20260829","source_sha256":"1cde93d68bebf633989e825cbd5ac1e772cee81508043f44beb311250a1e8013","stable_feature_id":"kyoto-arashiyama:osm-node-004280313278","topology_status":"CANDIDATE"},"type":"Feature"},{"geometry":{"coordinates":[135.6776001,35.0142873],"type":"Point"},"id":"kyoto-arashiyama:osm-node-004280313279","properties":{"data_class":"REAL","geometry_status":"SOURCE_TRACEABLE_REAL","lineage":["OpenStreetMap original node ID and coordinate","fixed-time bounded Overpass response retained as exact bytes","node retained because it is an endpoint of a retained candidate segment"],"node_id":"kyoto-arashiyama:osm-node-004280313279","retrieval_query_sha256":"b5c52b3ea7542261159b5764956aa9662673c0422b3509dc59e4866f00c14603","revision_id":"osm-2026-08-29-v1","source_class":"VGI","source_feature_id":"node/4280313279","source_id":"openstreetmap-overpass-arashiyama-20260829","source_sha256":"1cde93d68bebf633989e825cbd5ac1e772cee81508043f44beb311250a1e8013","stable_feature_id":"kyoto-arashiyama:osm-node-004280313279","topology_status":"CANDIDATE"},"type":"Feature"},{"geometry":{"coordinates":[135.6776973,35.0142888],"type":"Point"},"id":"kyoto-arashiyama:osm-node-004280313280","properties":{"data_class":"REAL","geometry_status":"SOURCE_TRACEABLE_REAL","lineage":["OpenStreetMap original node ID and coordinate","fixed-time bounded Overpass response retained as exact bytes","node retained because it is an endpoint of a retained candidate segment"],"node_id":"kyoto-arashiyama:osm-node-004280313280","retrieval_query_sha256":"b5c52b3ea7542261159b5764956aa9662673c0422b3509dc59e4866f00c14603","revision_id":"osm-2026-08-29-v1","source_class":"VGI","source_feature_id":"node/4280313280","source_id":"openstreetmap-overpass-arashiyama-20260829","source_sha256":"1cde93d68bebf633989e825cbd5ac1e772cee81508043f44beb311250a1e8013","stable_feature_id":"kyoto-arashiyama:osm-node-004280313280","topology_status":"CANDIDATE"},"type":"Feature"},{"geometry":{"coordinates":[135.6775779,35.0142985],"type":"Point"},"id":"kyoto-arashiyama:osm-node-004280313281","properties":{"data_class":"REAL","geometry_status":"SOURCE_TRACEABLE_REAL","lineage":["OpenStreetMap original node ID and coordinate","fixed-time bounded Overpass response retained as exact bytes","node retained because it is an endpoint of a retained candidate segment"],"node_id":"kyoto-arashiyama:osm-node-004280313281","retrieval_query_sha256":"b5c52b3ea7542261159b5764956aa9662673c0422b3509dc59e4866f00c14603","revision_id":"osm-2026-08-29-v1","source_class":"VGI","source_feature_id":"node/4280313281","source_id":"openstreetmap-overpass-arashiyama-20260829","source_sha256":"1cde93d68bebf633989e825cbd5ac1e772cee81508043f44beb311250a1e8013","stable_feature_id":"kyoto-arashiyama:osm-node-004280313281","topology_status":"CANDIDATE"},"type":"Feature"},{"geometry":{"coordinates":[135.6775662,35.0143316],"type":"Point"},"id":"kyoto-arashiyama:osm-node-004280313282","properties":{"data_class":"REAL","geometry_status":"SOURCE_TRACEABLE_REAL","lineage":["OpenStreetMap original node ID and coordinate","fixed-time bounded Overpass response retained as exact bytes","node retained because it is an endpoint of a retained candidate segment"],"node_id":"kyoto-arashiyama:osm-node-004280313282","retrieval_query_sha256":"b5c52b3ea7542261159b5764956aa9662673c0422b3509dc59e4866f00c14603","revision_id":"osm-2026-08-29-v1","source_class":"VGI","source_feature_id":"node/4280313282","source_id":"openstreetmap-overpass-arashiyama-20260829","source_sha256":"1cde93d68bebf633989e825cbd5ac1e772cee81508043f44beb311250a1e8013","stable_feature_id":"kyoto-arashiyama:osm-node-004280313282","topology_status":"CANDIDATE"},"type":"Feature"},{"geometry":{"coordinates":[135.6775571,35.0143606],"type":"Point"},"id":"kyoto-arashiyama:osm-node-004280313283","properties":{"data_class":"REAL","geometry_status":"SOURCE_TRACEABLE_REAL","lineage":["OpenStreetMap original node ID and coordinate","fixed-time bounded Overpass response retained as exact bytes","node retained because it is an endpoint of a retained candidate segment"],"node_id":"kyoto-arashiyama:osm-node-004280313283","retrieval_query_sha256":"b5c52b3ea7542261159b5764956aa9662673c0422b3509dc59e4866f00c14603","revision_id":"osm-2026-08-29-v1","source_class":"VGI","source_feature_id":"node/4280313283","source_id":"openstreetmap-overpass-arashiyama-20260829","source_sha256":"1cde93d68bebf633989e825cbd5ac1e772cee81508043f44beb311250a1e8013","stable_feature_id":"kyoto-arashiyama:osm-node-004280313283","topology_status":"CANDIDATE"},"type":"Feature"},{"geometry":{"coordinates":[135.6775673,35.0143722],"type":"Point"},"id":"kyoto-arashiyama:osm-node-004280313284","properties":{"data_class":"REAL","geometry_status":"SOURCE_TRACEABLE_REAL","lineage":["OpenStreetMap original node ID and coordinate","fixed-time bounded Overpass response retained as exact bytes","node retained because it is an endpoint of a retained candidate segment"],"node_id":"kyoto-arashiyama:osm-node-004280313284","retrieval_query_sha256":"b5c52b3ea7542261159b5764956aa9662673c0422b3509dc59e4866f00c14603","revision_id":"osm-2026-08-29-v1","source_class":"VGI","source_feature_id":"node/4280313284","source_id":"openstreetmap-overpass-arashiyama-20260829","source_sha256":"1cde93d68bebf633989e825cbd5ac1e772cee81508043f44beb311250a1e8013","stable_feature_id":"kyoto-arashiyama:osm-node-004280313284","topology_status":"CANDIDATE"},"type":"Feature"},{"geometry":{"coordinates":[135.677626,35.0145293],"type":"Point"},"id":"kyoto-arashiyama:osm-node-004280313285","properties":{"data_class":"REAL","geometry_status":"SOURCE_TRACEABLE_REAL","lineage":["OpenStreetMap original node ID and coordinate","fixed-time bounded Overpass response retained as exact bytes","node retained because it is an endpoint of a retained candidate segment"],"node_id":"kyoto-arashiyama:osm-node-004280313285","retrieval_query_sha256":"b5c52b3ea7542261159b5764956aa9662673c0422b3509dc59e4866f00c14603","revision_id":"osm-2026-08-29-v1","source_class":"VGI","source_feature_id":"node/4280313285","source_id":"openstreetmap-overpass-arashiyama-20260829","source_sha256":"1cde93d68bebf633989e825cbd5ac1e772cee81508043f44beb311250a1e8013","stable_feature_id":"kyoto-arashiyama:osm-node-004280313285","topology_status":"CANDIDATE"},"type":"Feature"},{"geometry":{"coordinates":[135.6773461,35.0150291],"type":"Point"},"id":"kyoto-arashiyama:osm-node-004280313287","properties":{"data_class":"REAL","geometry_status":"SOURCE_TRACEABLE_REAL","lineage":["OpenStreetMap original node ID and coordinate","fixed-time bounded Overpass response retained as exact bytes","node retained because it is an endpoint of a retained candidate segment"],"node_id":"kyoto-arashiyama:osm-node-004280313287","retrieval_query_sha256":"b5c52b3ea7542261159b5764956aa9662673c0422b3509dc59e4866f00c14603","revision_id":"osm-2026-08-29-v1","source_class":"VGI","source_feature_id":"node/4280313287","source_id":"openstreetmap-overpass-arashiyama-20260829","source_sha256":"1cde93d68bebf633989e825cbd5ac1e772cee81508043f44beb311250a1e8013","stable_feature_id":"kyoto-arashiyama:osm-node-004280313287","topology_status":"CANDIDATE"},"type":"Feature"},{"geometry":{"coordinates":[135.6772831,35.0152289],"type":"Point"},"id":"kyoto-arashiyama:osm-node-004280313288","properties":{"data_class":"REAL","geometry_status":"SOURCE_TRACEABLE_REAL","lineage":["OpenStreetMap original node ID and coordinate","fixed-time bounded Overpass response retained as exact bytes","node retained because it is an endpoint of a retained candidate segment"],"node_id":"kyoto-arashiyama:osm-node-004280313288","retrieval_query_sha256":"b5c52b3ea7542261159b5764956aa9662673c0422b3509dc59e4866f00c14603","revision_id":"osm-2026-08-29-v1","source_class":"VGI","source_feature_id":"node/4280313288","source_id":"openstreetmap-overpass-arashiyama-20260829","source_sha256":"1cde93d68bebf633989e825cbd5ac1e772cee81508043f44beb311250a1e8013","stable_feature_id":"kyoto-arashiyama:osm-node-004280313288","topology_status":"CANDIDATE"},"type":"Feature"},{"geometry":{"coordinates":[135.6772649,35.0152463],"type":"Point"},"id":"kyoto-arashiyama:osm-node-004280316589","properties":{"data_class":"REAL","geometry_status":"SOURCE_TRACEABLE_REAL","lineage":["OpenStreetMap original node ID and coordinate","fixed-time bounded Overpass response retained as exact bytes","node retained because it is an endpoint of a retained candidate segment"],"node_id":"kyoto-arashiyama:osm-node-004280316589","retrieval_query_sha256":"b5c52b3ea7542261159b5764956aa9662673c0422b3509dc59e4866f00c14603","revision_id":"osm-2026-08-29-v1","source_class":"VGI","source_feature_id":"node/4280316589","source_id":"openstreetmap-overpass-arashiyama-20260829","source_sha256":"1cde93d68bebf633989e825cbd5ac1e772cee81508043f44beb311250a1e8013","stable_feature_id":"kyoto-arashiyama:osm-node-004280316589","topology_status":"CANDIDATE"},"type":"Feature"},{"geometry":{"coordinates":[135.6772405,35.0152706],"type":"Point"},"id":"kyoto-arashiyama:osm-node-004280316590","properties":{"data_class":"REAL","geometry_status":"SOURCE_TRACEABLE_REAL","lineage":["OpenStreetMap original node ID and coordinate","fixed-time bounded Overpass response retained as exact bytes","node retained because it is an endpoint of a retained candidate segment"],"node_id":"kyoto-arashiyama:osm-node-004280316590","retrieval_query_sha256":"b5c52b3ea7542261159b5764956aa9662673c0422b3509dc59e4866f00c14603","revision_id":"osm-2026-08-29-v1","source_class":"VGI","source_feature_id":"node/4280316590","source_id":"openstreetmap-overpass-arashiyama-20260829","source_sha256":"1cde93d68bebf633989e825cbd5ac1e772cee81508043f44beb311250a1e8013","stable_feature_id":"kyoto-arashiyama:osm-node-004280316590","topology_status":"CANDIDATE"},"type":"Feature"},{"geometry":{"coordinates":[135.6774577,35.0150521],"type":"Point"},"id":"kyoto-arashiyama:osm-node-004284012779","properties":{"data_class":"REAL","geometry_status":"SOURCE_TRACEABLE_REAL","lineage":["OpenStreetMap original node ID and coordinate","fixed-time bounded Overpass response retained as exact bytes","node retained because it is an endpoint of a retained candidate segment"],"node_id":"kyoto-arashiyama:osm-node-004284012779","retrieval_query_sha256":"b5c52b3ea7542261159b5764956aa9662673c0422b3509dc59e4866f00c14603","revision_id":"osm-2026-08-29-v1","source_class":"VGI","source_feature_id":"node/4284012779","source_id":"openstreetmap-overpass-arashiyama-20260829","source_sha256":"1cde93d68bebf633989e825cbd5ac1e772cee81508043f44beb311250a1e8013","stable_feature_id":"kyoto-arashiyama:osm-node-004284012779","topology_status":"CANDIDATE"},"type":"Feature"},{"geometry":{"coordinates":[135.677882,35.0150781],"type":"Point"},"id":"kyoto-arashiyama:osm-node-004773068051","properties":{"data_class":"REAL","geometry_status":"SOURCE_TRACEABLE_REAL","lineage":["OpenStreetMap original node ID and coordinate","fixed-time bounded Overpass response retained as exact bytes","node retained because it is an endpoint of a retained candidate segment"],"node_id":"kyoto-arashiyama:osm-node-004773068051","retrieval_query_sha256":"b5c52b3ea7542261159b5764956aa9662673c0422b3509dc59e4866f00c14603","revision_id":"osm-2026-08-29-v1","source_class":"VGI","source_feature_id":"node/4773068051","source_id":"openstreetmap-overpass-arashiyama-20260829","source_sha256":"1cde93d68bebf633989e825cbd5ac1e772cee81508043f44beb311250a1e8013","stable_feature_id":"kyoto-arashiyama:osm-node-004773068051","topology_status":"CANDIDATE"},"type":"Feature"},{"geometry":{"coordinates":[135.6774807,35.0149808],"type":"Point"},"id":"kyoto-arashiyama:osm-node-004773068052","properties":{"data_class":"REAL","geometry_status":"SOURCE_TRACEABLE_REAL","lineage":["OpenStreetMap original node ID and coordinate","fixed-time bounded Overpass response retained as exact bytes","node retained because it is an endpoint of a retained candidate segment"],"node_id":"kyoto-arashiyama:osm-node-004773068052","retrieval_query_sha256":"b5c52b3ea7542261159b5764956aa9662673c0422b3509dc59e4866f00c14603","revision_id":"osm-2026-08-29-v1","source_class":"VGI","source_feature_id":"node/4773068052","source_id":"openstreetmap-overpass-arashiyama-20260829","source_sha256":"1cde93d68bebf633989e825cbd5ac1e772cee81508043f44beb311250a1e8013","stable_feature_id":"kyoto-arashiyama:osm-node-004773068052","topology_status":"CANDIDATE"},"type":"Feature"},{"geometry":{"coordinates":[135.6773195,35.0113592],"type":"Point"},"id":"kyoto-arashiyama:osm-node-005064078635","properties":{"data_class":"REAL","geometry_status":"SOURCE_TRACEABLE_REAL","lineage":["OpenStreetMap original node ID and coordinate","fixed-time bounded Overpass response retained as exact bytes","node retained because it is an endpoint of a retained candidate segment"],"node_id":"kyoto-arashiyama:osm-node-005064078635","retrieval_query_sha256":"b5c52b3ea7542261159b5764956aa9662673c0422b3509dc59e4866f00c14603","revision_id":"osm-2026-08-29-v1","source_class":"VGI","source_feature_id":"node/5064078635","source_id":"openstreetmap-overpass-arashiyama-20260829","source_sha256":"1cde93d68bebf633989e825cbd5ac1e772cee81508043f44beb311250a1e8013","stable_feature_id":"kyoto-arashiyama:osm-node-005064078635","topology_status":"CANDIDATE"},"type":"Feature"},{"geometry":{"coordinates":[135.6772991,35.0113428],"type":"Point"},"id":"kyoto-arashiyama:osm-node-005064078636","properties":{"data_class":"REAL","geometry_status":"SOURCE_TRACEABLE_REAL","lineage":["OpenStreetMap original node ID and coordinate","fixed-time bounded Overpass response retained as exact bytes","node retained because it is an endpoint of a retained candidate segment"],"node_id":"kyoto-arashiyama:osm-node-005064078636","retrieval_query_sha256":"b5c52b3ea7542261159b5764956aa9662673c0422b3509dc59e4866f00c14603","revision_id":"osm-2026-08-29-v1","source_class":"VGI","source_feature_id":"node/5064078636","source_id":"openstreetmap-overpass-arashiyama-20260829","source_sha256":"1cde93d68bebf633989e825cbd5ac1e772cee81508043f44beb311250a1e8013","stable_feature_id":"kyoto-arashiyama:osm-node-005064078636","topology_status":"CANDIDATE"},"type":"Feature"},{"geometry":{"coordinates":[135.677411,35.0115932],"type":"Point"},"id":"kyoto-arashiyama:osm-node-005064078640","properties":{"data_class":"REAL","geometry_status":"SOURCE_TRACEABLE_REAL","lineage":["OpenStreetMap original node ID and coordinate","fixed-time bounded Overpass response retained as exact bytes","node retained because it is an endpoint of a retained candidate segment"],"node_id":"kyoto-arashiyama:osm-node-005064078640","retrieval_query_sha256":"b5c52b3ea7542261159b5764956aa9662673c0422b3509dc59e4866f00c14603","revision_id":"osm-2026-08-29-v1","source_class":"VGI","source_feature_id":"node/5064078640","source_id":"openstreetmap-overpass-arashiyama-20260829","source_sha256":"1cde93d68bebf633989e825cbd5ac1e772cee81508043f44beb311250a1e8013","stable_feature_id":"kyoto-arashiyama:osm-node-005064078640","topology_status":"CANDIDATE"},"type":"Feature"},{"geometry":{"coordinates":[135.677518,35.0118546],"type":"Point"},"id":"kyoto-arashiyama:osm-node-005064078641","properties":{"data_class":"REAL","geometry_status":"SOURCE_TRACEABLE_REAL","lineage":["OpenStreetMap original node ID and coordinate","fixed-time bounded Overpass response retained as exact bytes","node retained because it is an endpoint of a retained candidate segment"],"node_id":"kyoto-arashiyama:osm-node-005064078641","retrieval_query_sha256":"b5c52b3ea7542261159b5764956aa9662673c0422b3509dc59e4866f00c14603","revision_id":"osm-2026-08-29-v1","source_class":"VGI","source_feature_id":"node/5064078641","source_id":"openstreetmap-overpass-arashiyama-20260829","source_sha256":"1cde93d68bebf633989e825cbd5ac1e772cee81508043f44beb311250a1e8013","stable_feature_id":"kyoto-arashiyama:osm-node-005064078641","topology_status":"CANDIDATE"},"type":"Feature"},{"geometry":{"coordinates":[135.6774059,35.0115592],"type":"Point"},"id":"kyoto-arashiyama:osm-node-005064078642","properties":{"data_class":"REAL","geometry_status":"SOURCE_TRACEABLE_REAL","lineage":["OpenStreetMap original node ID and coordinate","fixed-time bounded Overpass response retained as exact bytes","node retained because it is an endpoint of a retained candidate segment"],"node_id":"kyoto-arashiyama:osm-node-005064078642","retrieval_query_sha256":"b5c52b3ea7542261159b5764956aa9662673c0422b3509dc59e4866f00c14603","revision_id":"osm-2026-08-29-v1","source_class":"VGI","source_feature_id":"node/5064078642","source_id":"openstreetmap-overpass-arashiyama-20260829","source_sha256":"1cde93d68bebf633989e825cbd5ac1e772cee81508043f44beb311250a1e8013","stable_feature_id":"kyoto-arashiyama:osm-node-005064078642","topology_status":"CANDIDATE"},"type":"Feature"},{"geometry":{"coordinates":[135.6773412,35.0113936],"type":"Point"},"id":"kyoto-arashiyama:osm-node-005064078643","properties":{"data_class":"REAL","geometry_status":"SOURCE_TRACEABLE_REAL","lineage":["OpenStreetMap original node ID and coordinate","fixed-time bounded Overpass response retained as exact bytes","node retained because it is an endpoint of a retained candidate segment"],"node_id":"kyoto-arashiyama:osm-node-005064078643","retrieval_query_sha256":"b5c52b3ea7542261159b5764956aa9662673c0422b3509dc59e4866f00c14603","revision_id":"osm-2026-08-29-v1","source_class":"VGI","source_feature_id":"node/5064078643","source_id":"openstreetmap-overpass-arashiyama-20260829","source_sha256":"1cde93d68bebf633989e825cbd5ac1e772cee81508043f44beb311250a1e8013","stable_feature_id":"kyoto-arashiyama:osm-node-005064078643","topology_status":"CANDIDATE"},"type":"Feature"},{"geometry":{"coordinates":[135.6775078,35.0111614],"type":"Point"},"id":"kyoto-arashiyama:osm-node-005064078644","properties":{"data_class":"REAL","geometry_status":"SOURCE_TRACEABLE_REAL","lineage":["OpenStreetMap original node ID and coordinate","fixed-time bounded Overpass response retained as exact bytes","node retained because it is an endpoint of a retained candidate segment"],"node_id":"kyoto-arashiyama:osm-node-005064078644","retrieval_query_sha256":"b5c52b3ea7542261159b5764956aa9662673c0422b3509dc59e4866f00c14603","revision_id":"osm-2026-08-29-v1","source_class":"VGI","source_feature_id":"node/5064078644","source_id":"openstreetmap-overpass-arashiyama-20260829","source_sha256":"1cde93d68bebf633989e825cbd5ac1e772cee81508043f44beb311250a1e8013","stable_feature_id":"kyoto-arashiyama:osm-node-005064078644","topology_status":"CANDIDATE"},"type":"Feature"},{"geometry":{"coordinates":[135.677474,35.0112211],"type":"Point"},"id":"kyoto-arashiyama:osm-node-005064078645","properties":{"data_class":"REAL","geometry_status":"SOURCE_TRACEABLE_REAL","lineage":["OpenStreetMap original node ID and coordinate","fixed-time bounded Overpass response retained as exact bytes","node retained because it is an endpoint of a retained candidate segment"],"node_id":"kyoto-arashiyama:osm-node-005064078645","retrieval_query_sha256":"b5c52b3ea7542261159b5764956aa9662673c0422b3509dc59e4866f00c14603","revision_id":"osm-2026-08-29-v1","source_class":"VGI","source_feature_id":"node/5064078645","source_id":"openstreetmap-overpass-arashiyama-20260829","source_sha256":"1cde93d68bebf633989e825cbd5ac1e772cee81508043f44beb311250a1e8013","stable_feature_id":"kyoto-arashiyama:osm-node-005064078645","topology_status":"CANDIDATE"},"type":"Feature"},{"geometry":{"coordinates":[135.6774479,35.0112609],"type":"Point"},"id":"kyoto-arashiyama:osm-node-005064078646","properties":{"data_class":"REAL","geometry_status":"SOURCE_TRACEABLE_REAL","lineage":["OpenStreetMap original node ID and coordinate","fixed-time bounded Overpass response retained as exact bytes","node retained because it is an endpoint of a retained candidate segment"],"node_id":"kyoto-arashiyama:osm-node-005064078646","retrieval_query_sha256":"b5c52b3ea7542261159b5764956aa9662673c0422b3509dc59e4866f00c14603","revision_id":"osm-2026-08-29-v1","source_class":"VGI","source_feature_id":"node/5064078646","source_id":"openstreetmap-overpass-arashiyama-20260829","source_sha256":"1cde93d68bebf633989e825cbd5ac1e772cee81508043f44beb311250a1e8013","stable_feature_id":"kyoto-arashiyama:osm-node-005064078646","topology_status":"CANDIDATE"},"type":"Feature"},{"geometry":{"coordinates":[135.6774371,35.011287],"type":"Point"},"id":"kyoto-arashiyama:osm-node-005064078647","properties":{"data_class":"REAL","geometry_status":"SOURCE_TRACEABLE_REAL","lineage":["OpenStreetMap original node ID and coordinate","fixed-time bounded Overpass response retained as exact bytes","node retained because it is an endpoint of a retained candidate segment"],"node_id":"kyoto-arashiyama:osm-node-005064078647","retrieval_query_sha256":"b5c52b3ea7542261159b5764956aa9662673c0422b3509dc59e4866f00c14603","revision_id":"osm-2026-08-29-v1","source_class":"VGI","source_feature_id":"node/5064078647","source_id":"openstreetmap-overpass-arashiyama-20260829","source_sha256":"1cde93d68bebf633989e825cbd5ac1e772cee81508043f44beb311250a1e8013","stable_feature_id":"kyoto-arashiyama:osm-node-005064078647","topology_status":"CANDIDATE"},"type":"Feature"},{"geometry":{"coordinates":[135.6774304,35.0113158],"type":"Point"},"id":"kyoto-arashiyama:osm-node-005064078648","properties":{"data_class":"REAL","geometry_status":"SOURCE_TRACEABLE_REAL","lineage":["OpenStreetMap original node ID and coordinate","fixed-time bounded Overpass response retained as exact bytes","node retained because it is an endpoint of a retained candidate segment"],"node_id":"kyoto-arashiyama:osm-node-005064078648","retrieval_query_sha256":"b5c52b3ea7542261159b5764956aa9662673c0422b3509dc59e4866f00c14603","revision_id":"osm-2026-08-29-v1","source_class":"VGI","source_feature_id":"node/5064078648","source_id":"openstreetmap-overpass-arashiyama-20260829","source_sha256":"1cde93d68bebf633989e825cbd5ac1e772cee81508043f44beb311250a1e8013","stable_feature_id":"kyoto-arashiyama:osm-node-005064078648","topology_status":"CANDIDATE"},"type":"Feature"},{"geometry":{"coordinates":[135.6774301,35.0113482],"type":"Point"},"id":"kyoto-arashiyama:osm-node-005064078649","properties":{"data_class":"REAL","geometry_status":"SOURCE_TRACEABLE_REAL","lineage":["OpenStreetMap original node ID and coordinate","fixed-time bounded Overpass response retained as exact bytes","node retained because it is an endpoint of a retained candidate segment"],"node_id":"kyoto-arashiyama:osm-node-005064078649","retrieval_query_sha256":"b5c52b3ea7542261159b5764956aa9662673c0422b3509dc59e4866f00c14603","revision_id":"osm-2026-08-29-v1","source_class":"VGI","source_feature_id":"node/5064078649","source_id":"openstreetmap-overpass-arashiyama-20260829","source_sha256":"1cde93d68bebf633989e825cbd5ac1e772cee81508043f44beb311250a1e8013","stable_feature_id":"kyoto-arashiyama:osm-node-005064078649","topology_status":"CANDIDATE"},"type":"Feature"},{"geometry":{"coordinates":[135.6774305,35.0113702],"type":"Point"},"id":"kyoto-arashiyama:osm-node-005064078650","properties":{"data_class":"REAL","geometry_status":"SOURCE_TRACEABLE_REAL","lineage":["OpenStreetMap original node ID and coordinate","fixed-time bounded Overpass response retained as exact bytes","node retained because it is an endpoint of a retained candidate segment"],"node_id":"kyoto-arashiyama:osm-node-005064078650","retrieval_query_sha256":"b5c52b3ea7542261159b5764956aa9662673c0422b3509dc59e4866f00c14603","revision_id":"osm-2026-08-29-v1","source_class":"VGI","source_feature_id":"node/5064078650","source_id":"openstreetmap-overpass-arashiyama-20260829","source_sha256":"1cde93d68bebf633989e825cbd5ac1e772cee81508043f44beb311250a1e8013","stable_feature_id":"kyoto-arashiyama:osm-node-005064078650","topology_status":"CANDIDATE"},"type":"Feature"},{"geometry":{"coordinates":[135.6774952,35.0115359],"type":"Point"},"id":"kyoto-arashiyama:osm-node-005064078651","properties":{"data_class":"REAL","geometry_status":"SOURCE_TRACEABLE_REAL","lineage":["OpenStreetMap original node ID and coordinate","fixed-time bounded Overpass response retained as exact bytes","node retained because it is an endpoint of a retained candidate segment"],"node_id":"kyoto-arashiyama:osm-node-005064078651","retrieval_query_sha256":"b5c52b3ea7542261159b5764956aa9662673c0422b3509dc59e4866f00c14603","revision_id":"osm-2026-08-29-v1","source_class":"VGI","source_feature_id":"node/5064078651","source_id":"openstreetmap-overpass-arashiyama-20260829","source_sha256":"1cde93d68bebf633989e825cbd5ac1e772cee81508043f44beb311250a1e8013","stable_feature_id":"kyoto-arashiyama:osm-node-005064078651","topology_status":"CANDIDATE"},"type":"Feature"},{"geometry":{"coordinates":[135.6775454,35.0116203],"type":"Point"},"id":"kyoto-arashiyama:osm-node-005064078652","properties":{"data_class":"REAL","geometry_status":"SOURCE_TRACEABLE_REAL","lineage":["OpenStreetMap original node ID and coordinate","fixed-time bounded Overpass response retained as exact bytes","node retained because it is an endpoint of a retained candidate segment"],"node_id":"kyoto-arashiyama:osm-node-005064078652","retrieval_query_sha256":"b5c52b3ea7542261159b5764956aa9662673c0422b3509dc59e4866f00c14603","revision_id":"osm-2026-08-29-v1","source_class":"VGI","source_feature_id":"node/5064078652","source_id":"openstreetmap-overpass-arashiyama-20260829","source_sha256":"1cde93d68bebf633989e825cbd5ac1e772cee81508043f44beb311250a1e8013","stable_feature_id":"kyoto-arashiyama:osm-node-005064078652","topology_status":"CANDIDATE"},"type":"Feature"},{"geometry":{"coordinates":[135.6775901,35.0117105],"type":"Point"},"id":"kyoto-arashiyama:osm-node-005064078653","properties":{"data_class":"REAL","geometry_status":"SOURCE_TRACEABLE_REAL","lineage":["OpenStreetMap original node ID and coordinate","fixed-time bounded Overpass response retained as exact bytes","node retained because it is an endpoint of a retained candidate segment"],"node_id":"kyoto-arashiyama:osm-node-005064078653","retrieval_query_sha256":"b5c52b3ea7542261159b5764956aa9662673c0422b3509dc59e4866f00c14603","revision_id":"osm-2026-08-29-v1","source_class":"VGI","source_feature_id":"node/5064078653","source_id":"openstreetmap-overpass-arashiyama-20260829","source_sha256":"1cde93d68bebf633989e825cbd5ac1e772cee81508043f44beb311250a1e8013","stable_feature_id":"kyoto-arashiyama:osm-node-005064078653","topology_status":"CANDIDATE"},"type":"Feature"},{"geometry":{"coordinates":[135.6776212,35.0117681],"type":"Point"},"id":"kyoto-arashiyama:osm-node-005064078654","properties":{"data_class":"REAL","geometry_status":"SOURCE_TRACEABLE_REAL","lineage":["OpenStreetMap original node ID and coordinate","fixed-time bounded Overpass response retained as exact bytes","node retained because it is an endpoint of a retained candidate segment"],"node_id":"kyoto-arashiyama:osm-node-005064078654","retrieval_query_sha256":"b5c52b3ea7542261159b5764956aa9662673c0422b3509dc59e4866f00c14603","revision_id":"osm-2026-08-29-v1","source_class":"VGI","source_feature_id":"node/5064078654","source_id":"openstreetmap-overpass-arashiyama-20260829","source_sha256":"1cde93d68bebf633989e825cbd5ac1e772cee81508043f44beb311250a1e8013","stable_feature_id":"kyoto-arashiyama:osm-node-005064078654","topology_status":"CANDIDATE"},"type":"Feature"},{"geometry":{"coordinates":[135.6776521,35.0118477],"type":"Point"},"id":"kyoto-arashiyama:osm-node-005064078655","properties":{"data_class":"REAL","geometry_status":"SOURCE_TRACEABLE_REAL","lineage":["OpenStreetMap original node ID and coordinate","fixed-time bounded Overpass response retained as exact bytes","node retained because it is an endpoint of a retained candidate segment"],"node_id":"kyoto-arashiyama:osm-node-005064078655","retrieval_query_sha256":"b5c52b3ea7542261159b5764956aa9662673c0422b3509dc59e4866f00c14603","revision_id":"osm-2026-08-29-v1","source_class":"VGI","source_feature_id":"node/5064078655","source_id":"openstreetmap-overpass-arashiyama-20260829","source_sha256":"1cde93d68bebf633989e825cbd5ac1e772cee81508043f44beb311250a1e8013","stable_feature_id":"kyoto-arashiyama:osm-node-005064078655","topology_status":"CANDIDATE"},"type":"Feature"},{"geometry":{"coordinates":[135.6776809,35.0119411],"type":"Point"},"id":"kyoto-arashiyama:osm-node-005064078656","properties":{"data_class":"REAL","geometry_status":"SOURCE_TRACEABLE_REAL","lineage":["OpenStreetMap original node ID and coordinate","fixed-time bounded Overpass response retained as exact bytes","node retained because it is an endpoint of a retained candidate segment"],"node_id":"kyoto-arashiyama:osm-node-005064078656","retrieval_query_sha256":"b5c52b3ea7542261159b5764956aa9662673c0422b3509dc59e4866f00c14603","revision_id":"osm-2026-08-29-v1","source_class":"VGI","source_feature_id":"node/5064078656","source_id":"openstreetmap-overpass-arashiyama-20260829","source_sha256":"1cde93d68bebf633989e825cbd5ac1e772cee81508043f44beb311250a1e8013","stable_feature_id":"kyoto-arashiyama:osm-node-005064078656","topology_status":"CANDIDATE"},"type":"Feature"},{"geometry":{"coordinates":[135.6776977,35.0120158],"type":"Point"},"id":"kyoto-arashiyama:osm-node-005064078657","properties":{"data_class":"REAL","geometry_status":"SOURCE_TRACEABLE_REAL","lineage":["OpenStreetMap original node ID and coordinate","fixed-time bounded Overpass response retained as exact bytes","node retained because it is an endpoint of a retained candidate segment"],"node_id":"kyoto-arashiyama:osm-node-005064078657","retrieval_query_sha256":"b5c52b3ea7542261159b5764956aa9662673c0422b3509dc59e4866f00c14603","revision_id":"osm-2026-08-29-v1","source_class":"VGI","source_feature_id":"node/5064078657","source_id":"openstreetmap-overpass-arashiyama-20260829","source_sha256":"1cde93d68bebf633989e825cbd5ac1e772cee81508043f44beb311250a1e8013","stable_feature_id":"kyoto-arashiyama:osm-node-005064078657","topology_status":"CANDIDATE"},"type":"Feature"},{"geometry":{"coordinates":[135.6796641,35.0123519],"type":"Point"},"id":"kyoto-arashiyama:osm-node-005064078658","properties":{"data_class":"REAL","geometry_status":"SOURCE_TRACEABLE_REAL","lineage":["OpenStreetMap original node ID and coordinate","fixed-time bounded Overpass response retained as exact bytes","node retained because it is an endpoint of a retained candidate segment"],"node_id":"kyoto-arashiyama:osm-node-005064078658","retrieval_query_sha256":"b5c52b3ea7542261159b5764956aa9662673c0422b3509dc59e4866f00c14603","revision_id":"osm-2026-08-29-v1","source_class":"VGI","source_feature_id":"node/5064078658","source_id":"openstreetmap-overpass-arashiyama-20260829","source_sha256":"1cde93d68bebf633989e825cbd5ac1e772cee81508043f44beb311250a1e8013","stable_feature_id":"kyoto-arashiyama:osm-node-005064078658","topology_status":"CANDIDATE"},"type":"Feature"},{"geometry":{"coordinates":[135.6791726,35.0123282],"type":"Point"},"id":"kyoto-arashiyama:osm-node-005064078659","properties":{"data_class":"REAL","geometry_status":"SOURCE_TRACEABLE_REAL","lineage":["OpenStreetMap original node ID and coordinate","fixed-time bounded Overpass response retained as exact bytes","node retained because it is an endpoint of a retained candidate segment"],"node_id":"kyoto-arashiyama:osm-node-005064078659","retrieval_query_sha256":"b5c52b3ea7542261159b5764956aa9662673c0422b3509dc59e4866f00c14603","revision_id":"osm-2026-08-29-v1","source_class":"VGI","source_feature_id":"node/5064078659","source_id":"openstreetmap-overpass-arashiyama-20260829","source_sha256":"1cde93d68bebf633989e825cbd5ac1e772cee81508043f44beb311250a1e8013","stable_feature_id":"kyoto-arashiyama:osm-node-005064078659","topology_status":"CANDIDATE"},"type":"Feature"},{"geometry":{"coordinates":[135.6793417,35.0123439],"type":"Point"},"id":"kyoto-arashiyama:osm-node-005064078660","properties":{"data_class":"REAL","geometry_status":"SOURCE_TRACEABLE_REAL","lineage":["OpenStreetMap original node ID and coordinate","fixed-time bounded Overpass response retained as exact bytes","node retained because it is an endpoint of a retained candidate segment"],"node_id":"kyoto-arashiyama:osm-node-005064078660","retrieval_query_sha256":"b5c52b3ea7542261159b5764956aa9662673c0422b3509dc59e4866f00c14603","revision_id":"osm-2026-08-29-v1","source_class":"VGI","source_feature_id":"node/5064078660","source_id":"openstreetmap-overpass-arashiyama-20260829","source_sha256":"1cde93d68bebf633989e825cbd5ac1e772cee81508043f44beb311250a1e8013","stable_feature_id":"kyoto-arashiyama:osm-node-005064078660","topology_status":"CANDIDATE"},"type":"Feature"},{"geometry":{"coordinates":[135.679257,35.012337],"type":"Point"},"id":"kyoto-arashiyama:osm-node-005064078661","properties":{"data_class":"REAL","geometry_status":"SOURCE_TRACEABLE_REAL","lineage":["OpenStreetMap original node ID and coordinate","fixed-time bounded Overpass response retained as exact bytes","node retained because it is an endpoint of a retained candidate segment"],"node_id":"kyoto-arashiyama:osm-node-005064078661","retrieval_query_sha256":"b5c52b3ea7542261159b5764956aa9662673c0422b3509dc59e4866f00c14603","revision_id":"osm-2026-08-29-v1","source_class":"VGI","source_feature_id":"node/5064078661","source_id":"openstreetmap-overpass-arashiyama-20260829","source_sha256":"1cde93d68bebf633989e825cbd5ac1e772cee81508043f44beb311250a1e8013","stable_feature_id":"kyoto-arashiyama:osm-node-005064078661","topology_status":"CANDIDATE"},"type":"Feature"},{"geometry":{"coordinates":[135.6795566,35.0123524],"type":"Point"},"id":"kyoto-arashiyama:osm-node-005064078662","properties":{"data_class":"REAL","geometry_status":"SOURCE_TRACEABLE_REAL","lineage":["OpenStreetMap original node ID and coordinate","fixed-time bounded Overpass response retained as exact bytes","node retained because it is an endpoint of a retained candidate segment"],"node_id":"kyoto-arashiyama:osm-node-005064078662","retrieval_query_sha256":"b5c52b3ea7542261159b5764956aa9662673c0422b3509dc59e4866f00c14603","revision_id":"osm-2026-08-29-v1","source_class":"VGI","source_feature_id":"node/5064078662","source_id":"openstreetmap-overpass-arashiyama-20260829","source_sha256":"1cde93d68bebf633989e825cbd5ac1e772cee81508043f44beb311250a1e8013","stable_feature_id":"kyoto-arashiyama:osm-node-005064078662","topology_status":"CANDIDATE"},"type":"Feature"},{"geometry":{"coordinates":[135.6797716,35.0123482],"type":"Point"},"id":"kyoto-arashiyama:osm-node-005064078663","properties":{"data_class":"REAL","geometry_status":"SOURCE_TRACEABLE_REAL","lineage":["OpenStreetMap original node ID and coordinate","fixed-time bounded Overpass response retained as exact bytes","node retained because it is an endpoint of a retained candidate segment"],"node_id":"kyoto-arashiyama:osm-node-005064078663","retrieval_query_sha256":"b5c52b3ea7542261159b5764956aa9662673c0422b3509dc59e4866f00c14603","revision_id":"osm-2026-08-29-v1","source_class":"VGI","source_feature_id":"node/5064078663","source_id":"openstreetmap-overpass-arashiyama-20260829","source_sha256":"1cde93d68bebf633989e825cbd5ac1e772cee81508043f44beb311250a1e8013","stable_feature_id":"kyoto-arashiyama:osm-node-005064078663","topology_status":"CANDIDATE"},"type":"Feature"},{"geometry":{"coordinates":[135.6780736,35.0120611],"type":"Point"},"id":"kyoto-arashiyama:osm-node-005064078664","properties":{"data_class":"REAL","geometry_status":"SOURCE_TRACEABLE_REAL","lineage":["OpenStreetMap original node ID and coordinate","fixed-time bounded Overpass response retained as exact bytes","node retained because it is an endpoint of a retained candidate segment"],"node_id":"kyoto-arashiyama:osm-node-005064078664","retrieval_query_sha256":"b5c52b3ea7542261159b5764956aa9662673c0422b3509dc59e4866f00c14603","revision_id":"osm-2026-08-29-v1","source_class":"VGI","source_feature_id":"node/5064078664","source_id":"openstreetmap-overpass-arashiyama-20260829","source_sha256":"1cde93d68bebf633989e825cbd5ac1e772cee81508043f44beb311250a1e8013","stable_feature_id":"kyoto-arashiyama:osm-node-005064078664","topology_status":"CANDIDATE"},"type":"Feature"},{"geometry":{"coordinates":[135.6781137,35.0120061],"type":"Point"},"id":"kyoto-arashiyama:osm-node-005064078665","properties":{"data_class":"REAL","geometry_status":"SOURCE_TRACEABLE_REAL","lineage":["OpenStreetMap original node ID and coordinate","fixed-time bounded Overpass response retained as exact bytes","node retained because it is an endpoint of a retained candidate segment"],"node_id":"kyoto-arashiyama:osm-node-005064078665","retrieval_query_sha256":"b5c52b3ea7542261159b5764956aa9662673c0422b3509dc59e4866f00c14603","revision_id":"osm-2026-08-29-v1","source_class":"VGI","source_feature_id":"node/5064078665","source_id":"openstreetmap-overpass-arashiyama-20260829","source_sha256":"1cde93d68bebf633989e825cbd5ac1e772cee81508043f44beb311250a1e8013","stable_feature_id":"kyoto-arashiyama:osm-node-005064078665","topology_status":"CANDIDATE"},"type":"Feature"},{"geometry":{"coordinates":[135.6778551,35.0118377],"type":"Point"},"id":"kyoto-arashiyama:osm-node-005064078666","properties":{"data_class":"REAL","geometry_status":"SOURCE_TRACEABLE_REAL","lineage":["OpenStreetMap original node ID and coordinate","fixed-time bounded Overpass response retained as exact bytes","node retained because it is an endpoint of a retained candidate segment"],"node_id":"kyoto-arashiyama:osm-node-005064078666","retrieval_query_sha256":"b5c52b3ea7542261159b5764956aa9662673c0422b3509dc59e4866f00c14603","revision_id":"osm-2026-08-29-v1","source_class":"VGI","source_feature_id":"node/5064078666","source_id":"openstreetmap-overpass-arashiyama-20260829","source_sha256":"1cde93d68bebf633989e825cbd5ac1e772cee81508043f44beb311250a1e8013","stable_feature_id":"kyoto-arashiyama:osm-node-005064078666","topology_status":"CANDIDATE"},"type":"Feature"},{"geometry":{"coordinates":[135.6778723,35.0119105],"type":"Point"},"id":"kyoto-arashiyama:osm-node-005064078667","properties":{"data_class":"REAL","geometry_status":"SOURCE_TRACEABLE_REAL","lineage":["OpenStreetMap original node ID and coordinate","fixed-time bounded Overpass response retained as exact bytes","node retained because it is an endpoint of a retained candidate segment"],"node_id":"kyoto-arashiyama:osm-node-005064078667","retrieval_query_sha256":"b5c52b3ea7542261159b5764956aa9662673c0422b3509dc59e4866f00c14603","revision_id":"osm-2026-08-29-v1","source_class":"VGI","source_feature_id":"node/5064078667","source_id":"openstreetmap-overpass-arashiyama-20260829","source_sha256":"1cde93d68bebf633989e825cbd5ac1e772cee81508043f44beb311250a1e8013","stable_feature_id":"kyoto-arashiyama:osm-node-005064078667","topology_status":"CANDIDATE"},"type":"Feature"},{"geometry":{"coordinates":[135.6778602,35.0118747],"type":"Point"},"id":"kyoto-arashiyama:osm-node-005064078668","properties":{"data_class":"REAL","geometry_status":"SOURCE_TRACEABLE_REAL","lineage":["OpenStreetMap original node ID and coordinate","fixed-time bounded Overpass response retained as exact bytes","node retained because it is an endpoint of a retained candidate segment"],"node_id":"kyoto-arashiyama:osm-node-005064078668","retrieval_query_sha256":"b5c52b3ea7542261159b5764956aa9662673c0422b3509dc59e4866f00c14603","revision_id":"osm-2026-08-29-v1","source_class":"VGI","source_feature_id":"node/5064078668","source_id":"openstreetmap-overpass-arashiyama-20260829","source_sha256":"1cde93d68bebf633989e825cbd5ac1e772cee81508043f44beb311250a1e8013","stable_feature_id":"kyoto-arashiyama:osm-node-005064078668","topology_status":"CANDIDATE"},"type":"Feature"},{"geometry":{"coordinates":[135.6779158,35.0119756],"type":"Point"},"id":"kyoto-arashiyama:osm-node-005064078669","properties":{"data_class":"REAL","geometry_status":"SOURCE_TRACEABLE_REAL","lineage":["OpenStreetMap original node ID and coordinate","fixed-time bounded Overpass response retained as exact bytes","node retained because it is an endpoint of a retained candidate segment"],"node_id":"kyoto-arashiyama:osm-node-005064078669","retrieval_query_sha256":"b5c52b3ea7542261159b5764956aa9662673c0422b3509dc59e4866f00c14603","revision_id":"osm-2026-08-29-v1","source_class":"VGI","source_feature_id":"node/5064078669","source_id":"openstreetmap-overpass-arashiyama-20260829","source_sha256":"1cde93d68bebf633989e825cbd5ac1e772cee81508043f44beb311250a1e8013","stable_feature_id":"kyoto-arashiyama:osm-node-005064078669","topology_status":"CANDIDATE"},"type":"Feature"},{"geometry":{"coordinates":[135.6779816,35.0120266],"type":"Point"},"id":"kyoto-arashiyama:osm-node-005064078670","properties":{"data_class":"REAL","geometry_status":"SOURCE_TRACEABLE_REAL","lineage":["OpenStreetMap original node ID and coordinate","fixed-time bounded Overpass response retained as exact bytes","node retained because it is an endpoint of a retained candidate segment"],"node_id":"kyoto-arashiyama:osm-node-005064078670","retrieval_query_sha256":"b5c52b3ea7542261159b5764956aa9662673c0422b3509dc59e4866f00c14603","revision_id":"osm-2026-08-29-v1","source_class":"VGI","source_feature_id":"node/5064078670","source_id":"openstreetmap-overpass-arashiyama-20260829","source_sha256":"1cde93d68bebf633989e825cbd5ac1e772cee81508043f44beb311250a1e8013","stable_feature_id":"kyoto-arashiyama:osm-node-005064078670","topology_status":"CANDIDATE"},"type":"Feature"},{"geometry":{"coordinates":[135.6781739,35.0119364],"type":"Point"},"id":"kyoto-arashiyama:osm-node-005064078671","properties":{"data_class":"REAL","geometry_status":"SOURCE_TRACEABLE_REAL","lineage":["OpenStreetMap original node ID and coordinate","fixed-time bounded Overpass response retained as exact bytes","node retained because it is an endpoint of a retained candidate segment"],"node_id":"kyoto-arashiyama:osm-node-005064078671","retrieval_query_sha256":"b5c52b3ea7542261159b5764956aa9662673c0422b3509dc59e4866f00c14603","revision_id":"osm-2026-08-29-v1","source_class":"VGI","source_feature_id":"node/5064078671","source_id":"openstreetmap-overpass-arashiyama-20260829","source_sha256":"1cde93d68bebf633989e825cbd5ac1e772cee81508043f44beb311250a1e8013","stable_feature_id":"kyoto-arashiyama:osm-node-005064078671","topology_status":"CANDIDATE"},"type":"Feature"},{"geometry":{"coordinates":[135.6781383,35.0119857],"type":"Point"},"id":"kyoto-arashiyama:osm-node-005064078672","properties":{"data_class":"REAL","geometry_status":"SOURCE_TRACEABLE_REAL","lineage":["OpenStreetMap original node ID and coordinate","fixed-time bounded Overpass response retained as exact bytes","node retained because it is an endpoint of a retained candidate segment"],"node_id":"kyoto-arashiyama:osm-node-005064078672","retrieval_query_sha256":"b5c52b3ea7542261159b5764956aa9662673c0422b3509dc59e4866f00c14603","revision_id":"osm-2026-08-29-v1","source_class":"VGI","source_feature_id":"node/5064078672","source_id":"openstreetmap-overpass-arashiyama-20260829","source_sha256":"1cde93d68bebf633989e825cbd5ac1e772cee81508043f44beb311250a1e8013","stable_feature_id":"kyoto-arashiyama:osm-node-005064078672","topology_status":"CANDIDATE"},"type":"Feature"},{"geometry":{"coordinates":[135.6780541,35.0120361],"type":"Point"},"id":"kyoto-arashiyama:osm-node-005064078673","properties":{"data_class":"REAL","geometry_status":"SOURCE_TRACEABLE_REAL","lineage":["OpenStreetMap original node ID and coordinate","fixed-time bounded Overpass response retained as exact bytes","node retained because it is an endpoint of a retained candidate segment"],"node_id":"kyoto-arashiyama:osm-node-005064078673","retrieval_query_sha256":"b5c52b3ea7542261159b5764956aa9662673c0422b3509dc59e4866f00c14603","revision_id":"osm-2026-08-29-v1","source_class":"VGI","source_feature_id":"node/5064078673","source_id":"openstreetmap-overpass-arashiyama-20260829","source_sha256":"1cde93d68bebf633989e825cbd5ac1e772cee81508043f44beb311250a1e8013","stable_feature_id":"kyoto-arashiyama:osm-node-005064078673","topology_status":"CANDIDATE"},"type":"Feature"},{"geometry":{"coordinates":[135.678184,35.0119089],"type":"Point"},"id":"kyoto-arashiyama:osm-node-005064078674","properties":{"data_class":"REAL","geometry_status":"SOURCE_TRACEABLE_REAL","lineage":["OpenStreetMap original node ID and coordinate","fixed-time bounded Overpass response retained as exact bytes","node retained because it is an endpoint of a retained candidate segment"],"node_id":"kyoto-arashiyama:osm-node-005064078674","retrieval_query_sha256":"b5c52b3ea7542261159b5764956aa9662673c0422b3509dc59e4866f00c14603","revision_id":"osm-2026-08-29-v1","source_class":"VGI","source_feature_id":"node/5064078674","source_id":"openstreetmap-overpass-arashiyama-20260829","source_sha256":"1cde93d68bebf633989e825cbd5ac1e772cee81508043f44beb311250a1e8013","stable_feature_id":"kyoto-arashiyama:osm-node-005064078674","topology_status":"CANDIDATE"},"type":"Feature"},{"geometry":{"coordinates":[135.6779463,35.0120032],"type":"Point"},"id":"kyoto-arashiyama:osm-node-005064078675","properties":{"data_class":"REAL","geometry_status":"SOURCE_TRACEABLE_REAL","lineage":["OpenStreetMap original node ID and coordinate","fixed-time bounded Overpass response retained as exact bytes","node retained because it is an endpoint of a retained candidate segment"],"node_id":"kyoto-arashiyama:osm-node-005064078675","retrieval_query_sha256":"b5c52b3ea7542261159b5764956aa9662673c0422b3509dc59e4866f00c14603","revision_id":"osm-2026-08-29-v1","source_class":"VGI","source_feature_id":"node/5064078675","source_id":"openstreetmap-overpass-arashiyama-20260829","source_sha256":"1cde93d68bebf633989e825cbd5ac1e772cee81508043f44beb311250a1e8013","stable_feature_id":"kyoto-arashiyama:osm-node-005064078675","topology_status":"CANDIDATE"},"type":"Feature"},{"geometry":{"coordinates":[135.677891,35.0119444],"type":"Point"},"id":"kyoto-arashiyama:osm-node-005064078676","properties":{"data_class":"REAL","geometry_status":"SOURCE_TRACEABLE_REAL","lineage":["OpenStreetMap original node ID and coordinate","fixed-time bounded Overpass response retained as exact bytes","node retained because it is an endpoint of a retained candidate segment"],"node_id":"kyoto-arashiyama:osm-node-005064078676","retrieval_query_sha256":"b5c52b3ea7542261159b5764956aa9662673c0422b3509dc59e4866f00c14603","revision_id":"osm-2026-08-29-v1","source_class":"VGI","source_feature_id":"node/5064078676","source_id":"openstreetmap-overpass-arashiyama-20260829","source_sha256":"1cde93d68bebf633989e825cbd5ac1e772cee81508043f44beb311250a1e8013","stable_feature_id":"kyoto-arashiyama:osm-node-005064078676","topology_status":"CANDIDATE"},"type":"Feature"},{"geometry":{"coordinates":[135.6779095,35.0116898],"type":"Point"},"id":"kyoto-arashiyama:osm-node-005064078677","properties":{"data_class":"REAL","geometry_status":"SOURCE_TRACEABLE_REAL","lineage":["OpenStreetMap original node ID and coordinate","fixed-time bounded Overpass response retained as exact bytes","node retained because it is an endpoint of a retained candidate segment"],"node_id":"kyoto-arashiyama:osm-node-005064078677","retrieval_query_sha256":"b5c52b3ea7542261159b5764956aa9662673c0422b3509dc59e4866f00c14603","revision_id":"osm-2026-08-29-v1","source_class":"VGI","source_feature_id":"node/5064078677","source_id":"openstreetmap-overpass-arashiyama-20260829","source_sha256":"1cde93d68bebf633989e825cbd5ac1e772cee81508043f44beb311250a1e8013","stable_feature_id":"kyoto-arashiyama:osm-node-005064078677","topology_status":"CANDIDATE"},"type":"Feature"},{"geometry":{"coordinates":[135.6778877,35.011719],"type":"Point"},"id":"kyoto-arashiyama:osm-node-005064078678","properties":{"data_class":"REAL","geometry_status":"SOURCE_TRACEABLE_REAL","lineage":["OpenStreetMap original node ID and coordinate","fixed-time bounded Overpass response retained as exact bytes","node retained because it is an endpoint of a retained candidate segment"],"node_id":"kyoto-arashiyama:osm-node-005064078678","retrieval_query_sha256":"b5c52b3ea7542261159b5764956aa9662673c0422b3509dc59e4866f00c14603","revision_id":"osm-2026-08-29-v1","source_class":"VGI","source_feature_id":"node/5064078678","source_id":"openstreetmap-overpass-arashiyama-20260829","source_sha256":"1cde93d68bebf633989e825cbd5ac1e772cee81508043f44beb311250a1e8013","stable_feature_id":"kyoto-arashiyama:osm-node-005064078678","topology_status":"CANDIDATE"},"type":"Feature"},{"geometry":{"coordinates":[135.6778712,35.0117505],"type":"Point"},"id":"kyoto-arashiyama:osm-node-005064078679","properties":{"data_class":"REAL","geometry_status":"SOURCE_TRACEABLE_REAL","lineage":["OpenStreetMap original node ID and coordinate","fixed-time bounded Overpass response retained as exact bytes","node retained because it is an endpoint of a retained candidate segment"],"node_id":"kyoto-arashiyama:osm-node-005064078679","retrieval_query_sha256":"b5c52b3ea7542261159b5764956aa9662673c0422b3509dc59e4866f00c14603","revision_id":"osm-2026-08-29-v1","source_class":"VGI","source_feature_id":"node/5064078679","source_id":"openstreetmap-overpass-arashiyama-20260829","source_sha256":"1cde93d68bebf633989e825cbd5ac1e772cee81508043f44beb311250a1e8013","stable_feature_id":"kyoto-arashiyama:osm-node-005064078679","topology_status":"CANDIDATE"},"type":"Feature"},{"geometry":{"coordinates":[135.6778603,35.0117836],"type":"Point"},"id":"kyoto-arashiyama:osm-node-005064078680","properties":{"data_class":"REAL","geometry_status":"SOURCE_TRACEABLE_REAL","lineage":["OpenStreetMap original node ID and coordinate","fixed-time bounded Overpass response retained as exact bytes","node retained because it is an endpoint of a retained candidate segment"],"node_id":"kyoto-arashiyama:osm-node-005064078680","retrieval_query_sha256":"b5c52b3ea7542261159b5764956aa9662673c0422b3509dc59e4866f00c14603","revision_id":"osm-2026-08-29-v1","source_class":"VGI","source_feature_id":"node/5064078680","source_id":"openstreetmap-overpass-arashiyama-20260829","source_sha256":"1cde93d68bebf633989e825cbd5ac1e772cee81508043f44beb311250a1e8013","stable_feature_id":"kyoto-arashiyama:osm-node-005064078680","topology_status":"CANDIDATE"},"type":"Feature"},{"geometry":{"coordinates":[135.677898,35.0117041],"type":"Point"},"id":"kyoto-arashiyama:osm-node-005064078681","properties":{"data_class":"REAL","geometry_status":"SOURCE_TRACEABLE_REAL","lineage":["OpenStreetMap original node ID and coordinate","fixed-time bounded Overpass response retained as exact bytes","node retained because it is an endpoint of a retained candidate segment"],"node_id":"kyoto-arashiyama:osm-node-005064078681","retrieval_query_sha256":"b5c52b3ea7542261159b5764956aa9662673c0422b3509dc59e4866f00c14603","revision_id":"osm-2026-08-29-v1","source_class":"VGI","source_feature_id":"node/5064078681","source_id":"openstreetmap-overpass-arashiyama-20260829","source_sha256":"1cde93d68bebf633989e825cbd5ac1e772cee81508043f44beb311250a1e8013","stable_feature_id":"kyoto-arashiyama:osm-node-005064078681","topology_status":"CANDIDATE"},"type":"Feature"},{"geometry":{"coordinates":[135.677865,35.0117669],"type":"Point"},"id":"kyoto-arashiyama:osm-node-005064078682","properties":{"data_class":"REAL","geometry_status":"SOURCE_TRACEABLE_REAL","lineage":["OpenStreetMap original node ID and coordinate","fixed-time bounded Overpass response retained as exact bytes","node retained because it is an endpoint of a retained candidate segment"],"node_id":"kyoto-arashiyama:osm-node-005064078682","retrieval_query_sha256":"b5c52b3ea7542261159b5764956aa9662673c0422b3509dc59e4866f00c14603","revision_id":"osm-2026-08-29-v1","source_class":"VGI","source_feature_id":"node/5064078682","source_id":"openstreetmap-overpass-arashiyama-20260829","source_sha256":"1cde93d68bebf633989e825cbd5ac1e772cee81508043f44beb311250a1e8013","stable_feature_id":"kyoto-arashiyama:osm-node-005064078682","topology_status":"CANDIDATE"},"type":"Feature"},{"geometry":{"coordinates":[135.6778787,35.0117345],"type":"Point"},"id":"kyoto-arashiyama:osm-node-005064078683","properties":{"data_class":"REAL","geometry_status":"SOURCE_TRACEABLE_REAL","lineage":["OpenStreetMap original node ID and coordinate","fixed-time bounded Overpass response retained as exact bytes","node retained because it is an endpoint of a retained candidate segment"],"node_id":"kyoto-arashiyama:osm-node-005064078683","retrieval_query_sha256":"b5c52b3ea7542261159b5764956aa9662673c0422b3509dc59e4866f00c14603","revision_id":"osm-2026-08-29-v1","source_class":"VGI","source_feature_id":"node/5064078683","source_id":"openstreetmap-overpass-arashiyama-20260829","source_sha256":"1cde93d68bebf633989e825cbd5ac1e772cee81508043f44beb311250a1e8013","stable_feature_id":"kyoto-arashiyama:osm-node-005064078683","topology_status":"CANDIDATE"},"type":"Feature"},{"geometry":{"coordinates":[135.6779223,35.0116762],"type":"Point"},"id":"kyoto-arashiyama:osm-node-005064078684","properties":{"data_class":"REAL","geometry_status":"SOURCE_TRACEABLE_REAL","lineage":["OpenStreetMap original node ID and coordinate","fixed-time bounded Overpass response retained as exact bytes","node retained because it is an endpoint of a retained candidate segment"],"node_id":"kyoto-arashiyama:osm-node-005064078684","retrieval_query_sha256":"b5c52b3ea7542261159b5764956aa9662673c0422b3509dc59e4866f00c14603","revision_id":"osm-2026-08-29-v1","source_class":"VGI","source_feature_id":"node/5064078684","source_id":"openstreetmap-overpass-arashiyama-20260829","source_sha256":"1cde93d68bebf633989e825cbd5ac1e772cee81508043f44beb311250a1e8013","stable_feature_id":"kyoto-arashiyama:osm-node-005064078684","topology_status":"CANDIDATE"},"type":"Feature"},{"geometry":{"coordinates":[135.677857,35.0118005],"type":"Point"},"id":"kyoto-arashiyama:osm-node-005064078685","properties":{"data_class":"REAL","geometry_status":"SOURCE_TRACEABLE_REAL","lineage":["OpenStreetMap original node ID and coordinate","fixed-time bounded Overpass response retained as exact bytes","node retained because it is an endpoint of a retained candidate segment"],"node_id":"kyoto-arashiyama:osm-node-005064078685","retrieval_query_sha256":"b5c52b3ea7542261159b5764956aa9662673c0422b3509dc59e4866f00c14603","revision_id":"osm-2026-08-29-v1","source_class":"VGI","source_feature_id":"node/5064078685","source_id":"openstreetmap-overpass-arashiyama-20260829","source_sha256":"1cde93d68bebf633989e825cbd5ac1e772cee81508043f44beb311250a1e8013","stable_feature_id":"kyoto-arashiyama:osm-node-005064078685","topology_status":"CANDIDATE"},"type":"Feature"},{"geometry":{"coordinates":[135.6787472,35.0122319],"type":"Point"},"id":"kyoto-arashiyama:osm-node-005064078686","properties":{"data_class":"REAL","geometry_status":"SOURCE_TRACEABLE_REAL","lineage":["OpenStreetMap original node ID and coordinate","fixed-time bounded Overpass response retained as exact bytes","node retained because it is an endpoint of a retained candidate segment"],"node_id":"kyoto-arashiyama:osm-node-005064078686","retrieval_query_sha256":"b5c52b3ea7542261159b5764956aa9662673c0422b3509dc59e4866f00c14603","revision_id":"osm-2026-08-29-v1","source_class":"VGI","source_feature_id":"node/5064078686","source_id":"openstreetmap-overpass-arashiyama-20260829","source_sha256":"1cde93d68bebf633989e825cbd5ac1e772cee81508043f44beb311250a1e8013","stable_feature_id":"kyoto-arashiyama:osm-node-005064078686","topology_status":"CANDIDATE"},"type":"Feature"},{"geometry":{"coordinates":[135.6785486,35.0121815],"type":"Point"},"id":"kyoto-arashiyama:osm-node-005064078687","properties":{"data_class":"REAL","geometry_status":"SOURCE_TRACEABLE_REAL","lineage":["OpenStreetMap original node ID and coordinate","fixed-time bounded Overpass response retained as exact bytes","node retained because it is an endpoint of a retained candidate segment"],"node_id":"kyoto-arashiyama:osm-node-005064078687","retrieval_query_sha256":"b5c52b3ea7542261159b5764956aa9662673c0422b3509dc59e4866f00c14603","revision_id":"osm-2026-08-29-v1","source_class":"VGI","source_feature_id":"node/5064078687","source_id":"openstreetmap-overpass-arashiyama-20260829","source_sha256":"1cde93d68bebf633989e825cbd5ac1e772cee81508043f44beb311250a1e8013","stable_feature_id":"kyoto-arashiyama:osm-node-005064078687","topology_status":"CANDIDATE"},"type":"Feature"},{"geometry":{"coordinates":[135.6780854,35.0120231],"type":"Point"},"id":"kyoto-arashiyama:osm-node-005064078688","properties":{"data_class":"REAL","geometry_status":"SOURCE_TRACEABLE_REAL","lineage":["OpenStreetMap original node ID and coordinate","fixed-time bounded Overpass response retained as exact bytes","node retained because it is an endpoint of a retained candidate segment"],"node_id":"kyoto-arashiyama:osm-node-005064078688","retrieval_query_sha256":"b5c52b3ea7542261159b5764956aa9662673c0422b3509dc59e4866f00c14603","revision_id":"osm-2026-08-29-v1","source_class":"VGI","source_feature_id":"node/5064078688","source_id":"openstreetmap-overpass-arashiyama-20260829","source_sha256":"1cde93d68bebf633989e825cbd5ac1e772cee81508043f44beb311250a1e8013","stable_feature_id":"kyoto-arashiyama:osm-node-005064078688","topology_status":"CANDIDATE"},"type":"Feature"},{"geometry":{"coordinates":[135.679449,35.0123497],"type":"Point"},"id":"kyoto-arashiyama:osm-node-005064078689","properties":{"data_class":"REAL","geometry_status":"SOURCE_TRACEABLE_REAL","lineage":["OpenStreetMap original node ID and coordinate","fixed-time bounded Overpass response retained as exact bytes","node retained because it is an endpoint of a retained candidate segment"],"node_id":"kyoto-arashiyama:osm-node-005064078689","retrieval_query_sha256":"b5c52b3ea7542261159b5764956aa9662673c0422b3509dc59e4866f00c14603","revision_id":"osm-2026-08-29-v1","source_class":"VGI","source_feature_id":"node/5064078689","source_id":"openstreetmap-overpass-arashiyama-20260829","source_sha256":"1cde93d68bebf633989e825cbd5ac1e772cee81508043f44beb311250a1e8013","stable_feature_id":"kyoto-arashiyama:osm-node-005064078689","topology_status":"CANDIDATE"},"type":"Feature"},{"geometry":{"coordinates":[135.6798421,35.0123655],"type":"Point"},"id":"kyoto-arashiyama:osm-node-005064078690","properties":{"data_class":"REAL","geometry_status":"SOURCE_TRACEABLE_REAL","lineage":["OpenStreetMap original node ID and coordinate","fixed-time bounded Overpass response retained as exact bytes","node retained because it is an endpoint of a retained candidate segment"],"node_id":"kyoto-arashiyama:osm-node-005064078690","retrieval_query_sha256":"b5c52b3ea7542261159b5764956aa9662673c0422b3509dc59e4866f00c14603","revision_id":"osm-2026-08-29-v1","source_class":"VGI","source_feature_id":"node/5064078690","source_id":"openstreetmap-overpass-arashiyama-20260829","source_sha256":"1cde93d68bebf633989e825cbd5ac1e772cee81508043f44beb311250a1e8013","stable_feature_id":"kyoto-arashiyama:osm-node-005064078690","topology_status":"CANDIDATE"},"type":"Feature"},{"geometry":{"coordinates":[135.6790886,35.0123174],"type":"Point"},"id":"kyoto-arashiyama:osm-node-005064078691","properties":{"data_class":"REAL","geometry_status":"SOURCE_TRACEABLE_REAL","lineage":["OpenStreetMap original node ID and coordinate","fixed-time bounded Overpass response retained as exact bytes","node retained because it is an endpoint of a retained candidate segment"],"node_id":"kyoto-arashiyama:osm-node-005064078691","retrieval_query_sha256":"b5c52b3ea7542261159b5764956aa9662673c0422b3509dc59e4866f00c14603","revision_id":"osm-2026-08-29-v1","source_class":"VGI","source_feature_id":"node/5064078691","source_id":"openstreetmap-overpass-arashiyama-20260829","source_sha256":"1cde93d68bebf633989e825cbd5ac1e772cee81508043f44beb311250a1e8013","stable_feature_id":"kyoto-arashiyama:osm-node-005064078691","topology_status":"CANDIDATE"},"type":"Feature"},{"geometry":{"coordinates":[135.6780205,35.0120439],"type":"Point"},"id":"kyoto-arashiyama:osm-node-005064078692","properties":{"data_class":"REAL","geometry_status":"SOURCE_TRACEABLE_REAL","lineage":["OpenStreetMap original node ID and coordinate","fixed-time bounded Overpass response retained as exact bytes","node retained because it is an endpoint of a retained candidate segment"],"node_id":"kyoto-arashiyama:osm-node-005064078692","retrieval_query_sha256":"b5c52b3ea7542261159b5764956aa9662673c0422b3509dc59e4866f00c14603","revision_id":"osm-2026-08-29-v1","source_class":"VGI","source_feature_id":"node/5064078692","source_id":"openstreetmap-overpass-arashiyama-20260829","source_sha256":"1cde93d68bebf633989e825cbd5ac1e772cee81508043f44beb311250a1e8013","stable_feature_id":"kyoto-arashiyama:osm-node-005064078692","topology_status":"CANDIDATE"},"type":"Feature"},{"geometry":{"coordinates":[135.6781586,35.0119622],"type":"Point"},"id":"kyoto-arashiyama:osm-node-005064078693","properties":{"data_class":"REAL","geometry_status":"SOURCE_TRACEABLE_REAL","lineage":["OpenStreetMap original node ID and coordinate","fixed-time bounded Overpass response retained as exact bytes","node retained because it is an endpoint of a retained candidate segment"],"node_id":"kyoto-arashiyama:osm-node-005064078693","retrieval_query_sha256":"b5c52b3ea7542261159b5764956aa9662673c0422b3509dc59e4866f00c14603","revision_id":"osm-2026-08-29-v1","source_class":"VGI","source_feature_id":"node/5064078693","source_id":"openstreetmap-overpass-arashiyama-20260829","source_sha256":"1cde93d68bebf633989e825cbd5ac1e772cee81508043f44beb311250a1e8013","stable_feature_id":"kyoto-arashiyama:osm-node-005064078693","topology_status":"CANDIDATE"},"type":"Feature"},{"geometry":{"coordinates":[135.6779185,35.0120594],"type":"Point"},"id":"kyoto-arashiyama:osm-node-005064078694","properties":{"data_class":"REAL","geometry_status":"SOURCE_TRACEABLE_REAL","lineage":["OpenStreetMap original node ID and coordinate","fixed-time bounded Overpass response retained as exact bytes","node retained because it is an endpoint of a retained candidate segment"],"node_id":"kyoto-arashiyama:osm-node-005064078694","retrieval_query_sha256":"b5c52b3ea7542261159b5764956aa9662673c0422b3509dc59e4866f00c14603","revision_id":"osm-2026-08-29-v1","source_class":"VGI","source_feature_id":"node/5064078694","source_id":"openstreetmap-overpass-arashiyama-20260829","source_sha256":"1cde93d68bebf633989e825cbd5ac1e772cee81508043f44beb311250a1e8013","stable_feature_id":"kyoto-arashiyama:osm-node-005064078694","topology_status":"CANDIDATE"},"type":"Feature"},{"geometry":{"coordinates":[135.6796815,35.0104964],"type":"Point"},"id":"kyoto-arashiyama:osm-node-005064078740","properties":{"data_class":"REAL","geometry_status":"SOURCE_TRACEABLE_REAL","lineage":["OpenStreetMap original node ID and coordinate","fixed-time bounded Overpass response retained as exact bytes","node retained because it is an endpoint of a retained candidate segment"],"node_id":"kyoto-arashiyama:osm-node-005064078740","retrieval_query_sha256":"b5c52b3ea7542261159b5764956aa9662673c0422b3509dc59e4866f00c14603","revision_id":"osm-2026-08-29-v1","source_class":"VGI","source_feature_id":"node/5064078740","source_id":"openstreetmap-overpass-arashiyama-20260829","source_sha256":"1cde93d68bebf633989e825cbd5ac1e772cee81508043f44beb311250a1e8013","stable_feature_id":"kyoto-arashiyama:osm-node-005064078740","topology_status":"CANDIDATE"},"type":"Feature"},{"geometry":{"coordinates":[135.6797019,35.0105881],"type":"Point"},"id":"kyoto-arashiyama:osm-node-005064078741","properties":{"data_class":"REAL","geometry_status":"SOURCE_TRACEABLE_REAL","lineage":["OpenStreetMap original node ID and coordinate","fixed-time bounded Overpass response retained as exact bytes","node retained because it is an endpoint of a retained candidate segment"],"node_id":"kyoto-arashiyama:osm-node-005064078741","retrieval_query_sha256":"b5c52b3ea7542261159b5764956aa9662673c0422b3509dc59e4866f00c14603","revision_id":"osm-2026-08-29-v1","source_class":"VGI","source_feature_id":"node/5064078741","source_id":"openstreetmap-overpass-arashiyama-20260829","source_sha256":"1cde93d68bebf633989e825cbd5ac1e772cee81508043f44beb311250a1e8013","stable_feature_id":"kyoto-arashiyama:osm-node-005064078741","topology_status":"CANDIDATE"},"type":"Feature"},{"geometry":{"coordinates":[135.6801113,35.0103621],"type":"Point"},"id":"kyoto-arashiyama:osm-node-005064078742","properties":{"data_class":"REAL","geometry_status":"SOURCE_TRACEABLE_REAL","lineage":["OpenStreetMap original node ID and coordinate","fixed-time bounded Overpass response retained as exact bytes","node retained because it is an endpoint of a retained candidate segment"],"node_id":"kyoto-arashiyama:osm-node-005064078742","retrieval_query_sha256":"b5c52b3ea7542261159b5764956aa9662673c0422b3509dc59e4866f00c14603","revision_id":"osm-2026-08-29-v1","source_class":"VGI","source_feature_id":"node/5064078742","source_id":"openstreetmap-overpass-arashiyama-20260829","source_sha256":"1cde93d68bebf633989e825cbd5ac1e772cee81508043f44beb311250a1e8013","stable_feature_id":"kyoto-arashiyama:osm-node-005064078742","topology_status":"CANDIDATE"},"type":"Feature"},{"geometry":{"coordinates":[135.6801665,35.0090019],"type":"Point"},"id":"kyoto-arashiyama:osm-node-006066662689","properties":{"data_class":"REAL","geometry_status":"SOURCE_TRACEABLE_REAL","lineage":["OpenStreetMap original node ID and coordinate","fixed-time bounded Overpass response retained as exact bytes","node retained because it is an endpoint of a retained candidate segment"],"node_id":"kyoto-arashiyama:osm-node-006066662689","retrieval_query_sha256":"b5c52b3ea7542261159b5764956aa9662673c0422b3509dc59e4866f00c14603","revision_id":"osm-2026-08-29-v1","source_class":"VGI","source_feature_id":"node/6066662689","source_id":"openstreetmap-overpass-arashiyama-20260829","source_sha256":"1cde93d68bebf633989e825cbd5ac1e772cee81508043f44beb311250a1e8013","stable_feature_id":"kyoto-arashiyama:osm-node-006066662689","topology_status":"CANDIDATE"},"type":"Feature"},{"geometry":{"coordinates":[135.6800409,35.0088765],"type":"Point"},"id":"kyoto-arashiyama:osm-node-006066662690","properties":{"data_class":"REAL","geometry_status":"SOURCE_TRACEABLE_REAL","lineage":["OpenStreetMap original node ID and coordinate","fixed-time bounded Overpass response retained as exact bytes","node retained because it is an endpoint of a retained candidate segment"],"node_id":"kyoto-arashiyama:osm-node-006066662690","retrieval_query_sha256":"b5c52b3ea7542261159b5764956aa9662673c0422b3509dc59e4866f00c14603","revision_id":"osm-2026-08-29-v1","source_class":"VGI","source_feature_id":"node/6066662690","source_id":"openstreetmap-overpass-arashiyama-20260829","source_sha256":"1cde93d68bebf633989e825cbd5ac1e772cee81508043f44beb311250a1e8013","stable_feature_id":"kyoto-arashiyama:osm-node-006066662690","topology_status":"CANDIDATE"},"type":"Feature"},{"geometry":{"coordinates":[135.6799736,35.0088243],"type":"Point"},"id":"kyoto-arashiyama:osm-node-006066662691","properties":{"data_class":"REAL","geometry_status":"SOURCE_TRACEABLE_REAL","lineage":["OpenStreetMap original node ID and coordinate","fixed-time bounded Overpass response retained as exact bytes","node retained because it is an endpoint of a retained candidate segment"],"node_id":"kyoto-arashiyama:osm-node-006066662691","retrieval_query_sha256":"b5c52b3ea7542261159b5764956aa9662673c0422b3509dc59e4866f00c14603","revision_id":"osm-2026-08-29-v1","source_class":"VGI","source_feature_id":"node/6066662691","source_id":"openstreetmap-overpass-arashiyama-20260829","source_sha256":"1cde93d68bebf633989e825cbd5ac1e772cee81508043f44beb311250a1e8013","stable_feature_id":"kyoto-arashiyama:osm-node-006066662691","topology_status":"CANDIDATE"},"type":"Feature"},{"geometry":{"coordinates":[135.6798727,35.0088171],"type":"Point"},"id":"kyoto-arashiyama:osm-node-006066662692","properties":{"data_class":"REAL","geometry_status":"SOURCE_TRACEABLE_REAL","lineage":["OpenStreetMap original node ID and coordinate","fixed-time bounded Overpass response retained as exact bytes","node retained because it is an endpoint of a retained candidate segment"],"node_id":"kyoto-arashiyama:osm-node-006066662692","retrieval_query_sha256":"b5c52b3ea7542261159b5764956aa9662673c0422b3509dc59e4866f00c14603","revision_id":"osm-2026-08-29-v1","source_class":"VGI","source_feature_id":"node/6066662692","source_id":"openstreetmap-overpass-arashiyama-20260829","source_sha256":"1cde93d68bebf633989e825cbd5ac1e772cee81508043f44beb311250a1e8013","stable_feature_id":"kyoto-arashiyama:osm-node-006066662692","topology_status":"CANDIDATE"},"type":"Feature"},{"geometry":{"coordinates":[135.679725,35.0087743],"type":"Point"},"id":"kyoto-arashiyama:osm-node-006066662693","properties":{"data_class":"REAL","geometry_status":"SOURCE_TRACEABLE_REAL","lineage":["OpenStreetMap original node ID and coordinate","fixed-time bounded Overpass response retained as exact bytes","node retained because it is an endpoint of a retained candidate segment"],"node_id":"kyoto-arashiyama:osm-node-006066662693","retrieval_query_sha256":"b5c52b3ea7542261159b5764956aa9662673c0422b3509dc59e4866f00c14603","revision_id":"osm-2026-08-29-v1","source_class":"VGI","source_feature_id":"node/6066662693","source_id":"openstreetmap-overpass-arashiyama-20260829","source_sha256":"1cde93d68bebf633989e825cbd5ac1e772cee81508043f44beb311250a1e8013","stable_feature_id":"kyoto-arashiyama:osm-node-006066662693","topology_status":"CANDIDATE"},"type":"Feature"},{"geometry":{"coordinates":[135.6796354,35.0087069],"type":"Point"},"id":"kyoto-arashiyama:osm-node-006066662696","properties":{"data_class":"REAL","geometry_status":"SOURCE_TRACEABLE_REAL","lineage":["OpenStreetMap original node ID and coordinate","fixed-time bounded Overpass response retained as exact bytes","node retained because it is an endpoint of a retained candidate segment"],"node_id":"kyoto-arashiyama:osm-node-006066662696","retrieval_query_sha256":"b5c52b3ea7542261159b5764956aa9662673c0422b3509dc59e4866f00c14603","revision_id":"osm-2026-08-29-v1","source_class":"VGI","source_feature_id":"node/6066662696","source_id":"openstreetmap-overpass-arashiyama-20260829","source_sha256":"1cde93d68bebf633989e825cbd5ac1e772cee81508043f44beb311250a1e8013","stable_feature_id":"kyoto-arashiyama:osm-node-006066662696","topology_status":"CANDIDATE"},"type":"Feature"},{"geometry":{"coordinates":[135.6765785,35.0148331],"type":"Point"},"id":"kyoto-arashiyama:osm-node-006290653518","properties":{"data_class":"REAL","geometry_status":"SOURCE_TRACEABLE_REAL","lineage":["OpenStreetMap original node ID and coordinate","fixed-time bounded Overpass response retained as exact bytes","node retained because it is an endpoint of a retained candidate segment"],"node_id":"kyoto-arashiyama:osm-node-006290653518","retrieval_query_sha256":"b5c52b3ea7542261159b5764956aa9662673c0422b3509dc59e4866f00c14603","revision_id":"osm-2026-08-29-v1","source_class":"VGI","source_feature_id":"node/6290653518","source_id":"openstreetmap-overpass-arashiyama-20260829","source_sha256":"1cde93d68bebf633989e825cbd5ac1e772cee81508043f44beb311250a1e8013","stable_feature_id":"kyoto-arashiyama:osm-node-006290653518","topology_status":"CANDIDATE"},"type":"Feature"},{"geometry":{"coordinates":[135.6766858,35.0148524],"type":"Point"},"id":"kyoto-arashiyama:osm-node-006290653519","properties":{"data_class":"REAL","geometry_status":"SOURCE_TRACEABLE_REAL","lineage":["OpenStreetMap original node ID and coordinate","fixed-time bounded Overpass response retained as exact bytes","node retained because it is an endpoint of a retained candidate segment"],"node_id":"kyoto-arashiyama:osm-node-006290653519","retrieval_query_sha256":"b5c52b3ea7542261159b5764956aa9662673c0422b3509dc59e4866f00c14603","revision_id":"osm-2026-08-29-v1","source_class":"VGI","source_feature_id":"node/6290653519","source_id":"openstreetmap-overpass-arashiyama-20260829","source_sha256":"1cde93d68bebf633989e825cbd5ac1e772cee81508043f44beb311250a1e8013","stable_feature_id":"kyoto-arashiyama:osm-node-006290653519","topology_status":"CANDIDATE"},"type":"Feature"},{"geometry":{"coordinates":[135.6768045,35.014859],"type":"Point"},"id":"kyoto-arashiyama:osm-node-006290653520","properties":{"data_class":"REAL","geometry_status":"SOURCE_TRACEABLE_REAL","lineage":["OpenStreetMap original node ID and coordinate","fixed-time bounded Overpass response retained as exact bytes","node retained because it is an endpoint of a retained candidate segment"],"node_id":"kyoto-arashiyama:osm-node-006290653520","retrieval_query_sha256":"b5c52b3ea7542261159b5764956aa9662673c0422b3509dc59e4866f00c14603","revision_id":"osm-2026-08-29-v1","source_class":"VGI","source_feature_id":"node/6290653520","source_id":"openstreetmap-overpass-arashiyama-20260829","source_sha256":"1cde93d68bebf633989e825cbd5ac1e772cee81508043f44beb311250a1e8013","stable_feature_id":"kyoto-arashiyama:osm-node-006290653520","topology_status":"CANDIDATE"},"type":"Feature"},{"geometry":{"coordinates":[135.6768746,35.0145696],"type":"Point"},"id":"kyoto-arashiyama:osm-node-006290653521","properties":{"data_class":"REAL","geometry_status":"SOURCE_TRACEABLE_REAL","lineage":["OpenStreetMap original node ID and coordinate","fixed-time bounded Overpass response retained as exact bytes","node retained because it is an endpoint of a retained candidate segment"],"node_id":"kyoto-arashiyama:osm-node-006290653521","retrieval_query_sha256":"b5c52b3ea7542261159b5764956aa9662673c0422b3509dc59e4866f00c14603","revision_id":"osm-2026-08-29-v1","source_class":"VGI","source_feature_id":"node/6290653521","source_id":"openstreetmap-overpass-arashiyama-20260829","source_sha256":"1cde93d68bebf633989e825cbd5ac1e772cee81508043f44beb311250a1e8013","stable_feature_id":"kyoto-arashiyama:osm-node-006290653521","topology_status":"CANDIDATE"},"type":"Feature"},{"geometry":{"coordinates":[135.6766063,35.0116818],"type":"Point"},"id":"kyoto-arashiyama:osm-node-007273598566","properties":{"data_class":"REAL","geometry_status":"SOURCE_TRACEABLE_REAL","lineage":["OpenStreetMap original node ID and coordinate","fixed-time bounded Overpass response retained as exact bytes","node retained because it is an endpoint of a retained candidate segment"],"node_id":"kyoto-arashiyama:osm-node-007273598566","retrieval_query_sha256":"b5c52b3ea7542261159b5764956aa9662673c0422b3509dc59e4866f00c14603","revision_id":"osm-2026-08-29-v1","source_class":"VGI","source_feature_id":"node/7273598566","source_id":"openstreetmap-overpass-arashiyama-20260829","source_sha256":"1cde93d68bebf633989e825cbd5ac1e772cee81508043f44beb311250a1e8013","stable_feature_id":"kyoto-arashiyama:osm-node-007273598566","topology_status":"CANDIDATE"},"type":"Feature"},{"geometry":{"coordinates":[135.6767324,35.0116255],"type":"Point"},"id":"kyoto-arashiyama:osm-node-007273598567","properties":{"data_class":"REAL","geometry_status":"SOURCE_TRACEABLE_REAL","lineage":["OpenStreetMap original node ID and coordinate","fixed-time bounded Overpass response retained as exact bytes","node retained because it is an endpoint of a retained candidate segment"],"node_id":"kyoto-arashiyama:osm-node-007273598567","retrieval_query_sha256":"b5c52b3ea7542261159b5764956aa9662673c0422b3509dc59e4866f00c14603","revision_id":"osm-2026-08-29-v1","source_class":"VGI","source_feature_id":"node/7273598567","source_id":"openstreetmap-overpass-arashiyama-20260829","source_sha256":"1cde93d68bebf633989e825cbd5ac1e772cee81508043f44beb311250a1e8013","stable_feature_id":"kyoto-arashiyama:osm-node-007273598567","topology_status":"CANDIDATE"},"type":"Feature"},{"geometry":{"coordinates":[135.6763661,35.0118076],"type":"Point"},"id":"kyoto-arashiyama:osm-node-007273598568","properties":{"data_class":"REAL","geometry_status":"SOURCE_TRACEABLE_REAL","lineage":["OpenStreetMap original node ID and coordinate","fixed-time bounded Overpass response retained as exact bytes","node retained because it is an endpoint of a retained candidate segment"],"node_id":"kyoto-arashiyama:osm-node-007273598568","retrieval_query_sha256":"b5c52b3ea7542261159b5764956aa9662673c0422b3509dc59e4866f00c14603","revision_id":"osm-2026-08-29-v1","source_class":"VGI","source_feature_id":"node/7273598568","source_id":"openstreetmap-overpass-arashiyama-20260829","source_sha256":"1cde93d68bebf633989e825cbd5ac1e772cee81508043f44beb311250a1e8013","stable_feature_id":"kyoto-arashiyama:osm-node-007273598568","topology_status":"CANDIDATE"},"type":"Feature"},{"geometry":{"coordinates":[135.6751133,35.012122],"type":"Point"},"id":"kyoto-arashiyama:osm-node-007273598569","properties":{"data_class":"REAL","geometry_status":"SOURCE_TRACEABLE_REAL","lineage":["OpenStreetMap original node ID and coordinate","fixed-time bounded Overpass response retained as exact bytes","node retained because it is an endpoint of a retained candidate segment"],"node_id":"kyoto-arashiyama:osm-node-007273598569","retrieval_query_sha256":"b5c52b3ea7542261159b5764956aa9662673c0422b3509dc59e4866f00c14603","revision_id":"osm-2026-08-29-v1","source_class":"VGI","source_feature_id":"node/7273598569","source_id":"openstreetmap-overpass-arashiyama-20260829","source_sha256":"1cde93d68bebf633989e825cbd5ac1e772cee81508043f44beb311250a1e8013","stable_feature_id":"kyoto-arashiyama:osm-node-007273598569","topology_status":"CANDIDATE"},"type":"Feature"},{"geometry":{"coordinates":[135.6772114,35.0114222],"type":"Point"},"id":"kyoto-arashiyama:osm-node-007273598704","properties":{"data_class":"REAL","geometry_status":"SOURCE_TRACEABLE_REAL","lineage":["OpenStreetMap original node ID and coordinate","fixed-time bounded Overpass response retained as exact bytes","node retained because it is an endpoint of a retained candidate segment"],"node_id":"kyoto-arashiyama:osm-node-007273598704","retrieval_query_sha256":"b5c52b3ea7542261159b5764956aa9662673c0422b3509dc59e4866f00c14603","revision_id":"osm-2026-08-29-v1","source_class":"VGI","source_feature_id":"node/7273598704","source_id":"openstreetmap-overpass-arashiyama-20260829","source_sha256":"1cde93d68bebf633989e825cbd5ac1e772cee81508043f44beb311250a1e8013","stable_feature_id":"kyoto-arashiyama:osm-node-007273598704","topology_status":"CANDIDATE"},"type":"Feature"},{"geometry":{"coordinates":[135.6769451,35.0115303],"type":"Point"},"id":"kyoto-arashiyama:osm-node-007273598705","properties":{"data_class":"REAL","geometry_status":"SOURCE_TRACEABLE_REAL","lineage":["OpenStreetMap original node ID and coordinate","fixed-time bounded Overpass response retained as exact bytes","node retained because it is an endpoint of a retained candidate segment"],"node_id":"kyoto-arashiyama:osm-node-007273598705","retrieval_query_sha256":"b5c52b3ea7542261159b5764956aa9662673c0422b3509dc59e4866f00c14603","revision_id":"osm-2026-08-29-v1","source_class":"VGI","source_feature_id":"node/7273598705","source_id":"openstreetmap-overpass-arashiyama-20260829","source_sha256":"1cde93d68bebf633989e825cbd5ac1e772cee81508043f44beb311250a1e8013","stable_feature_id":"kyoto-arashiyama:osm-node-007273598705","topology_status":"CANDIDATE"},"type":"Feature"},{"geometry":{"coordinates":[135.6767156,35.0113565],"type":"Point"},"id":"kyoto-arashiyama:osm-node-007273598707","properties":{"data_class":"REAL","geometry_status":"SOURCE_TRACEABLE_REAL","lineage":["OpenStreetMap original node ID and coordinate","fixed-time bounded Overpass response retained as exact bytes","node retained because it is an endpoint of a retained candidate segment"],"node_id":"kyoto-arashiyama:osm-node-007273598707","retrieval_query_sha256":"b5c52b3ea7542261159b5764956aa9662673c0422b3509dc59e4866f00c14603","revision_id":"osm-2026-08-29-v1","source_class":"VGI","source_feature_id":"node/7273598707","source_id":"openstreetmap-overpass-arashiyama-20260829","source_sha256":"1cde93d68bebf633989e825cbd5ac1e772cee81508043f44beb311250a1e8013","stable_feature_id":"kyoto-arashiyama:osm-node-007273598707","topology_status":"CANDIDATE"},"type":"Feature"},{"geometry":{"coordinates":[135.6766294,35.0112076],"type":"Point"},"id":"kyoto-arashiyama:osm-node-007273598708","properties":{"data_class":"REAL","geometry_status":"SOURCE_TRACEABLE_REAL","lineage":["OpenStreetMap original node ID and coordinate","fixed-time bounded Overpass response retained as exact bytes","node retained because it is an endpoint of a retained candidate segment"],"node_id":"kyoto-arashiyama:osm-node-007273598708","retrieval_query_sha256":"b5c52b3ea7542261159b5764956aa9662673c0422b3509dc59e4866f00c14603","revision_id":"osm-2026-08-29-v1","source_class":"VGI","source_feature_id":"node/7273598708","source_id":"openstreetmap-overpass-arashiyama-20260829","source_sha256":"1cde93d68bebf633989e825cbd5ac1e772cee81508043f44beb311250a1e8013","stable_feature_id":"kyoto-arashiyama:osm-node-007273598708","topology_status":"CANDIDATE"},"type":"Feature"},{"geometry":{"coordinates":[135.6765731,35.0110687],"type":"Point"},"id":"kyoto-arashiyama:osm-node-007273598709","properties":{"data_class":"REAL","geometry_status":"SOURCE_TRACEABLE_REAL","lineage":["OpenStreetMap original node ID and coordinate","fixed-time bounded Overpass response retained as exact bytes","node retained because it is an endpoint of a retained candidate segment"],"node_id":"kyoto-arashiyama:osm-node-007273598709","retrieval_query_sha256":"b5c52b3ea7542261159b5764956aa9662673c0422b3509dc59e4866f00c14603","revision_id":"osm-2026-08-29-v1","source_class":"VGI","source_feature_id":"node/7273598709","source_id":"openstreetmap-overpass-arashiyama-20260829","source_sha256":"1cde93d68bebf633989e825cbd5ac1e772cee81508043f44beb311250a1e8013","stable_feature_id":"kyoto-arashiyama:osm-node-007273598709","topology_status":"CANDIDATE"},"type":"Feature"},{"geometry":{"coordinates":[135.6765505,35.0109174],"type":"Point"},"id":"kyoto-arashiyama:osm-node-007273598710","properties":{"data_class":"REAL","geometry_status":"SOURCE_TRACEABLE_REAL","lineage":["OpenStreetMap original node ID and coordinate","fixed-time bounded Overpass response retained as exact bytes","node retained because it is an endpoint of a retained candidate segment"],"node_id":"kyoto-arashiyama:osm-node-007273598710","retrieval_query_sha256":"b5c52b3ea7542261159b5764956aa9662673c0422b3509dc59e4866f00c14603","revision_id":"osm-2026-08-29-v1","source_class":"VGI","source_feature_id":"node/7273598710","source_id":"openstreetmap-overpass-arashiyama-20260829","source_sha256":"1cde93d68bebf633989e825cbd5ac1e772cee81508043f44beb311250a1e8013","stable_feature_id":"kyoto-arashiyama:osm-node-007273598710","topology_status":"CANDIDATE"},"type":"Feature"},{"geometry":{"coordinates":[135.6765494,35.0106035],"type":"Point"},"id":"kyoto-arashiyama:osm-node-007273598711","properties":{"data_class":"REAL","geometry_status":"SOURCE_TRACEABLE_REAL","lineage":["OpenStreetMap original node ID and coordinate","fixed-time bounded Overpass response retained as exact bytes","node retained because it is an endpoint of a retained candidate segment"],"node_id":"kyoto-arashiyama:osm-node-007273598711","retrieval_query_sha256":"b5c52b3ea7542261159b5764956aa9662673c0422b3509dc59e4866f00c14603","revision_id":"osm-2026-08-29-v1","source_class":"VGI","source_feature_id":"node/7273598711","source_id":"openstreetmap-overpass-arashiyama-20260829","source_sha256":"1cde93d68bebf633989e825cbd5ac1e772cee81508043f44beb311250a1e8013","stable_feature_id":"kyoto-arashiyama:osm-node-007273598711","topology_status":"CANDIDATE"},"type":"Feature"},{"geometry":{"coordinates":[135.6765571,35.0103654],"type":"Point"},"id":"kyoto-arashiyama:osm-node-007273598712","properties":{"data_class":"REAL","geometry_status":"SOURCE_TRACEABLE_REAL","lineage":["OpenStreetMap original node ID and coordinate","fixed-time bounded Overpass response retained as exact bytes","node retained because it is an endpoint of a retained candidate segment"],"node_id":"kyoto-arashiyama:osm-node-007273598712","retrieval_query_sha256":"b5c52b3ea7542261159b5764956aa9662673c0422b3509dc59e4866f00c14603","revision_id":"osm-2026-08-29-v1","source_class":"VGI","source_feature_id":"node/7273598712","source_id":"openstreetmap-overpass-arashiyama-20260829","source_sha256":"1cde93d68bebf633989e825cbd5ac1e772cee81508043f44beb311250a1e8013","stable_feature_id":"kyoto-arashiyama:osm-node-007273598712","topology_status":"CANDIDATE"},"type":"Feature"},{"geometry":{"coordinates":[135.67643,35.0101628],"type":"Point"},"id":"kyoto-arashiyama:osm-node-007273598713","properties":{"data_class":"REAL","geometry_status":"SOURCE_TRACEABLE_REAL","lineage":["OpenStreetMap original node ID and coordinate","fixed-time bounded Overpass response retained as exact bytes","node retained because it is an endpoint of a retained candidate segment"],"node_id":"kyoto-arashiyama:osm-node-007273598713","retrieval_query_sha256":"b5c52b3ea7542261159b5764956aa9662673c0422b3509dc59e4866f00c14603","revision_id":"osm-2026-08-29-v1","source_class":"VGI","source_feature_id":"node/7273598713","source_id":"openstreetmap-overpass-arashiyama-20260829","source_sha256":"1cde93d68bebf633989e825cbd5ac1e772cee81508043f44beb311250a1e8013","stable_feature_id":"kyoto-arashiyama:osm-node-007273598713","topology_status":"CANDIDATE"},"type":"Feature"},{"geometry":{"coordinates":[135.6762431,35.0099471],"type":"Point"},"id":"kyoto-arashiyama:osm-node-007273598714","properties":{"data_class":"REAL","geometry_status":"SOURCE_TRACEABLE_REAL","lineage":["OpenStreetMap original node ID and coordinate","fixed-time bounded Overpass response retained as exact bytes","node retained because it is an endpoint of a retained candidate segment"],"node_id":"kyoto-arashiyama:osm-node-007273598714","retrieval_query_sha256":"b5c52b3ea7542261159b5764956aa9662673c0422b3509dc59e4866f00c14603","revision_id":"osm-2026-08-29-v1","source_class":"VGI","source_feature_id":"node/7273598714","source_id":"openstreetmap-overpass-arashiyama-20260829","source_sha256":"1cde93d68bebf633989e825cbd5ac1e772cee81508043f44beb311250a1e8013","stable_feature_id":"kyoto-arashiyama:osm-node-007273598714","topology_status":"CANDIDATE"},"type":"Feature"},{"geometry":{"coordinates":[135.6761395,35.0093132],"type":"Point"},"id":"kyoto-arashiyama:osm-node-007273598715","properties":{"data_class":"REAL","geometry_status":"SOURCE_TRACEABLE_REAL","lineage":["OpenStreetMap original node ID and coordinate","fixed-time bounded Overpass response retained as exact bytes","node retained because it is an endpoint of a retained candidate segment"],"node_id":"kyoto-arashiyama:osm-node-007273598715","retrieval_query_sha256":"b5c52b3ea7542261159b5764956aa9662673c0422b3509dc59e4866f00c14603","revision_id":"osm-2026-08-29-v1","source_class":"VGI","source_feature_id":"node/7273598715","source_id":"openstreetmap-overpass-arashiyama-20260829","source_sha256":"1cde93d68bebf633989e825cbd5ac1e772cee81508043f44beb311250a1e8013","stable_feature_id":"kyoto-arashiyama:osm-node-007273598715","topology_status":"CANDIDATE"},"type":"Feature"},{"geometry":{"coordinates":[135.6760276,35.0089734],"type":"Point"},"id":"kyoto-arashiyama:osm-node-007273598716","properties":{"data_class":"REAL","geometry_status":"SOURCE_TRACEABLE_REAL","lineage":["OpenStreetMap original node ID and coordinate","fixed-time bounded Overpass response retained as exact bytes","node retained because it is an endpoint of a retained candidate segment"],"node_id":"kyoto-arashiyama:osm-node-007273598716","retrieval_query_sha256":"b5c52b3ea7542261159b5764956aa9662673c0422b3509dc59e4866f00c14603","revision_id":"osm-2026-08-29-v1","source_class":"VGI","source_feature_id":"node/7273598716","source_id":"openstreetmap-overpass-arashiyama-20260829","source_sha256":"1cde93d68bebf633989e825cbd5ac1e772cee81508043f44beb311250a1e8013","stable_feature_id":"kyoto-arashiyama:osm-node-007273598716","topology_status":"CANDIDATE"},"type":"Feature"},{"geometry":{"coordinates":[135.6757533,35.0089768],"type":"Point"},"id":"kyoto-arashiyama:osm-node-007273598717","properties":{"data_class":"REAL","geometry_status":"SOURCE_TRACEABLE_REAL","lineage":["OpenStreetMap original node ID and coordinate","fixed-time bounded Overpass response retained as exact bytes","node retained because it is an endpoint of a retained candidate segment"],"node_id":"kyoto-arashiyama:osm-node-007273598717","retrieval_query_sha256":"b5c52b3ea7542261159b5764956aa9662673c0422b3509dc59e4866f00c14603","revision_id":"osm-2026-08-29-v1","source_class":"VGI","source_feature_id":"node/7273598717","source_id":"openstreetmap-overpass-arashiyama-20260829","source_sha256":"1cde93d68bebf633989e825cbd5ac1e772cee81508043f44beb311250a1e8013","stable_feature_id":"kyoto-arashiyama:osm-node-007273598717","topology_status":"CANDIDATE"},"type":"Feature"},{"geometry":{"coordinates":[135.6757481,35.0087897],"type":"Point"},"id":"kyoto-arashiyama:osm-node-007273598718","properties":{"data_class":"REAL","geometry_status":"SOURCE_TRACEABLE_REAL","lineage":["OpenStreetMap original node ID and coordinate","fixed-time bounded Overpass response retained as exact bytes","node retained because it is an endpoint of a retained candidate segment"],"node_id":"kyoto-arashiyama:osm-node-007273598718","retrieval_query_sha256":"b5c52b3ea7542261159b5764956aa9662673c0422b3509dc59e4866f00c14603","revision_id":"osm-2026-08-29-v1","source_class":"VGI","source_feature_id":"node/7273598718","source_id":"openstreetmap-overpass-arashiyama-20260829","source_sha256":"1cde93d68bebf633989e825cbd5ac1e772cee81508043f44beb311250a1e8013","stable_feature_id":"kyoto-arashiyama:osm-node-007273598718","topology_status":"CANDIDATE"},"type":"Feature"},{"geometry":{"coordinates":[135.675271,35.0087002],"type":"Point"},"id":"kyoto-arashiyama:osm-node-007273598732","properties":{"data_class":"REAL","geometry_status":"SOURCE_TRACEABLE_REAL","lineage":["OpenStreetMap original node ID and coordinate","fixed-time bounded Overpass response retained as exact bytes","node retained because it is an endpoint of a retained candidate segment"],"node_id":"kyoto-arashiyama:osm-node-007273598732","retrieval_query_sha256":"b5c52b3ea7542261159b5764956aa9662673c0422b3509dc59e4866f00c14603","revision_id":"osm-2026-08-29-v1","source_class":"VGI","source_feature_id":"node/7273598732","source_id":"openstreetmap-overpass-arashiyama-20260829","source_sha256":"1cde93d68bebf633989e825cbd5ac1e772cee81508043f44beb311250a1e8013","stable_feature_id":"kyoto-arashiyama:osm-node-007273598732","topology_status":"CANDIDATE"},"type":"Feature"},{"geometry":{"coordinates":[135.6753983,35.008755],"type":"Point"},"id":"kyoto-arashiyama:osm-node-007273598733","properties":{"data_class":"REAL","geometry_status":"SOURCE_TRACEABLE_REAL","lineage":["OpenStreetMap original node ID and coordinate","fixed-time bounded Overpass response retained as exact bytes","node retained because it is an endpoint of a retained candidate segment"],"node_id":"kyoto-arashiyama:osm-node-007273598733","retrieval_query_sha256":"b5c52b3ea7542261159b5764956aa9662673c0422b3509dc59e4866f00c14603","revision_id":"osm-2026-08-29-v1","source_class":"VGI","source_feature_id":"node/7273598733","source_id":"openstreetmap-overpass-arashiyama-20260829","source_sha256":"1cde93d68bebf633989e825cbd5ac1e772cee81508043f44beb311250a1e8013","stable_feature_id":"kyoto-arashiyama:osm-node-007273598733","topology_status":"CANDIDATE"},"type":"Feature"},{"geometry":{"coordinates":[135.6754198,35.0087982],"type":"Point"},"id":"kyoto-arashiyama:osm-node-007273598734","properties":{"data_class":"REAL","geometry_status":"SOURCE_TRACEABLE_REAL","lineage":["OpenStreetMap original node ID and coordinate","fixed-time bounded Overpass response retained as exact bytes","node retained because it is an endpoint of a retained candidate segment"],"node_id":"kyoto-arashiyama:osm-node-007273598734","retrieval_query_sha256":"b5c52b3ea7542261159b5764956aa9662673c0422b3509dc59e4866f00c14603","revision_id":"osm-2026-08-29-v1","source_class":"VGI","source_feature_id":"node/7273598734","source_id":"openstreetmap-overpass-arashiyama-20260829","source_sha256":"1cde93d68bebf633989e825cbd5ac1e772cee81508043f44beb311250a1e8013","stable_feature_id":"kyoto-arashiyama:osm-node-007273598734","topology_status":"CANDIDATE"},"type":"Feature"},{"geometry":{"coordinates":[135.6753013,35.0087471],"type":"Point"},"id":"kyoto-arashiyama:osm-node-007273598735","properties":{"data_class":"REAL","geometry_status":"SOURCE_TRACEABLE_REAL","lineage":["OpenStreetMap original node ID and coordinate","fixed-time bounded Overpass response retained as exact bytes","node retained because it is an endpoint of a retained candidate segment"],"node_id":"kyoto-arashiyama:osm-node-007273598735","retrieval_query_sha256":"b5c52b3ea7542261159b5764956aa9662673c0422b3509dc59e4866f00c14603","revision_id":"osm-2026-08-29-v1","source_class":"VGI","source_feature_id":"node/7273598735","source_id":"openstreetmap-overpass-arashiyama-20260829","source_sha256":"1cde93d68bebf633989e825cbd5ac1e772cee81508043f44beb311250a1e8013","stable_feature_id":"kyoto-arashiyama:osm-node-007273598735","topology_status":"CANDIDATE"},"type":"Feature"},{"geometry":{"coordinates":[135.6751502,35.0087207],"type":"Point"},"id":"kyoto-arashiyama:osm-node-007273598736","properties":{"data_class":"REAL","geometry_status":"SOURCE_TRACEABLE_REAL","lineage":["OpenStreetMap original node ID and coordinate","fixed-time bounded Overpass response retained as exact bytes","node retained because it is an endpoint of a retained candidate segment"],"node_id":"kyoto-arashiyama:osm-node-007273598736","retrieval_query_sha256":"b5c52b3ea7542261159b5764956aa9662673c0422b3509dc59e4866f00c14603","revision_id":"osm-2026-08-29-v1","source_class":"VGI","source_feature_id":"node/7273598736","source_id":"openstreetmap-overpass-arashiyama-20260829","source_sha256":"1cde93d68bebf633989e825cbd5ac1e772cee81508043f44beb311250a1e8013","stable_feature_id":"kyoto-arashiyama:osm-node-007273598736","topology_status":"CANDIDATE"},"type":"Feature"},{"geometry":{"coordinates":[135.6750612,35.0087561],"type":"Point"},"id":"kyoto-arashiyama:osm-node-007273598738","properties":{"data_class":"REAL","geometry_status":"SOURCE_TRACEABLE_REAL","lineage":["OpenStreetMap original node ID and coordinate","fixed-time bounded Overpass response retained as exact bytes","node retained because it is an endpoint of a retained candidate segment"],"node_id":"kyoto-arashiyama:osm-node-007273598738","retrieval_query_sha256":"b5c52b3ea7542261159b5764956aa9662673c0422b3509dc59e4866f00c14603","revision_id":"osm-2026-08-29-v1","source_class":"VGI","source_feature_id":"node/7273598738","source_id":"openstreetmap-overpass-arashiyama-20260829","source_sha256":"1cde93d68bebf633989e825cbd5ac1e772cee81508043f44beb311250a1e8013","stable_feature_id":"kyoto-arashiyama:osm-node-007273598738","topology_status":"CANDIDATE"},"type":"Feature"},{"geometry":{"coordinates":[135.6752197,35.008858],"type":"Point"},"id":"kyoto-arashiyama:osm-node-007273598740","properties":{"data_class":"REAL","geometry_status":"SOURCE_TRACEABLE_REAL","lineage":["OpenStreetMap original node ID and coordinate","fixed-time bounded Overpass response retained as exact bytes","node retained because it is an endpoint of a retained candidate segment"],"node_id":"kyoto-arashiyama:osm-node-007273598740","retrieval_query_sha256":"b5c52b3ea7542261159b5764956aa9662673c0422b3509dc59e4866f00c14603","revision_id":"osm-2026-08-29-v1","source_class":"VGI","source_feature_id":"node/7273598740","source_id":"openstreetmap-overpass-arashiyama-20260829","source_sha256":"1cde93d68bebf633989e825cbd5ac1e772cee81508043f44beb311250a1e8013","stable_feature_id":"kyoto-arashiyama:osm-node-007273598740","topology_status":"CANDIDATE"},"type":"Feature"},{"geometry":{"coordinates":[135.6752085,35.0089895],"type":"Point"},"id":"kyoto-arashiyama:osm-node-007273598741","properties":{"data_class":"REAL","geometry_status":"SOURCE_TRACEABLE_REAL","lineage":["OpenStreetMap original node ID and coordinate","fixed-time bounded Overpass response retained as exact bytes","node retained because it is an endpoint of a retained candidate segment"],"node_id":"kyoto-arashiyama:osm-node-007273598741","retrieval_query_sha256":"b5c52b3ea7542261159b5764956aa9662673c0422b3509dc59e4866f00c14603","revision_id":"osm-2026-08-29-v1","source_class":"VGI","source_feature_id":"node/7273598741","source_id":"openstreetmap-overpass-arashiyama-20260829","source_sha256":"1cde93d68bebf633989e825cbd5ac1e772cee81508043f44beb311250a1e8013","stable_feature_id":"kyoto-arashiyama:osm-node-007273598741","topology_status":"CANDIDATE"},"type":"Feature"},{"geometry":{"coordinates":[135.6751723,35.008904],"type":"Point"},"id":"kyoto-arashiyama:osm-node-007273598742","properties":{"data_class":"REAL","geometry_status":"SOURCE_TRACEABLE_REAL","lineage":["OpenStreetMap original node ID and coordinate","fixed-time bounded Overpass response retained as exact bytes","node retained because it is an endpoint of a retained candidate segment"],"node_id":"kyoto-arashiyama:osm-node-007273598742","retrieval_query_sha256":"b5c52b3ea7542261159b5764956aa9662673c0422b3509dc59e4866f00c14603","revision_id":"osm-2026-08-29-v1","source_class":"VGI","source_feature_id":"node/7273598742","source_id":"openstreetmap-overpass-arashiyama-20260829","source_sha256":"1cde93d68bebf633989e825cbd5ac1e772cee81508043f44beb311250a1e8013","stable_feature_id":"kyoto-arashiyama:osm-node-007273598742","topology_status":"CANDIDATE"},"type":"Feature"},{"geometry":{"coordinates":[135.6751863,35.0089709],"type":"Point"},"id":"kyoto-arashiyama:osm-node-007273598743","properties":{"data_class":"REAL","geometry_status":"SOURCE_TRACEABLE_REAL","lineage":["OpenStreetMap original node ID and coordinate","fixed-time bounded Overpass response retained as exact bytes","node retained because it is an endpoint of a retained candidate segment"],"node_id":"kyoto-arashiyama:osm-node-007273598743","retrieval_query_sha256":"b5c52b3ea7542261159b5764956aa9662673c0422b3509dc59e4866f00c14603","revision_id":"osm-2026-08-29-v1","source_class":"VGI","source_feature_id":"node/7273598743","source_id":"openstreetmap-overpass-arashiyama-20260829","source_sha256":"1cde93d68bebf633989e825cbd5ac1e772cee81508043f44beb311250a1e8013","stable_feature_id":"kyoto-arashiyama:osm-node-007273598743","topology_status":"CANDIDATE"},"type":"Feature"},{"geometry":{"coordinates":[135.6748114,35.0088531],"type":"Point"},"id":"kyoto-arashiyama:osm-node-007273598744","properties":{"data_class":"REAL","geometry_status":"SOURCE_TRACEABLE_REAL","lineage":["OpenStreetMap original node ID and coordinate","fixed-time bounded Overpass response retained as exact bytes","node retained because it is an endpoint of a retained candidate segment"],"node_id":"kyoto-arashiyama:osm-node-007273598744","retrieval_query_sha256":"b5c52b3ea7542261159b5764956aa9662673c0422b3509dc59e4866f00c14603","revision_id":"osm-2026-08-29-v1","source_class":"VGI","source_feature_id":"node/7273598744","source_id":"openstreetmap-overpass-arashiyama-20260829","source_sha256":"1cde93d68bebf633989e825cbd5ac1e772cee81508043f44beb311250a1e8013","stable_feature_id":"kyoto-arashiyama:osm-node-007273598744","topology_status":"CANDIDATE"},"type":"Feature"},{"geometry":{"coordinates":[135.6748793,35.0088922],"type":"Point"},"id":"kyoto-arashiyama:osm-node-007273598745","properties":{"data_class":"REAL","geometry_status":"SOURCE_TRACEABLE_REAL","lineage":["OpenStreetMap original node ID and coordinate","fixed-time bounded Overpass response retained as exact bytes","node retained because it is an endpoint of a retained candidate segment"],"node_id":"kyoto-arashiyama:osm-node-007273598745","retrieval_query_sha256":"b5c52b3ea7542261159b5764956aa9662673c0422b3509dc59e4866f00c14603","revision_id":"osm-2026-08-29-v1","source_class":"VGI","source_feature_id":"node/7273598745","source_id":"openstreetmap-overpass-arashiyama-20260829","source_sha256":"1cde93d68bebf633989e825cbd5ac1e772cee81508043f44beb311250a1e8013","stable_feature_id":"kyoto-arashiyama:osm-node-007273598745","topology_status":"CANDIDATE"},"type":"Feature"},{"geometry":{"coordinates":[135.6757911,35.0091551],"type":"Point"},"id":"kyoto-arashiyama:osm-node-007273598746","properties":{"data_class":"REAL","geometry_status":"SOURCE_TRACEABLE_REAL","lineage":["OpenStreetMap original node ID and coordinate","fixed-time bounded Overpass response retained as exact bytes","node retained because it is an endpoint of a retained candidate segment"],"node_id":"kyoto-arashiyama:osm-node-007273598746","retrieval_query_sha256":"b5c52b3ea7542261159b5764956aa9662673c0422b3509dc59e4866f00c14603","revision_id":"osm-2026-08-29-v1","source_class":"VGI","source_feature_id":"node/7273598746","source_id":"openstreetmap-overpass-arashiyama-20260829","source_sha256":"1cde93d68bebf633989e825cbd5ac1e772cee81508043f44beb311250a1e8013","stable_feature_id":"kyoto-arashiyama:osm-node-007273598746","topology_status":"CANDIDATE"},"type":"Feature"},{"geometry":{"coordinates":[135.6755756,35.0097181],"type":"Point"},"id":"kyoto-arashiyama:osm-node-007273598747","properties":{"data_class":"REAL","geometry_status":"SOURCE_TRACEABLE_REAL","lineage":["OpenStreetMap original node ID and coordinate","fixed-time bounded Overpass response retained as exact bytes","node retained because it is an endpoint of a retained candidate segment"],"node_id":"kyoto-arashiyama:osm-node-007273598747","retrieval_query_sha256":"b5c52b3ea7542261159b5764956aa9662673c0422b3509dc59e4866f00c14603","revision_id":"osm-2026-08-29-v1","source_class":"VGI","source_feature_id":"node/7273598747","source_id":"openstreetmap-overpass-arashiyama-20260829","source_sha256":"1cde93d68bebf633989e825cbd5ac1e772cee81508043f44beb311250a1e8013","stable_feature_id":"kyoto-arashiyama:osm-node-007273598747","topology_status":"CANDIDATE"},"type":"Feature"},{"geometry":{"coordinates":[135.6755659,35.0096778],"type":"Point"},"id":"kyoto-arashiyama:osm-node-007273598748","properties":{"data_class":"REAL","geometry_status":"SOURCE_TRACEABLE_REAL","lineage":["OpenStreetMap original node ID and coordinate","fixed-time bounded Overpass response retained as exact bytes","node retained because it is an endpoint of a retained candidate segment"],"node_id":"kyoto-arashiyama:osm-node-007273598748","retrieval_query_sha256":"b5c52b3ea7542261159b5764956aa9662673c0422b3509dc59e4866f00c14603","revision_id":"osm-2026-08-29-v1","source_class":"VGI","source_feature_id":"node/7273598748","source_id":"openstreetmap-overpass-arashiyama-20260829","source_sha256":"1cde93d68bebf633989e825cbd5ac1e772cee81508043f44beb311250a1e8013","stable_feature_id":"kyoto-arashiyama:osm-node-007273598748","topology_status":"CANDIDATE"},"type":"Feature"},{"geometry":{"coordinates":[135.6756562,35.0093408],"type":"Point"},"id":"kyoto-arashiyama:osm-node-007273598749","properties":{"data_class":"REAL","geometry_status":"SOURCE_TRACEABLE_REAL","lineage":["OpenStreetMap original node ID and coordinate","fixed-time bounded Overpass response retained as exact bytes","node retained because it is an endpoint of a retained candidate segment"],"node_id":"kyoto-arashiyama:osm-node-007273598749","retrieval_query_sha256":"b5c52b3ea7542261159b5764956aa9662673c0422b3509dc59e4866f00c14603","revision_id":"osm-2026-08-29-v1","source_class":"VGI","source_feature_id":"node/7273598749","source_id":"openstreetmap-overpass-arashiyama-20260829","source_sha256":"1cde93d68bebf633989e825cbd5ac1e772cee81508043f44beb311250a1e8013","stable_feature_id":"kyoto-arashiyama:osm-node-007273598749","topology_status":"CANDIDATE"},"type":"Feature"},{"geometry":{"coordinates":[135.6755452,35.0092208],"type":"Point"},"id":"kyoto-arashiyama:osm-node-007273598750","properties":{"data_class":"REAL","geometry_status":"SOURCE_TRACEABLE_REAL","lineage":["OpenStreetMap original node ID and coordinate","fixed-time bounded Overpass response retained as exact bytes","node retained because it is an endpoint of a retained candidate segment"],"node_id":"kyoto-arashiyama:osm-node-007273598750","retrieval_query_sha256":"b5c52b3ea7542261159b5764956aa9662673c0422b3509dc59e4866f00c14603","revision_id":"osm-2026-08-29-v1","source_class":"VGI","source_feature_id":"node/7273598750","source_id":"openstreetmap-overpass-arashiyama-20260829","source_sha256":"1cde93d68bebf633989e825cbd5ac1e772cee81508043f44beb311250a1e8013","stable_feature_id":"kyoto-arashiyama:osm-node-007273598750","topology_status":"CANDIDATE"},"type":"Feature"},{"geometry":{"coordinates":[135.6755134,35.0094734],"type":"Point"},"id":"kyoto-arashiyama:osm-node-007273598751","properties":{"data_class":"REAL","geometry_status":"SOURCE_TRACEABLE_REAL","lineage":["OpenStreetMap original node ID and coordinate","fixed-time bounded Overpass response retained as exact bytes","node retained because it is an endpoint of a retained candidate segment"],"node_id":"kyoto-arashiyama:osm-node-007273598751","retrieval_query_sha256":"b5c52b3ea7542261159b5764956aa9662673c0422b3509dc59e4866f00c14603","revision_id":"osm-2026-08-29-v1","source_class":"VGI","source_feature_id":"node/7273598751","source_id":"openstreetmap-overpass-arashiyama-20260829","source_sha256":"1cde93d68bebf633989e825cbd5ac1e772cee81508043f44beb311250a1e8013","stable_feature_id":"kyoto-arashiyama:osm-node-007273598751","topology_status":"CANDIDATE"},"type":"Feature"},{"geometry":{"coordinates":[135.6752911,35.0094328],"type":"Point"},"id":"kyoto-arashiyama:osm-node-007273598752","properties":{"data_class":"REAL","geometry_status":"SOURCE_TRACEABLE_REAL","lineage":["OpenStreetMap original node ID and coordinate","fixed-time bounded Overpass response retained as exact bytes","node retained because it is an endpoint of a retained candidate segment"],"node_id":"kyoto-arashiyama:osm-node-007273598752","retrieval_query_sha256":"b5c52b3ea7542261159b5764956aa9662673c0422b3509dc59e4866f00c14603","revision_id":"osm-2026-08-29-v1","source_class":"VGI","source_feature_id":"node/7273598752","source_id":"openstreetmap-overpass-arashiyama-20260829","source_sha256":"1cde93d68bebf633989e825cbd5ac1e772cee81508043f44beb311250a1e8013","stable_feature_id":"kyoto-arashiyama:osm-node-007273598752","topology_status":"CANDIDATE"},"type":"Feature"},{"geometry":{"coordinates":[135.6750541,35.0094083],"type":"Point"},"id":"kyoto-arashiyama:osm-node-007273598753","properties":{"data_class":"REAL","geometry_status":"SOURCE_TRACEABLE_REAL","lineage":["OpenStreetMap original node ID and coordinate","fixed-time bounded Overpass response retained as exact bytes","node retained because it is an endpoint of a retained candidate segment"],"node_id":"kyoto-arashiyama:osm-node-007273598753","retrieval_query_sha256":"b5c52b3ea7542261159b5764956aa9662673c0422b3509dc59e4866f00c14603","revision_id":"osm-2026-08-29-v1","source_class":"VGI","source_feature_id":"node/7273598753","source_id":"openstreetmap-overpass-arashiyama-20260829","source_sha256":"1cde93d68bebf633989e825cbd5ac1e772cee81508043f44beb311250a1e8013","stable_feature_id":"kyoto-arashiyama:osm-node-007273598753","topology_status":"CANDIDATE"},"type":"Feature"},{"geometry":{"coordinates":[135.6751278,35.0091381],"type":"Point"},"id":"kyoto-arashiyama:osm-node-007273598756","properties":{"data_class":"REAL","geometry_status":"SOURCE_TRACEABLE_REAL","lineage":["OpenStreetMap original node ID and coordinate","fixed-time bounded Overpass response retained as exact bytes","node retained because it is an endpoint of a retained candidate segment"],"node_id":"kyoto-arashiyama:osm-node-007273598756","retrieval_query_sha256":"b5c52b3ea7542261159b5764956aa9662673c0422b3509dc59e4866f00c14603","revision_id":"osm-2026-08-29-v1","source_class":"VGI","source_feature_id":"node/7273598756","source_id":"openstreetmap-overpass-arashiyama-20260829","source_sha256":"1cde93d68bebf633989e825cbd5ac1e772cee81508043f44beb311250a1e8013","stable_feature_id":"kyoto-arashiyama:osm-node-007273598756","topology_status":"CANDIDATE"},"type":"Feature"},{"geometry":{"coordinates":[135.6749722,35.0092132],"type":"Point"},"id":"kyoto-arashiyama:osm-node-007273598757","properties":{"data_class":"REAL","geometry_status":"SOURCE_TRACEABLE_REAL","lineage":["OpenStreetMap original node ID and coordinate","fixed-time bounded Overpass response retained as exact bytes","node retained because it is an endpoint of a retained candidate segment"],"node_id":"kyoto-arashiyama:osm-node-007273598757","retrieval_query_sha256":"b5c52b3ea7542261159b5764956aa9662673c0422b3509dc59e4866f00c14603","revision_id":"osm-2026-08-29-v1","source_class":"VGI","source_feature_id":"node/7273598757","source_id":"openstreetmap-overpass-arashiyama-20260829","source_sha256":"1cde93d68bebf633989e825cbd5ac1e772cee81508043f44beb311250a1e8013","stable_feature_id":"kyoto-arashiyama:osm-node-007273598757","topology_status":"CANDIDATE"},"type":"Feature"},{"geometry":{"coordinates":[135.6749561,35.0092271],"type":"Point"},"id":"kyoto-arashiyama:osm-node-007273598758","properties":{"data_class":"REAL","geometry_status":"SOURCE_TRACEABLE_REAL","lineage":["OpenStreetMap original node ID and coordinate","fixed-time bounded Overpass response retained as exact bytes","node retained because it is an endpoint of a retained candidate segment"],"node_id":"kyoto-arashiyama:osm-node-007273598758","retrieval_query_sha256":"b5c52b3ea7542261159b5764956aa9662673c0422b3509dc59e4866f00c14603","revision_id":"osm-2026-08-29-v1","source_class":"VGI","source_feature_id":"node/7273598758","source_id":"openstreetmap-overpass-arashiyama-20260829","source_sha256":"1cde93d68bebf633989e825cbd5ac1e772cee81508043f44beb311250a1e8013","stable_feature_id":"kyoto-arashiyama:osm-node-007273598758","topology_status":"CANDIDATE"},"type":"Feature"},{"geometry":{"coordinates":[135.6748658,35.0092648],"type":"Point"},"id":"kyoto-arashiyama:osm-node-007273598759","properties":{"data_class":"REAL","geometry_status":"SOURCE_TRACEABLE_REAL","lineage":["OpenStreetMap original node ID and coordinate","fixed-time bounded Overpass response retained as exact bytes","node retained because it is an endpoint of a retained candidate segment"],"node_id":"kyoto-arashiyama:osm-node-007273598759","retrieval_query_sha256":"b5c52b3ea7542261159b5764956aa9662673c0422b3509dc59e4866f00c14603","revision_id":"osm-2026-08-29-v1","source_class":"VGI","source_feature_id":"node/7273598759","source_id":"openstreetmap-overpass-arashiyama-20260829","source_sha256":"1cde93d68bebf633989e825cbd5ac1e772cee81508043f44beb311250a1e8013","stable_feature_id":"kyoto-arashiyama:osm-node-007273598759","topology_status":"CANDIDATE"},"type":"Feature"},{"geometry":{"coordinates":[135.6750581,35.00919],"type":"Point"},"id":"kyoto-arashiyama:osm-node-007273598772","properties":{"data_class":"REAL","geometry_status":"SOURCE_TRACEABLE_REAL","lineage":["OpenStreetMap original node ID and coordinate","fixed-time bounded Overpass response retained as exact bytes","node retained because it is an endpoint of a retained candidate segment"],"node_id":"kyoto-arashiyama:osm-node-007273598772","retrieval_query_sha256":"b5c52b3ea7542261159b5764956aa9662673c0422b3509dc59e4866f00c14603","revision_id":"osm-2026-08-29-v1","source_class":"VGI","source_feature_id":"node/7273598772","source_id":"openstreetmap-overpass-arashiyama-20260829","source_sha256":"1cde93d68bebf633989e825cbd5ac1e772cee81508043f44beb311250a1e8013","stable_feature_id":"kyoto-arashiyama:osm-node-007273598772","topology_status":"CANDIDATE"},"type":"Feature"},{"geometry":{"coordinates":[135.676858,35.0115598],"type":"Point"},"id":"kyoto-arashiyama:osm-node-007273598773","properties":{"data_class":"REAL","geometry_status":"SOURCE_TRACEABLE_REAL","lineage":["OpenStreetMap original node ID and coordinate","fixed-time bounded Overpass response retained as exact bytes","node retained because it is an endpoint of a retained candidate segment"],"node_id":"kyoto-arashiyama:osm-node-007273598773","retrieval_query_sha256":"b5c52b3ea7542261159b5764956aa9662673c0422b3509dc59e4866f00c14603","revision_id":"osm-2026-08-29-v1","source_class":"VGI","source_feature_id":"node/7273598773","source_id":"openstreetmap-overpass-arashiyama-20260829","source_sha256":"1cde93d68bebf633989e825cbd5ac1e772cee81508043f44beb311250a1e8013","stable_feature_id":"kyoto-arashiyama:osm-node-007273598773","topology_status":"CANDIDATE"},"type":"Feature"},{"geometry":{"coordinates":[135.6766957,35.0115263],"type":"Point"},"id":"kyoto-arashiyama:osm-node-007273599755","properties":{"data_class":"REAL","geometry_status":"SOURCE_TRACEABLE_REAL","lineage":["OpenStreetMap original node ID and coordinate","fixed-time bounded Overpass response retained as exact bytes","node retained because it is an endpoint of a retained candidate segment"],"node_id":"kyoto-arashiyama:osm-node-007273599755","retrieval_query_sha256":"b5c52b3ea7542261159b5764956aa9662673c0422b3509dc59e4866f00c14603","revision_id":"osm-2026-08-29-v1","source_class":"VGI","source_feature_id":"node/7273599755","source_id":"openstreetmap-overpass-arashiyama-20260829","source_sha256":"1cde93d68bebf633989e825cbd5ac1e772cee81508043f44beb311250a1e8013","stable_feature_id":"kyoto-arashiyama:osm-node-007273599755","topology_status":"CANDIDATE"},"type":"Feature"},{"geometry":{"coordinates":[135.6765225,35.0115722],"type":"Point"},"id":"kyoto-arashiyama:osm-node-007273599760","properties":{"data_class":"REAL","geometry_status":"SOURCE_TRACEABLE_REAL","lineage":["OpenStreetMap original node ID and coordinate","fixed-time bounded Overpass response retained as exact bytes","node retained because it is an endpoint of a retained candidate segment"],"node_id":"kyoto-arashiyama:osm-node-007273599760","retrieval_query_sha256":"b5c52b3ea7542261159b5764956aa9662673c0422b3509dc59e4866f00c14603","revision_id":"osm-2026-08-29-v1","source_class":"VGI","source_feature_id":"node/7273599760","source_id":"openstreetmap-overpass-arashiyama-20260829","source_sha256":"1cde93d68bebf633989e825cbd5ac1e772cee81508043f44beb311250a1e8013","stable_feature_id":"kyoto-arashiyama:osm-node-007273599760","topology_status":"CANDIDATE"},"type":"Feature"},{"geometry":{"coordinates":[135.6763594,35.0117512],"type":"Point"},"id":"kyoto-arashiyama:osm-node-007273599761","properties":{"data_class":"REAL","geometry_status":"SOURCE_TRACEABLE_REAL","lineage":["OpenStreetMap original node ID and coordinate","fixed-time bounded Overpass response retained as exact bytes","node retained because it is an endpoint of a retained candidate segment"],"node_id":"kyoto-arashiyama:osm-node-007273599761","retrieval_query_sha256":"b5c52b3ea7542261159b5764956aa9662673c0422b3509dc59e4866f00c14603","revision_id":"osm-2026-08-29-v1","source_class":"VGI","source_feature_id":"node/7273599761","source_id":"openstreetmap-overpass-arashiyama-20260829","source_sha256":"1cde93d68bebf633989e825cbd5ac1e772cee81508043f44beb311250a1e8013","stable_feature_id":"kyoto-arashiyama:osm-node-007273599761","topology_status":"CANDIDATE"},"type":"Feature"},{"geometry":{"coordinates":[135.6763228,35.0118213],"type":"Point"},"id":"kyoto-arashiyama:osm-node-007273599762","properties":{"data_class":"REAL","geometry_status":"SOURCE_TRACEABLE_REAL","lineage":["OpenStreetMap original node ID and coordinate","fixed-time bounded Overpass response retained as exact bytes","node retained because it is an endpoint of a retained candidate segment"],"node_id":"kyoto-arashiyama:osm-node-007273599762","retrieval_query_sha256":"b5c52b3ea7542261159b5764956aa9662673c0422b3509dc59e4866f00c14603","revision_id":"osm-2026-08-29-v1","source_class":"VGI","source_feature_id":"node/7273599762","source_id":"openstreetmap-overpass-arashiyama-20260829","source_sha256":"1cde93d68bebf633989e825cbd5ac1e772cee81508043f44beb311250a1e8013","stable_feature_id":"kyoto-arashiyama:osm-node-007273599762","topology_status":"CANDIDATE"},"type":"Feature"},{"geometry":{"coordinates":[135.6764351,35.0116678],"type":"Point"},"id":"kyoto-arashiyama:osm-node-007273599763","properties":{"data_class":"REAL","geometry_status":"SOURCE_TRACEABLE_REAL","lineage":["OpenStreetMap original node ID and coordinate","fixed-time bounded Overpass response retained as exact bytes","node retained because it is an endpoint of a retained candidate segment"],"node_id":"kyoto-arashiyama:osm-node-007273599763","retrieval_query_sha256":"b5c52b3ea7542261159b5764956aa9662673c0422b3509dc59e4866f00c14603","revision_id":"osm-2026-08-29-v1","source_class":"VGI","source_feature_id":"node/7273599763","source_id":"openstreetmap-overpass-arashiyama-20260829","source_sha256":"1cde93d68bebf633989e825cbd5ac1e772cee81508043f44beb311250a1e8013","stable_feature_id":"kyoto-arashiyama:osm-node-007273599763","topology_status":"CANDIDATE"},"type":"Feature"},{"geometry":{"coordinates":[135.676489,35.0117432],"type":"Point"},"id":"kyoto-arashiyama:osm-node-007273599764","properties":{"data_class":"REAL","geometry_status":"SOURCE_TRACEABLE_REAL","lineage":["OpenStreetMap original node ID and coordinate","fixed-time bounded Overpass response retained as exact bytes","node retained because it is an endpoint of a retained candidate segment"],"node_id":"kyoto-arashiyama:osm-node-007273599764","retrieval_query_sha256":"b5c52b3ea7542261159b5764956aa9662673c0422b3509dc59e4866f00c14603","revision_id":"osm-2026-08-29-v1","source_class":"VGI","source_feature_id":"node/7273599764","source_id":"openstreetmap-overpass-arashiyama-20260829","source_sha256":"1cde93d68bebf633989e825cbd5ac1e772cee81508043f44beb311250a1e8013","stable_feature_id":"kyoto-arashiyama:osm-node-007273599764","topology_status":"CANDIDATE"},"type":"Feature"},{"geometry":{"coordinates":[135.6766222,35.011425],"type":"Point"},"id":"kyoto-arashiyama:osm-node-007273698121","properties":{"data_class":"REAL","geometry_status":"SOURCE_TRACEABLE_REAL","lineage":["OpenStreetMap original node ID and coordinate","fixed-time bounded Overpass response retained as exact bytes","node retained because it is an endpoint of a retained candidate segment"],"node_id":"kyoto-arashiyama:osm-node-007273698121","retrieval_query_sha256":"b5c52b3ea7542261159b5764956aa9662673c0422b3509dc59e4866f00c14603","revision_id":"osm-2026-08-29-v1","source_class":"VGI","source_feature_id":"node/7273698121","source_id":"openstreetmap-overpass-arashiyama-20260829","source_sha256":"1cde93d68bebf633989e825cbd5ac1e772cee81508043f44beb311250a1e8013","stable_feature_id":"kyoto-arashiyama:osm-node-007273698121","topology_status":"CANDIDATE"},"type":"Feature"},{"geometry":{"coordinates":[135.676584,35.0114814],"type":"Point"},"id":"kyoto-arashiyama:osm-node-007273698122","properties":{"data_class":"REAL","geometry_status":"SOURCE_TRACEABLE_REAL","lineage":["OpenStreetMap original node ID and coordinate","fixed-time bounded Overpass response retained as exact bytes","node retained because it is an endpoint of a retained candidate segment"],"node_id":"kyoto-arashiyama:osm-node-007273698122","retrieval_query_sha256":"b5c52b3ea7542261159b5764956aa9662673c0422b3509dc59e4866f00c14603","revision_id":"osm-2026-08-29-v1","source_class":"VGI","source_feature_id":"node/7273698122","source_id":"openstreetmap-overpass-arashiyama-20260829","source_sha256":"1cde93d68bebf633989e825cbd5ac1e772cee81508043f44beb311250a1e8013","stable_feature_id":"kyoto-arashiyama:osm-node-007273698122","topology_status":"CANDIDATE"},"type":"Feature"},{"geometry":{"coordinates":[135.6765338,35.0114574],"type":"Point"},"id":"kyoto-arashiyama:osm-node-007273698123","properties":{"data_class":"REAL","geometry_status":"SOURCE_TRACEABLE_REAL","lineage":["OpenStreetMap original node ID and coordinate","fixed-time bounded Overpass response retained as exact bytes","node retained because it is an endpoint of a retained candidate segment"],"node_id":"kyoto-arashiyama:osm-node-007273698123","retrieval_query_sha256":"b5c52b3ea7542261159b5764956aa9662673c0422b3509dc59e4866f00c14603","revision_id":"osm-2026-08-29-v1","source_class":"VGI","source_feature_id":"node/7273698123","source_id":"openstreetmap-overpass-arashiyama-20260829","source_sha256":"1cde93d68bebf633989e825cbd5ac1e772cee81508043f44beb311250a1e8013","stable_feature_id":"kyoto-arashiyama:osm-node-007273698123","topology_status":"CANDIDATE"},"type":"Feature"},{"geometry":{"coordinates":[135.6795691,35.0137929],"type":"Point"},"id":"kyoto-arashiyama:osm-node-009689258375","properties":{"data_class":"REAL","geometry_status":"SOURCE_TRACEABLE_REAL","lineage":["OpenStreetMap original node ID and coordinate","fixed-time bounded Overpass response retained as exact bytes","node retained because it is an endpoint of a retained candidate segment"],"node_id":"kyoto-arashiyama:osm-node-009689258375","retrieval_query_sha256":"b5c52b3ea7542261159b5764956aa9662673c0422b3509dc59e4866f00c14603","revision_id":"osm-2026-08-29-v1","source_class":"VGI","source_feature_id":"node/9689258375","source_id":"openstreetmap-overpass-arashiyama-20260829","source_sha256":"1cde93d68bebf633989e825cbd5ac1e772cee81508043f44beb311250a1e8013","stable_feature_id":"kyoto-arashiyama:osm-node-009689258375","topology_status":"CANDIDATE"},"type":"Feature"},{"geometry":{"coordinates":[135.6795759,35.0136996],"type":"Point"},"id":"kyoto-arashiyama:osm-node-009689258376","properties":{"data_class":"REAL","geometry_status":"SOURCE_TRACEABLE_REAL","lineage":["OpenStreetMap original node ID and coordinate","fixed-time bounded Overpass response retained as exact bytes","node retained because it is an endpoint of a retained candidate segment"],"node_id":"kyoto-arashiyama:osm-node-009689258376","retrieval_query_sha256":"b5c52b3ea7542261159b5764956aa9662673c0422b3509dc59e4866f00c14603","revision_id":"osm-2026-08-29-v1","source_class":"VGI","source_feature_id":"node/9689258376","source_id":"openstreetmap-overpass-arashiyama-20260829","source_sha256":"1cde93d68bebf633989e825cbd5ac1e772cee81508043f44beb311250a1e8013","stable_feature_id":"kyoto-arashiyama:osm-node-009689258376","topology_status":"CANDIDATE"},"type":"Feature"},{"geometry":{"coordinates":[135.677877,35.0137663],"type":"Point"},"id":"kyoto-arashiyama:osm-node-009689258377","properties":{"data_class":"REAL","geometry_status":"SOURCE_TRACEABLE_REAL","lineage":["OpenStreetMap original node ID and coordinate","fixed-time bounded Overpass response retained as exact bytes","node retained because it is an endpoint of a retained candidate segment"],"node_id":"kyoto-arashiyama:osm-node-009689258377","retrieval_query_sha256":"b5c52b3ea7542261159b5764956aa9662673c0422b3509dc59e4866f00c14603","revision_id":"osm-2026-08-29-v1","source_class":"VGI","source_feature_id":"node/9689258377","source_id":"openstreetmap-overpass-arashiyama-20260829","source_sha256":"1cde93d68bebf633989e825cbd5ac1e772cee81508043f44beb311250a1e8013","stable_feature_id":"kyoto-arashiyama:osm-node-009689258377","topology_status":"CANDIDATE"},"type":"Feature"},{"geometry":{"coordinates":[135.6780701,35.01374],"type":"Point"},"id":"kyoto-arashiyama:osm-node-009689258378","properties":{"data_class":"REAL","geometry_status":"SOURCE_TRACEABLE_REAL","lineage":["OpenStreetMap original node ID and coordinate","fixed-time bounded Overpass response retained as exact bytes","node retained because it is an endpoint of a retained candidate segment"],"node_id":"kyoto-arashiyama:osm-node-009689258378","retrieval_query_sha256":"b5c52b3ea7542261159b5764956aa9662673c0422b3509dc59e4866f00c14603","revision_id":"osm-2026-08-29-v1","source_class":"VGI","source_feature_id":"node/9689258378","source_id":"openstreetmap-overpass-arashiyama-20260829","source_sha256":"1cde93d68bebf633989e825cbd5ac1e772cee81508043f44beb311250a1e8013","stable_feature_id":"kyoto-arashiyama:osm-node-009689258378","topology_status":"CANDIDATE"},"type":"Feature"},{"geometry":{"coordinates":[135.6785623,35.01374],"type":"Point"},"id":"kyoto-arashiyama:osm-node-009689258379","properties":{"data_class":"REAL","geometry_status":"SOURCE_TRACEABLE_REAL","lineage":["OpenStreetMap original node ID and coordinate","fixed-time bounded Overpass response retained as exact bytes","node retained because it is an endpoint of a retained candidate segment"],"node_id":"kyoto-arashiyama:osm-node-009689258379","retrieval_query_sha256":"b5c52b3ea7542261159b5764956aa9662673c0422b3509dc59e4866f00c14603","revision_id":"osm-2026-08-29-v1","source_class":"VGI","source_feature_id":"node/9689258379","source_id":"openstreetmap-overpass-arashiyama-20260829","source_sha256":"1cde93d68bebf633989e825cbd5ac1e772cee81508043f44beb311250a1e8013","stable_feature_id":"kyoto-arashiyama:osm-node-009689258379","topology_status":"CANDIDATE"},"type":"Feature"},{"geometry":{"coordinates":[135.6788912,35.0137529],"type":"Point"},"id":"kyoto-arashiyama:osm-node-009689258380","properties":{"data_class":"REAL","geometry_status":"SOURCE_TRACEABLE_REAL","lineage":["OpenStreetMap original node ID and coordinate","fixed-time bounded Overpass response retained as exact bytes","node retained because it is an endpoint of a retained candidate segment"],"node_id":"kyoto-arashiyama:osm-node-009689258380","retrieval_query_sha256":"b5c52b3ea7542261159b5764956aa9662673c0422b3509dc59e4866f00c14603","revision_id":"osm-2026-08-29-v1","source_class":"VGI","source_feature_id":"node/9689258380","source_id":"openstreetmap-overpass-arashiyama-20260829","source_sha256":"1cde93d68bebf633989e825cbd5ac1e772cee81508043f44beb311250a1e8013","stable_feature_id":"kyoto-arashiyama:osm-node-009689258380","topology_status":"CANDIDATE"},"type":"Feature"},{"geometry":{"coordinates":[135.6801318,35.0138298],"type":"Point"},"id":"kyoto-arashiyama:osm-node-009689258381","properties":{"data_class":"REAL","geometry_status":"SOURCE_TRACEABLE_REAL","lineage":["OpenStreetMap original node ID and coordinate","fixed-time bounded Overpass response retained as exact bytes","node retained because it is an endpoint of a retained candidate segment"],"node_id":"kyoto-arashiyama:osm-node-009689258381","retrieval_query_sha256":"b5c52b3ea7542261159b5764956aa9662673c0422b3509dc59e4866f00c14603","revision_id":"osm-2026-08-29-v1","source_class":"VGI","source_feature_id":"node/9689258381","source_id":"openstreetmap-overpass-arashiyama-20260829","source_sha256":"1cde93d68bebf633989e825cbd5ac1e772cee81508043f44beb311250a1e8013","stable_feature_id":"kyoto-arashiyama:osm-node-009689258381","topology_status":"CANDIDATE"},"type":"Feature"},{"geometry":{"coordinates":[135.6801505,35.0138528],"type":"Point"},"id":"kyoto-arashiyama:osm-node-009689258382","properties":{"data_class":"REAL","geometry_status":"SOURCE_TRACEABLE_REAL","lineage":["OpenStreetMap original node ID and coordinate","fixed-time bounded Overpass response retained as exact bytes","node retained because it is an endpoint of a retained candidate segment"],"node_id":"kyoto-arashiyama:osm-node-009689258382","retrieval_query_sha256":"b5c52b3ea7542261159b5764956aa9662673c0422b3509dc59e4866f00c14603","revision_id":"osm-2026-08-29-v1","source_class":"VGI","source_feature_id":"node/9689258382","source_id":"openstreetmap-overpass-arashiyama-20260829","source_sha256":"1cde93d68bebf633989e825cbd5ac1e772cee81508043f44beb311250a1e8013","stable_feature_id":"kyoto-arashiyama:osm-node-009689258382","topology_status":"CANDIDATE"},"type":"Feature"},{"geometry":{"coordinates":[135.6800956,35.013732],"type":"Point"},"id":"kyoto-arashiyama:osm-node-009689258384","properties":{"data_class":"REAL","geometry_status":"SOURCE_TRACEABLE_REAL","lineage":["OpenStreetMap original node ID and coordinate","fixed-time bounded Overpass response retained as exact bytes","node retained because it is an endpoint of a retained candidate segment"],"node_id":"kyoto-arashiyama:osm-node-009689258384","retrieval_query_sha256":"b5c52b3ea7542261159b5764956aa9662673c0422b3509dc59e4866f00c14603","revision_id":"osm-2026-08-29-v1","source_class":"VGI","source_feature_id":"node/9689258384","source_id":"openstreetmap-overpass-arashiyama-20260829","source_sha256":"1cde93d68bebf633989e825cbd5ac1e772cee81508043f44beb311250a1e8013","stable_feature_id":"kyoto-arashiyama:osm-node-009689258384","topology_status":"CANDIDATE"},"type":"Feature"},{"geometry":{"coordinates":[135.6800821,35.0138232],"type":"Point"},"id":"kyoto-arashiyama:osm-node-009689258385","properties":{"data_class":"REAL","geometry_status":"SOURCE_TRACEABLE_REAL","lineage":["OpenStreetMap original node ID and coordinate","fixed-time bounded Overpass response retained as exact bytes","node retained because it is an endpoint of a retained candidate segment"],"node_id":"kyoto-arashiyama:osm-node-009689258385","retrieval_query_sha256":"b5c52b3ea7542261159b5764956aa9662673c0422b3509dc59e4866f00c14603","revision_id":"osm-2026-08-29-v1","source_class":"VGI","source_feature_id":"node/9689258385","source_id":"openstreetmap-overpass-arashiyama-20260829","source_sha256":"1cde93d68bebf633989e825cbd5ac1e772cee81508043f44beb311250a1e8013","stable_feature_id":"kyoto-arashiyama:osm-node-009689258385","topology_status":"CANDIDATE"},"type":"Feature"},{"geometry":{"coordinates":[135.6799126,35.013764],"type":"Point"},"id":"kyoto-arashiyama:osm-node-009690929859","properties":{"data_class":"REAL","geometry_status":"SOURCE_TRACEABLE_REAL","lineage":["OpenStreetMap original node ID and coordinate","fixed-time bounded Overpass response retained as exact bytes","node retained because it is an endpoint of a retained candidate segment"],"node_id":"kyoto-arashiyama:osm-node-009690929859","retrieval_query_sha256":"b5c52b3ea7542261159b5764956aa9662673c0422b3509dc59e4866f00c14603","revision_id":"osm-2026-08-29-v1","source_class":"VGI","source_feature_id":"node/9690929859","source_id":"openstreetmap-overpass-arashiyama-20260829","source_sha256":"1cde93d68bebf633989e825cbd5ac1e772cee81508043f44beb311250a1e8013","stable_feature_id":"kyoto-arashiyama:osm-node-009690929859","topology_status":"CANDIDATE"},"type":"Feature"},{"geometry":{"coordinates":[135.6799085,35.0138129],"type":"Point"},"id":"kyoto-arashiyama:osm-node-009690929860","properties":{"data_class":"REAL","geometry_status":"SOURCE_TRACEABLE_REAL","lineage":["OpenStreetMap original node ID and coordinate","fixed-time bounded Overpass response retained as exact bytes","node retained because it is an endpoint of a retained candidate segment"],"node_id":"kyoto-arashiyama:osm-node-009690929860","retrieval_query_sha256":"b5c52b3ea7542261159b5764956aa9662673c0422b3509dc59e4866f00c14603","revision_id":"osm-2026-08-29-v1","source_class":"VGI","source_feature_id":"node/9690929860","source_id":"openstreetmap-overpass-arashiyama-20260829","source_sha256":"1cde93d68bebf633989e825cbd5ac1e772cee81508043f44beb311250a1e8013","stable_feature_id":"kyoto-arashiyama:osm-node-009690929860","topology_status":"CANDIDATE"},"type":"Feature"},{"geometry":{"coordinates":[135.6799068,35.0138338],"type":"Point"},"id":"kyoto-arashiyama:osm-node-009690929861","properties":{"data_class":"REAL","geometry_status":"SOURCE_TRACEABLE_REAL","lineage":["OpenStreetMap original node ID and coordinate","fixed-time bounded Overpass response retained as exact bytes","node retained because it is an endpoint of a retained candidate segment"],"node_id":"kyoto-arashiyama:osm-node-009690929861","retrieval_query_sha256":"b5c52b3ea7542261159b5764956aa9662673c0422b3509dc59e4866f00c14603","revision_id":"osm-2026-08-29-v1","source_class":"VGI","source_feature_id":"node/9690929861","source_id":"openstreetmap-overpass-arashiyama-20260829","source_sha256":"1cde93d68bebf633989e825cbd5ac1e772cee81508043f44beb311250a1e8013","stable_feature_id":"kyoto-arashiyama:osm-node-009690929861","topology_status":"CANDIDATE"},"type":"Feature"},{"geometry":{"coordinates":[135.6799038,35.0139396],"type":"Point"},"id":"kyoto-arashiyama:osm-node-009690929862","properties":{"data_class":"REAL","geometry_status":"SOURCE_TRACEABLE_REAL","lineage":["OpenStreetMap original node ID and coordinate","fixed-time bounded Overpass response retained as exact bytes","node retained because it is an endpoint of a retained candidate segment"],"node_id":"kyoto-arashiyama:osm-node-009690929862","retrieval_query_sha256":"b5c52b3ea7542261159b5764956aa9662673c0422b3509dc59e4866f00c14603","revision_id":"osm-2026-08-29-v1","source_class":"VGI","source_feature_id":"node/9690929862","source_id":"openstreetmap-overpass-arashiyama-20260829","source_sha256":"1cde93d68bebf633989e825cbd5ac1e772cee81508043f44beb311250a1e8013","stable_feature_id":"kyoto-arashiyama:osm-node-009690929862","topology_status":"CANDIDATE"},"type":"Feature"},{"geometry":{"coordinates":[135.679877,35.0140242],"type":"Point"},"id":"kyoto-arashiyama:osm-node-009690929863","properties":{"data_class":"REAL","geometry_status":"SOURCE_TRACEABLE_REAL","lineage":["OpenStreetMap original node ID and coordinate","fixed-time bounded Overpass response retained as exact bytes","node retained because it is an endpoint of a retained candidate segment"],"node_id":"kyoto-arashiyama:osm-node-009690929863","retrieval_query_sha256":"b5c52b3ea7542261159b5764956aa9662673c0422b3509dc59e4866f00c14603","revision_id":"osm-2026-08-29-v1","source_class":"VGI","source_feature_id":"node/9690929863","source_id":"openstreetmap-overpass-arashiyama-20260829","source_sha256":"1cde93d68bebf633989e825cbd5ac1e772cee81508043f44beb311250a1e8013","stable_feature_id":"kyoto-arashiyama:osm-node-009690929863","topology_status":"CANDIDATE"},"type":"Feature"},{"geometry":{"coordinates":[135.679661,35.0144536],"type":"Point"},"id":"kyoto-arashiyama:osm-node-009690929864","properties":{"data_class":"REAL","geometry_status":"SOURCE_TRACEABLE_REAL","lineage":["OpenStreetMap original node ID and coordinate","fixed-time bounded Overpass response retained as exact bytes","node retained because it is an endpoint of a retained candidate segment"],"node_id":"kyoto-arashiyama:osm-node-009690929864","retrieval_query_sha256":"b5c52b3ea7542261159b5764956aa9662673c0422b3509dc59e4866f00c14603","revision_id":"osm-2026-08-29-v1","source_class":"VGI","source_feature_id":"node/9690929864","source_id":"openstreetmap-overpass-arashiyama-20260829","source_sha256":"1cde93d68bebf633989e825cbd5ac1e772cee81508043f44beb311250a1e8013","stable_feature_id":"kyoto-arashiyama:osm-node-009690929864","topology_status":"CANDIDATE"},"type":"Feature"},{"geometry":{"coordinates":[135.6796729,35.0138233],"type":"Point"},"id":"kyoto-arashiyama:osm-node-009690929866","properties":{"data_class":"REAL","geometry_status":"SOURCE_TRACEABLE_REAL","lineage":["OpenStreetMap original node ID and coordinate","fixed-time bounded Overpass response retained as exact bytes","node retained because it is an endpoint of a retained candidate segment"],"node_id":"kyoto-arashiyama:osm-node-009690929866","retrieval_query_sha256":"b5c52b3ea7542261159b5764956aa9662673c0422b3509dc59e4866f00c14603","revision_id":"osm-2026-08-29-v1","source_class":"VGI","source_feature_id":"node/9690929866","source_id":"openstreetmap-overpass-arashiyama-20260829","source_sha256":"1cde93d68bebf633989e825cbd5ac1e772cee81508043f44beb311250a1e8013","stable_feature_id":"kyoto-arashiyama:osm-node-009690929866","topology_status":"CANDIDATE"},"type":"Feature"},{"geometry":{"coordinates":[135.6796734,35.0137991],"type":"Point"},"id":"kyoto-arashiyama:osm-node-009690929867","properties":{"data_class":"REAL","geometry_status":"SOURCE_TRACEABLE_REAL","lineage":["OpenStreetMap original node ID and coordinate","fixed-time bounded Overpass response retained as exact bytes","node retained because it is an endpoint of a retained candidate segment"],"node_id":"kyoto-arashiyama:osm-node-009690929867","retrieval_query_sha256":"b5c52b3ea7542261159b5764956aa9662673c0422b3509dc59e4866f00c14603","revision_id":"osm-2026-08-29-v1","source_class":"VGI","source_feature_id":"node/9690929867","source_id":"openstreetmap-overpass-arashiyama-20260829","source_sha256":"1cde93d68bebf633989e825cbd5ac1e772cee81508043f44beb311250a1e8013","stable_feature_id":"kyoto-arashiyama:osm-node-009690929867","topology_status":"CANDIDATE"},"type":"Feature"},{"geometry":{"coordinates":[135.6778265,35.0109854],"type":"Point"},"id":"kyoto-arashiyama:osm-node-010107286722","properties":{"data_class":"REAL","geometry_status":"SOURCE_TRACEABLE_REAL","lineage":["OpenStreetMap original node ID and coordinate","fixed-time bounded Overpass response retained as exact bytes","node retained because it is an endpoint of a retained candidate segment"],"node_id":"kyoto-arashiyama:osm-node-010107286722","retrieval_query_sha256":"b5c52b3ea7542261159b5764956aa9662673c0422b3509dc59e4866f00c14603","revision_id":"osm-2026-08-29-v1","source_class":"VGI","source_feature_id":"node/10107286722","source_id":"openstreetmap-overpass-arashiyama-20260829","source_sha256":"1cde93d68bebf633989e825cbd5ac1e772cee81508043f44beb311250a1e8013","stable_feature_id":"kyoto-arashiyama:osm-node-010107286722","topology_status":"CANDIDATE"},"type":"Feature"},{"geometry":{"coordinates":[135.6778814,35.0109328],"type":"Point"},"id":"kyoto-arashiyama:osm-node-010107286723","properties":{"data_class":"REAL","geometry_status":"SOURCE_TRACEABLE_REAL","lineage":["OpenStreetMap original node ID and coordinate","fixed-time bounded Overpass response retained as exact bytes","node retained because it is an endpoint of a retained candidate segment"],"node_id":"kyoto-arashiyama:osm-node-010107286723","retrieval_query_sha256":"b5c52b3ea7542261159b5764956aa9662673c0422b3509dc59e4866f00c14603","revision_id":"osm-2026-08-29-v1","source_class":"VGI","source_feature_id":"node/10107286723","source_id":"openstreetmap-overpass-arashiyama-20260829","source_sha256":"1cde93d68bebf633989e825cbd5ac1e772cee81508043f44beb311250a1e8013","stable_feature_id":"kyoto-arashiyama:osm-node-010107286723","topology_status":"CANDIDATE"},"type":"Feature"},{"geometry":{"coordinates":[135.6767485,35.0142307],"type":"Point"},"id":"kyoto-arashiyama:osm-node-010698628302","properties":{"data_class":"REAL","geometry_status":"SOURCE_TRACEABLE_REAL","lineage":["OpenStreetMap original node ID and coordinate","fixed-time bounded Overpass response retained as exact bytes","node retained because it is an endpoint of a retained candidate segment"],"node_id":"kyoto-arashiyama:osm-node-010698628302","retrieval_query_sha256":"b5c52b3ea7542261159b5764956aa9662673c0422b3509dc59e4866f00c14603","revision_id":"osm-2026-08-29-v1","source_class":"VGI","source_feature_id":"node/10698628302","source_id":"openstreetmap-overpass-arashiyama-20260829","source_sha256":"1cde93d68bebf633989e825cbd5ac1e772cee81508043f44beb311250a1e8013","stable_feature_id":"kyoto-arashiyama:osm-node-010698628302","topology_status":"CANDIDATE"},"type":"Feature"},{"geometry":{"coordinates":[135.6767903,35.0139487],"type":"Point"},"id":"kyoto-arashiyama:osm-node-010698628303","properties":{"data_class":"REAL","geometry_status":"SOURCE_TRACEABLE_REAL","lineage":["OpenStreetMap original node ID and coordinate","fixed-time bounded Overpass response retained as exact bytes","node retained because it is an endpoint of a retained candidate segment"],"node_id":"kyoto-arashiyama:osm-node-010698628303","retrieval_query_sha256":"b5c52b3ea7542261159b5764956aa9662673c0422b3509dc59e4866f00c14603","revision_id":"osm-2026-08-29-v1","source_class":"VGI","source_feature_id":"node/10698628303","source_id":"openstreetmap-overpass-arashiyama-20260829","source_sha256":"1cde93d68bebf633989e825cbd5ac1e772cee81508043f44beb311250a1e8013","stable_feature_id":"kyoto-arashiyama:osm-node-010698628303","topology_status":"CANDIDATE"},"type":"Feature"},{"geometry":{"coordinates":[135.6764793,35.0135046],"type":"Point"},"id":"kyoto-arashiyama:osm-node-010698690515","properties":{"data_class":"REAL","geometry_status":"SOURCE_TRACEABLE_REAL","lineage":["OpenStreetMap original node ID and coordinate","fixed-time bounded Overpass response retained as exact bytes","node retained because it is an endpoint of a retained candidate segment"],"node_id":"kyoto-arashiyama:osm-node-010698690515","retrieval_query_sha256":"b5c52b3ea7542261159b5764956aa9662673c0422b3509dc59e4866f00c14603","revision_id":"osm-2026-08-29-v1","source_class":"VGI","source_feature_id":"node/10698690515","source_id":"openstreetmap-overpass-arashiyama-20260829","source_sha256":"1cde93d68bebf633989e825cbd5ac1e772cee81508043f44beb311250a1e8013","stable_feature_id":"kyoto-arashiyama:osm-node-010698690515","topology_status":"CANDIDATE"},"type":"Feature"},{"geometry":{"coordinates":[135.6770667,35.0135632],"type":"Point"},"id":"kyoto-arashiyama:osm-node-010698690516","properties":{"data_class":"REAL","geometry_status":"SOURCE_TRACEABLE_REAL","lineage":["OpenStreetMap original node ID and coordinate","fixed-time bounded Overpass response retained as exact bytes","node retained because it is an endpoint of a retained candidate segment"],"node_id":"kyoto-arashiyama:osm-node-010698690516","retrieval_query_sha256":"b5c52b3ea7542261159b5764956aa9662673c0422b3509dc59e4866f00c14603","revision_id":"osm-2026-08-29-v1","source_class":"VGI","source_feature_id":"node/10698690516","source_id":"openstreetmap-overpass-arashiyama-20260829","source_sha256":"1cde93d68bebf633989e825cbd5ac1e772cee81508043f44beb311250a1e8013","stable_feature_id":"kyoto-arashiyama:osm-node-010698690516","topology_status":"CANDIDATE"},"type":"Feature"},{"geometry":{"coordinates":[135.6770595,35.0136127],"type":"Point"},"id":"kyoto-arashiyama:osm-node-010698690517","properties":{"data_class":"REAL","geometry_status":"SOURCE_TRACEABLE_REAL","lineage":["OpenStreetMap original node ID and coordinate","fixed-time bounded Overpass response retained as exact bytes","node retained because it is an endpoint of a retained candidate segment"],"node_id":"kyoto-arashiyama:osm-node-010698690517","retrieval_query_sha256":"b5c52b3ea7542261159b5764956aa9662673c0422b3509dc59e4866f00c14603","revision_id":"osm-2026-08-29-v1","source_class":"VGI","source_feature_id":"node/10698690517","source_id":"openstreetmap-overpass-arashiyama-20260829","source_sha256":"1cde93d68bebf633989e825cbd5ac1e772cee81508043f44beb311250a1e8013","stable_feature_id":"kyoto-arashiyama:osm-node-010698690517","topology_status":"CANDIDATE"},"type":"Feature"},{"geometry":{"coordinates":[135.6770545,35.0136475],"type":"Point"},"id":"kyoto-arashiyama:osm-node-010698690518","properties":{"data_class":"REAL","geometry_status":"SOURCE_TRACEABLE_REAL","lineage":["OpenStreetMap original node ID and coordinate","fixed-time bounded Overpass response retained as exact bytes","node retained because it is an endpoint of a retained candidate segment"],"node_id":"kyoto-arashiyama:osm-node-010698690518","retrieval_query_sha256":"b5c52b3ea7542261159b5764956aa9662673c0422b3509dc59e4866f00c14603","revision_id":"osm-2026-08-29-v1","source_class":"VGI","source_feature_id":"node/10698690518","source_id":"openstreetmap-overpass-arashiyama-20260829","source_sha256":"1cde93d68bebf633989e825cbd5ac1e772cee81508043f44beb311250a1e8013","stable_feature_id":"kyoto-arashiyama:osm-node-010698690518","topology_status":"CANDIDATE"},"type":"Feature"},{"geometry":{"coordinates":[135.6767866,35.0136268],"type":"Point"},"id":"kyoto-arashiyama:osm-node-010698690519","properties":{"data_class":"REAL","geometry_status":"SOURCE_TRACEABLE_REAL","lineage":["OpenStreetMap original node ID and coordinate","fixed-time bounded Overpass response retained as exact bytes","node retained because it is an endpoint of a retained candidate segment"],"node_id":"kyoto-arashiyama:osm-node-010698690519","retrieval_query_sha256":"b5c52b3ea7542261159b5764956aa9662673c0422b3509dc59e4866f00c14603","revision_id":"osm-2026-08-29-v1","source_class":"VGI","source_feature_id":"node/10698690519","source_id":"openstreetmap-overpass-arashiyama-20260829","source_sha256":"1cde93d68bebf633989e825cbd5ac1e772cee81508043f44beb311250a1e8013","stable_feature_id":"kyoto-arashiyama:osm-node-010698690519","topology_status":"CANDIDATE"},"type":"Feature"},{"geometry":{"coordinates":[135.6774653,35.0117214],"type":"Point"},"id":"kyoto-arashiyama:osm-node-011177913906","properties":{"data_class":"REAL","geometry_status":"SOURCE_TRACEABLE_REAL","lineage":["OpenStreetMap original node ID and coordinate","fixed-time bounded Overpass response retained as exact bytes","node retained because it is an endpoint of a retained candidate segment"],"node_id":"kyoto-arashiyama:osm-node-011177913906","retrieval_query_sha256":"b5c52b3ea7542261159b5764956aa9662673c0422b3509dc59e4866f00c14603","revision_id":"osm-2026-08-29-v1","source_class":"VGI","source_feature_id":"node/11177913906","source_id":"openstreetmap-overpass-arashiyama-20260829","source_sha256":"1cde93d68bebf633989e825cbd5ac1e772cee81508043f44beb311250a1e8013","stable_feature_id":"kyoto-arashiyama:osm-node-011177913906","topology_status":"CANDIDATE"},"type":"Feature"},{"geometry":{"coordinates":[135.675665,35.0133795],"type":"Point"},"id":"kyoto-arashiyama:osm-node-011279693964","properties":{"data_class":"REAL","geometry_status":"SOURCE_TRACEABLE_REAL","lineage":["OpenStreetMap original node ID and coordinate","fixed-time bounded Overpass response retained as exact bytes","node retained because it is an endpoint of a retained candidate segment"],"node_id":"kyoto-arashiyama:osm-node-011279693964","retrieval_query_sha256":"b5c52b3ea7542261159b5764956aa9662673c0422b3509dc59e4866f00c14603","revision_id":"osm-2026-08-29-v1","source_class":"VGI","source_feature_id":"node/11279693964","source_id":"openstreetmap-overpass-arashiyama-20260829","source_sha256":"1cde93d68bebf633989e825cbd5ac1e772cee81508043f44beb311250a1e8013","stable_feature_id":"kyoto-arashiyama:osm-node-011279693964","topology_status":"CANDIDATE"},"type":"Feature"},{"geometry":{"coordinates":[135.6756281,35.0135857],"type":"Point"},"id":"kyoto-arashiyama:osm-node-011279693965","properties":{"data_class":"REAL","geometry_status":"SOURCE_TRACEABLE_REAL","lineage":["OpenStreetMap original node ID and coordinate","fixed-time bounded Overpass response retained as exact bytes","node retained because it is an endpoint of a retained candidate segment"],"node_id":"kyoto-arashiyama:osm-node-011279693965","retrieval_query_sha256":"b5c52b3ea7542261159b5764956aa9662673c0422b3509dc59e4866f00c14603","revision_id":"osm-2026-08-29-v1","source_class":"VGI","source_feature_id":"node/11279693965","source_id":"openstreetmap-overpass-arashiyama-20260829","source_sha256":"1cde93d68bebf633989e825cbd5ac1e772cee81508043f44beb311250a1e8013","stable_feature_id":"kyoto-arashiyama:osm-node-011279693965","topology_status":"CANDIDATE"},"type":"Feature"},{"geometry":{"coordinates":[135.6756304,35.0136335],"type":"Point"},"id":"kyoto-arashiyama:osm-node-011279693966","properties":{"data_class":"REAL","geometry_status":"SOURCE_TRACEABLE_REAL","lineage":["OpenStreetMap original node ID and coordinate","fixed-time bounded Overpass response retained as exact bytes","node retained because it is an endpoint of a retained candidate segment"],"node_id":"kyoto-arashiyama:osm-node-011279693966","retrieval_query_sha256":"b5c52b3ea7542261159b5764956aa9662673c0422b3509dc59e4866f00c14603","revision_id":"osm-2026-08-29-v1","source_class":"VGI","source_feature_id":"node/11279693966","source_id":"openstreetmap-overpass-arashiyama-20260829","source_sha256":"1cde93d68bebf633989e825cbd5ac1e772cee81508043f44beb311250a1e8013","stable_feature_id":"kyoto-arashiyama:osm-node-011279693966","topology_status":"CANDIDATE"},"type":"Feature"},{"geometry":{"coordinates":[135.6756775,35.0137476],"type":"Point"},"id":"kyoto-arashiyama:osm-node-011279693967","properties":{"data_class":"REAL","geometry_status":"SOURCE_TRACEABLE_REAL","lineage":["OpenStreetMap original node ID and coordinate","fixed-time bounded Overpass response retained as exact bytes","node retained because it is an endpoint of a retained candidate segment"],"node_id":"kyoto-arashiyama:osm-node-011279693967","retrieval_query_sha256":"b5c52b3ea7542261159b5764956aa9662673c0422b3509dc59e4866f00c14603","revision_id":"osm-2026-08-29-v1","source_class":"VGI","source_feature_id":"node/11279693967","source_id":"openstreetmap-overpass-arashiyama-20260829","source_sha256":"1cde93d68bebf633989e825cbd5ac1e772cee81508043f44beb311250a1e8013","stable_feature_id":"kyoto-arashiyama:osm-node-011279693967","topology_status":"CANDIDATE"},"type":"Feature"},{"geometry":{"coordinates":[135.6793071,35.0113843],"type":"Point"},"id":"kyoto-arashiyama:osm-node-011738078381","properties":{"data_class":"REAL","geometry_status":"SOURCE_TRACEABLE_REAL","lineage":["OpenStreetMap original node ID and coordinate","fixed-time bounded Overpass response retained as exact bytes","node retained because it is an endpoint of a retained candidate segment"],"node_id":"kyoto-arashiyama:osm-node-011738078381","retrieval_query_sha256":"b5c52b3ea7542261159b5764956aa9662673c0422b3509dc59e4866f00c14603","revision_id":"osm-2026-08-29-v1","source_class":"VGI","source_feature_id":"node/11738078381","source_id":"openstreetmap-overpass-arashiyama-20260829","source_sha256":"1cde93d68bebf633989e825cbd5ac1e772cee81508043f44beb311250a1e8013","stable_feature_id":"kyoto-arashiyama:osm-node-011738078381","topology_status":"CANDIDATE"},"type":"Feature"},{"geometry":{"coordinates":[135.6794083,35.0114078],"type":"Point"},"id":"kyoto-arashiyama:osm-node-011738078382","properties":{"data_class":"REAL","geometry_status":"SOURCE_TRACEABLE_REAL","lineage":["OpenStreetMap original node ID and coordinate","fixed-time bounded Overpass response retained as exact bytes","node retained because it is an endpoint of a retained candidate segment"],"node_id":"kyoto-arashiyama:osm-node-011738078382","retrieval_query_sha256":"b5c52b3ea7542261159b5764956aa9662673c0422b3509dc59e4866f00c14603","revision_id":"osm-2026-08-29-v1","source_class":"VGI","source_feature_id":"node/11738078382","source_id":"openstreetmap-overpass-arashiyama-20260829","source_sha256":"1cde93d68bebf633989e825cbd5ac1e772cee81508043f44beb311250a1e8013","stable_feature_id":"kyoto-arashiyama:osm-node-011738078382","topology_status":"CANDIDATE"},"type":"Feature"},{"geometry":{"coordinates":[135.6796541,35.0114229],"type":"Point"},"id":"kyoto-arashiyama:osm-node-011738078383","properties":{"data_class":"REAL","geometry_status":"SOURCE_TRACEABLE_REAL","lineage":["OpenStreetMap original node ID and coordinate","fixed-time bounded Overpass response retained as exact bytes","node retained because it is an endpoint of a retained candidate segment"],"node_id":"kyoto-arashiyama:osm-node-011738078383","retrieval_query_sha256":"b5c52b3ea7542261159b5764956aa9662673c0422b3509dc59e4866f00c14603","revision_id":"osm-2026-08-29-v1","source_class":"VGI","source_feature_id":"node/11738078383","source_id":"openstreetmap-overpass-arashiyama-20260829","source_sha256":"1cde93d68bebf633989e825cbd5ac1e772cee81508043f44beb311250a1e8013","stable_feature_id":"kyoto-arashiyama:osm-node-011738078383","topology_status":"CANDIDATE"},"type":"Feature"},{"geometry":{"coordinates":[135.6800833,35.0114112],"type":"Point"},"id":"kyoto-arashiyama:osm-node-011738078384","properties":{"data_class":"REAL","geometry_status":"SOURCE_TRACEABLE_REAL","lineage":["OpenStreetMap original node ID and coordinate","fixed-time bounded Overpass response retained as exact bytes","node retained because it is an endpoint of a retained candidate segment"],"node_id":"kyoto-arashiyama:osm-node-011738078384","retrieval_query_sha256":"b5c52b3ea7542261159b5764956aa9662673c0422b3509dc59e4866f00c14603","revision_id":"osm-2026-08-29-v1","source_class":"VGI","source_feature_id":"node/11738078384","source_id":"openstreetmap-overpass-arashiyama-20260829","source_sha256":"1cde93d68bebf633989e825cbd5ac1e772cee81508043f44beb311250a1e8013","stable_feature_id":"kyoto-arashiyama:osm-node-011738078384","topology_status":"CANDIDATE"},"type":"Feature"},{"geometry":{"coordinates":[135.6774466,35.0150867],"type":"Point"},"id":"kyoto-arashiyama:osm-node-011893490639","properties":{"data_class":"REAL","geometry_status":"SOURCE_TRACEABLE_REAL","lineage":["OpenStreetMap original node ID and coordinate","fixed-time bounded Overpass response retained as exact bytes","node retained because it is an endpoint of a retained candidate segment"],"node_id":"kyoto-arashiyama:osm-node-011893490639","retrieval_query_sha256":"b5c52b3ea7542261159b5764956aa9662673c0422b3509dc59e4866f00c14603","revision_id":"osm-2026-08-29-v1","source_class":"VGI","source_feature_id":"node/11893490639","source_id":"openstreetmap-overpass-arashiyama-20260829","source_sha256":"1cde93d68bebf633989e825cbd5ac1e772cee81508043f44beb311250a1e8013","stable_feature_id":"kyoto-arashiyama:osm-node-011893490639","topology_status":"CANDIDATE"},"type":"Feature"},{"geometry":{"coordinates":[135.6774331,35.0151284],"type":"Point"},"id":"kyoto-arashiyama:osm-node-011893490640","properties":{"data_class":"REAL","geometry_status":"SOURCE_TRACEABLE_REAL","lineage":["OpenStreetMap original node ID and coordinate","fixed-time bounded Overpass response retained as exact bytes","node retained because it is an endpoint of a retained candidate segment"],"node_id":"kyoto-arashiyama:osm-node-011893490640","retrieval_query_sha256":"b5c52b3ea7542261159b5764956aa9662673c0422b3509dc59e4866f00c14603","revision_id":"osm-2026-08-29-v1","source_class":"VGI","source_feature_id":"node/11893490640","source_id":"openstreetmap-overpass-arashiyama-20260829","source_sha256":"1cde93d68bebf633989e825cbd5ac1e772cee81508043f44beb311250a1e8013","stable_feature_id":"kyoto-arashiyama:osm-node-011893490640","topology_status":"CANDIDATE"},"type":"Feature"},{"geometry":{"coordinates":[135.6778386,35.0151927],"type":"Point"},"id":"kyoto-arashiyama:osm-node-011893490645","properties":{"data_class":"REAL","geometry_status":"SOURCE_TRACEABLE_REAL","lineage":["OpenStreetMap original node ID and coordinate","fixed-time bounded Overpass response retained as exact bytes","node retained because it is an endpoint of a retained candidate segment"],"node_id":"kyoto-arashiyama:osm-node-011893490645","retrieval_query_sha256":"b5c52b3ea7542261159b5764956aa9662673c0422b3509dc59e4866f00c14603","revision_id":"osm-2026-08-29-v1","source_class":"VGI","source_feature_id":"node/11893490645","source_id":"openstreetmap-overpass-arashiyama-20260829","source_sha256":"1cde93d68bebf633989e825cbd5ac1e772cee81508043f44beb311250a1e8013","stable_feature_id":"kyoto-arashiyama:osm-node-011893490645","topology_status":"CANDIDATE"},"type":"Feature"},{"geometry":{"coordinates":[135.6775881,35.0151241],"type":"Point"},"id":"kyoto-arashiyama:osm-node-011893490646","properties":{"data_class":"REAL","geometry_status":"SOURCE_TRACEABLE_REAL","lineage":["OpenStreetMap original node ID and coordinate","fixed-time bounded Overpass response retained as exact bytes","node retained because it is an endpoint of a retained candidate segment"],"node_id":"kyoto-arashiyama:osm-node-011893490646","retrieval_query_sha256":"b5c52b3ea7542261159b5764956aa9662673c0422b3509dc59e4866f00c14603","revision_id":"osm-2026-08-29-v1","source_class":"VGI","source_feature_id":"node/11893490646","source_id":"openstreetmap-overpass-arashiyama-20260829","source_sha256":"1cde93d68bebf633989e825cbd5ac1e772cee81508043f44beb311250a1e8013","stable_feature_id":"kyoto-arashiyama:osm-node-011893490646","topology_status":"CANDIDATE"},"type":"Feature"},{"geometry":{"coordinates":[135.6778222,35.0152364],"type":"Point"},"id":"kyoto-arashiyama:osm-node-011893490647","properties":{"data_class":"REAL","geometry_status":"SOURCE_TRACEABLE_REAL","lineage":["OpenStreetMap original node ID and coordinate","fixed-time bounded Overpass response retained as exact bytes","node retained because it is an endpoint of a retained candidate segment"],"node_id":"kyoto-arashiyama:osm-node-011893490647","retrieval_query_sha256":"b5c52b3ea7542261159b5764956aa9662673c0422b3509dc59e4866f00c14603","revision_id":"osm-2026-08-29-v1","source_class":"VGI","source_feature_id":"node/11893490647","source_id":"openstreetmap-overpass-arashiyama-20260829","source_sha256":"1cde93d68bebf633989e825cbd5ac1e772cee81508043f44beb311250a1e8013","stable_feature_id":"kyoto-arashiyama:osm-node-011893490647","topology_status":"CANDIDATE"},"type":"Feature"},{"geometry":{"coordinates":[135.6775727,35.015165],"type":"Point"},"id":"kyoto-arashiyama:osm-node-011893490648","properties":{"data_class":"REAL","geometry_status":"SOURCE_TRACEABLE_REAL","lineage":["OpenStreetMap original node ID and coordinate","fixed-time bounded Overpass response retained as exact bytes","node retained because it is an endpoint of a retained candidate segment"],"node_id":"kyoto-arashiyama:osm-node-011893490648","retrieval_query_sha256":"b5c52b3ea7542261159b5764956aa9662673c0422b3509dc59e4866f00c14603","revision_id":"osm-2026-08-29-v1","source_class":"VGI","source_feature_id":"node/11893490648","source_id":"openstreetmap-overpass-arashiyama-20260829","source_sha256":"1cde93d68bebf633989e825cbd5ac1e772cee81508043f44beb311250a1e8013","stable_feature_id":"kyoto-arashiyama:osm-node-011893490648","topology_status":"CANDIDATE"},"type":"Feature"},{"geometry":{"coordinates":[135.6778707,35.0151072],"type":"Point"},"id":"kyoto-arashiyama:osm-node-011893490649","properties":{"data_class":"REAL","geometry_status":"SOURCE_TRACEABLE_REAL","lineage":["OpenStreetMap original node ID and coordinate","fixed-time bounded Overpass response retained as exact bytes","node retained because it is an endpoint of a retained candidate segment"],"node_id":"kyoto-arashiyama:osm-node-011893490649","retrieval_query_sha256":"b5c52b3ea7542261159b5764956aa9662673c0422b3509dc59e4866f00c14603","revision_id":"osm-2026-08-29-v1","source_class":"VGI","source_feature_id":"node/11893490649","source_id":"openstreetmap-overpass-arashiyama-20260829","source_sha256":"1cde93d68bebf633989e825cbd5ac1e772cee81508043f44beb311250a1e8013","stable_feature_id":"kyoto-arashiyama:osm-node-011893490649","topology_status":"CANDIDATE"},"type":"Feature"},{"geometry":{"coordinates":[135.6778553,35.0151482],"type":"Point"},"id":"kyoto-arashiyama:osm-node-011893490650","properties":{"data_class":"REAL","geometry_status":"SOURCE_TRACEABLE_REAL","lineage":["OpenStreetMap original node ID and coordinate","fixed-time bounded Overpass response retained as exact bytes","node retained because it is an endpoint of a retained candidate segment"],"node_id":"kyoto-arashiyama:osm-node-011893490650","retrieval_query_sha256":"b5c52b3ea7542261159b5764956aa9662673c0422b3509dc59e4866f00c14603","revision_id":"osm-2026-08-29-v1","source_class":"VGI","source_feature_id":"node/11893490650","source_id":"openstreetmap-overpass-arashiyama-20260829","source_sha256":"1cde93d68bebf633989e825cbd5ac1e772cee81508043f44beb311250a1e8013","stable_feature_id":"kyoto-arashiyama:osm-node-011893490650","topology_status":"CANDIDATE"},"type":"Feature"},{"geometry":{"coordinates":[135.6797057,35.0104384],"type":"Point"},"id":"kyoto-arashiyama:osm-node-012783555040","properties":{"data_class":"REAL","geometry_status":"SOURCE_TRACEABLE_REAL","lineage":["OpenStreetMap original node ID and coordinate","fixed-time bounded Overpass response retained as exact bytes","node retained because it is an endpoint of a retained candidate segment"],"node_id":"kyoto-arashiyama:osm-node-012783555040","retrieval_query_sha256":"b5c52b3ea7542261159b5764956aa9662673c0422b3509dc59e4866f00c14603","revision_id":"osm-2026-08-29-v1","source_class":"VGI","source_feature_id":"node/12783555040","source_id":"openstreetmap-overpass-arashiyama-20260829","source_sha256":"1cde93d68bebf633989e825cbd5ac1e772cee81508043f44beb311250a1e8013","stable_feature_id":"kyoto-arashiyama:osm-node-012783555040","topology_status":"CANDIDATE"},"type":"Feature"},{"geometry":{"coordinates":[135.6789326,35.0108025],"type":"Point"},"id":"kyoto-arashiyama:osm-node-012783555041","properties":{"data_class":"REAL","geometry_status":"SOURCE_TRACEABLE_REAL","lineage":["OpenStreetMap original node ID and coordinate","fixed-time bounded Overpass response retained as exact bytes","node retained because it is an endpoint of a retained candidate segment"],"node_id":"kyoto-arashiyama:osm-node-012783555041","retrieval_query_sha256":"b5c52b3ea7542261159b5764956aa9662673c0422b3509dc59e4866f00c14603","revision_id":"osm-2026-08-29-v1","source_class":"VGI","source_feature_id":"node/12783555041","source_id":"openstreetmap-overpass-arashiyama-20260829","source_sha256":"1cde93d68bebf633989e825cbd5ac1e772cee81508043f44beb311250a1e8013","stable_feature_id":"kyoto-arashiyama:osm-node-012783555041","topology_status":"CANDIDATE"},"type":"Feature"},{"geometry":{"coordinates":[135.6786139,35.011022],"type":"Point"},"id":"kyoto-arashiyama:osm-node-012783555042","properties":{"data_class":"REAL","geometry_status":"SOURCE_TRACEABLE_REAL","lineage":["OpenStreetMap original node ID and coordinate","fixed-time bounded Overpass response retained as exact bytes","node retained because it is an endpoint of a retained candidate segment"],"node_id":"kyoto-arashiyama:osm-node-012783555042","retrieval_query_sha256":"b5c52b3ea7542261159b5764956aa9662673c0422b3509dc59e4866f00c14603","revision_id":"osm-2026-08-29-v1","source_class":"VGI","source_feature_id":"node/12783555042","source_id":"openstreetmap-overpass-arashiyama-20260829","source_sha256":"1cde93d68bebf633989e825cbd5ac1e772cee81508043f44beb311250a1e8013","stable_feature_id":"kyoto-arashiyama:osm-node-012783555042","topology_status":"CANDIDATE"},"type":"Feature"},{"geometry":{"coordinates":[135.6785825,35.0110026],"type":"Point"},"id":"kyoto-arashiyama:osm-node-012783555043","properties":{"data_class":"REAL","geometry_status":"SOURCE_TRACEABLE_REAL","lineage":["OpenStreetMap original node ID and coordinate","fixed-time bounded Overpass response retained as exact bytes","node retained because it is an endpoint of a retained candidate segment"],"node_id":"kyoto-arashiyama:osm-node-012783555043","retrieval_query_sha256":"b5c52b3ea7542261159b5764956aa9662673c0422b3509dc59e4866f00c14603","revision_id":"osm-2026-08-29-v1","source_class":"VGI","source_feature_id":"node/12783555043","source_id":"openstreetmap-overpass-arashiyama-20260829","source_sha256":"1cde93d68bebf633989e825cbd5ac1e772cee81508043f44beb311250a1e8013","stable_feature_id":"kyoto-arashiyama:osm-node-012783555043","topology_status":"CANDIDATE"},"type":"Feature"},{"geometry":{"coordinates":[135.678421,35.0110959],"type":"Point"},"id":"kyoto-arashiyama:osm-node-012783555044","properties":{"data_class":"REAL","geometry_status":"SOURCE_TRACEABLE_REAL","lineage":["OpenStreetMap original node ID and coordinate","fixed-time bounded Overpass response retained as exact bytes","node retained because it is an endpoint of a retained candidate segment"],"node_id":"kyoto-arashiyama:osm-node-012783555044","retrieval_query_sha256":"b5c52b3ea7542261159b5764956aa9662673c0422b3509dc59e4866f00c14603","revision_id":"osm-2026-08-29-v1","source_class":"VGI","source_feature_id":"node/12783555044","source_id":"openstreetmap-overpass-arashiyama-20260829","source_sha256":"1cde93d68bebf633989e825cbd5ac1e772cee81508043f44beb311250a1e8013","stable_feature_id":"kyoto-arashiyama:osm-node-012783555044","topology_status":"CANDIDATE"},"type":"Feature"},{"geometry":{"coordinates":[135.6783761,35.0111287],"type":"Point"},"id":"kyoto-arashiyama:osm-node-012783555045","properties":{"data_class":"REAL","geometry_status":"SOURCE_TRACEABLE_REAL","lineage":["OpenStreetMap original node ID and coordinate","fixed-time bounded Overpass response retained as exact bytes","node retained because it is an endpoint of a retained candidate segment"],"node_id":"kyoto-arashiyama:osm-node-012783555045","retrieval_query_sha256":"b5c52b3ea7542261159b5764956aa9662673c0422b3509dc59e4866f00c14603","revision_id":"osm-2026-08-29-v1","source_class":"VGI","source_feature_id":"node/12783555045","source_id":"openstreetmap-overpass-arashiyama-20260829","source_sha256":"1cde93d68bebf633989e825cbd5ac1e772cee81508043f44beb311250a1e8013","stable_feature_id":"kyoto-arashiyama:osm-node-012783555045","topology_status":"CANDIDATE"},"type":"Feature"},{"geometry":{"coordinates":[135.6796475,35.0104533],"type":"Point"},"id":"kyoto-arashiyama:osm-node-012783555046","properties":{"data_class":"REAL","geometry_status":"SOURCE_TRACEABLE_REAL","lineage":["OpenStreetMap original node ID and coordinate","fixed-time bounded Overpass response retained as exact bytes","node retained because it is an endpoint of a retained candidate segment"],"node_id":"kyoto-arashiyama:osm-node-012783555046","retrieval_query_sha256":"b5c52b3ea7542261159b5764956aa9662673c0422b3509dc59e4866f00c14603","revision_id":"osm-2026-08-29-v1","source_class":"VGI","source_feature_id":"node/12783555046","source_id":"openstreetmap-overpass-arashiyama-20260829","source_sha256":"1cde93d68bebf633989e825cbd5ac1e772cee81508043f44beb311250a1e8013","stable_feature_id":"kyoto-arashiyama:osm-node-012783555046","topology_status":"CANDIDATE"},"type":"Feature"},{"geometry":{"coordinates":[135.6796734,35.0104428],"type":"Point"},"id":"kyoto-arashiyama:osm-node-012783555047","properties":{"data_class":"REAL","geometry_status":"SOURCE_TRACEABLE_REAL","lineage":["OpenStreetMap original node ID and coordinate","fixed-time bounded Overpass response retained as exact bytes","node retained because it is an endpoint of a retained candidate segment"],"node_id":"kyoto-arashiyama:osm-node-012783555047","retrieval_query_sha256":"b5c52b3ea7542261159b5764956aa9662673c0422b3509dc59e4866f00c14603","revision_id":"osm-2026-08-29-v1","source_class":"VGI","source_feature_id":"node/12783555047","source_id":"openstreetmap-overpass-arashiyama-20260829","source_sha256":"1cde93d68bebf633989e825cbd5ac1e772cee81508043f44beb311250a1e8013","stable_feature_id":"kyoto-arashiyama:osm-node-012783555047","topology_status":"CANDIDATE"},"type":"Feature"},{"geometry":{"coordinates":[135.6789348,35.0107375],"type":"Point"},"id":"kyoto-arashiyama:osm-node-012783555048","properties":{"data_class":"REAL","geometry_status":"SOURCE_TRACEABLE_REAL","lineage":["OpenStreetMap original node ID and coordinate","fixed-time bounded Overpass response retained as exact bytes","node retained because it is an endpoint of a retained candidate segment"],"node_id":"kyoto-arashiyama:osm-node-012783555048","retrieval_query_sha256":"b5c52b3ea7542261159b5764956aa9662673c0422b3509dc59e4866f00c14603","revision_id":"osm-2026-08-29-v1","source_class":"VGI","source_feature_id":"node/12783555048","source_id":"openstreetmap-overpass-arashiyama-20260829","source_sha256":"1cde93d68bebf633989e825cbd5ac1e772cee81508043f44beb311250a1e8013","stable_feature_id":"kyoto-arashiyama:osm-node-012783555048","topology_status":"CANDIDATE"},"type":"Feature"},{"geometry":{"coordinates":[135.678268,35.0105767],"type":"Point"},"id":"kyoto-arashiyama:osm-node-012783555049","properties":{"data_class":"REAL","geometry_status":"SOURCE_TRACEABLE_REAL","lineage":["OpenStreetMap original node ID and coordinate","fixed-time bounded Overpass response retained as exact bytes","node retained because it is an endpoint of a retained candidate segment"],"node_id":"kyoto-arashiyama:osm-node-012783555049","retrieval_query_sha256":"b5c52b3ea7542261159b5764956aa9662673c0422b3509dc59e4866f00c14603","revision_id":"osm-2026-08-29-v1","source_class":"VGI","source_feature_id":"node/12783555049","source_id":"openstreetmap-overpass-arashiyama-20260829","source_sha256":"1cde93d68bebf633989e825cbd5ac1e772cee81508043f44beb311250a1e8013","stable_feature_id":"kyoto-arashiyama:osm-node-012783555049","topology_status":"CANDIDATE"},"type":"Feature"},{"geometry":{"coordinates":[135.6789659,35.0107785],"type":"Point"},"id":"kyoto-arashiyama:osm-node-012783555050","properties":{"data_class":"REAL","geometry_status":"SOURCE_TRACEABLE_REAL","lineage":["OpenStreetMap original node ID and coordinate","fixed-time bounded Overpass response retained as exact bytes","node retained because it is an endpoint of a retained candidate segment"],"node_id":"kyoto-arashiyama:osm-node-012783555050","retrieval_query_sha256":"b5c52b3ea7542261159b5764956aa9662673c0422b3509dc59e4866f00c14603","revision_id":"osm-2026-08-29-v1","source_class":"VGI","source_feature_id":"node/12783555050","source_id":"openstreetmap-overpass-arashiyama-20260829","source_sha256":"1cde93d68bebf633989e825cbd5ac1e772cee81508043f44beb311250a1e8013","stable_feature_id":"kyoto-arashiyama:osm-node-012783555050","topology_status":"CANDIDATE"},"type":"Feature"},{"geometry":{"coordinates":[135.6801578,35.0116004],"type":"Point"},"id":"kyoto-arashiyama:osm-node-012925548231","properties":{"data_class":"REAL","geometry_status":"SOURCE_TRACEABLE_REAL","lineage":["OpenStreetMap original node ID and coordinate","fixed-time bounded Overpass response retained as exact bytes","node retained because it is an endpoint of a retained candidate segment"],"node_id":"kyoto-arashiyama:osm-node-012925548231","retrieval_query_sha256":"b5c52b3ea7542261159b5764956aa9662673c0422b3509dc59e4866f00c14603","revision_id":"osm-2026-08-29-v1","source_class":"VGI","source_feature_id":"node/12925548231","source_id":"openstreetmap-overpass-arashiyama-20260829","source_sha256":"1cde93d68bebf633989e825cbd5ac1e772cee81508043f44beb311250a1e8013","stable_feature_id":"kyoto-arashiyama:osm-node-012925548231","topology_status":"CANDIDATE"},"type":"Feature"},{"geometry":{"coordinates":[135.6800955,35.011721],"type":"Point"},"id":"kyoto-arashiyama:osm-node-012925548232","properties":{"data_class":"REAL","geometry_status":"SOURCE_TRACEABLE_REAL","lineage":["OpenStreetMap original node ID and coordinate","fixed-time bounded Overpass response retained as exact bytes","node retained because it is an endpoint of a retained candidate segment"],"node_id":"kyoto-arashiyama:osm-node-012925548232","retrieval_query_sha256":"b5c52b3ea7542261159b5764956aa9662673c0422b3509dc59e4866f00c14603","revision_id":"osm-2026-08-29-v1","source_class":"VGI","source_feature_id":"node/12925548232","source_id":"openstreetmap-overpass-arashiyama-20260829","source_sha256":"1cde93d68bebf633989e825cbd5ac1e772cee81508043f44beb311250a1e8013","stable_feature_id":"kyoto-arashiyama:osm-node-012925548232","topology_status":"CANDIDATE"},"type":"Feature"},{"geometry":{"coordinates":[135.6797947,35.0116265],"type":"Point"},"id":"kyoto-arashiyama:osm-node-012925548233","properties":{"data_class":"REAL","geometry_status":"SOURCE_TRACEABLE_REAL","lineage":["OpenStreetMap original node ID and coordinate","fixed-time bounded Overpass response retained as exact bytes","node retained because it is an endpoint of a retained candidate segment"],"node_id":"kyoto-arashiyama:osm-node-012925548233","retrieval_query_sha256":"b5c52b3ea7542261159b5764956aa9662673c0422b3509dc59e4866f00c14603","revision_id":"osm-2026-08-29-v1","source_class":"VGI","source_feature_id":"node/12925548233","source_id":"openstreetmap-overpass-arashiyama-20260829","source_sha256":"1cde93d68bebf633989e825cbd5ac1e772cee81508043f44beb311250a1e8013","stable_feature_id":"kyoto-arashiyama:osm-node-012925548233","topology_status":"CANDIDATE"},"type":"Feature"},{"geometry":{"coordinates":[135.6797048,35.011521],"type":"Point"},"id":"kyoto-arashiyama:osm-node-012925548234","properties":{"data_class":"REAL","geometry_status":"SOURCE_TRACEABLE_REAL","lineage":["OpenStreetMap original node ID and coordinate","fixed-time bounded Overpass response retained as exact bytes","node retained because it is an endpoint of a retained candidate segment"],"node_id":"kyoto-arashiyama:osm-node-012925548234","retrieval_query_sha256":"b5c52b3ea7542261159b5764956aa9662673c0422b3509dc59e4866f00c14603","revision_id":"osm-2026-08-29-v1","source_class":"VGI","source_feature_id":"node/12925548234","source_id":"openstreetmap-overpass-arashiyama-20260829","source_sha256":"1cde93d68bebf633989e825cbd5ac1e772cee81508043f44beb311250a1e8013","stable_feature_id":"kyoto-arashiyama:osm-node-012925548234","topology_status":"CANDIDATE"},"type":"Feature"},{"geometry":{"coordinates":[135.6800969,35.011514],"type":"Point"},"id":"kyoto-arashiyama:osm-node-012925548235","properties":{"data_class":"REAL","geometry_status":"SOURCE_TRACEABLE_REAL","lineage":["OpenStreetMap original node ID and coordinate","fixed-time bounded Overpass response retained as exact bytes","node retained because it is an endpoint of a retained candidate segment"],"node_id":"kyoto-arashiyama:osm-node-012925548235","retrieval_query_sha256":"b5c52b3ea7542261159b5764956aa9662673c0422b3509dc59e4866f00c14603","revision_id":"osm-2026-08-29-v1","source_class":"VGI","source_feature_id":"node/12925548235","source_id":"openstreetmap-overpass-arashiyama-20260829","source_sha256":"1cde93d68bebf633989e825cbd5ac1e772cee81508043f44beb311250a1e8013","stable_feature_id":"kyoto-arashiyama:osm-node-012925548235","topology_status":"CANDIDATE"},"type":"Feature"},{"geometry":{"coordinates":[135.6800608,35.0115784],"type":"Point"},"id":"kyoto-arashiyama:osm-node-012925548236","properties":{"data_class":"REAL","geometry_status":"SOURCE_TRACEABLE_REAL","lineage":["OpenStreetMap original node ID and coordinate","fixed-time bounded Overpass response retained as exact bytes","node retained because it is an endpoint of a retained candidate segment"],"node_id":"kyoto-arashiyama:osm-node-012925548236","retrieval_query_sha256":"b5c52b3ea7542261159b5764956aa9662673c0422b3509dc59e4866f00c14603","revision_id":"osm-2026-08-29-v1","source_class":"VGI","source_feature_id":"node/12925548236","source_id":"openstreetmap-overpass-arashiyama-20260829","source_sha256":"1cde93d68bebf633989e825cbd5ac1e772cee81508043f44beb311250a1e8013","stable_feature_id":"kyoto-arashiyama:osm-node-012925548236","topology_status":"CANDIDATE"},"type":"Feature"},{"geometry":{"coordinates":[135.6801845,35.0116094],"type":"Point"},"id":"kyoto-arashiyama:osm-node-012925548237","properties":{"data_class":"REAL","geometry_status":"SOURCE_TRACEABLE_REAL","lineage":["OpenStreetMap original node ID and coordinate","fixed-time bounded Overpass response retained as exact bytes","node retained because it is an endpoint of a retained candidate segment"],"node_id":"kyoto-arashiyama:osm-node-012925548237","retrieval_query_sha256":"b5c52b3ea7542261159b5764956aa9662673c0422b3509dc59e4866f00c14603","revision_id":"osm-2026-08-29-v1","source_class":"VGI","source_feature_id":"node/12925548237","source_id":"openstreetmap-overpass-arashiyama-20260829","source_sha256":"1cde93d68bebf633989e825cbd5ac1e772cee81508043f44beb311250a1e8013","stable_feature_id":"kyoto-arashiyama:osm-node-012925548237","topology_status":"CANDIDATE"},"type":"Feature"},{"geometry":{"coordinates":[135.6801624,35.0116508],"type":"Point"},"id":"kyoto-arashiyama:osm-node-012925548238","properties":{"data_class":"REAL","geometry_status":"SOURCE_TRACEABLE_REAL","lineage":["OpenStreetMap original node ID and coordinate","fixed-time bounded Overpass response retained as exact bytes","node retained because it is an endpoint of a retained candidate segment"],"node_id":"kyoto-arashiyama:osm-node-012925548238","retrieval_query_sha256":"b5c52b3ea7542261159b5764956aa9662673c0422b3509dc59e4866f00c14603","revision_id":"osm-2026-08-29-v1","source_class":"VGI","source_feature_id":"node/12925548238","source_id":"openstreetmap-overpass-arashiyama-20260829","source_sha256":"1cde93d68bebf633989e825cbd5ac1e772cee81508043f44beb311250a1e8013","stable_feature_id":"kyoto-arashiyama:osm-node-012925548238","topology_status":"CANDIDATE"},"type":"Feature"},{"geometry":{"coordinates":[135.6801366,35.0116409],"type":"Point"},"id":"kyoto-arashiyama:osm-node-012925548239","properties":{"data_class":"REAL","geometry_status":"SOURCE_TRACEABLE_REAL","lineage":["OpenStreetMap original node ID and coordinate","fixed-time bounded Overpass response retained as exact bytes","node retained because it is an endpoint of a retained candidate segment"],"node_id":"kyoto-arashiyama:osm-node-012925548239","retrieval_query_sha256":"b5c52b3ea7542261159b5764956aa9662673c0422b3509dc59e4866f00c14603","revision_id":"osm-2026-08-29-v1","source_class":"VGI","source_feature_id":"node/12925548239","source_id":"openstreetmap-overpass-arashiyama-20260829","source_sha256":"1cde93d68bebf633989e825cbd5ac1e772cee81508043f44beb311250a1e8013","stable_feature_id":"kyoto-arashiyama:osm-node-012925548239","topology_status":"CANDIDATE"},"type":"Feature"},{"geometry":{"coordinates":[135.6800444,35.011821],"type":"Point"},"id":"kyoto-arashiyama:osm-node-012925548240","properties":{"data_class":"REAL","geometry_status":"SOURCE_TRACEABLE_REAL","lineage":["OpenStreetMap original node ID and coordinate","fixed-time bounded Overpass response retained as exact bytes","node retained because it is an endpoint of a retained candidate segment"],"node_id":"kyoto-arashiyama:osm-node-012925548240","retrieval_query_sha256":"b5c52b3ea7542261159b5764956aa9662673c0422b3509dc59e4866f00c14603","revision_id":"osm-2026-08-29-v1","source_class":"VGI","source_feature_id":"node/12925548240","source_id":"openstreetmap-overpass-arashiyama-20260829","source_sha256":"1cde93d68bebf633989e825cbd5ac1e772cee81508043f44beb311250a1e8013","stable_feature_id":"kyoto-arashiyama:osm-node-012925548240","topology_status":"CANDIDATE"},"type":"Feature"},{"geometry":{"coordinates":[135.6801097,35.0116936],"type":"Point"},"id":"kyoto-arashiyama:osm-node-012925548241","properties":{"data_class":"REAL","geometry_status":"SOURCE_TRACEABLE_REAL","lineage":["OpenStreetMap original node ID and coordinate","fixed-time bounded Overpass response retained as exact bytes","node retained because it is an endpoint of a retained candidate segment"],"node_id":"kyoto-arashiyama:osm-node-012925548241","retrieval_query_sha256":"b5c52b3ea7542261159b5764956aa9662673c0422b3509dc59e4866f00c14603","revision_id":"osm-2026-08-29-v1","source_class":"VGI","source_feature_id":"node/12925548241","source_id":"openstreetmap-overpass-arashiyama-20260829","source_sha256":"1cde93d68bebf633989e825cbd5ac1e772cee81508043f44beb311250a1e8013","stable_feature_id":"kyoto-arashiyama:osm-node-012925548241","topology_status":"CANDIDATE"},"type":"Feature"},{"geometry":{"coordinates":[135.6801216,35.0116705],"type":"Point"},"id":"kyoto-arashiyama:osm-node-012925548242","properties":{"data_class":"REAL","geometry_status":"SOURCE_TRACEABLE_REAL","lineage":["OpenStreetMap original node ID and coordinate","fixed-time bounded Overpass response retained as exact bytes","node retained because it is an endpoint of a retained candidate segment"],"node_id":"kyoto-arashiyama:osm-node-012925548242","retrieval_query_sha256":"b5c52b3ea7542261159b5764956aa9662673c0422b3509dc59e4866f00c14603","revision_id":"osm-2026-08-29-v1","source_class":"VGI","source_feature_id":"node/12925548242","source_id":"openstreetmap-overpass-arashiyama-20260829","source_sha256":"1cde93d68bebf633989e825cbd5ac1e772cee81508043f44beb311250a1e8013","stable_feature_id":"kyoto-arashiyama:osm-node-012925548242","topology_status":"CANDIDATE"},"type":"Feature"},{"geometry":{"coordinates":[135.6788002,35.0106279],"type":"Point"},"id":"kyoto-arashiyama:osm-node-013019086939","properties":{"data_class":"REAL","geometry_status":"SOURCE_TRACEABLE_REAL","lineage":["OpenStreetMap original node ID and coordinate","fixed-time bounded Overpass response retained as exact bytes","node retained because it is an endpoint of a retained candidate segment"],"node_id":"kyoto-arashiyama:osm-node-013019086939","retrieval_query_sha256":"b5c52b3ea7542261159b5764956aa9662673c0422b3509dc59e4866f00c14603","revision_id":"osm-2026-08-29-v1","source_class":"VGI","source_feature_id":"node/13019086939","source_id":"openstreetmap-overpass-arashiyama-20260829","source_sha256":"1cde93d68bebf633989e825cbd5ac1e772cee81508043f44beb311250a1e8013","stable_feature_id":"kyoto-arashiyama:osm-node-013019086939","topology_status":"CANDIDATE"},"type":"Feature"},{"geometry":{"coordinates":[135.6784433,35.0107108],"type":"Point"},"id":"kyoto-arashiyama:osm-node-013019086940","properties":{"data_class":"REAL","geometry_status":"SOURCE_TRACEABLE_REAL","lineage":["OpenStreetMap original node ID and coordinate","fixed-time bounded Overpass response retained as exact bytes","node retained because it is an endpoint of a retained candidate segment"],"node_id":"kyoto-arashiyama:osm-node-013019086940","retrieval_query_sha256":"b5c52b3ea7542261159b5764956aa9662673c0422b3509dc59e4866f00c14603","revision_id":"osm-2026-08-29-v1","source_class":"VGI","source_feature_id":"node/13019086940","source_id":"openstreetmap-overpass-arashiyama-20260829","source_sha256":"1cde93d68bebf633989e825cbd5ac1e772cee81508043f44beb311250a1e8013","stable_feature_id":"kyoto-arashiyama:osm-node-013019086940","topology_status":"CANDIDATE"},"type":"Feature"},{"geometry":{"coordinates":[135.6786558,35.0105514],"type":"Point"},"id":"kyoto-arashiyama:osm-node-013019086941","properties":{"data_class":"REAL","geometry_status":"SOURCE_TRACEABLE_REAL","lineage":["OpenStreetMap original node ID and coordinate","fixed-time bounded Overpass response retained as exact bytes","node retained because it is an endpoint of a retained candidate segment"],"node_id":"kyoto-arashiyama:osm-node-013019086941","retrieval_query_sha256":"b5c52b3ea7542261159b5764956aa9662673c0422b3509dc59e4866f00c14603","revision_id":"osm-2026-08-29-v1","source_class":"VGI","source_feature_id":"node/13019086941","source_id":"openstreetmap-overpass-arashiyama-20260829","source_sha256":"1cde93d68bebf633989e825cbd5ac1e772cee81508043f44beb311250a1e8013","stable_feature_id":"kyoto-arashiyama:osm-node-013019086941","topology_status":"CANDIDATE"},"type":"Feature"},{"geometry":{"coordinates":[135.678682,35.0105523],"type":"Point"},"id":"kyoto-arashiyama:osm-node-013019086942","properties":{"data_class":"REAL","geometry_status":"SOURCE_TRACEABLE_REAL","lineage":["OpenStreetMap original node ID and coordinate","fixed-time bounded Overpass response retained as exact bytes","node retained because it is an endpoint of a retained candidate segment"],"node_id":"kyoto-arashiyama:osm-node-013019086942","retrieval_query_sha256":"b5c52b3ea7542261159b5764956aa9662673c0422b3509dc59e4866f00c14603","revision_id":"osm-2026-08-29-v1","source_class":"VGI","source_feature_id":"node/13019086942","source_id":"openstreetmap-overpass-arashiyama-20260829","source_sha256":"1cde93d68bebf633989e825cbd5ac1e772cee81508043f44beb311250a1e8013","stable_feature_id":"kyoto-arashiyama:osm-node-013019086942","topology_status":"CANDIDATE"},"type":"Feature"},{"geometry":{"coordinates":[135.6786705,35.0105461],"type":"Point"},"id":"kyoto-arashiyama:osm-node-013019086943","properties":{"data_class":"REAL","geometry_status":"SOURCE_TRACEABLE_REAL","lineage":["OpenStreetMap original node ID and coordinate","fixed-time bounded Overpass response retained as exact bytes","node retained because it is an endpoint of a retained candidate segment"],"node_id":"kyoto-arashiyama:osm-node-013019086943","retrieval_query_sha256":"b5c52b3ea7542261159b5764956aa9662673c0422b3509dc59e4866f00c14603","revision_id":"osm-2026-08-29-v1","source_class":"VGI","source_feature_id":"node/13019086943","source_id":"openstreetmap-overpass-arashiyama-20260829","source_sha256":"1cde93d68bebf633989e825cbd5ac1e772cee81508043f44beb311250a1e8013","stable_feature_id":"kyoto-arashiyama:osm-node-013019086943","topology_status":"CANDIDATE"},"type":"Feature"},{"geometry":{"coordinates":[135.6793472,35.0137326],"type":"Point"},"id":"kyoto-arashiyama:osm-node-013805963837","properties":{"data_class":"REAL","geometry_status":"SOURCE_TRACEABLE_REAL","lineage":["OpenStreetMap original node ID and coordinate","fixed-time bounded Overpass response retained as exact bytes","node retained because it is an endpoint of a retained candidate segment"],"node_id":"kyoto-arashiyama:osm-node-013805963837","retrieval_query_sha256":"b5c52b3ea7542261159b5764956aa9662673c0422b3509dc59e4866f00c14603","revision_id":"osm-2026-08-29-v1","source_class":"VGI","source_feature_id":"node/13805963837","source_id":"openstreetmap-overpass-arashiyama-20260829","source_sha256":"1cde93d68bebf633989e825cbd5ac1e772cee81508043f44beb311250a1e8013","stable_feature_id":"kyoto-arashiyama:osm-node-013805963837","topology_status":"CANDIDATE"},"type":"Feature"},{"geometry":{"coordinates":[135.6790113,35.0137123],"type":"Point"},"id":"kyoto-arashiyama:osm-node-014102818766","properties":{"data_class":"REAL","geometry_status":"SOURCE_TRACEABLE_REAL","lineage":["OpenStreetMap original node ID and coordinate","fixed-time bounded Overpass response retained as exact bytes","node retained because it is an endpoint of a retained candidate segment"],"node_id":"kyoto-arashiyama:osm-node-014102818766","retrieval_query_sha256":"b5c52b3ea7542261159b5764956aa9662673c0422b3509dc59e4866f00c14603","revision_id":"osm-2026-08-29-v1","source_class":"VGI","source_feature_id":"node/14102818766","source_id":"openstreetmap-overpass-arashiyama-20260829","source_sha256":"1cde93d68bebf633989e825cbd5ac1e772cee81508043f44beb311250a1e8013","stable_feature_id":"kyoto-arashiyama:osm-node-014102818766","topology_status":"CANDIDATE"},"type":"Feature"},{"geometry":{"coordinates":[135.6789502,35.0144002],"type":"Point"},"id":"kyoto-arashiyama:osm-node-014102818767","properties":{"data_class":"REAL","geometry_status":"SOURCE_TRACEABLE_REAL","lineage":["OpenStreetMap original node ID and coordinate","fixed-time bounded Overpass response retained as exact bytes","node retained because it is an endpoint of a retained candidate segment"],"node_id":"kyoto-arashiyama:osm-node-014102818767","retrieval_query_sha256":"b5c52b3ea7542261159b5764956aa9662673c0422b3509dc59e4866f00c14603","revision_id":"osm-2026-08-29-v1","source_class":"VGI","source_feature_id":"node/14102818767","source_id":"openstreetmap-overpass-arashiyama-20260829","source_sha256":"1cde93d68bebf633989e825cbd5ac1e772cee81508043f44beb311250a1e8013","stable_feature_id":"kyoto-arashiyama:osm-node-014102818767","topology_status":"CANDIDATE"},"type":"Feature"},{"geometry":{"coordinates":[135.678705,35.0143868],"type":"Point"},"id":"kyoto-arashiyama:osm-node-014102818768","properties":{"data_class":"REAL","geometry_status":"SOURCE_TRACEABLE_REAL","lineage":["OpenStreetMap original node ID and coordinate","fixed-time bounded Overpass response retained as exact bytes","node retained because it is an endpoint of a retained candidate segment"],"node_id":"kyoto-arashiyama:osm-node-014102818768","retrieval_query_sha256":"b5c52b3ea7542261159b5764956aa9662673c0422b3509dc59e4866f00c14603","revision_id":"osm-2026-08-29-v1","source_class":"VGI","source_feature_id":"node/14102818768","source_id":"openstreetmap-overpass-arashiyama-20260829","source_sha256":"1cde93d68bebf633989e825cbd5ac1e772cee81508043f44beb311250a1e8013","stable_feature_id":"kyoto-arashiyama:osm-node-014102818768","topology_status":"CANDIDATE"},"type":"Feature"}],"type":"FeatureCollection"}
