{"features":[{"geometry":{"coordinates":[[135.6778518,35.0136547],[135.6779597,35.0136904]],"type":"LineString"},"id":"kyoto-arashiyama:osm-way-000022727319:nodes-000243776548-001215761678","properties":{"artifact_id":"arashiyama-osm-corridor-v1","bridge":"UNKNOWN","bridge_reason":"OSM way has no bridge tag","city_id":"kyoto_arashiyama","data_class":"REAL","geometry_status":"SOURCE_TRACEABLE_REAL","layer":null,"layer_reason":"OSM way has no layer tag","level":null,"level_reason":"OSM way has no level tag","lineage":["OpenStreetMap way and original node IDs","fixed-time bounded Overpass response retained as exact bytes","consecutive source-node segmentation; no crossing-node invention"],"revision_id":"osm-2026-08-29-v1","source_class":"VGI","source_feature_id":"way/22727319#segment/0","source_id":"openstreetmap-overpass-arashiyama-20260829","stable_feature_id":"kyoto-arashiyama:osm-way-000022727319:nodes-000243776548-001215761678","tunnel":"UNKNOWN","tunnel_reason":"OSM way has no tunnel tag"},"type":"Feature"},{"geometry":{"coordinates":[[135.6779597,35.0136904],[135.6779938,35.0136935]],"type":"LineString"},"id":"kyoto-arashiyama:osm-way-000022727319:nodes-001215761678-003255952277","properties":{"artifact_id":"arashiyama-osm-corridor-v1","bridge":"UNKNOWN","bridge_reason":"OSM way has no bridge tag","city_id":"kyoto_arashiyama","data_class":"REAL","geometry_status":"SOURCE_TRACEABLE_REAL","layer":null,"layer_reason":"OSM way has no layer tag","level":null,"level_reason":"OSM way has no level tag","lineage":["OpenStreetMap way and original node IDs","fixed-time bounded Overpass response retained as exact bytes","consecutive source-node segmentation; no crossing-node invention"],"revision_id":"osm-2026-08-29-v1","source_class":"VGI","source_feature_id":"way/22727319#segment/1","source_id":"openstreetmap-overpass-arashiyama-20260829","stable_feature_id":"kyoto-arashiyama:osm-way-000022727319:nodes-001215761678-003255952277","tunnel":"UNKNOWN","tunnel_reason":"OSM way has no tunnel tag"},"type":"Feature"},{"geometry":{"coordinates":[[135.6779938,35.0136935],[135.6786725,35.0136918]],"type":"LineString"},"id":"kyoto-arashiyama:osm-way-000022727319:nodes-003255952277-003832838076","properties":{"artifact_id":"arashiyama-osm-corridor-v1","bridge":"UNKNOWN","bridge_reason":"OSM way has no bridge tag","city_id":"kyoto_arashiyama","data_class":"REAL","geometry_status":"SOURCE_TRACEABLE_REAL","layer":null,"layer_reason":"OSM way has no layer tag","level":null,"level_reason":"OSM way has no level tag","lineage":["OpenStreetMap way and original node IDs","fixed-time bounded Overpass response retained as exact bytes","consecutive source-node segmentation; no crossing-node invention"],"revision_id":"osm-2026-08-29-v1","source_class":"VGI","source_feature_id":"way/22727319#segment/2","source_id":"openstreetmap-overpass-arashiyama-20260829","stable_feature_id":"kyoto-arashiyama:osm-way-000022727319:nodes-003255952277-003832838076","tunnel":"UNKNOWN","tunnel_reason":"OSM way has no tunnel tag"},"type":"Feature"},{"geometry":{"coordinates":[[135.6786725,35.0136918],[135.6790113,35.0137123]],"type":"LineString"},"id":"kyoto-arashiyama:osm-way-000022727319:nodes-003832838076-014102818766","properties":{"artifact_id":"arashiyama-osm-corridor-v1","bridge":"UNKNOWN","bridge_reason":"OSM way has no bridge tag","city_id":"kyoto_arashiyama","data_class":"REAL","geometry_status":"SOURCE_TRACEABLE_REAL","layer":null,"layer_reason":"OSM way has no layer tag","level":null,"level_reason":"OSM way has no level tag","lineage":["OpenStreetMap way and original node IDs","fixed-time bounded Overpass response retained as exact bytes","consecutive source-node segmentation; no crossing-node invention"],"revision_id":"osm-2026-08-29-v1","source_class":"VGI","source_feature_id":"way/22727319#segment/3","source_id":"openstreetmap-overpass-arashiyama-20260829","stable_feature_id":"kyoto-arashiyama:osm-way-000022727319:nodes-003832838076-014102818766","tunnel":"UNKNOWN","tunnel_reason":"OSM way has no tunnel tag"},"type":"Feature"},{"geometry":{"coordinates":[[135.6790113,35.0137123],[135.6793472,35.0137326]],"type":"LineString"},"id":"kyoto-arashiyama:osm-way-000022727319:nodes-013805963837-014102818766","properties":{"artifact_id":"arashiyama-osm-corridor-v1","bridge":"UNKNOWN","bridge_reason":"OSM way has no bridge tag","city_id":"kyoto_arashiyama","data_class":"REAL","geometry_status":"SOURCE_TRACEABLE_REAL","layer":null,"layer_reason":"OSM way has no layer tag","level":null,"level_reason":"OSM way has no level tag","lineage":["OpenStreetMap way and original node IDs","fixed-time bounded Overpass response retained as exact bytes","consecutive source-node segmentation; no crossing-node invention"],"revision_id":"osm-2026-08-29-v1","source_class":"VGI","source_feature_id":"way/22727319#segment/4","source_id":"openstreetmap-overpass-arashiyama-20260829","stable_feature_id":"kyoto-arashiyama:osm-way-000022727319:nodes-013805963837-014102818766","tunnel":"UNKNOWN","tunnel_reason":"OSM way has no tunnel tag"},"type":"Feature"},{"geometry":{"coordinates":[[135.6778466,35.0135551],[135.6776779,35.0121874]],"type":"LineString"},"id":"kyoto-arashiyama:osm-way-000028640677:nodes-000243776546-004280313263","properties":{"artifact_id":"arashiyama-osm-corridor-v1","bridge":true,"bridge_reason":null,"city_id":"kyoto_arashiyama","data_class":"REAL","geometry_status":"SOURCE_TRACEABLE_REAL","layer":1,"layer_reason":null,"level":null,"level_reason":"OSM way has no level tag","lineage":["OpenStreetMap way and original node IDs","fixed-time bounded Overpass response retained as exact bytes","consecutive source-node segmentation; no crossing-node invention"],"revision_id":"osm-2026-08-29-v1","source_class":"VGI","source_feature_id":"way/28640677#segment/0","source_id":"openstreetmap-overpass-arashiyama-20260829","stable_feature_id":"kyoto-arashiyama:osm-way-000028640677:nodes-000243776546-004280313263","tunnel":"UNKNOWN","tunnel_reason":"OSM way has no tunnel tag"},"type":"Feature"},{"geometry":{"coordinates":[[135.6778568,35.0109564],[135.677804,35.0109395]],"type":"LineString"},"id":"kyoto-arashiyama:osm-way-000047584105:nodes-000605405498-003256137075","properties":{"artifact_id":"arashiyama-osm-corridor-v1","bridge":"UNKNOWN","bridge_reason":"OSM way has no bridge tag","city_id":"kyoto_arashiyama","data_class":"REAL","geometry_status":"SOURCE_TRACEABLE_REAL","layer":null,"layer_reason":"OSM way has no layer tag","level":null,"level_reason":"OSM way has no level tag","lineage":["OpenStreetMap way and original node IDs","fixed-time bounded Overpass response retained as exact bytes","consecutive source-node segmentation; no crossing-node invention"],"revision_id":"osm-2026-08-29-v1","source_class":"VGI","source_feature_id":"way/47584105#segment/24","source_id":"openstreetmap-overpass-arashiyama-20260829","stable_feature_id":"kyoto-arashiyama:osm-way-000047584105:nodes-000605405498-003256137075","tunnel":"UNKNOWN","tunnel_reason":"OSM way has no tunnel tag"},"type":"Feature"},{"geometry":{"coordinates":[[135.6798876,35.0114201],[135.6796541,35.0114229]],"type":"LineString"},"id":"kyoto-arashiyama:osm-way-000047584105:nodes-000605405565-011738078383","properties":{"artifact_id":"arashiyama-osm-corridor-v1","bridge":"UNKNOWN","bridge_reason":"OSM way has no bridge tag","city_id":"kyoto_arashiyama","data_class":"REAL","geometry_status":"SOURCE_TRACEABLE_REAL","layer":null,"layer_reason":"OSM way has no layer tag","level":null,"level_reason":"OSM way has no level tag","lineage":["OpenStreetMap way and original node IDs","fixed-time bounded Overpass response retained as exact bytes","consecutive source-node segmentation; no crossing-node invention"],"revision_id":"osm-2026-08-29-v1","source_class":"VGI","source_feature_id":"way/47584105#segment/14","source_id":"openstreetmap-overpass-arashiyama-20260829","stable_feature_id":"kyoto-arashiyama:osm-way-000047584105:nodes-000605405565-011738078383","tunnel":"UNKNOWN","tunnel_reason":"OSM way has no tunnel tag"},"type":"Feature"},{"geometry":{"coordinates":[[135.6800833,35.0114112],[135.6798876,35.0114201]],"type":"LineString"},"id":"kyoto-arashiyama:osm-way-000047584105:nodes-000605405565-011738078384","properties":{"artifact_id":"arashiyama-osm-corridor-v1","bridge":"UNKNOWN","bridge_reason":"OSM way has no bridge tag","city_id":"kyoto_arashiyama","data_class":"REAL","geometry_status":"SOURCE_TRACEABLE_REAL","layer":null,"layer_reason":"OSM way has no layer tag","level":null,"level_reason":"OSM way has no level tag","lineage":["OpenStreetMap way and original node IDs","fixed-time bounded Overpass response retained as exact bytes","consecutive source-node segmentation; no crossing-node invention"],"revision_id":"osm-2026-08-29-v1","source_class":"VGI","source_feature_id":"way/47584105#segment/13","source_id":"openstreetmap-overpass-arashiyama-20260829","stable_feature_id":"kyoto-arashiyama:osm-way-000047584105:nodes-000605405565-011738078384","tunnel":"UNKNOWN","tunnel_reason":"OSM way has no tunnel tag"},"type":"Feature"},{"geometry":{"coordinates":[[135.6795178,35.0114176],[135.6794083,35.0114078]],"type":"LineString"},"id":"kyoto-arashiyama:osm-way-000047584105:nodes-000605405572-011738078382","properties":{"artifact_id":"arashiyama-osm-corridor-v1","bridge":"UNKNOWN","bridge_reason":"OSM way has no bridge tag","city_id":"kyoto_arashiyama","data_class":"REAL","geometry_status":"SOURCE_TRACEABLE_REAL","layer":null,"layer_reason":"OSM way has no layer tag","level":null,"level_reason":"OSM way has no level tag","lineage":["OpenStreetMap way and original node IDs","fixed-time bounded Overpass response retained as exact bytes","consecutive source-node segmentation; no crossing-node invention"],"revision_id":"osm-2026-08-29-v1","source_class":"VGI","source_feature_id":"way/47584105#segment/16","source_id":"openstreetmap-overpass-arashiyama-20260829","stable_feature_id":"kyoto-arashiyama:osm-way-000047584105:nodes-000605405572-011738078382","tunnel":"UNKNOWN","tunnel_reason":"OSM way has no tunnel tag"},"type":"Feature"},{"geometry":{"coordinates":[[135.6796541,35.0114229],[135.6795178,35.0114176]],"type":"LineString"},"id":"kyoto-arashiyama:osm-way-000047584105:nodes-000605405572-011738078383","properties":{"artifact_id":"arashiyama-osm-corridor-v1","bridge":"UNKNOWN","bridge_reason":"OSM way has no bridge tag","city_id":"kyoto_arashiyama","data_class":"REAL","geometry_status":"SOURCE_TRACEABLE_REAL","layer":null,"layer_reason":"OSM way has no layer tag","level":null,"level_reason":"OSM way has no level tag","lineage":["OpenStreetMap way and original node IDs","fixed-time bounded Overpass response retained as exact bytes","consecutive source-node segmentation; no crossing-node invention"],"revision_id":"osm-2026-08-29-v1","source_class":"VGI","source_feature_id":"way/47584105#segment/15","source_id":"openstreetmap-overpass-arashiyama-20260829","stable_feature_id":"kyoto-arashiyama:osm-way-000047584105:nodes-000605405572-011738078383","tunnel":"UNKNOWN","tunnel_reason":"OSM way has no tunnel tag"},"type":"Feature"},{"geometry":{"coordinates":[[135.6791044,35.0113323],[135.6787074,35.0112356]],"type":"LineString"},"id":"kyoto-arashiyama:osm-way-000047584105:nodes-000605405580-000605405585","properties":{"artifact_id":"arashiyama-osm-corridor-v1","bridge":"UNKNOWN","bridge_reason":"OSM way has no bridge tag","city_id":"kyoto_arashiyama","data_class":"REAL","geometry_status":"SOURCE_TRACEABLE_REAL","layer":null,"layer_reason":"OSM way has no layer tag","level":null,"level_reason":"OSM way has no level tag","lineage":["OpenStreetMap way and original node IDs","fixed-time bounded Overpass response retained as exact bytes","consecutive source-node segmentation; no crossing-node invention"],"revision_id":"osm-2026-08-29-v1","source_class":"VGI","source_feature_id":"way/47584105#segment/19","source_id":"openstreetmap-overpass-arashiyama-20260829","stable_feature_id":"kyoto-arashiyama:osm-way-000047584105:nodes-000605405580-000605405585","tunnel":"UNKNOWN","tunnel_reason":"OSM way has no tunnel tag"},"type":"Feature"},{"geometry":{"coordinates":[[135.6793071,35.0113843],[135.6791044,35.0113323]],"type":"LineString"},"id":"kyoto-arashiyama:osm-way-000047584105:nodes-000605405580-011738078381","properties":{"artifact_id":"arashiyama-osm-corridor-v1","bridge":"UNKNOWN","bridge_reason":"OSM way has no bridge tag","city_id":"kyoto_arashiyama","data_class":"REAL","geometry_status":"SOURCE_TRACEABLE_REAL","layer":null,"layer_reason":"OSM way has no layer tag","level":null,"level_reason":"OSM way has no level tag","lineage":["OpenStreetMap way and original node IDs","fixed-time bounded Overpass response retained as exact bytes","consecutive source-node segmentation; no crossing-node invention"],"revision_id":"osm-2026-08-29-v1","source_class":"VGI","source_feature_id":"way/47584105#segment/18","source_id":"openstreetmap-overpass-arashiyama-20260829","stable_feature_id":"kyoto-arashiyama:osm-way-000047584105:nodes-000605405580-011738078381","tunnel":"UNKNOWN","tunnel_reason":"OSM way has no tunnel tag"},"type":"Feature"},{"geometry":{"coordinates":[[135.6787074,35.0112356],[135.6783761,35.0111287]],"type":"LineString"},"id":"kyoto-arashiyama:osm-way-000047584105:nodes-000605405585-012783555045","properties":{"artifact_id":"arashiyama-osm-corridor-v1","bridge":"UNKNOWN","bridge_reason":"OSM way has no bridge tag","city_id":"kyoto_arashiyama","data_class":"REAL","geometry_status":"SOURCE_TRACEABLE_REAL","layer":null,"layer_reason":"OSM way has no layer tag","level":null,"level_reason":"OSM way has no level tag","lineage":["OpenStreetMap way and original node IDs","fixed-time bounded Overpass response retained as exact bytes","consecutive source-node segmentation; no crossing-node invention"],"revision_id":"osm-2026-08-29-v1","source_class":"VGI","source_feature_id":"way/47584105#segment/20","source_id":"openstreetmap-overpass-arashiyama-20260829","stable_feature_id":"kyoto-arashiyama:osm-way-000047584105:nodes-000605405585-012783555045","tunnel":"UNKNOWN","tunnel_reason":"OSM way has no tunnel tag"},"type":"Feature"},{"geometry":{"coordinates":[[135.6783534,35.0111214],[135.6780159,35.0110058]],"type":"LineString"},"id":"kyoto-arashiyama:osm-way-000047584105:nodes-000605405587-000605405589","properties":{"artifact_id":"arashiyama-osm-corridor-v1","bridge":"UNKNOWN","bridge_reason":"OSM way has no bridge tag","city_id":"kyoto_arashiyama","data_class":"REAL","geometry_status":"SOURCE_TRACEABLE_REAL","layer":null,"layer_reason":"OSM way has no layer tag","level":null,"level_reason":"OSM way has no level tag","lineage":["OpenStreetMap way and original node IDs","fixed-time bounded Overpass response retained as exact bytes","consecutive source-node segmentation; no crossing-node invention"],"revision_id":"osm-2026-08-29-v1","source_class":"VGI","source_feature_id":"way/47584105#segment/22","source_id":"openstreetmap-overpass-arashiyama-20260829","stable_feature_id":"kyoto-arashiyama:osm-way-000047584105:nodes-000605405587-000605405589","tunnel":"UNKNOWN","tunnel_reason":"OSM way has no tunnel tag"},"type":"Feature"},{"geometry":{"coordinates":[[135.6783761,35.0111287],[135.6783534,35.0111214]],"type":"LineString"},"id":"kyoto-arashiyama:osm-way-000047584105:nodes-000605405587-012783555045","properties":{"artifact_id":"arashiyama-osm-corridor-v1","bridge":"UNKNOWN","bridge_reason":"OSM way has no bridge tag","city_id":"kyoto_arashiyama","data_class":"REAL","geometry_status":"SOURCE_TRACEABLE_REAL","layer":null,"layer_reason":"OSM way has no layer tag","level":null,"level_reason":"OSM way has no level tag","lineage":["OpenStreetMap way and original node IDs","fixed-time bounded Overpass response retained as exact bytes","consecutive source-node segmentation; no crossing-node invention"],"revision_id":"osm-2026-08-29-v1","source_class":"VGI","source_feature_id":"way/47584105#segment/21","source_id":"openstreetmap-overpass-arashiyama-20260829","stable_feature_id":"kyoto-arashiyama:osm-way-000047584105:nodes-000605405587-012783555045","tunnel":"UNKNOWN","tunnel_reason":"OSM way has no tunnel tag"},"type":"Feature"},{"geometry":{"coordinates":[[135.6780159,35.0110058],[135.6778568,35.0109564]],"type":"LineString"},"id":"kyoto-arashiyama:osm-way-000047584105:nodes-000605405589-003256137075","properties":{"artifact_id":"arashiyama-osm-corridor-v1","bridge":"UNKNOWN","bridge_reason":"OSM way has no bridge tag","city_id":"kyoto_arashiyama","data_class":"REAL","geometry_status":"SOURCE_TRACEABLE_REAL","layer":null,"layer_reason":"OSM way has no layer tag","level":null,"level_reason":"OSM way has no level tag","lineage":["OpenStreetMap way and original node IDs","fixed-time bounded Overpass response retained as exact bytes","consecutive source-node segmentation; no crossing-node invention"],"revision_id":"osm-2026-08-29-v1","source_class":"VGI","source_feature_id":"way/47584105#segment/23","source_id":"openstreetmap-overpass-arashiyama-20260829","stable_feature_id":"kyoto-arashiyama:osm-way-000047584105:nodes-000605405589-003256137075","tunnel":"UNKNOWN","tunnel_reason":"OSM way has no tunnel tag"},"type":"Feature"},{"geometry":{"coordinates":[[135.6794083,35.0114078],[135.6793071,35.0113843]],"type":"LineString"},"id":"kyoto-arashiyama:osm-way-000047584105:nodes-011738078381-011738078382","properties":{"artifact_id":"arashiyama-osm-corridor-v1","bridge":"UNKNOWN","bridge_reason":"OSM way has no bridge tag","city_id":"kyoto_arashiyama","data_class":"REAL","geometry_status":"SOURCE_TRACEABLE_REAL","layer":null,"layer_reason":"OSM way has no layer tag","level":null,"level_reason":"OSM way has no level tag","lineage":["OpenStreetMap way and original node IDs","fixed-time bounded Overpass response retained as exact bytes","consecutive source-node segmentation; no crossing-node invention"],"revision_id":"osm-2026-08-29-v1","source_class":"VGI","source_feature_id":"way/47584105#segment/17","source_id":"openstreetmap-overpass-arashiyama-20260829","stable_feature_id":"kyoto-arashiyama:osm-way-000047584105:nodes-011738078381-011738078382","tunnel":"UNKNOWN","tunnel_reason":"OSM way has no tunnel tag"},"type":"Feature"},{"geometry":{"coordinates":[[135.6778518,35.0136547],[135.6777643,35.0136232]],"type":"LineString"},"id":"kyoto-arashiyama:osm-way-000047584215:nodes-000243776548-001215761721","properties":{"artifact_id":"arashiyama-osm-corridor-v1","bridge":"UNKNOWN","bridge_reason":"OSM way has no bridge tag","city_id":"kyoto_arashiyama","data_class":"REAL","geometry_status":"SOURCE_TRACEABLE_REAL","layer":null,"layer_reason":"OSM way has no layer tag","level":null,"level_reason":"OSM way has no level tag","lineage":["OpenStreetMap way and original node IDs","fixed-time bounded Overpass response retained as exact bytes","consecutive source-node segmentation; no crossing-node invention"],"revision_id":"osm-2026-08-29-v1","source_class":"VGI","source_feature_id":"way/47584215#segment/0","source_id":"openstreetmap-overpass-arashiyama-20260829","stable_feature_id":"kyoto-arashiyama:osm-way-000047584215:nodes-000243776548-001215761721","tunnel":"UNKNOWN","tunnel_reason":"OSM way has no tunnel tag"},"type":"Feature"},{"geometry":{"coordinates":[[135.6750489,35.0133509],[135.6748145,35.0133812]],"type":"LineString"},"id":"kyoto-arashiyama:osm-way-000047584215:nodes-000605415027-000605415029","properties":{"artifact_id":"arashiyama-osm-corridor-v1","bridge":"UNKNOWN","bridge_reason":"OSM way has no bridge tag","city_id":"kyoto_arashiyama","data_class":"REAL","geometry_status":"SOURCE_TRACEABLE_REAL","layer":null,"layer_reason":"OSM way has no layer tag","level":null,"level_reason":"OSM way has no level tag","lineage":["OpenStreetMap way and original node IDs","fixed-time bounded Overpass response retained as exact bytes","consecutive source-node segmentation; no crossing-node invention"],"revision_id":"osm-2026-08-29-v1","source_class":"VGI","source_feature_id":"way/47584215#segment/7","source_id":"openstreetmap-overpass-arashiyama-20260829","stable_feature_id":"kyoto-arashiyama:osm-way-000047584215:nodes-000605415027-000605415029","tunnel":"UNKNOWN","tunnel_reason":"OSM way has no tunnel tag"},"type":"Feature"},{"geometry":{"coordinates":[[135.6753882,35.0133498],[135.6750489,35.0133509]],"type":"LineString"},"id":"kyoto-arashiyama:osm-way-000047584215:nodes-000605415029-000605415031","properties":{"artifact_id":"arashiyama-osm-corridor-v1","bridge":"UNKNOWN","bridge_reason":"OSM way has no bridge tag","city_id":"kyoto_arashiyama","data_class":"REAL","geometry_status":"SOURCE_TRACEABLE_REAL","layer":null,"layer_reason":"OSM way has no layer tag","level":null,"level_reason":"OSM way has no level tag","lineage":["OpenStreetMap way and original node IDs","fixed-time bounded Overpass response retained as exact bytes","consecutive source-node segmentation; no crossing-node invention"],"revision_id":"osm-2026-08-29-v1","source_class":"VGI","source_feature_id":"way/47584215#segment/6","source_id":"openstreetmap-overpass-arashiyama-20260829","stable_feature_id":"kyoto-arashiyama:osm-way-000047584215:nodes-000605415029-000605415031","tunnel":"UNKNOWN","tunnel_reason":"OSM way has no tunnel tag"},"type":"Feature"},{"geometry":{"coordinates":[[135.675665,35.0133795],[135.6753882,35.0133498]],"type":"LineString"},"id":"kyoto-arashiyama:osm-way-000047584215:nodes-000605415031-011279693964","properties":{"artifact_id":"arashiyama-osm-corridor-v1","bridge":"UNKNOWN","bridge_reason":"OSM way has no bridge tag","city_id":"kyoto_arashiyama","data_class":"REAL","geometry_status":"SOURCE_TRACEABLE_REAL","layer":null,"layer_reason":"OSM way has no layer tag","level":null,"level_reason":"OSM way has no level tag","lineage":["OpenStreetMap way and original node IDs","fixed-time bounded Overpass response retained as exact bytes","consecutive source-node segmentation; no crossing-node invention"],"revision_id":"osm-2026-08-29-v1","source_class":"VGI","source_feature_id":"way/47584215#segment/5","source_id":"openstreetmap-overpass-arashiyama-20260829","stable_feature_id":"kyoto-arashiyama:osm-way-000047584215:nodes-000605415031-011279693964","tunnel":"UNKNOWN","tunnel_reason":"OSM way has no tunnel tag"},"type":"Feature"},{"geometry":{"coordinates":[[135.6773563,35.0135583],[135.6768835,35.0135115]],"type":"LineString"},"id":"kyoto-arashiyama:osm-way-000047584215:nodes-000605415036-000605415039","properties":{"artifact_id":"arashiyama-osm-corridor-v1","bridge":"UNKNOWN","bridge_reason":"OSM way has no bridge tag","city_id":"kyoto_arashiyama","data_class":"REAL","geometry_status":"SOURCE_TRACEABLE_REAL","layer":null,"layer_reason":"OSM way has no layer tag","level":null,"level_reason":"OSM way has no level tag","lineage":["OpenStreetMap way and original node IDs","fixed-time bounded Overpass response retained as exact bytes","consecutive source-node segmentation; no crossing-node invention"],"revision_id":"osm-2026-08-29-v1","source_class":"VGI","source_feature_id":"way/47584215#segment/2","source_id":"openstreetmap-overpass-arashiyama-20260829","stable_feature_id":"kyoto-arashiyama:osm-way-000047584215:nodes-000605415036-000605415039","tunnel":"UNKNOWN","tunnel_reason":"OSM way has no tunnel tag"},"type":"Feature"},{"geometry":{"coordinates":[[135.6768835,35.0135115],[135.6764842,35.0134673]],"type":"LineString"},"id":"kyoto-arashiyama:osm-way-000047584215:nodes-000605415036-001332356080","properties":{"artifact_id":"arashiyama-osm-corridor-v1","bridge":"UNKNOWN","bridge_reason":"OSM way has no bridge tag","city_id":"kyoto_arashiyama","data_class":"REAL","geometry_status":"SOURCE_TRACEABLE_REAL","layer":null,"layer_reason":"OSM way has no layer tag","level":null,"level_reason":"OSM way has no level tag","lineage":["OpenStreetMap way and original node IDs","fixed-time bounded Overpass response retained as exact bytes","consecutive source-node segmentation; no crossing-node invention"],"revision_id":"osm-2026-08-29-v1","source_class":"VGI","source_feature_id":"way/47584215#segment/3","source_id":"openstreetmap-overpass-arashiyama-20260829","stable_feature_id":"kyoto-arashiyama:osm-way-000047584215:nodes-000605415036-001332356080","tunnel":"UNKNOWN","tunnel_reason":"OSM way has no tunnel tag"},"type":"Feature"},{"geometry":{"coordinates":[[135.6777643,35.0136232],[135.6773563,35.0135583]],"type":"LineString"},"id":"kyoto-arashiyama:osm-way-000047584215:nodes-000605415039-001215761721","properties":{"artifact_id":"arashiyama-osm-corridor-v1","bridge":"UNKNOWN","bridge_reason":"OSM way has no bridge tag","city_id":"kyoto_arashiyama","data_class":"REAL","geometry_status":"SOURCE_TRACEABLE_REAL","layer":null,"layer_reason":"OSM way has no layer tag","level":null,"level_reason":"OSM way has no level tag","lineage":["OpenStreetMap way and original node IDs","fixed-time bounded Overpass response retained as exact bytes","consecutive source-node segmentation; no crossing-node invention"],"revision_id":"osm-2026-08-29-v1","source_class":"VGI","source_feature_id":"way/47584215#segment/1","source_id":"openstreetmap-overpass-arashiyama-20260829","stable_feature_id":"kyoto-arashiyama:osm-way-000047584215:nodes-000605415039-001215761721","tunnel":"UNKNOWN","tunnel_reason":"OSM way has no tunnel tag"},"type":"Feature"},{"geometry":{"coordinates":[[135.6764842,35.0134673],[135.675665,35.0133795]],"type":"LineString"},"id":"kyoto-arashiyama:osm-way-000047584215:nodes-001332356080-011279693964","properties":{"artifact_id":"arashiyama-osm-corridor-v1","bridge":"UNKNOWN","bridge_reason":"OSM way has no bridge tag","city_id":"kyoto_arashiyama","data_class":"REAL","geometry_status":"SOURCE_TRACEABLE_REAL","layer":null,"layer_reason":"OSM way has no layer tag","level":null,"level_reason":"OSM way has no level tag","lineage":["OpenStreetMap way and original node IDs","fixed-time bounded Overpass response retained as exact bytes","consecutive source-node segmentation; no crossing-node invention"],"revision_id":"osm-2026-08-29-v1","source_class":"VGI","source_feature_id":"way/47584215#segment/4","source_id":"openstreetmap-overpass-arashiyama-20260829","stable_feature_id":"kyoto-arashiyama:osm-way-000047584215:nodes-001332356080-011279693964","tunnel":"UNKNOWN","tunnel_reason":"OSM way has no tunnel tag"},"type":"Feature"},{"geometry":{"coordinates":[[135.6778518,35.0136547],[135.6778491,35.013576]],"type":"LineString"},"id":"kyoto-arashiyama:osm-way-000059377343:nodes-000243776548-000736395941","properties":{"artifact_id":"arashiyama-osm-corridor-v1","bridge":"UNKNOWN","bridge_reason":"OSM way has no bridge tag","city_id":"kyoto_arashiyama","data_class":"REAL","geometry_status":"SOURCE_TRACEABLE_REAL","layer":null,"layer_reason":"OSM way has no layer tag","level":null,"level_reason":"OSM way has no level tag","lineage":["OpenStreetMap way and original node IDs","fixed-time bounded Overpass response retained as exact bytes","consecutive source-node segmentation; no crossing-node invention"],"revision_id":"osm-2026-08-29-v1","source_class":"VGI","source_feature_id":"way/59377343#segment/0","source_id":"openstreetmap-overpass-arashiyama-20260829","stable_feature_id":"kyoto-arashiyama:osm-way-000059377343:nodes-000243776548-000736395941","tunnel":"UNKNOWN","tunnel_reason":"OSM way has no tunnel tag"},"type":"Feature"},{"geometry":{"coordinates":[[135.6778491,35.013576],[135.6778466,35.0135551]],"type":"LineString"},"id":"kyoto-arashiyama:osm-way-000059377343:nodes-000736395941-004280313263","properties":{"artifact_id":"arashiyama-osm-corridor-v1","bridge":"UNKNOWN","bridge_reason":"OSM way has no bridge tag","city_id":"kyoto_arashiyama","data_class":"REAL","geometry_status":"SOURCE_TRACEABLE_REAL","layer":null,"layer_reason":"OSM way has no layer tag","level":null,"level_reason":"OSM way has no level tag","lineage":["OpenStreetMap way and original node IDs","fixed-time bounded Overpass response retained as exact bytes","consecutive source-node segmentation; no crossing-node invention"],"revision_id":"osm-2026-08-29-v1","source_class":"VGI","source_feature_id":"way/59377343#segment/1","source_id":"openstreetmap-overpass-arashiyama-20260829","stable_feature_id":"kyoto-arashiyama:osm-way-000059377343:nodes-000736395941-004280313263","tunnel":"UNKNOWN","tunnel_reason":"OSM way has no tunnel tag"},"type":"Feature"},{"geometry":{"coordinates":[[135.6776779,35.0121874],[135.6776621,35.0120997]],"type":"LineString"},"id":"kyoto-arashiyama:osm-way-000059377344:nodes-000243776546-002200792879","properties":{"artifact_id":"arashiyama-osm-corridor-v1","bridge":"UNKNOWN","bridge_reason":"OSM way has no bridge tag","city_id":"kyoto_arashiyama","data_class":"REAL","geometry_status":"SOURCE_TRACEABLE_REAL","layer":null,"layer_reason":"OSM way has no layer tag","level":null,"level_reason":"OSM way has no level tag","lineage":["OpenStreetMap way and original node IDs","fixed-time bounded Overpass response retained as exact bytes","consecutive source-node segmentation; no crossing-node invention"],"revision_id":"osm-2026-08-29-v1","source_class":"VGI","source_feature_id":"way/59377344#segment/0","source_id":"openstreetmap-overpass-arashiyama-20260829","stable_feature_id":"kyoto-arashiyama:osm-way-000059377344:nodes-000243776546-002200792879","tunnel":"UNKNOWN","tunnel_reason":"OSM way has no tunnel tag"},"type":"Feature"},{"geometry":{"coordinates":[[135.6776226,35.011962],[135.6775887,35.0118675]],"type":"LineString"},"id":"kyoto-arashiyama:osm-way-000059377344:nodes-000310718798-001215761691","properties":{"artifact_id":"arashiyama-osm-corridor-v1","bridge":"UNKNOWN","bridge_reason":"OSM way has no bridge tag","city_id":"kyoto_arashiyama","data_class":"REAL","geometry_status":"SOURCE_TRACEABLE_REAL","layer":null,"layer_reason":"OSM way has no layer tag","level":null,"level_reason":"OSM way has no level tag","lineage":["OpenStreetMap way and original node IDs","fixed-time bounded Overpass response retained as exact bytes","consecutive source-node segmentation; no crossing-node invention"],"revision_id":"osm-2026-08-29-v1","source_class":"VGI","source_feature_id":"way/59377344#segment/2","source_id":"openstreetmap-overpass-arashiyama-20260829","stable_feature_id":"kyoto-arashiyama:osm-way-000059377344:nodes-000310718798-001215761691","tunnel":"UNKNOWN","tunnel_reason":"OSM way has no tunnel tag"},"type":"Feature"},{"geometry":{"coordinates":[[135.6775887,35.0118675],[135.6775275,35.0117236]],"type":"LineString"},"id":"kyoto-arashiyama:osm-way-000059377344:nodes-000310718798-004080109906","properties":{"artifact_id":"arashiyama-osm-corridor-v1","bridge":"UNKNOWN","bridge_reason":"OSM way has no bridge tag","city_id":"kyoto_arashiyama","data_class":"REAL","geometry_status":"SOURCE_TRACEABLE_REAL","layer":null,"layer_reason":"OSM way has no layer tag","level":null,"level_reason":"OSM way has no level tag","lineage":["OpenStreetMap way and original node IDs","fixed-time bounded Overpass response retained as exact bytes","consecutive source-node segmentation; no crossing-node invention"],"revision_id":"osm-2026-08-29-v1","source_class":"VGI","source_feature_id":"way/59377344#segment/3","source_id":"openstreetmap-overpass-arashiyama-20260829","stable_feature_id":"kyoto-arashiyama:osm-way-000059377344:nodes-000310718798-004080109906","tunnel":"UNKNOWN","tunnel_reason":"OSM way has no tunnel tag"},"type":"Feature"},{"geometry":{"coordinates":[[135.6775275,35.0117236],[135.6774508,35.0115474]],"type":"LineString"},"id":"kyoto-arashiyama:osm-way-000059377344:nodes-000736395961-004080109906","properties":{"artifact_id":"arashiyama-osm-corridor-v1","bridge":"UNKNOWN","bridge_reason":"OSM way has no bridge tag","city_id":"kyoto_arashiyama","data_class":"REAL","geometry_status":"SOURCE_TRACEABLE_REAL","layer":null,"layer_reason":"OSM way has no layer tag","level":null,"level_reason":"OSM way has no level tag","lineage":["OpenStreetMap way and original node IDs","fixed-time bounded Overpass response retained as exact bytes","consecutive source-node segmentation; no crossing-node invention"],"revision_id":"osm-2026-08-29-v1","source_class":"VGI","source_feature_id":"way/59377344#segment/4","source_id":"openstreetmap-overpass-arashiyama-20260829","stable_feature_id":"kyoto-arashiyama:osm-way-000059377344:nodes-000736395961-004080109906","tunnel":"UNKNOWN","tunnel_reason":"OSM way has no tunnel tag"},"type":"Feature"},{"geometry":{"coordinates":[[135.6776621,35.0120997],[135.6776226,35.011962]],"type":"LineString"},"id":"kyoto-arashiyama:osm-way-000059377344:nodes-001215761691-002200792879","properties":{"artifact_id":"arashiyama-osm-corridor-v1","bridge":"UNKNOWN","bridge_reason":"OSM way has no bridge tag","city_id":"kyoto_arashiyama","data_class":"REAL","geometry_status":"SOURCE_TRACEABLE_REAL","layer":null,"layer_reason":"OSM way has no layer tag","level":null,"level_reason":"OSM way has no level tag","lineage":["OpenStreetMap way and original node IDs","fixed-time bounded Overpass response retained as exact bytes","consecutive source-node segmentation; no crossing-node invention"],"revision_id":"osm-2026-08-29-v1","source_class":"VGI","source_feature_id":"way/59377344#segment/1","source_id":"openstreetmap-overpass-arashiyama-20260829","stable_feature_id":"kyoto-arashiyama:osm-way-000059377344:nodes-001215761691-002200792879","tunnel":"UNKNOWN","tunnel_reason":"OSM way has no tunnel tag"},"type":"Feature"},{"geometry":{"coordinates":[[135.6774508,35.0115474],[135.6773859,35.0113819]],"type":"LineString"},"id":"kyoto-arashiyama:osm-way-000059377345:nodes-000736395961-000736395986","properties":{"artifact_id":"arashiyama-osm-corridor-v1","bridge":true,"bridge_reason":null,"city_id":"kyoto_arashiyama","data_class":"REAL","geometry_status":"SOURCE_TRACEABLE_REAL","layer":1,"layer_reason":null,"level":null,"level_reason":"OSM way has no level tag","lineage":["OpenStreetMap way and original node IDs","fixed-time bounded Overpass response retained as exact bytes","consecutive source-node segmentation; no crossing-node invention"],"revision_id":"osm-2026-08-29-v1","source_class":"VGI","source_feature_id":"way/59377345#segment/0","source_id":"openstreetmap-overpass-arashiyama-20260829","stable_feature_id":"kyoto-arashiyama:osm-way-000059377345:nodes-000736395961-000736395986","tunnel":"UNKNOWN","tunnel_reason":"OSM way has no tunnel tag"},"type":"Feature"},{"geometry":{"coordinates":[[135.677363,35.0113338],[135.6772991,35.0113428]],"type":"LineString"},"id":"kyoto-arashiyama:osm-way-000059377377:nodes-000310718799-005064078636","properties":{"artifact_id":"arashiyama-osm-corridor-v1","bridge":"UNKNOWN","bridge_reason":"OSM way has no bridge tag","city_id":"kyoto_arashiyama","data_class":"REAL","geometry_status":"SOURCE_TRACEABLE_REAL","layer":null,"layer_reason":"OSM way has no layer tag","level":null,"level_reason":"OSM way has no level tag","lineage":["OpenStreetMap way and original node IDs","fixed-time bounded Overpass response retained as exact bytes","consecutive source-node segmentation; no crossing-node invention"],"revision_id":"osm-2026-08-29-v1","source_class":"VGI","source_feature_id":"way/59377377#segment/0","source_id":"openstreetmap-overpass-arashiyama-20260829","stable_feature_id":"kyoto-arashiyama:osm-way-000059377377:nodes-000310718799-005064078636","tunnel":"UNKNOWN","tunnel_reason":"OSM way has no tunnel tag"},"type":"Feature"},{"geometry":{"coordinates":[[135.6772114,35.0114222],[135.6770779,35.0114767]],"type":"LineString"},"id":"kyoto-arashiyama:osm-way-000059377377:nodes-002200899661-007273598704","properties":{"artifact_id":"arashiyama-osm-corridor-v1","bridge":"UNKNOWN","bridge_reason":"OSM way has no bridge tag","city_id":"kyoto_arashiyama","data_class":"REAL","geometry_status":"SOURCE_TRACEABLE_REAL","layer":null,"layer_reason":"OSM way has no layer tag","level":null,"level_reason":"OSM way has no level tag","lineage":["OpenStreetMap way and original node IDs","fixed-time bounded Overpass response retained as exact bytes","consecutive source-node segmentation; no crossing-node invention"],"revision_id":"osm-2026-08-29-v1","source_class":"VGI","source_feature_id":"way/59377377#segment/2","source_id":"openstreetmap-overpass-arashiyama-20260829","stable_feature_id":"kyoto-arashiyama:osm-way-000059377377:nodes-002200899661-007273598704","tunnel":"UNKNOWN","tunnel_reason":"OSM way has no tunnel tag"},"type":"Feature"},{"geometry":{"coordinates":[[135.6770779,35.0114767],[135.6769451,35.0115303]],"type":"LineString"},"id":"kyoto-arashiyama:osm-way-000059377377:nodes-002200899661-007273598705","properties":{"artifact_id":"arashiyama-osm-corridor-v1","bridge":"UNKNOWN","bridge_reason":"OSM way has no bridge tag","city_id":"kyoto_arashiyama","data_class":"REAL","geometry_status":"SOURCE_TRACEABLE_REAL","layer":null,"layer_reason":"OSM way has no layer tag","level":null,"level_reason":"OSM way has no level tag","lineage":["OpenStreetMap way and original node IDs","fixed-time bounded Overpass response retained as exact bytes","consecutive source-node segmentation; no crossing-node invention"],"revision_id":"osm-2026-08-29-v1","source_class":"VGI","source_feature_id":"way/59377377#segment/3","source_id":"openstreetmap-overpass-arashiyama-20260829","stable_feature_id":"kyoto-arashiyama:osm-way-000059377377:nodes-002200899661-007273598705","tunnel":"UNKNOWN","tunnel_reason":"OSM way has no tunnel tag"},"type":"Feature"},{"geometry":{"coordinates":[[135.6772991,35.0113428],[135.6772114,35.0114222]],"type":"LineString"},"id":"kyoto-arashiyama:osm-way-000059377377:nodes-005064078636-007273598704","properties":{"artifact_id":"arashiyama-osm-corridor-v1","bridge":"UNKNOWN","bridge_reason":"OSM way has no bridge tag","city_id":"kyoto_arashiyama","data_class":"REAL","geometry_status":"SOURCE_TRACEABLE_REAL","layer":null,"layer_reason":"OSM way has no layer tag","level":null,"level_reason":"OSM way has no level tag","lineage":["OpenStreetMap way and original node IDs","fixed-time bounded Overpass response retained as exact bytes","consecutive source-node segmentation; no crossing-node invention"],"revision_id":"osm-2026-08-29-v1","source_class":"VGI","source_feature_id":"way/59377377#segment/1","source_id":"openstreetmap-overpass-arashiyama-20260829","stable_feature_id":"kyoto-arashiyama:osm-way-000059377377:nodes-005064078636-007273598704","tunnel":"UNKNOWN","tunnel_reason":"OSM way has no tunnel tag"},"type":"Feature"},{"geometry":{"coordinates":[[135.6795178,35.0114176],[135.6794547,35.0116018]],"type":"LineString"},"id":"kyoto-arashiyama:osm-way-000059379039:nodes-000605405572-000736426359","properties":{"artifact_id":"arashiyama-osm-corridor-v1","bridge":"UNKNOWN","bridge_reason":"OSM way has no bridge tag","city_id":"kyoto_arashiyama","data_class":"REAL","geometry_status":"SOURCE_TRACEABLE_REAL","layer":null,"layer_reason":"OSM way has no layer tag","level":null,"level_reason":"OSM way has no level tag","lineage":["OpenStreetMap way and original node IDs","fixed-time bounded Overpass response retained as exact bytes","consecutive source-node segmentation; no crossing-node invention"],"revision_id":"osm-2026-08-29-v1","source_class":"VGI","source_feature_id":"way/59379039#segment/0","source_id":"openstreetmap-overpass-arashiyama-20260829","stable_feature_id":"kyoto-arashiyama:osm-way-000059379039:nodes-000605405572-000736426359","tunnel":"UNKNOWN","tunnel_reason":"OSM way has no tunnel tag"},"type":"Feature"},{"geometry":{"coordinates":[[135.6794547,35.0116018],[135.6796375,35.0116604]],"type":"LineString"},"id":"kyoto-arashiyama:osm-way-000059379039:nodes-000736426359-004269820526","properties":{"artifact_id":"arashiyama-osm-corridor-v1","bridge":"UNKNOWN","bridge_reason":"OSM way has no bridge tag","city_id":"kyoto_arashiyama","data_class":"REAL","geometry_status":"SOURCE_TRACEABLE_REAL","layer":null,"layer_reason":"OSM way has no layer tag","level":null,"level_reason":"OSM way has no level tag","lineage":["OpenStreetMap way and original node IDs","fixed-time bounded Overpass response retained as exact bytes","consecutive source-node segmentation; no crossing-node invention"],"revision_id":"osm-2026-08-29-v1","source_class":"VGI","source_feature_id":"way/59379039#segment/1","source_id":"openstreetmap-overpass-arashiyama-20260829","stable_feature_id":"kyoto-arashiyama:osm-way-000059379039:nodes-000736426359-004269820526","tunnel":"UNKNOWN","tunnel_reason":"OSM way has no tunnel tag"},"type":"Feature"},{"geometry":{"coordinates":[[135.6796375,35.0116604],[135.6797048,35.011521]],"type":"LineString"},"id":"kyoto-arashiyama:osm-way-000059379039:nodes-004269820526-012925548234","properties":{"artifact_id":"arashiyama-osm-corridor-v1","bridge":"UNKNOWN","bridge_reason":"OSM way has no bridge tag","city_id":"kyoto_arashiyama","data_class":"REAL","geometry_status":"SOURCE_TRACEABLE_REAL","layer":null,"layer_reason":"OSM way has no layer tag","level":null,"level_reason":"OSM way has no level tag","lineage":["OpenStreetMap way and original node IDs","fixed-time bounded Overpass response retained as exact bytes","consecutive source-node segmentation; no crossing-node invention"],"revision_id":"osm-2026-08-29-v1","source_class":"VGI","source_feature_id":"way/59379039#segment/2","source_id":"openstreetmap-overpass-arashiyama-20260829","stable_feature_id":"kyoto-arashiyama:osm-way-000059379039:nodes-004269820526-012925548234","tunnel":"UNKNOWN","tunnel_reason":"OSM way has no tunnel tag"},"type":"Feature"},{"geometry":{"coordinates":[[135.6797048,35.011521],[135.6800969,35.011514]],"type":"LineString"},"id":"kyoto-arashiyama:osm-way-000059379039:nodes-012925548234-012925548235","properties":{"artifact_id":"arashiyama-osm-corridor-v1","bridge":"UNKNOWN","bridge_reason":"OSM way has no bridge tag","city_id":"kyoto_arashiyama","data_class":"REAL","geometry_status":"SOURCE_TRACEABLE_REAL","layer":null,"layer_reason":"OSM way has no layer tag","level":null,"level_reason":"OSM way has no level tag","lineage":["OpenStreetMap way and original node IDs","fixed-time bounded Overpass response retained as exact bytes","consecutive source-node segmentation; no crossing-node invention"],"revision_id":"osm-2026-08-29-v1","source_class":"VGI","source_feature_id":"way/59379039#segment/3","source_id":"openstreetmap-overpass-arashiyama-20260829","stable_feature_id":"kyoto-arashiyama:osm-way-000059379039:nodes-012925548234-012925548235","tunnel":"UNKNOWN","tunnel_reason":"OSM way has no tunnel tag"},"type":"Feature"},{"geometry":{"coordinates":[[135.6800969,35.011514],[135.6800608,35.0115784]],"type":"LineString"},"id":"kyoto-arashiyama:osm-way-000059379039:nodes-012925548235-012925548236","properties":{"artifact_id":"arashiyama-osm-corridor-v1","bridge":"UNKNOWN","bridge_reason":"OSM way has no bridge tag","city_id":"kyoto_arashiyama","data_class":"REAL","geometry_status":"SOURCE_TRACEABLE_REAL","layer":null,"layer_reason":"OSM way has no layer tag","level":null,"level_reason":"OSM way has no level tag","lineage":["OpenStreetMap way and original node IDs","fixed-time bounded Overpass response retained as exact bytes","consecutive source-node segmentation; no crossing-node invention"],"revision_id":"osm-2026-08-29-v1","source_class":"VGI","source_feature_id":"way/59379039#segment/4","source_id":"openstreetmap-overpass-arashiyama-20260829","stable_feature_id":"kyoto-arashiyama:osm-way-000059379039:nodes-012925548235-012925548236","tunnel":"UNKNOWN","tunnel_reason":"OSM way has no tunnel tag"},"type":"Feature"},{"geometry":{"coordinates":[[135.6800849,35.0121448],[135.6800804,35.0121516]],"type":"LineString"},"id":"kyoto-arashiyama:osm-way-000059379041:nodes-000736426470-004269861778","properties":{"artifact_id":"arashiyama-osm-corridor-v1","bridge":"UNKNOWN","bridge_reason":"OSM way has no bridge tag","city_id":"kyoto_arashiyama","data_class":"REAL","geometry_status":"SOURCE_TRACEABLE_REAL","layer":null,"layer_reason":"OSM way has no layer tag","level":null,"level_reason":"OSM way has no level tag","lineage":["OpenStreetMap way and original node IDs","fixed-time bounded Overpass response retained as exact bytes","consecutive source-node segmentation; no crossing-node invention"],"revision_id":"osm-2026-08-29-v1","source_class":"VGI","source_feature_id":"way/59379041#segment/0","source_id":"openstreetmap-overpass-arashiyama-20260829","stable_feature_id":"kyoto-arashiyama:osm-way-000059379041:nodes-000736426470-004269861778","tunnel":"UNKNOWN","tunnel_reason":"OSM way has no tunnel tag"},"type":"Feature"},{"geometry":{"coordinates":[[135.6800447,35.0122219],[135.6799781,35.0122012]],"type":"LineString"},"id":"kyoto-arashiyama:osm-way-000059379041:nodes-000736426496-002200792887","properties":{"artifact_id":"arashiyama-osm-corridor-v1","bridge":"UNKNOWN","bridge_reason":"OSM way has no bridge tag","city_id":"kyoto_arashiyama","data_class":"REAL","geometry_status":"SOURCE_TRACEABLE_REAL","layer":null,"layer_reason":"OSM way has no layer tag","level":null,"level_reason":"OSM way has no level tag","lineage":["OpenStreetMap way and original node IDs","fixed-time bounded Overpass response retained as exact bytes","consecutive source-node segmentation; no crossing-node invention"],"revision_id":"osm-2026-08-29-v1","source_class":"VGI","source_feature_id":"way/59379041#segment/2","source_id":"openstreetmap-overpass-arashiyama-20260829","stable_feature_id":"kyoto-arashiyama:osm-way-000059379041:nodes-000736426496-002200792887","tunnel":"UNKNOWN","tunnel_reason":"OSM way has no tunnel tag"},"type":"Feature"},{"geometry":{"coordinates":[[135.6800804,35.0121516],[135.6800447,35.0122219]],"type":"LineString"},"id":"kyoto-arashiyama:osm-way-000059379041:nodes-000736426496-004269861778","properties":{"artifact_id":"arashiyama-osm-corridor-v1","bridge":"UNKNOWN","bridge_reason":"OSM way has no bridge tag","city_id":"kyoto_arashiyama","data_class":"REAL","geometry_status":"SOURCE_TRACEABLE_REAL","layer":null,"layer_reason":"OSM way has no layer tag","level":null,"level_reason":"OSM way has no level tag","lineage":["OpenStreetMap way and original node IDs","fixed-time bounded Overpass response retained as exact bytes","consecutive source-node segmentation; no crossing-node invention"],"revision_id":"osm-2026-08-29-v1","source_class":"VGI","source_feature_id":"way/59379041#segment/1","source_id":"openstreetmap-overpass-arashiyama-20260829","stable_feature_id":"kyoto-arashiyama:osm-way-000059379041:nodes-000736426496-004269861778","tunnel":"UNKNOWN","tunnel_reason":"OSM way has no tunnel tag"},"type":"Feature"},{"geometry":{"coordinates":[[135.6787653,35.011792],[135.6782703,35.0116755]],"type":"LineString"},"id":"kyoto-arashiyama:osm-way-000059379041:nodes-002200792859-004280069056","properties":{"artifact_id":"arashiyama-osm-corridor-v1","bridge":"UNKNOWN","bridge_reason":"OSM way has no bridge tag","city_id":"kyoto_arashiyama","data_class":"REAL","geometry_status":"SOURCE_TRACEABLE_REAL","layer":null,"layer_reason":"OSM way has no layer tag","level":null,"level_reason":"OSM way has no level tag","lineage":["OpenStreetMap way and original node IDs","fixed-time bounded Overpass response retained as exact bytes","consecutive source-node segmentation; no crossing-node invention"],"revision_id":"osm-2026-08-29-v1","source_class":"VGI","source_feature_id":"way/59379041#segment/8","source_id":"openstreetmap-overpass-arashiyama-20260829","stable_feature_id":"kyoto-arashiyama:osm-way-000059379041:nodes-002200792859-004280069056","tunnel":"UNKNOWN","tunnel_reason":"OSM way has no tunnel tag"},"type":"Feature"},{"geometry":{"coordinates":[[135.6782703,35.0116755],[135.6781953,35.0118761]],"type":"LineString"},"id":"kyoto-arashiyama:osm-way-000059379041:nodes-002200792859-004280069069","properties":{"artifact_id":"arashiyama-osm-corridor-v1","bridge":"UNKNOWN","bridge_reason":"OSM way has no bridge tag","city_id":"kyoto_arashiyama","data_class":"REAL","geometry_status":"SOURCE_TRACEABLE_REAL","layer":null,"layer_reason":"OSM way has no layer tag","level":null,"level_reason":"OSM way has no level tag","lineage":["OpenStreetMap way and original node IDs","fixed-time bounded Overpass response retained as exact bytes","consecutive source-node segmentation; no crossing-node invention"],"revision_id":"osm-2026-08-29-v1","source_class":"VGI","source_feature_id":"way/59379041#segment/9","source_id":"openstreetmap-overpass-arashiyama-20260829","stable_feature_id":"kyoto-arashiyama:osm-way-000059379041:nodes-002200792859-004280069069","tunnel":"UNKNOWN","tunnel_reason":"OSM way has no tunnel tag"},"type":"Feature"},{"geometry":{"coordinates":[[135.678883,35.0118926],[135.6788333,35.0118133]],"type":"LineString"},"id":"kyoto-arashiyama:osm-way-000059379041:nodes-002200792867-004280069063","properties":{"artifact_id":"arashiyama-osm-corridor-v1","bridge":"UNKNOWN","bridge_reason":"OSM way has no bridge tag","city_id":"kyoto_arashiyama","data_class":"REAL","geometry_status":"SOURCE_TRACEABLE_REAL","layer":null,"layer_reason":"OSM way has no layer tag","level":null,"level_reason":"OSM way has no level tag","lineage":["OpenStreetMap way and original node IDs","fixed-time bounded Overpass response retained as exact bytes","consecutive source-node segmentation; no crossing-node invention"],"revision_id":"osm-2026-08-29-v1","source_class":"VGI","source_feature_id":"way/59379041#segment/6","source_id":"openstreetmap-overpass-arashiyama-20260829","stable_feature_id":"kyoto-arashiyama:osm-way-000059379041:nodes-002200792867-004280069063","tunnel":"UNKNOWN","tunnel_reason":"OSM way has no tunnel tag"},"type":"Feature"},{"geometry":{"coordinates":[[135.6791964,35.0119809],[135.678883,35.0118926]],"type":"LineString"},"id":"kyoto-arashiyama:osm-way-000059379041:nodes-002200792867-004280071828","properties":{"artifact_id":"arashiyama-osm-corridor-v1","bridge":"UNKNOWN","bridge_reason":"OSM way has no bridge tag","city_id":"kyoto_arashiyama","data_class":"REAL","geometry_status":"SOURCE_TRACEABLE_REAL","layer":null,"layer_reason":"OSM way has no layer tag","level":null,"level_reason":"OSM way has no level tag","lineage":["OpenStreetMap way and original node IDs","fixed-time bounded Overpass response retained as exact bytes","consecutive source-node segmentation; no crossing-node invention"],"revision_id":"osm-2026-08-29-v1","source_class":"VGI","source_feature_id":"way/59379041#segment/5","source_id":"openstreetmap-overpass-arashiyama-20260829","stable_feature_id":"kyoto-arashiyama:osm-way-000059379041:nodes-002200792867-004280071828","tunnel":"UNKNOWN","tunnel_reason":"OSM way has no tunnel tag"},"type":"Feature"},{"geometry":{"coordinates":[[135.6799781,35.0122012],[135.679711,35.0121259]],"type":"LineString"},"id":"kyoto-arashiyama:osm-way-000059379041:nodes-002200792887-004280071902","properties":{"artifact_id":"arashiyama-osm-corridor-v1","bridge":"UNKNOWN","bridge_reason":"OSM way has no bridge tag","city_id":"kyoto_arashiyama","data_class":"REAL","geometry_status":"SOURCE_TRACEABLE_REAL","layer":null,"layer_reason":"OSM way has no layer tag","level":null,"level_reason":"OSM way has no level tag","lineage":["OpenStreetMap way and original node IDs","fixed-time bounded Overpass response retained as exact bytes","consecutive source-node segmentation; no crossing-node invention"],"revision_id":"osm-2026-08-29-v1","source_class":"VGI","source_feature_id":"way/59379041#segment/3","source_id":"openstreetmap-overpass-arashiyama-20260829","stable_feature_id":"kyoto-arashiyama:osm-way-000059379041:nodes-002200792887-004280071902","tunnel":"UNKNOWN","tunnel_reason":"OSM way has no tunnel tag"},"type":"Feature"},{"geometry":{"coordinates":[[135.6788333,35.0118133],[135.6787653,35.011792]],"type":"LineString"},"id":"kyoto-arashiyama:osm-way-000059379041:nodes-004280069056-004280069063","properties":{"artifact_id":"arashiyama-osm-corridor-v1","bridge":"UNKNOWN","bridge_reason":"OSM way has no bridge tag","city_id":"kyoto_arashiyama","data_class":"REAL","geometry_status":"SOURCE_TRACEABLE_REAL","layer":null,"layer_reason":"OSM way has no layer tag","level":null,"level_reason":"OSM way has no level tag","lineage":["OpenStreetMap way and original node IDs","fixed-time bounded Overpass response retained as exact bytes","consecutive source-node segmentation; no crossing-node invention"],"revision_id":"osm-2026-08-29-v1","source_class":"VGI","source_feature_id":"way/59379041#segment/7","source_id":"openstreetmap-overpass-arashiyama-20260829","stable_feature_id":"kyoto-arashiyama:osm-way-000059379041:nodes-004280069056-004280069063","tunnel":"UNKNOWN","tunnel_reason":"OSM way has no tunnel tag"},"type":"Feature"},{"geometry":{"coordinates":[[135.6781953,35.0118761],[135.678184,35.0119089]],"type":"LineString"},"id":"kyoto-arashiyama:osm-way-000059379041:nodes-004280069069-005064078674","properties":{"artifact_id":"arashiyama-osm-corridor-v1","bridge":"UNKNOWN","bridge_reason":"OSM way has no bridge tag","city_id":"kyoto_arashiyama","data_class":"REAL","geometry_status":"SOURCE_TRACEABLE_REAL","layer":null,"layer_reason":"OSM way has no layer tag","level":null,"level_reason":"OSM way has no level tag","lineage":["OpenStreetMap way and original node IDs","fixed-time bounded Overpass response retained as exact bytes","consecutive source-node segmentation; no crossing-node invention"],"revision_id":"osm-2026-08-29-v1","source_class":"VGI","source_feature_id":"way/59379041#segment/10","source_id":"openstreetmap-overpass-arashiyama-20260829","stable_feature_id":"kyoto-arashiyama:osm-way-000059379041:nodes-004280069069-005064078674","tunnel":"UNKNOWN","tunnel_reason":"OSM way has no tunnel tag"},"type":"Feature"},{"geometry":{"coordinates":[[135.679711,35.0121259],[135.6791964,35.0119809]],"type":"LineString"},"id":"kyoto-arashiyama:osm-way-000059379041:nodes-004280071828-004280071902","properties":{"artifact_id":"arashiyama-osm-corridor-v1","bridge":"UNKNOWN","bridge_reason":"OSM way has no bridge tag","city_id":"kyoto_arashiyama","data_class":"REAL","geometry_status":"SOURCE_TRACEABLE_REAL","layer":null,"layer_reason":"OSM way has no layer tag","level":null,"level_reason":"OSM way has no level tag","lineage":["OpenStreetMap way and original node IDs","fixed-time bounded Overpass response retained as exact bytes","consecutive source-node segmentation; no crossing-node invention"],"revision_id":"osm-2026-08-29-v1","source_class":"VGI","source_feature_id":"way/59379041#segment/4","source_id":"openstreetmap-overpass-arashiyama-20260829","stable_feature_id":"kyoto-arashiyama:osm-way-000059379041:nodes-004280071828-004280071902","tunnel":"UNKNOWN","tunnel_reason":"OSM way has no tunnel tag"},"type":"Feature"},{"geometry":{"coordinates":[[135.679704,35.0095196],[135.6796483,35.0096132]],"type":"LineString"},"id":"kyoto-arashiyama:osm-way-000098569316:nodes-000310718800-001140310269","properties":{"artifact_id":"arashiyama-osm-corridor-v1","bridge":"UNKNOWN","bridge_reason":"OSM way has no bridge tag","city_id":"kyoto_arashiyama","data_class":"REAL","geometry_status":"SOURCE_TRACEABLE_REAL","layer":null,"layer_reason":"OSM way has no layer tag","level":null,"level_reason":"OSM way has no level tag","lineage":["OpenStreetMap way and original node IDs","fixed-time bounded Overpass response retained as exact bytes","consecutive source-node segmentation; no crossing-node invention"],"revision_id":"osm-2026-08-29-v1","source_class":"VGI","source_feature_id":"way/98569316#segment/14","source_id":"openstreetmap-overpass-arashiyama-20260829","stable_feature_id":"kyoto-arashiyama:osm-way-000098569316:nodes-000310718800-001140310269","tunnel":"UNKNOWN","tunnel_reason":"OSM way has no tunnel tag"},"type":"Feature"},{"geometry":{"coordinates":[[135.6800553,35.0092307],[135.6799735,35.0092939]],"type":"LineString"},"id":"kyoto-arashiyama:osm-way-000098569316:nodes-001140309973-001583573201","properties":{"artifact_id":"arashiyama-osm-corridor-v1","bridge":"UNKNOWN","bridge_reason":"OSM way has no bridge tag","city_id":"kyoto_arashiyama","data_class":"REAL","geometry_status":"SOURCE_TRACEABLE_REAL","layer":null,"layer_reason":"OSM way has no layer tag","level":null,"level_reason":"OSM way has no level tag","lineage":["OpenStreetMap way and original node IDs","fixed-time bounded Overpass response retained as exact bytes","consecutive source-node segmentation; no crossing-node invention"],"revision_id":"osm-2026-08-29-v1","source_class":"VGI","source_feature_id":"way/98569316#segment/12","source_id":"openstreetmap-overpass-arashiyama-20260829","stable_feature_id":"kyoto-arashiyama:osm-way-000098569316:nodes-001140309973-001583573201","tunnel":"UNKNOWN","tunnel_reason":"OSM way has no tunnel tag"},"type":"Feature"},{"geometry":{"coordinates":[[135.6799735,35.0092939],[135.679704,35.0095196]],"type":"LineString"},"id":"kyoto-arashiyama:osm-way-000098569316:nodes-001140310269-001583573201","properties":{"artifact_id":"arashiyama-osm-corridor-v1","bridge":"UNKNOWN","bridge_reason":"OSM way has no bridge tag","city_id":"kyoto_arashiyama","data_class":"REAL","geometry_status":"SOURCE_TRACEABLE_REAL","layer":null,"layer_reason":"OSM way has no layer tag","level":null,"level_reason":"OSM way has no level tag","lineage":["OpenStreetMap way and original node IDs","fixed-time bounded Overpass response retained as exact bytes","consecutive source-node segmentation; no crossing-node invention"],"revision_id":"osm-2026-08-29-v1","source_class":"VGI","source_feature_id":"way/98569316#segment/13","source_id":"openstreetmap-overpass-arashiyama-20260829","stable_feature_id":"kyoto-arashiyama:osm-way-000098569316:nodes-001140310269-001583573201","tunnel":"UNKNOWN","tunnel_reason":"OSM way has no tunnel tag"},"type":"Feature"},{"geometry":{"coordinates":[[135.6754198,35.0087982],[135.6754059,35.0088357]],"type":"LineString"},"id":"kyoto-arashiyama:osm-way-000105187074:nodes-001212123705-007273598734","properties":{"artifact_id":"arashiyama-osm-corridor-v1","bridge":"UNKNOWN","bridge_reason":"OSM way has no bridge tag","city_id":"kyoto_arashiyama","data_class":"REAL","geometry_status":"SOURCE_TRACEABLE_REAL","layer":null,"layer_reason":"OSM way has no layer tag","level":null,"level_reason":"OSM way has no level tag","lineage":["OpenStreetMap way and original node IDs","fixed-time bounded Overpass response retained as exact bytes","consecutive source-node segmentation; no crossing-node invention"],"revision_id":"osm-2026-08-29-v1","source_class":"VGI","source_feature_id":"way/105187074#segment/13","source_id":"openstreetmap-overpass-arashiyama-20260829","stable_feature_id":"kyoto-arashiyama:osm-way-000105187074:nodes-001212123705-007273598734","tunnel":"UNKNOWN","tunnel_reason":"OSM way has no tunnel tag"},"type":"Feature"},{"geometry":{"coordinates":[[135.6754059,35.0088357],[135.6753013,35.0087471]],"type":"LineString"},"id":"kyoto-arashiyama:osm-way-000105187074:nodes-001212123705-007273598735","properties":{"artifact_id":"arashiyama-osm-corridor-v1","bridge":"UNKNOWN","bridge_reason":"OSM way has no bridge tag","city_id":"kyoto_arashiyama","data_class":"REAL","geometry_status":"SOURCE_TRACEABLE_REAL","layer":null,"layer_reason":"OSM way has no layer tag","level":null,"level_reason":"OSM way has no level tag","lineage":["OpenStreetMap way and original node IDs","fixed-time bounded Overpass response retained as exact bytes","consecutive source-node segmentation; no crossing-node invention"],"revision_id":"osm-2026-08-29-v1","source_class":"VGI","source_feature_id":"way/105187074#segment/14","source_id":"openstreetmap-overpass-arashiyama-20260829","stable_feature_id":"kyoto-arashiyama:osm-way-000105187074:nodes-001212123705-007273598735","tunnel":"UNKNOWN","tunnel_reason":"OSM way has no tunnel tag"},"type":"Feature"},{"geometry":{"coordinates":[[135.6750612,35.0087561],[135.6751531,35.0087932]],"type":"LineString"},"id":"kyoto-arashiyama:osm-way-000105187074:nodes-001212123730-007273598738","properties":{"artifact_id":"arashiyama-osm-corridor-v1","bridge":"UNKNOWN","bridge_reason":"OSM way has no bridge tag","city_id":"kyoto_arashiyama","data_class":"REAL","geometry_status":"SOURCE_TRACEABLE_REAL","layer":null,"layer_reason":"OSM way has no layer tag","level":null,"level_reason":"OSM way has no level tag","lineage":["OpenStreetMap way and original node IDs","fixed-time bounded Overpass response retained as exact bytes","consecutive source-node segmentation; no crossing-node invention"],"revision_id":"osm-2026-08-29-v1","source_class":"VGI","source_feature_id":"way/105187074#segment/21","source_id":"openstreetmap-overpass-arashiyama-20260829","stable_feature_id":"kyoto-arashiyama:osm-way-000105187074:nodes-001212123730-007273598738","tunnel":"UNKNOWN","tunnel_reason":"OSM way has no tunnel tag"},"type":"Feature"},{"geometry":{"coordinates":[[135.6751531,35.0087932],[135.6752197,35.008858]],"type":"LineString"},"id":"kyoto-arashiyama:osm-way-000105187074:nodes-001212123730-007273598740","properties":{"artifact_id":"arashiyama-osm-corridor-v1","bridge":"UNKNOWN","bridge_reason":"OSM way has no bridge tag","city_id":"kyoto_arashiyama","data_class":"REAL","geometry_status":"SOURCE_TRACEABLE_REAL","layer":null,"layer_reason":"OSM way has no layer tag","level":null,"level_reason":"OSM way has no level tag","lineage":["OpenStreetMap way and original node IDs","fixed-time bounded Overpass response retained as exact bytes","consecutive source-node segmentation; no crossing-node invention"],"revision_id":"osm-2026-08-29-v1","source_class":"VGI","source_feature_id":"way/105187074#segment/22","source_id":"openstreetmap-overpass-arashiyama-20260829","stable_feature_id":"kyoto-arashiyama:osm-way-000105187074:nodes-001212123730-007273598740","tunnel":"UNKNOWN","tunnel_reason":"OSM way has no tunnel tag"},"type":"Feature"},{"geometry":{"coordinates":[[135.6749941,35.0087306],[135.6750612,35.0087561]],"type":"LineString"},"id":"kyoto-arashiyama:osm-way-000105187074:nodes-001212123753-007273598738","properties":{"artifact_id":"arashiyama-osm-corridor-v1","bridge":"UNKNOWN","bridge_reason":"OSM way has no bridge tag","city_id":"kyoto_arashiyama","data_class":"REAL","geometry_status":"SOURCE_TRACEABLE_REAL","layer":null,"layer_reason":"OSM way has no layer tag","level":null,"level_reason":"OSM way has no level tag","lineage":["OpenStreetMap way and original node IDs","fixed-time bounded Overpass response retained as exact bytes","consecutive source-node segmentation; no crossing-node invention"],"revision_id":"osm-2026-08-29-v1","source_class":"VGI","source_feature_id":"way/105187074#segment/20","source_id":"openstreetmap-overpass-arashiyama-20260829","stable_feature_id":"kyoto-arashiyama:osm-way-000105187074:nodes-001212123753-007273598738","tunnel":"UNKNOWN","tunnel_reason":"OSM way has no tunnel tag"},"type":"Feature"},{"geometry":{"coordinates":[[135.6750841,35.008834],[135.6748084,35.0088241]],"type":"LineString"},"id":"kyoto-arashiyama:osm-way-000105187074:nodes-001212123776-001212123859","properties":{"artifact_id":"arashiyama-osm-corridor-v1","bridge":"UNKNOWN","bridge_reason":"OSM way has no bridge tag","city_id":"kyoto_arashiyama","data_class":"REAL","geometry_status":"SOURCE_TRACEABLE_REAL","layer":null,"layer_reason":"OSM way has no layer tag","level":null,"level_reason":"OSM way has no level tag","lineage":["OpenStreetMap way and original node IDs","fixed-time bounded Overpass response retained as exact bytes","consecutive source-node segmentation; no crossing-node invention"],"revision_id":"osm-2026-08-29-v1","source_class":"VGI","source_feature_id":"way/105187074#segment/28","source_id":"openstreetmap-overpass-arashiyama-20260829","stable_feature_id":"kyoto-arashiyama:osm-way-000105187074:nodes-001212123776-001212123859","tunnel":"UNKNOWN","tunnel_reason":"OSM way has no tunnel tag"},"type":"Feature"},{"geometry":{"coordinates":[[135.6751723,35.008904],[135.6750841,35.008834]],"type":"LineString"},"id":"kyoto-arashiyama:osm-way-000105187074:nodes-001212123776-007273598742","properties":{"artifact_id":"arashiyama-osm-corridor-v1","bridge":"UNKNOWN","bridge_reason":"OSM way has no bridge tag","city_id":"kyoto_arashiyama","data_class":"REAL","geometry_status":"SOURCE_TRACEABLE_REAL","layer":null,"layer_reason":"OSM way has no layer tag","level":null,"level_reason":"OSM way has no level tag","lineage":["OpenStreetMap way and original node IDs","fixed-time bounded Overpass response retained as exact bytes","consecutive source-node segmentation; no crossing-node invention"],"revision_id":"osm-2026-08-29-v1","source_class":"VGI","source_feature_id":"way/105187074#segment/27","source_id":"openstreetmap-overpass-arashiyama-20260829","stable_feature_id":"kyoto-arashiyama:osm-way-000105187074:nodes-001212123776-007273598742","tunnel":"UNKNOWN","tunnel_reason":"OSM way has no tunnel tag"},"type":"Feature"},{"geometry":{"coordinates":[[135.6753013,35.0087471],[135.675186,35.0087165]],"type":"LineString"},"id":"kyoto-arashiyama:osm-way-000105187074:nodes-001212123817-007273598735","properties":{"artifact_id":"arashiyama-osm-corridor-v1","bridge":"UNKNOWN","bridge_reason":"OSM way has no bridge tag","city_id":"kyoto_arashiyama","data_class":"REAL","geometry_status":"SOURCE_TRACEABLE_REAL","layer":null,"layer_reason":"OSM way has no layer tag","level":null,"level_reason":"OSM way has no level tag","lineage":["OpenStreetMap way and original node IDs","fixed-time bounded Overpass response retained as exact bytes","consecutive source-node segmentation; no crossing-node invention"],"revision_id":"osm-2026-08-29-v1","source_class":"VGI","source_feature_id":"way/105187074#segment/15","source_id":"openstreetmap-overpass-arashiyama-20260829","stable_feature_id":"kyoto-arashiyama:osm-way-000105187074:nodes-001212123817-007273598735","tunnel":"UNKNOWN","tunnel_reason":"OSM way has no tunnel tag"},"type":"Feature"},{"geometry":{"coordinates":[[135.675186,35.0087165],[135.6751502,35.0087207]],"type":"LineString"},"id":"kyoto-arashiyama:osm-way-000105187074:nodes-001212123817-007273598736","properties":{"artifact_id":"arashiyama-osm-corridor-v1","bridge":"UNKNOWN","bridge_reason":"OSM way has no bridge tag","city_id":"kyoto_arashiyama","data_class":"REAL","geometry_status":"SOURCE_TRACEABLE_REAL","layer":null,"layer_reason":"OSM way has no layer tag","level":null,"level_reason":"OSM way has no level tag","lineage":["OpenStreetMap way and original node IDs","fixed-time bounded Overpass response retained as exact bytes","consecutive source-node segmentation; no crossing-node invention"],"revision_id":"osm-2026-08-29-v1","source_class":"VGI","source_feature_id":"way/105187074#segment/16","source_id":"openstreetmap-overpass-arashiyama-20260829","stable_feature_id":"kyoto-arashiyama:osm-way-000105187074:nodes-001212123817-007273598736","tunnel":"UNKNOWN","tunnel_reason":"OSM way has no tunnel tag"},"type":"Feature"},{"geometry":{"coordinates":[[135.6752197,35.008858],[135.6752457,35.0089633]],"type":"LineString"},"id":"kyoto-arashiyama:osm-way-000105187074:nodes-001212123818-007273598740","properties":{"artifact_id":"arashiyama-osm-corridor-v1","bridge":"UNKNOWN","bridge_reason":"OSM way has no bridge tag","city_id":"kyoto_arashiyama","data_class":"REAL","geometry_status":"SOURCE_TRACEABLE_REAL","layer":null,"layer_reason":"OSM way has no layer tag","level":null,"level_reason":"OSM way has no level tag","lineage":["OpenStreetMap way and original node IDs","fixed-time bounded Overpass response retained as exact bytes","consecutive source-node segmentation; no crossing-node invention"],"revision_id":"osm-2026-08-29-v1","source_class":"VGI","source_feature_id":"way/105187074#segment/23","source_id":"openstreetmap-overpass-arashiyama-20260829","stable_feature_id":"kyoto-arashiyama:osm-way-000105187074:nodes-001212123818-007273598740","tunnel":"UNKNOWN","tunnel_reason":"OSM way has no tunnel tag"},"type":"Feature"},{"geometry":{"coordinates":[[135.6752457,35.0089633],[135.6752085,35.0089895]],"type":"LineString"},"id":"kyoto-arashiyama:osm-way-000105187074:nodes-001212123818-007273598741","properties":{"artifact_id":"arashiyama-osm-corridor-v1","bridge":"UNKNOWN","bridge_reason":"OSM way has no bridge tag","city_id":"kyoto_arashiyama","data_class":"REAL","geometry_status":"SOURCE_TRACEABLE_REAL","layer":null,"layer_reason":"OSM way has no layer tag","level":null,"level_reason":"OSM way has no level tag","lineage":["OpenStreetMap way and original node IDs","fixed-time bounded Overpass response retained as exact bytes","consecutive source-node segmentation; no crossing-node invention"],"revision_id":"osm-2026-08-29-v1","source_class":"VGI","source_feature_id":"way/105187074#segment/24","source_id":"openstreetmap-overpass-arashiyama-20260829","stable_feature_id":"kyoto-arashiyama:osm-way-000105187074:nodes-001212123818-007273598741","tunnel":"UNKNOWN","tunnel_reason":"OSM way has no tunnel tag"},"type":"Feature"},{"geometry":{"coordinates":[[135.6749578,35.0089226],[135.6748556,35.0089521]],"type":"LineString"},"id":"kyoto-arashiyama:osm-way-000105187074:nodes-001212123835-001212123885","properties":{"artifact_id":"arashiyama-osm-corridor-v1","bridge":"UNKNOWN","bridge_reason":"OSM way has no bridge tag","city_id":"kyoto_arashiyama","data_class":"REAL","geometry_status":"SOURCE_TRACEABLE_REAL","layer":null,"layer_reason":"OSM way has no layer tag","level":null,"level_reason":"OSM way has no level tag","lineage":["OpenStreetMap way and original node IDs","fixed-time bounded Overpass response retained as exact bytes","consecutive source-node segmentation; no crossing-node invention"],"revision_id":"osm-2026-08-29-v1","source_class":"VGI","source_feature_id":"way/105187074#segment/32","source_id":"openstreetmap-overpass-arashiyama-20260829","stable_feature_id":"kyoto-arashiyama:osm-way-000105187074:nodes-001212123835-001212123885","tunnel":"UNKNOWN","tunnel_reason":"OSM way has no tunnel tag"},"type":"Feature"},{"geometry":{"coordinates":[[135.6748793,35.0088922],[135.6749578,35.0089226]],"type":"LineString"},"id":"kyoto-arashiyama:osm-way-000105187074:nodes-001212123835-007273598745","properties":{"artifact_id":"arashiyama-osm-corridor-v1","bridge":"UNKNOWN","bridge_reason":"OSM way has no bridge tag","city_id":"kyoto_arashiyama","data_class":"REAL","geometry_status":"SOURCE_TRACEABLE_REAL","layer":null,"layer_reason":"OSM way has no layer tag","level":null,"level_reason":"OSM way has no level tag","lineage":["OpenStreetMap way and original node IDs","fixed-time bounded Overpass response retained as exact bytes","consecutive source-node segmentation; no crossing-node invention"],"revision_id":"osm-2026-08-29-v1","source_class":"VGI","source_feature_id":"way/105187074#segment/31","source_id":"openstreetmap-overpass-arashiyama-20260829","stable_feature_id":"kyoto-arashiyama:osm-way-000105187074:nodes-001212123835-007273598745","tunnel":"UNKNOWN","tunnel_reason":"OSM way has no tunnel tag"},"type":"Feature"},{"geometry":{"coordinates":[[135.675271,35.0087002],[135.6753287,35.0087148]],"type":"LineString"},"id":"kyoto-arashiyama:osm-way-000105187074:nodes-001212123857-007273598732","properties":{"artifact_id":"arashiyama-osm-corridor-v1","bridge":"UNKNOWN","bridge_reason":"OSM way has no bridge tag","city_id":"kyoto_arashiyama","data_class":"REAL","geometry_status":"SOURCE_TRACEABLE_REAL","layer":null,"layer_reason":"OSM way has no layer tag","level":null,"level_reason":"OSM way has no level tag","lineage":["OpenStreetMap way and original node IDs","fixed-time bounded Overpass response retained as exact bytes","consecutive source-node segmentation; no crossing-node invention"],"revision_id":"osm-2026-08-29-v1","source_class":"VGI","source_feature_id":"way/105187074#segment/10","source_id":"openstreetmap-overpass-arashiyama-20260829","stable_feature_id":"kyoto-arashiyama:osm-way-000105187074:nodes-001212123857-007273598732","tunnel":"UNKNOWN","tunnel_reason":"OSM way has no tunnel tag"},"type":"Feature"},{"geometry":{"coordinates":[[135.6753287,35.0087148],[135.6753983,35.008755]],"type":"LineString"},"id":"kyoto-arashiyama:osm-way-000105187074:nodes-001212123857-007273598733","properties":{"artifact_id":"arashiyama-osm-corridor-v1","bridge":"UNKNOWN","bridge_reason":"OSM way has no bridge tag","city_id":"kyoto_arashiyama","data_class":"REAL","geometry_status":"SOURCE_TRACEABLE_REAL","layer":null,"layer_reason":"OSM way has no layer tag","level":null,"level_reason":"OSM way has no level tag","lineage":["OpenStreetMap way and original node IDs","fixed-time bounded Overpass response retained as exact bytes","consecutive source-node segmentation; no crossing-node invention"],"revision_id":"osm-2026-08-29-v1","source_class":"VGI","source_feature_id":"way/105187074#segment/11","source_id":"openstreetmap-overpass-arashiyama-20260829","stable_feature_id":"kyoto-arashiyama:osm-way-000105187074:nodes-001212123857-007273598733","tunnel":"UNKNOWN","tunnel_reason":"OSM way has no tunnel tag"},"type":"Feature"},{"geometry":{"coordinates":[[135.6748084,35.0088241],[135.6748114,35.0088531]],"type":"LineString"},"id":"kyoto-arashiyama:osm-way-000105187074:nodes-001212123859-007273598744","properties":{"artifact_id":"arashiyama-osm-corridor-v1","bridge":"UNKNOWN","bridge_reason":"OSM way has no bridge tag","city_id":"kyoto_arashiyama","data_class":"REAL","geometry_status":"SOURCE_TRACEABLE_REAL","layer":null,"layer_reason":"OSM way has no layer tag","level":null,"level_reason":"OSM way has no level tag","lineage":["OpenStreetMap way and original node IDs","fixed-time bounded Overpass response retained as exact bytes","consecutive source-node segmentation; no crossing-node invention"],"revision_id":"osm-2026-08-29-v1","source_class":"VGI","source_feature_id":"way/105187074#segment/29","source_id":"openstreetmap-overpass-arashiyama-20260829","stable_feature_id":"kyoto-arashiyama:osm-way-000105187074:nodes-001212123859-007273598744","tunnel":"UNKNOWN","tunnel_reason":"OSM way has no tunnel tag"},"type":"Feature"},{"geometry":{"coordinates":[[135.6753983,35.008755],[135.6754198,35.0087982]],"type":"LineString"},"id":"kyoto-arashiyama:osm-way-000105187074:nodes-007273598733-007273598734","properties":{"artifact_id":"arashiyama-osm-corridor-v1","bridge":"UNKNOWN","bridge_reason":"OSM way has no bridge tag","city_id":"kyoto_arashiyama","data_class":"REAL","geometry_status":"SOURCE_TRACEABLE_REAL","layer":null,"layer_reason":"OSM way has no layer tag","level":null,"level_reason":"OSM way has no level tag","lineage":["OpenStreetMap way and original node IDs","fixed-time bounded Overpass response retained as exact bytes","consecutive source-node segmentation; no crossing-node invention"],"revision_id":"osm-2026-08-29-v1","source_class":"VGI","source_feature_id":"way/105187074#segment/12","source_id":"openstreetmap-overpass-arashiyama-20260829","stable_feature_id":"kyoto-arashiyama:osm-way-000105187074:nodes-007273598733-007273598734","tunnel":"UNKNOWN","tunnel_reason":"OSM way has no tunnel tag"},"type":"Feature"},{"geometry":{"coordinates":[[135.6752085,35.0089895],[135.6751863,35.0089709]],"type":"LineString"},"id":"kyoto-arashiyama:osm-way-000105187074:nodes-007273598741-007273598743","properties":{"artifact_id":"arashiyama-osm-corridor-v1","bridge":"UNKNOWN","bridge_reason":"OSM way has no bridge tag","city_id":"kyoto_arashiyama","data_class":"REAL","geometry_status":"SOURCE_TRACEABLE_REAL","layer":null,"layer_reason":"OSM way has no layer tag","level":null,"level_reason":"OSM way has no level tag","lineage":["OpenStreetMap way and original node IDs","fixed-time bounded Overpass response retained as exact bytes","consecutive source-node segmentation; no crossing-node invention"],"revision_id":"osm-2026-08-29-v1","source_class":"VGI","source_feature_id":"way/105187074#segment/25","source_id":"openstreetmap-overpass-arashiyama-20260829","stable_feature_id":"kyoto-arashiyama:osm-way-000105187074:nodes-007273598741-007273598743","tunnel":"UNKNOWN","tunnel_reason":"OSM way has no tunnel tag"},"type":"Feature"},{"geometry":{"coordinates":[[135.6751863,35.0089709],[135.6751723,35.008904]],"type":"LineString"},"id":"kyoto-arashiyama:osm-way-000105187074:nodes-007273598742-007273598743","properties":{"artifact_id":"arashiyama-osm-corridor-v1","bridge":"UNKNOWN","bridge_reason":"OSM way has no bridge tag","city_id":"kyoto_arashiyama","data_class":"REAL","geometry_status":"SOURCE_TRACEABLE_REAL","layer":null,"layer_reason":"OSM way has no layer tag","level":null,"level_reason":"OSM way has no level tag","lineage":["OpenStreetMap way and original node IDs","fixed-time bounded Overpass response retained as exact bytes","consecutive source-node segmentation; no crossing-node invention"],"revision_id":"osm-2026-08-29-v1","source_class":"VGI","source_feature_id":"way/105187074#segment/26","source_id":"openstreetmap-overpass-arashiyama-20260829","stable_feature_id":"kyoto-arashiyama:osm-way-000105187074:nodes-007273598742-007273598743","tunnel":"UNKNOWN","tunnel_reason":"OSM way has no tunnel tag"},"type":"Feature"},{"geometry":{"coordinates":[[135.6748114,35.0088531],[135.6748793,35.0088922]],"type":"LineString"},"id":"kyoto-arashiyama:osm-way-000105187074:nodes-007273598744-007273598745","properties":{"artifact_id":"arashiyama-osm-corridor-v1","bridge":"UNKNOWN","bridge_reason":"OSM way has no bridge tag","city_id":"kyoto_arashiyama","data_class":"REAL","geometry_status":"SOURCE_TRACEABLE_REAL","layer":null,"layer_reason":"OSM way has no layer tag","level":null,"level_reason":"OSM way has no level tag","lineage":["OpenStreetMap way and original node IDs","fixed-time bounded Overpass response retained as exact bytes","consecutive source-node segmentation; no crossing-node invention"],"revision_id":"osm-2026-08-29-v1","source_class":"VGI","source_feature_id":"way/105187074#segment/30","source_id":"openstreetmap-overpass-arashiyama-20260829","stable_feature_id":"kyoto-arashiyama:osm-way-000105187074:nodes-007273598744-007273598745","tunnel":"UNKNOWN","tunnel_reason":"OSM way has no tunnel tag"},"type":"Feature"},{"geometry":{"coordinates":[[135.6778039,35.0137776],[135.6778518,35.0136547]],"type":"LineString"},"id":"kyoto-arashiyama:osm-way-000105574207:nodes-000243776548-003022373777","properties":{"artifact_id":"arashiyama-osm-corridor-v1","bridge":"UNKNOWN","bridge_reason":"OSM way has no bridge tag","city_id":"kyoto_arashiyama","data_class":"REAL","geometry_status":"SOURCE_TRACEABLE_REAL","layer":null,"layer_reason":"OSM way has no layer tag","level":null,"level_reason":"OSM way has no level tag","lineage":["OpenStreetMap way and original node IDs","fixed-time bounded Overpass response retained as exact bytes","consecutive source-node segmentation; no crossing-node invention"],"revision_id":"osm-2026-08-29-v1","source_class":"VGI","source_feature_id":"way/105574207#segment/25","source_id":"openstreetmap-overpass-arashiyama-20260829","stable_feature_id":"kyoto-arashiyama:osm-way-000105574207:nodes-000243776548-003022373777","tunnel":"UNKNOWN","tunnel_reason":"OSM way has no tunnel tag"},"type":"Feature"},{"geometry":{"coordinates":[[135.6775657,35.0145151],[135.6776293,35.0143436]],"type":"LineString"},"id":"kyoto-arashiyama:osm-way-000105574207:nodes-001332356133-001332356340","properties":{"artifact_id":"arashiyama-osm-corridor-v1","bridge":"UNKNOWN","bridge_reason":"OSM way has no bridge tag","city_id":"kyoto_arashiyama","data_class":"REAL","geometry_status":"SOURCE_TRACEABLE_REAL","layer":null,"layer_reason":"OSM way has no layer tag","level":null,"level_reason":"OSM way has no level tag","lineage":["OpenStreetMap way and original node IDs","fixed-time bounded Overpass response retained as exact bytes","consecutive source-node segmentation; no crossing-node invention"],"revision_id":"osm-2026-08-29-v1","source_class":"VGI","source_feature_id":"way/105574207#segment/22","source_id":"openstreetmap-overpass-arashiyama-20260829","stable_feature_id":"kyoto-arashiyama:osm-way-000105574207:nodes-001332356133-001332356340","tunnel":"UNKNOWN","tunnel_reason":"OSM way has no tunnel tag"},"type":"Feature"},{"geometry":{"coordinates":[[135.6775101,35.0146677],[135.6775657,35.0145151]],"type":"LineString"},"id":"kyoto-arashiyama:osm-way-000105574207:nodes-001332356133-003255952714","properties":{"artifact_id":"arashiyama-osm-corridor-v1","bridge":"UNKNOWN","bridge_reason":"OSM way has no bridge tag","city_id":"kyoto_arashiyama","data_class":"REAL","geometry_status":"SOURCE_TRACEABLE_REAL","layer":null,"layer_reason":"OSM way has no layer tag","level":null,"level_reason":"OSM way has no level tag","lineage":["OpenStreetMap way and original node IDs","fixed-time bounded Overpass response retained as exact bytes","consecutive source-node segmentation; no crossing-node invention"],"revision_id":"osm-2026-08-29-v1","source_class":"VGI","source_feature_id":"way/105574207#segment/21","source_id":"openstreetmap-overpass-arashiyama-20260829","stable_feature_id":"kyoto-arashiyama:osm-way-000105574207:nodes-001332356133-003255952714","tunnel":"UNKNOWN","tunnel_reason":"OSM way has no tunnel tag"},"type":"Feature"},{"geometry":{"coordinates":[[135.6776293,35.0143436],[135.6776516,35.01428]],"type":"LineString"},"id":"kyoto-arashiyama:osm-way-000105574207:nodes-001332356340-002835031333","properties":{"artifact_id":"arashiyama-osm-corridor-v1","bridge":"UNKNOWN","bridge_reason":"OSM way has no bridge tag","city_id":"kyoto_arashiyama","data_class":"REAL","geometry_status":"SOURCE_TRACEABLE_REAL","layer":null,"layer_reason":"OSM way has no layer tag","level":null,"level_reason":"OSM way has no level tag","lineage":["OpenStreetMap way and original node IDs","fixed-time bounded Overpass response retained as exact bytes","consecutive source-node segmentation; no crossing-node invention"],"revision_id":"osm-2026-08-29-v1","source_class":"VGI","source_feature_id":"way/105574207#segment/23","source_id":"openstreetmap-overpass-arashiyama-20260829","stable_feature_id":"kyoto-arashiyama:osm-way-000105574207:nodes-001332356340-002835031333","tunnel":"UNKNOWN","tunnel_reason":"OSM way has no tunnel tag"},"type":"Feature"},{"geometry":{"coordinates":[[135.6776516,35.01428],[135.6778039,35.0137776]],"type":"LineString"},"id":"kyoto-arashiyama:osm-way-000105574207:nodes-002835031333-003022373777","properties":{"artifact_id":"arashiyama-osm-corridor-v1","bridge":"UNKNOWN","bridge_reason":"OSM way has no bridge tag","city_id":"kyoto_arashiyama","data_class":"REAL","geometry_status":"SOURCE_TRACEABLE_REAL","layer":null,"layer_reason":"OSM way has no layer tag","level":null,"level_reason":"OSM way has no level tag","lineage":["OpenStreetMap way and original node IDs","fixed-time bounded Overpass response retained as exact bytes","consecutive source-node segmentation; no crossing-node invention"],"revision_id":"osm-2026-08-29-v1","source_class":"VGI","source_feature_id":"way/105574207#segment/24","source_id":"openstreetmap-overpass-arashiyama-20260829","stable_feature_id":"kyoto-arashiyama:osm-way-000105574207:nodes-002835031333-003022373777","tunnel":"UNKNOWN","tunnel_reason":"OSM way has no tunnel tag"},"type":"Feature"},{"geometry":{"coordinates":[[135.6773905,35.0150381],[135.6775101,35.0146677]],"type":"LineString"},"id":"kyoto-arashiyama:osm-way-000105574207:nodes-003022373778-003255952714","properties":{"artifact_id":"arashiyama-osm-corridor-v1","bridge":"UNKNOWN","bridge_reason":"OSM way has no bridge tag","city_id":"kyoto_arashiyama","data_class":"REAL","geometry_status":"SOURCE_TRACEABLE_REAL","layer":null,"layer_reason":"OSM way has no layer tag","level":null,"level_reason":"OSM way has no level tag","lineage":["OpenStreetMap way and original node IDs","fixed-time bounded Overpass response retained as exact bytes","consecutive source-node segmentation; no crossing-node invention"],"revision_id":"osm-2026-08-29-v1","source_class":"VGI","source_feature_id":"way/105574207#segment/20","source_id":"openstreetmap-overpass-arashiyama-20260829","stable_feature_id":"kyoto-arashiyama:osm-way-000105574207:nodes-003022373778-003255952714","tunnel":"UNKNOWN","tunnel_reason":"OSM way has no tunnel tag"},"type":"Feature"},{"geometry":{"coordinates":[[135.6752287,35.0146646],[135.6756314,35.0146879]],"type":"LineString"},"id":"kyoto-arashiyama:osm-way-000105574210:nodes-000736396179-002854305150","properties":{"artifact_id":"arashiyama-osm-corridor-v1","bridge":"UNKNOWN","bridge_reason":"OSM way has no bridge tag","city_id":"kyoto_arashiyama","data_class":"REAL","geometry_status":"SOURCE_TRACEABLE_REAL","layer":null,"layer_reason":"OSM way has no layer tag","level":null,"level_reason":"OSM way has no level tag","lineage":["OpenStreetMap way and original node IDs","fixed-time bounded Overpass response retained as exact bytes","consecutive source-node segmentation; no crossing-node invention"],"revision_id":"osm-2026-08-29-v1","source_class":"VGI","source_feature_id":"way/105574210#segment/1","source_id":"openstreetmap-overpass-arashiyama-20260829","stable_feature_id":"kyoto-arashiyama:osm-way-000105574210:nodes-000736396179-002854305150","tunnel":"UNKNOWN","tunnel_reason":"OSM way has no tunnel tag"},"type":"Feature"},{"geometry":{"coordinates":[[135.6750607,35.0146845],[135.6752287,35.0146646]],"type":"LineString"},"id":"kyoto-arashiyama:osm-way-000105574210:nodes-001332356112-002854305150","properties":{"artifact_id":"arashiyama-osm-corridor-v1","bridge":"UNKNOWN","bridge_reason":"OSM way has no bridge tag","city_id":"kyoto_arashiyama","data_class":"REAL","geometry_status":"SOURCE_TRACEABLE_REAL","layer":null,"layer_reason":"OSM way has no layer tag","level":null,"level_reason":"OSM way has no level tag","lineage":["OpenStreetMap way and original node IDs","fixed-time bounded Overpass response retained as exact bytes","consecutive source-node segmentation; no crossing-node invention"],"revision_id":"osm-2026-08-29-v1","source_class":"VGI","source_feature_id":"way/105574210#segment/0","source_id":"openstreetmap-overpass-arashiyama-20260829","stable_feature_id":"kyoto-arashiyama:osm-way-000105574210:nodes-001332356112-002854305150","tunnel":"UNKNOWN","tunnel_reason":"OSM way has no tunnel tag"},"type":"Feature"},{"geometry":{"coordinates":[[135.6756496,35.0144654],[135.6756314,35.0146879]],"type":"LineString"},"id":"kyoto-arashiyama:osm-way-000118456904:nodes-000736396179-001332356190","properties":{"artifact_id":"arashiyama-osm-corridor-v1","bridge":"UNKNOWN","bridge_reason":"OSM way has no bridge tag","city_id":"kyoto_arashiyama","data_class":"REAL","geometry_status":"SOURCE_TRACEABLE_REAL","layer":null,"layer_reason":"OSM way has no layer tag","level":null,"level_reason":"OSM way has no level tag","lineage":["OpenStreetMap way and original node IDs","fixed-time bounded Overpass response retained as exact bytes","consecutive source-node segmentation; no crossing-node invention"],"revision_id":"osm-2026-08-29-v1","source_class":"VGI","source_feature_id":"way/118456904#segment/1","source_id":"openstreetmap-overpass-arashiyama-20260829","stable_feature_id":"kyoto-arashiyama:osm-way-000118456904:nodes-000736396179-001332356190","tunnel":"UNKNOWN","tunnel_reason":"OSM way has no tunnel tag"},"type":"Feature"},{"geometry":{"coordinates":[[135.6756477,35.0141213],[135.6756496,35.0144654]],"type":"LineString"},"id":"kyoto-arashiyama:osm-way-000118456904:nodes-001332355492-001332356190","properties":{"artifact_id":"arashiyama-osm-corridor-v1","bridge":"UNKNOWN","bridge_reason":"OSM way has no bridge tag","city_id":"kyoto_arashiyama","data_class":"REAL","geometry_status":"SOURCE_TRACEABLE_REAL","layer":null,"layer_reason":"OSM way has no layer tag","level":null,"level_reason":"OSM way has no level tag","lineage":["OpenStreetMap way and original node IDs","fixed-time bounded Overpass response retained as exact bytes","consecutive source-node segmentation; no crossing-node invention"],"revision_id":"osm-2026-08-29-v1","source_class":"VGI","source_feature_id":"way/118456904#segment/0","source_id":"openstreetmap-overpass-arashiyama-20260829","stable_feature_id":"kyoto-arashiyama:osm-way-000118456904:nodes-001332355492-001332356190","tunnel":"UNKNOWN","tunnel_reason":"OSM way has no tunnel tag"},"type":"Feature"},{"geometry":{"coordinates":[[135.6756477,35.0141213],[135.6752759,35.0141101]],"type":"LineString"},"id":"kyoto-arashiyama:osm-way-000118456905:nodes-001332355492-001332355939","properties":{"artifact_id":"arashiyama-osm-corridor-v1","bridge":"UNKNOWN","bridge_reason":"OSM way has no bridge tag","city_id":"kyoto_arashiyama","data_class":"REAL","geometry_status":"SOURCE_TRACEABLE_REAL","layer":null,"layer_reason":"OSM way has no layer tag","level":null,"level_reason":"OSM way has no level tag","lineage":["OpenStreetMap way and original node IDs","fixed-time bounded Overpass response retained as exact bytes","consecutive source-node segmentation; no crossing-node invention"],"revision_id":"osm-2026-08-29-v1","source_class":"VGI","source_feature_id":"way/118456905#segment/6","source_id":"openstreetmap-overpass-arashiyama-20260829","stable_feature_id":"kyoto-arashiyama:osm-way-000118456905:nodes-001332355492-001332355939","tunnel":"UNKNOWN","tunnel_reason":"OSM way has no tunnel tag"},"type":"Feature"},{"geometry":{"coordinates":[[135.6759483,35.0141379],[135.6756477,35.0141213]],"type":"LineString"},"id":"kyoto-arashiyama:osm-way-000118456905:nodes-001332355492-001332356268","properties":{"artifact_id":"arashiyama-osm-corridor-v1","bridge":"UNKNOWN","bridge_reason":"OSM way has no bridge tag","city_id":"kyoto_arashiyama","data_class":"REAL","geometry_status":"SOURCE_TRACEABLE_REAL","layer":null,"layer_reason":"OSM way has no layer tag","level":null,"level_reason":"OSM way has no level tag","lineage":["OpenStreetMap way and original node IDs","fixed-time bounded Overpass response retained as exact bytes","consecutive source-node segmentation; no crossing-node invention"],"revision_id":"osm-2026-08-29-v1","source_class":"VGI","source_feature_id":"way/118456905#segment/5","source_id":"openstreetmap-overpass-arashiyama-20260829","stable_feature_id":"kyoto-arashiyama:osm-way-000118456905:nodes-001332355492-001332356268","tunnel":"UNKNOWN","tunnel_reason":"OSM way has no tunnel tag"},"type":"Feature"},{"geometry":{"coordinates":[[135.6775662,35.0143316],[135.6769896,35.0142628]],"type":"LineString"},"id":"kyoto-arashiyama:osm-way-000118456905:nodes-001332355598-004280313282","properties":{"artifact_id":"arashiyama-osm-corridor-v1","bridge":"UNKNOWN","bridge_reason":"OSM way has no bridge tag","city_id":"kyoto_arashiyama","data_class":"REAL","geometry_status":"SOURCE_TRACEABLE_REAL","layer":null,"layer_reason":"OSM way has no layer tag","level":null,"level_reason":"OSM way has no level tag","lineage":["OpenStreetMap way and original node IDs","fixed-time bounded Overpass response retained as exact bytes","consecutive source-node segmentation; no crossing-node invention"],"revision_id":"osm-2026-08-29-v1","source_class":"VGI","source_feature_id":"way/118456905#segment/1","source_id":"openstreetmap-overpass-arashiyama-20260829","stable_feature_id":"kyoto-arashiyama:osm-way-000118456905:nodes-001332355598-004280313282","tunnel":"UNKNOWN","tunnel_reason":"OSM way has no tunnel tag"},"type":"Feature"},{"geometry":{"coordinates":[[135.6769896,35.0142628],[135.6767485,35.0142307]],"type":"LineString"},"id":"kyoto-arashiyama:osm-way-000118456905:nodes-001332355598-010698628302","properties":{"artifact_id":"arashiyama-osm-corridor-v1","bridge":"UNKNOWN","bridge_reason":"OSM way has no bridge tag","city_id":"kyoto_arashiyama","data_class":"REAL","geometry_status":"SOURCE_TRACEABLE_REAL","layer":null,"layer_reason":"OSM way has no layer tag","level":null,"level_reason":"OSM way has no level tag","lineage":["OpenStreetMap way and original node IDs","fixed-time bounded Overpass response retained as exact bytes","consecutive source-node segmentation; no crossing-node invention"],"revision_id":"osm-2026-08-29-v1","source_class":"VGI","source_feature_id":"way/118456905#segment/2","source_id":"openstreetmap-overpass-arashiyama-20260829","stable_feature_id":"kyoto-arashiyama:osm-way-000118456905:nodes-001332355598-010698628302","tunnel":"UNKNOWN","tunnel_reason":"OSM way has no tunnel tag"},"type":"Feature"},{"geometry":{"coordinates":[[135.6752759,35.0141101],[135.6752991,35.0138781]],"type":"LineString"},"id":"kyoto-arashiyama:osm-way-000118456905:nodes-001332355939-002854305022","properties":{"artifact_id":"arashiyama-osm-corridor-v1","bridge":"UNKNOWN","bridge_reason":"OSM way has no bridge tag","city_id":"kyoto_arashiyama","data_class":"REAL","geometry_status":"SOURCE_TRACEABLE_REAL","layer":null,"layer_reason":"OSM way has no layer tag","level":null,"level_reason":"OSM way has no level tag","lineage":["OpenStreetMap way and original node IDs","fixed-time bounded Overpass response retained as exact bytes","consecutive source-node segmentation; no crossing-node invention"],"revision_id":"osm-2026-08-29-v1","source_class":"VGI","source_feature_id":"way/118456905#segment/7","source_id":"openstreetmap-overpass-arashiyama-20260829","stable_feature_id":"kyoto-arashiyama:osm-way-000118456905:nodes-001332355939-002854305022","tunnel":"UNKNOWN","tunnel_reason":"OSM way has no tunnel tag"},"type":"Feature"},{"geometry":{"coordinates":[[135.676391,35.0141831],[135.6759483,35.0141379]],"type":"LineString"},"id":"kyoto-arashiyama:osm-way-000118456905:nodes-001332356015-001332356268","properties":{"artifact_id":"arashiyama-osm-corridor-v1","bridge":"UNKNOWN","bridge_reason":"OSM way has no bridge tag","city_id":"kyoto_arashiyama","data_class":"REAL","geometry_status":"SOURCE_TRACEABLE_REAL","layer":null,"layer_reason":"OSM way has no layer tag","level":null,"level_reason":"OSM way has no level tag","lineage":["OpenStreetMap way and original node IDs","fixed-time bounded Overpass response retained as exact bytes","consecutive source-node segmentation; no crossing-node invention"],"revision_id":"osm-2026-08-29-v1","source_class":"VGI","source_feature_id":"way/118456905#segment/4","source_id":"openstreetmap-overpass-arashiyama-20260829","stable_feature_id":"kyoto-arashiyama:osm-way-000118456905:nodes-001332356015-001332356268","tunnel":"UNKNOWN","tunnel_reason":"OSM way has no tunnel tag"},"type":"Feature"},{"geometry":{"coordinates":[[135.6767485,35.0142307],[135.676391,35.0141831]],"type":"LineString"},"id":"kyoto-arashiyama:osm-way-000118456905:nodes-001332356015-010698628302","properties":{"artifact_id":"arashiyama-osm-corridor-v1","bridge":"UNKNOWN","bridge_reason":"OSM way has no bridge tag","city_id":"kyoto_arashiyama","data_class":"REAL","geometry_status":"SOURCE_TRACEABLE_REAL","layer":null,"layer_reason":"OSM way has no layer tag","level":null,"level_reason":"OSM way has no level tag","lineage":["OpenStreetMap way and original node IDs","fixed-time bounded Overpass response retained as exact bytes","consecutive source-node segmentation; no crossing-node invention"],"revision_id":"osm-2026-08-29-v1","source_class":"VGI","source_feature_id":"way/118456905#segment/3","source_id":"openstreetmap-overpass-arashiyama-20260829","stable_feature_id":"kyoto-arashiyama:osm-way-000118456905:nodes-001332356015-010698628302","tunnel":"UNKNOWN","tunnel_reason":"OSM way has no tunnel tag"},"type":"Feature"},{"geometry":{"coordinates":[[135.6776293,35.0143436],[135.6775662,35.0143316]],"type":"LineString"},"id":"kyoto-arashiyama:osm-way-000118456905:nodes-001332356340-004280313282","properties":{"artifact_id":"arashiyama-osm-corridor-v1","bridge":"UNKNOWN","bridge_reason":"OSM way has no bridge tag","city_id":"kyoto_arashiyama","data_class":"REAL","geometry_status":"SOURCE_TRACEABLE_REAL","layer":null,"layer_reason":"OSM way has no layer tag","level":null,"level_reason":"OSM way has no level tag","lineage":["OpenStreetMap way and original node IDs","fixed-time bounded Overpass response retained as exact bytes","consecutive source-node segmentation; no crossing-node invention"],"revision_id":"osm-2026-08-29-v1","source_class":"VGI","source_feature_id":"way/118456905#segment/0","source_id":"openstreetmap-overpass-arashiyama-20260829","stable_feature_id":"kyoto-arashiyama:osm-way-000118456905:nodes-001332356340-004280313282","tunnel":"UNKNOWN","tunnel_reason":"OSM way has no tunnel tag"},"type":"Feature"},{"geometry":{"coordinates":[[135.6784268,35.0149078],[135.67847,35.0147849]],"type":"LineString"},"id":"kyoto-arashiyama:osm-way-000118456916:nodes-001332355511-001332356286","properties":{"artifact_id":"arashiyama-osm-corridor-v1","bridge":"UNKNOWN","bridge_reason":"OSM way has no bridge tag","city_id":"kyoto_arashiyama","data_class":"REAL","geometry_status":"SOURCE_TRACEABLE_REAL","layer":null,"layer_reason":"OSM way has no layer tag","level":null,"level_reason":"OSM way has no level tag","lineage":["OpenStreetMap way and original node IDs","fixed-time bounded Overpass response retained as exact bytes","consecutive source-node segmentation; no crossing-node invention"],"revision_id":"osm-2026-08-29-v1","source_class":"VGI","source_feature_id":"way/118456916#segment/7","source_id":"openstreetmap-overpass-arashiyama-20260829","stable_feature_id":"kyoto-arashiyama:osm-way-000118456916:nodes-001332355511-001332356286","tunnel":"UNKNOWN","tunnel_reason":"OSM way has no tunnel tag"},"type":"Feature"},{"geometry":{"coordinates":[[135.67847,35.0147849],[135.6784919,35.0145947]],"type":"LineString"},"id":"kyoto-arashiyama:osm-way-000118456916:nodes-001332355511-002835031378","properties":{"artifact_id":"arashiyama-osm-corridor-v1","bridge":"UNKNOWN","bridge_reason":"OSM way has no bridge tag","city_id":"kyoto_arashiyama","data_class":"REAL","geometry_status":"SOURCE_TRACEABLE_REAL","layer":null,"layer_reason":"OSM way has no layer tag","level":null,"level_reason":"OSM way has no level tag","lineage":["OpenStreetMap way and original node IDs","fixed-time bounded Overpass response retained as exact bytes","consecutive source-node segmentation; no crossing-node invention"],"revision_id":"osm-2026-08-29-v1","source_class":"VGI","source_feature_id":"way/118456916#segment/8","source_id":"openstreetmap-overpass-arashiyama-20260829","stable_feature_id":"kyoto-arashiyama:osm-way-000118456916:nodes-001332355511-002835031378","tunnel":"UNKNOWN","tunnel_reason":"OSM way has no tunnel tag"},"type":"Feature"},{"geometry":{"coordinates":[[135.6780807,35.0143798],[135.6780388,35.0145008]],"type":"LineString"},"id":"kyoto-arashiyama:osm-way-000118456916:nodes-001332355713-001332356206","properties":{"artifact_id":"arashiyama-osm-corridor-v1","bridge":"UNKNOWN","bridge_reason":"OSM way has no bridge tag","city_id":"kyoto_arashiyama","data_class":"REAL","geometry_status":"SOURCE_TRACEABLE_REAL","layer":null,"layer_reason":"OSM way has no layer tag","level":null,"level_reason":"OSM way has no level tag","lineage":["OpenStreetMap way and original node IDs","fixed-time bounded Overpass response retained as exact bytes","consecutive source-node segmentation; no crossing-node invention"],"revision_id":"osm-2026-08-29-v1","source_class":"VGI","source_feature_id":"way/118456916#segment/2","source_id":"openstreetmap-overpass-arashiyama-20260829","stable_feature_id":"kyoto-arashiyama:osm-way-000118456916:nodes-001332355713-001332356206","tunnel":"UNKNOWN","tunnel_reason":"OSM way has no tunnel tag"},"type":"Feature"},{"geometry":{"coordinates":[[135.6776973,35.0142888],[135.6780807,35.0143798]],"type":"LineString"},"id":"kyoto-arashiyama:osm-way-000118456916:nodes-001332355713-004280313280","properties":{"artifact_id":"arashiyama-osm-corridor-v1","bridge":"UNKNOWN","bridge_reason":"OSM way has no bridge tag","city_id":"kyoto_arashiyama","data_class":"REAL","geometry_status":"SOURCE_TRACEABLE_REAL","layer":null,"layer_reason":"OSM way has no layer tag","level":null,"level_reason":"OSM way has no level tag","lineage":["OpenStreetMap way and original node IDs","fixed-time bounded Overpass response retained as exact bytes","consecutive source-node segmentation; no crossing-node invention"],"revision_id":"osm-2026-08-29-v1","source_class":"VGI","source_feature_id":"way/118456916#segment/1","source_id":"openstreetmap-overpass-arashiyama-20260829","stable_feature_id":"kyoto-arashiyama:osm-way-000118456916:nodes-001332355713-004280313280","tunnel":"UNKNOWN","tunnel_reason":"OSM way has no tunnel tag"},"type":"Feature"},{"geometry":{"coordinates":[[135.6784494,35.0145545],[135.6780388,35.0145008]],"type":"LineString"},"id":"kyoto-arashiyama:osm-way-000118456916:nodes-001332355953-001332356206","properties":{"artifact_id":"arashiyama-osm-corridor-v1","bridge":"UNKNOWN","bridge_reason":"OSM way has no bridge tag","city_id":"kyoto_arashiyama","data_class":"REAL","geometry_status":"SOURCE_TRACEABLE_REAL","layer":null,"layer_reason":"OSM way has no layer tag","level":null,"level_reason":"OSM way has no level tag","lineage":["OpenStreetMap way and original node IDs","fixed-time bounded Overpass response retained as exact bytes","consecutive source-node segmentation; no crossing-node invention"],"revision_id":"osm-2026-08-29-v1","source_class":"VGI","source_feature_id":"way/118456916#segment/10","source_id":"openstreetmap-overpass-arashiyama-20260829","stable_feature_id":"kyoto-arashiyama:osm-way-000118456916:nodes-001332355953-001332356206","tunnel":"UNKNOWN","tunnel_reason":"OSM way has no tunnel tag"},"type":"Feature"},{"geometry":{"coordinates":[[135.6784919,35.0145947],[135.6784494,35.0145545]],"type":"LineString"},"id":"kyoto-arashiyama:osm-way-000118456916:nodes-001332355953-002835031378","properties":{"artifact_id":"arashiyama-osm-corridor-v1","bridge":"UNKNOWN","bridge_reason":"OSM way has no bridge tag","city_id":"kyoto_arashiyama","data_class":"REAL","geometry_status":"SOURCE_TRACEABLE_REAL","layer":null,"layer_reason":"OSM way has no layer tag","level":null,"level_reason":"OSM way has no level tag","lineage":["OpenStreetMap way and original node IDs","fixed-time bounded Overpass response retained as exact bytes","consecutive source-node segmentation; no crossing-node invention"],"revision_id":"osm-2026-08-29-v1","source_class":"VGI","source_feature_id":"way/118456916#segment/9","source_id":"openstreetmap-overpass-arashiyama-20260829","stable_feature_id":"kyoto-arashiyama:osm-way-000118456916:nodes-001332355953-002835031378","tunnel":"UNKNOWN","tunnel_reason":"OSM way has no tunnel tag"},"type":"Feature"},{"geometry":{"coordinates":[[135.6779936,35.0146115],[135.6779298,35.0148038]],"type":"LineString"},"id":"kyoto-arashiyama:osm-way-000118456916:nodes-001332356031-001332356394","properties":{"artifact_id":"arashiyama-osm-corridor-v1","bridge":"UNKNOWN","bridge_reason":"OSM way has no bridge tag","city_id":"kyoto_arashiyama","data_class":"REAL","geometry_status":"SOURCE_TRACEABLE_REAL","layer":null,"layer_reason":"OSM way has no layer tag","level":null,"level_reason":"OSM way has no level tag","lineage":["OpenStreetMap way and original node IDs","fixed-time bounded Overpass response retained as exact bytes","consecutive source-node segmentation; no crossing-node invention"],"revision_id":"osm-2026-08-29-v1","source_class":"VGI","source_feature_id":"way/118456916#segment/4","source_id":"openstreetmap-overpass-arashiyama-20260829","stable_feature_id":"kyoto-arashiyama:osm-way-000118456916:nodes-001332356031-001332356394","tunnel":"UNKNOWN","tunnel_reason":"OSM way has no tunnel tag"},"type":"Feature"},{"geometry":{"coordinates":[[135.6779298,35.0148038],[135.6781646,35.0148635]],"type":"LineString"},"id":"kyoto-arashiyama:osm-way-000118456916:nodes-001332356031-002835031425","properties":{"artifact_id":"arashiyama-osm-corridor-v1","bridge":"UNKNOWN","bridge_reason":"OSM way has no bridge tag","city_id":"kyoto_arashiyama","data_class":"REAL","geometry_status":"SOURCE_TRACEABLE_REAL","layer":null,"layer_reason":"OSM way has no layer tag","level":null,"level_reason":"OSM way has no level tag","lineage":["OpenStreetMap way and original node IDs","fixed-time bounded Overpass response retained as exact bytes","consecutive source-node segmentation; no crossing-node invention"],"revision_id":"osm-2026-08-29-v1","source_class":"VGI","source_feature_id":"way/118456916#segment/5","source_id":"openstreetmap-overpass-arashiyama-20260829","stable_feature_id":"kyoto-arashiyama:osm-way-000118456916:nodes-001332356031-002835031425","tunnel":"UNKNOWN","tunnel_reason":"OSM way has no tunnel tag"},"type":"Feature"},{"geometry":{"coordinates":[[135.6780388,35.0145008],[135.6779936,35.0146115]],"type":"LineString"},"id":"kyoto-arashiyama:osm-way-000118456916:nodes-001332356206-001332356394","properties":{"artifact_id":"arashiyama-osm-corridor-v1","bridge":"UNKNOWN","bridge_reason":"OSM way has no bridge tag","city_id":"kyoto_arashiyama","data_class":"REAL","geometry_status":"SOURCE_TRACEABLE_REAL","layer":null,"layer_reason":"OSM way has no layer tag","level":null,"level_reason":"OSM way has no level tag","lineage":["OpenStreetMap way and original node IDs","fixed-time bounded Overpass response retained as exact bytes","consecutive source-node segmentation; no crossing-node invention"],"revision_id":"osm-2026-08-29-v1","source_class":"VGI","source_feature_id":"way/118456916#segment/3","source_id":"openstreetmap-overpass-arashiyama-20260829","stable_feature_id":"kyoto-arashiyama:osm-way-000118456916:nodes-001332356206-001332356394","tunnel":"UNKNOWN","tunnel_reason":"OSM way has no tunnel tag"},"type":"Feature"},{"geometry":{"coordinates":[[135.6781646,35.0148635],[135.6784268,35.0149078]],"type":"LineString"},"id":"kyoto-arashiyama:osm-way-000118456916:nodes-001332356286-002835031425","properties":{"artifact_id":"arashiyama-osm-corridor-v1","bridge":"UNKNOWN","bridge_reason":"OSM way has no bridge tag","city_id":"kyoto_arashiyama","data_class":"REAL","geometry_status":"SOURCE_TRACEABLE_REAL","layer":null,"layer_reason":"OSM way has no layer tag","level":null,"level_reason":"OSM way has no level tag","lineage":["OpenStreetMap way and original node IDs","fixed-time bounded Overpass response retained as exact bytes","consecutive source-node segmentation; no crossing-node invention"],"revision_id":"osm-2026-08-29-v1","source_class":"VGI","source_feature_id":"way/118456916#segment/6","source_id":"openstreetmap-overpass-arashiyama-20260829","stable_feature_id":"kyoto-arashiyama:osm-way-000118456916:nodes-001332356286-002835031425","tunnel":"UNKNOWN","tunnel_reason":"OSM way has no tunnel tag"},"type":"Feature"},{"geometry":{"coordinates":[[135.6776516,35.01428],[135.6776973,35.0142888]],"type":"LineString"},"id":"kyoto-arashiyama:osm-way-000118456916:nodes-002835031333-004280313280","properties":{"artifact_id":"arashiyama-osm-corridor-v1","bridge":"UNKNOWN","bridge_reason":"OSM way has no bridge tag","city_id":"kyoto_arashiyama","data_class":"REAL","geometry_status":"SOURCE_TRACEABLE_REAL","layer":null,"layer_reason":"OSM way has no layer tag","level":null,"level_reason":"OSM way has no level tag","lineage":["OpenStreetMap way and original node IDs","fixed-time bounded Overpass response retained as exact bytes","consecutive source-node segmentation; no crossing-node invention"],"revision_id":"osm-2026-08-29-v1","source_class":"VGI","source_feature_id":"way/118456916#segment/0","source_id":"openstreetmap-overpass-arashiyama-20260829","stable_feature_id":"kyoto-arashiyama:osm-way-000118456916:nodes-002835031333-004280313280","tunnel":"UNKNOWN","tunnel_reason":"OSM way has no tunnel tag"},"type":"Feature"},{"geometry":{"coordinates":[[135.6764793,35.0135046],[135.676391,35.0141831]],"type":"LineString"},"id":"kyoto-arashiyama:osm-way-000118456922:nodes-001332356015-010698690515","properties":{"artifact_id":"arashiyama-osm-corridor-v1","bridge":"UNKNOWN","bridge_reason":"OSM way has no bridge tag","city_id":"kyoto_arashiyama","data_class":"REAL","geometry_status":"SOURCE_TRACEABLE_REAL","layer":null,"layer_reason":"OSM way has no layer tag","level":null,"level_reason":"OSM way has no level tag","lineage":["OpenStreetMap way and original node IDs","fixed-time bounded Overpass response retained as exact bytes","consecutive source-node segmentation; no crossing-node invention"],"revision_id":"osm-2026-08-29-v1","source_class":"VGI","source_feature_id":"way/118456922#segment/1","source_id":"openstreetmap-overpass-arashiyama-20260829","stable_feature_id":"kyoto-arashiyama:osm-way-000118456922:nodes-001332356015-010698690515","tunnel":"UNKNOWN","tunnel_reason":"OSM way has no tunnel tag"},"type":"Feature"},{"geometry":{"coordinates":[[135.6764842,35.0134673],[135.6764793,35.0135046]],"type":"LineString"},"id":"kyoto-arashiyama:osm-way-000118456922:nodes-001332356080-010698690515","properties":{"artifact_id":"arashiyama-osm-corridor-v1","bridge":"UNKNOWN","bridge_reason":"OSM way has no bridge tag","city_id":"kyoto_arashiyama","data_class":"REAL","geometry_status":"SOURCE_TRACEABLE_REAL","layer":null,"layer_reason":"OSM way has no layer tag","level":null,"level_reason":"OSM way has no level tag","lineage":["OpenStreetMap way and original node IDs","fixed-time bounded Overpass response retained as exact bytes","consecutive source-node segmentation; no crossing-node invention"],"revision_id":"osm-2026-08-29-v1","source_class":"VGI","source_feature_id":"way/118456922#segment/0","source_id":"openstreetmap-overpass-arashiyama-20260829","stable_feature_id":"kyoto-arashiyama:osm-way-000118456922:nodes-001332356080-010698690515","tunnel":"UNKNOWN","tunnel_reason":"OSM way has no tunnel tag"},"type":"Feature"},{"geometry":{"coordinates":[[135.6750469,35.0142666],[135.6750607,35.0146845]],"type":"LineString"},"id":"kyoto-arashiyama:osm-way-000118456927:nodes-001332356112-003255952531","properties":{"artifact_id":"arashiyama-osm-corridor-v1","bridge":"UNKNOWN","bridge_reason":"OSM way has no bridge tag","city_id":"kyoto_arashiyama","data_class":"REAL","geometry_status":"SOURCE_TRACEABLE_REAL","layer":null,"layer_reason":"OSM way has no layer tag","level":null,"level_reason":"OSM way has no level tag","lineage":["OpenStreetMap way and original node IDs","fixed-time bounded Overpass response retained as exact bytes","consecutive source-node segmentation; no crossing-node invention"],"revision_id":"osm-2026-08-29-v1","source_class":"VGI","source_feature_id":"way/118456927#segment/3","source_id":"openstreetmap-overpass-arashiyama-20260829","stable_feature_id":"kyoto-arashiyama:osm-way-000118456927:nodes-001332356112-003255952531","tunnel":"UNKNOWN","tunnel_reason":"OSM way has no tunnel tag"},"type":"Feature"},{"geometry":{"coordinates":[[135.6750367,35.0142608],[135.6750469,35.0142666]],"type":"LineString"},"id":"kyoto-arashiyama:osm-way-000118456927:nodes-001332356436-003255952531","properties":{"artifact_id":"arashiyama-osm-corridor-v1","bridge":"UNKNOWN","bridge_reason":"OSM way has no bridge tag","city_id":"kyoto_arashiyama","data_class":"REAL","geometry_status":"SOURCE_TRACEABLE_REAL","layer":null,"layer_reason":"OSM way has no layer tag","level":null,"level_reason":"OSM way has no level tag","lineage":["OpenStreetMap way and original node IDs","fixed-time bounded Overpass response retained as exact bytes","consecutive source-node segmentation; no crossing-node invention"],"revision_id":"osm-2026-08-29-v1","source_class":"VGI","source_feature_id":"way/118456927#segment/2","source_id":"openstreetmap-overpass-arashiyama-20260829","stable_feature_id":"kyoto-arashiyama:osm-way-000118456927:nodes-001332356436-003255952531","tunnel":"UNKNOWN","tunnel_reason":"OSM way has no tunnel tag"},"type":"Feature"},{"geometry":{"coordinates":[[135.6763553,35.0144894],[135.676391,35.0141831]],"type":"LineString"},"id":"kyoto-arashiyama:osm-way-000118456959:nodes-001332356015-003255952673","properties":{"artifact_id":"arashiyama-osm-corridor-v1","bridge":"UNKNOWN","bridge_reason":"OSM way has no bridge tag","city_id":"kyoto_arashiyama","data_class":"REAL","geometry_status":"SOURCE_TRACEABLE_REAL","layer":null,"layer_reason":"OSM way has no layer tag","level":null,"level_reason":"OSM way has no level tag","lineage":["OpenStreetMap way and original node IDs","fixed-time bounded Overpass response retained as exact bytes","consecutive source-node segmentation; no crossing-node invention"],"revision_id":"osm-2026-08-29-v1","source_class":"VGI","source_feature_id":"way/118456959#segment/2","source_id":"openstreetmap-overpass-arashiyama-20260829","stable_feature_id":"kyoto-arashiyama:osm-way-000118456959:nodes-001332356015-003255952673","tunnel":"UNKNOWN","tunnel_reason":"OSM way has no tunnel tag"},"type":"Feature"},{"geometry":{"coordinates":[[135.6756496,35.0144654],[135.6763518,35.0145195]],"type":"LineString"},"id":"kyoto-arashiyama:osm-way-000118456959:nodes-001332356190-001332356333","properties":{"artifact_id":"arashiyama-osm-corridor-v1","bridge":"UNKNOWN","bridge_reason":"OSM way has no bridge tag","city_id":"kyoto_arashiyama","data_class":"REAL","geometry_status":"SOURCE_TRACEABLE_REAL","layer":null,"layer_reason":"OSM way has no layer tag","level":null,"level_reason":"OSM way has no level tag","lineage":["OpenStreetMap way and original node IDs","fixed-time bounded Overpass response retained as exact bytes","consecutive source-node segmentation; no crossing-node invention"],"revision_id":"osm-2026-08-29-v1","source_class":"VGI","source_feature_id":"way/118456959#segment/0","source_id":"openstreetmap-overpass-arashiyama-20260829","stable_feature_id":"kyoto-arashiyama:osm-way-000118456959:nodes-001332356190-001332356333","tunnel":"UNKNOWN","tunnel_reason":"OSM way has no tunnel tag"},"type":"Feature"},{"geometry":{"coordinates":[[135.6763518,35.0145195],[135.6763553,35.0144894]],"type":"LineString"},"id":"kyoto-arashiyama:osm-way-000118456959:nodes-001332356333-003255952673","properties":{"artifact_id":"arashiyama-osm-corridor-v1","bridge":"UNKNOWN","bridge_reason":"OSM way has no bridge tag","city_id":"kyoto_arashiyama","data_class":"REAL","geometry_status":"SOURCE_TRACEABLE_REAL","layer":null,"layer_reason":"OSM way has no layer tag","level":null,"level_reason":"OSM way has no level tag","lineage":["OpenStreetMap way and original node IDs","fixed-time bounded Overpass response retained as exact bytes","consecutive source-node segmentation; no crossing-node invention"],"revision_id":"osm-2026-08-29-v1","source_class":"VGI","source_feature_id":"way/118456959#segment/1","source_id":"openstreetmap-overpass-arashiyama-20260829","stable_feature_id":"kyoto-arashiyama:osm-way-000118456959:nodes-001332356333-003255952673","tunnel":"UNKNOWN","tunnel_reason":"OSM way has no tunnel tag"},"type":"Feature"},{"geometry":{"coordinates":[[135.6775657,35.0145151],[135.677626,35.0145293]],"type":"LineString"},"id":"kyoto-arashiyama:osm-way-000118457014:nodes-001332356133-004280313285","properties":{"artifact_id":"arashiyama-osm-corridor-v1","bridge":"UNKNOWN","bridge_reason":"OSM way has no bridge tag","city_id":"kyoto_arashiyama","data_class":"REAL","geometry_status":"SOURCE_TRACEABLE_REAL","layer":null,"layer_reason":"OSM way has no layer tag","level":null,"level_reason":"OSM way has no level tag","lineage":["OpenStreetMap way and original node IDs","fixed-time bounded Overpass response retained as exact bytes","consecutive source-node segmentation; no crossing-node invention"],"revision_id":"osm-2026-08-29-v1","source_class":"VGI","source_feature_id":"way/118457014#segment/0","source_id":"openstreetmap-overpass-arashiyama-20260829","stable_feature_id":"kyoto-arashiyama:osm-way-000118457014:nodes-001332356133-004280313285","tunnel":"UNKNOWN","tunnel_reason":"OSM way has no tunnel tag"},"type":"Feature"},{"geometry":{"coordinates":[[135.677626,35.0145293],[135.6779936,35.0146115]],"type":"LineString"},"id":"kyoto-arashiyama:osm-way-000118457014:nodes-001332356394-004280313285","properties":{"artifact_id":"arashiyama-osm-corridor-v1","bridge":"UNKNOWN","bridge_reason":"OSM way has no bridge tag","city_id":"kyoto_arashiyama","data_class":"REAL","geometry_status":"SOURCE_TRACEABLE_REAL","layer":null,"layer_reason":"OSM way has no layer tag","level":null,"level_reason":"OSM way has no level tag","lineage":["OpenStreetMap way and original node IDs","fixed-time bounded Overpass response retained as exact bytes","consecutive source-node segmentation; no crossing-node invention"],"revision_id":"osm-2026-08-29-v1","source_class":"VGI","source_feature_id":"way/118457014#segment/1","source_id":"openstreetmap-overpass-arashiyama-20260829","stable_feature_id":"kyoto-arashiyama:osm-way-000118457014:nodes-001332356394-004280313285","tunnel":"UNKNOWN","tunnel_reason":"OSM way has no tunnel tag"},"type":"Feature"},{"geometry":{"coordinates":[[135.6781785,35.0099203],[135.677666,35.009932]],"type":"LineString"},"id":"kyoto-arashiyama:osm-way-000127608520:nodes-001411953171-001411953174","properties":{"artifact_id":"arashiyama-osm-corridor-v1","bridge":"UNKNOWN","bridge_reason":"OSM way has no bridge tag","city_id":"kyoto_arashiyama","data_class":"REAL","geometry_status":"SOURCE_TRACEABLE_REAL","layer":null,"layer_reason":"OSM way has no layer tag","level":null,"level_reason":"OSM way has no level tag","lineage":["OpenStreetMap way and original node IDs","fixed-time bounded Overpass response retained as exact bytes","consecutive source-node segmentation; no crossing-node invention"],"revision_id":"osm-2026-08-29-v1","source_class":"VGI","source_feature_id":"way/127608520#segment/0","source_id":"openstreetmap-overpass-arashiyama-20260829","stable_feature_id":"kyoto-arashiyama:osm-way-000127608520:nodes-001411953171-001411953174","tunnel":"UNKNOWN","tunnel_reason":"OSM way has no tunnel tag"},"type":"Feature"},{"geometry":{"coordinates":[[135.6781872,35.0093438],[135.6782839,35.0093756]],"type":"LineString"},"id":"kyoto-arashiyama:osm-way-000127608526:nodes-001411953118-001411953121","properties":{"artifact_id":"arashiyama-osm-corridor-v1","bridge":"UNKNOWN","bridge_reason":"OSM way has no bridge tag","city_id":"kyoto_arashiyama","data_class":"REAL","geometry_status":"SOURCE_TRACEABLE_REAL","layer":null,"layer_reason":"OSM way has no layer tag","level":null,"level_reason":"OSM way has no level tag","lineage":["OpenStreetMap way and original node IDs","fixed-time bounded Overpass response retained as exact bytes","consecutive source-node segmentation; no crossing-node invention"],"revision_id":"osm-2026-08-29-v1","source_class":"VGI","source_feature_id":"way/127608526#segment/8","source_id":"openstreetmap-overpass-arashiyama-20260829","stable_feature_id":"kyoto-arashiyama:osm-way-000127608526:nodes-001411953118-001411953121","tunnel":"UNKNOWN","tunnel_reason":"OSM way has no tunnel tag"},"type":"Feature"},{"geometry":{"coordinates":[[135.6780532,35.009374],[135.6781872,35.0093438]],"type":"LineString"},"id":"kyoto-arashiyama:osm-way-000127608526:nodes-001411953118-001411953126","properties":{"artifact_id":"arashiyama-osm-corridor-v1","bridge":"UNKNOWN","bridge_reason":"OSM way has no bridge tag","city_id":"kyoto_arashiyama","data_class":"REAL","geometry_status":"SOURCE_TRACEABLE_REAL","layer":null,"layer_reason":"OSM way has no layer tag","level":null,"level_reason":"OSM way has no level tag","lineage":["OpenStreetMap way and original node IDs","fixed-time bounded Overpass response retained as exact bytes","consecutive source-node segmentation; no crossing-node invention"],"revision_id":"osm-2026-08-29-v1","source_class":"VGI","source_feature_id":"way/127608526#segment/7","source_id":"openstreetmap-overpass-arashiyama-20260829","stable_feature_id":"kyoto-arashiyama:osm-way-000127608526:nodes-001411953118-001411953126","tunnel":"UNKNOWN","tunnel_reason":"OSM way has no tunnel tag"},"type":"Feature"},{"geometry":{"coordinates":[[135.6782839,35.0093756],[135.678336,35.0094203]],"type":"LineString"},"id":"kyoto-arashiyama:osm-way-000127608526:nodes-001411953121-001411953123","properties":{"artifact_id":"arashiyama-osm-corridor-v1","bridge":"UNKNOWN","bridge_reason":"OSM way has no bridge tag","city_id":"kyoto_arashiyama","data_class":"REAL","geometry_status":"SOURCE_TRACEABLE_REAL","layer":null,"layer_reason":"OSM way has no layer tag","level":null,"level_reason":"OSM way has no level tag","lineage":["OpenStreetMap way and original node IDs","fixed-time bounded Overpass response retained as exact bytes","consecutive source-node segmentation; no crossing-node invention"],"revision_id":"osm-2026-08-29-v1","source_class":"VGI","source_feature_id":"way/127608526#segment/9","source_id":"openstreetmap-overpass-arashiyama-20260829","stable_feature_id":"kyoto-arashiyama:osm-way-000127608526:nodes-001411953121-001411953123","tunnel":"UNKNOWN","tunnel_reason":"OSM way has no tunnel tag"},"type":"Feature"},{"geometry":{"coordinates":[[135.678336,35.0094203],[135.678359,35.009455]],"type":"LineString"},"id":"kyoto-arashiyama:osm-way-000127608526:nodes-001411953123-001411953131","properties":{"artifact_id":"arashiyama-osm-corridor-v1","bridge":"UNKNOWN","bridge_reason":"OSM way has no bridge tag","city_id":"kyoto_arashiyama","data_class":"REAL","geometry_status":"SOURCE_TRACEABLE_REAL","layer":null,"layer_reason":"OSM way has no layer tag","level":null,"level_reason":"OSM way has no level tag","lineage":["OpenStreetMap way and original node IDs","fixed-time bounded Overpass response retained as exact bytes","consecutive source-node segmentation; no crossing-node invention"],"revision_id":"osm-2026-08-29-v1","source_class":"VGI","source_feature_id":"way/127608526#segment/10","source_id":"openstreetmap-overpass-arashiyama-20260829","stable_feature_id":"kyoto-arashiyama:osm-way-000127608526:nodes-001411953123-001411953131","tunnel":"UNKNOWN","tunnel_reason":"OSM way has no tunnel tag"},"type":"Feature"},{"geometry":{"coordinates":[[135.6778815,35.0096278],[135.6780532,35.009374]],"type":"LineString"},"id":"kyoto-arashiyama:osm-way-000127608526:nodes-001411953126-001411953143","properties":{"artifact_id":"arashiyama-osm-corridor-v1","bridge":"UNKNOWN","bridge_reason":"OSM way has no bridge tag","city_id":"kyoto_arashiyama","data_class":"REAL","geometry_status":"SOURCE_TRACEABLE_REAL","layer":null,"layer_reason":"OSM way has no layer tag","level":null,"level_reason":"OSM way has no level tag","lineage":["OpenStreetMap way and original node IDs","fixed-time bounded Overpass response retained as exact bytes","consecutive source-node segmentation; no crossing-node invention"],"revision_id":"osm-2026-08-29-v1","source_class":"VGI","source_feature_id":"way/127608526#segment/6","source_id":"openstreetmap-overpass-arashiyama-20260829","stable_feature_id":"kyoto-arashiyama:osm-way-000127608526:nodes-001411953126-001411953143","tunnel":"UNKNOWN","tunnel_reason":"OSM way has no tunnel tag"},"type":"Feature"},{"geometry":{"coordinates":[[135.678359,35.009455],[135.67834,35.009632]],"type":"LineString"},"id":"kyoto-arashiyama:osm-way-000127608526:nodes-001411953131-001411953148","properties":{"artifact_id":"arashiyama-osm-corridor-v1","bridge":"UNKNOWN","bridge_reason":"OSM way has no bridge tag","city_id":"kyoto_arashiyama","data_class":"REAL","geometry_status":"SOURCE_TRACEABLE_REAL","layer":null,"layer_reason":"OSM way has no layer tag","level":null,"level_reason":"OSM way has no level tag","lineage":["OpenStreetMap way and original node IDs","fixed-time bounded Overpass response retained as exact bytes","consecutive source-node segmentation; no crossing-node invention"],"revision_id":"osm-2026-08-29-v1","source_class":"VGI","source_feature_id":"way/127608526#segment/11","source_id":"openstreetmap-overpass-arashiyama-20260829","stable_feature_id":"kyoto-arashiyama:osm-way-000127608526:nodes-001411953131-001411953148","tunnel":"UNKNOWN","tunnel_reason":"OSM way has no tunnel tag"},"type":"Feature"},{"geometry":{"coordinates":[[135.6776738,35.0095985],[135.677643,35.009685]],"type":"LineString"},"id":"kyoto-arashiyama:osm-way-000127608526:nodes-001411953142-001411953155","properties":{"artifact_id":"arashiyama-osm-corridor-v1","bridge":"UNKNOWN","bridge_reason":"OSM way has no bridge tag","city_id":"kyoto_arashiyama","data_class":"REAL","geometry_status":"SOURCE_TRACEABLE_REAL","layer":null,"layer_reason":"OSM way has no layer tag","level":null,"level_reason":"OSM way has no level tag","lineage":["OpenStreetMap way and original node IDs","fixed-time bounded Overpass response retained as exact bytes","consecutive source-node segmentation; no crossing-node invention"],"revision_id":"osm-2026-08-29-v1","source_class":"VGI","source_feature_id":"way/127608526#segment/0","source_id":"openstreetmap-overpass-arashiyama-20260829","stable_feature_id":"kyoto-arashiyama:osm-way-000127608526:nodes-001411953142-001411953155","tunnel":"UNKNOWN","tunnel_reason":"OSM way has no tunnel tag"},"type":"Feature"},{"geometry":{"coordinates":[[135.6777525,35.0098689],[135.6778815,35.0096278]],"type":"LineString"},"id":"kyoto-arashiyama:osm-way-000127608526:nodes-001411953143-001411953163","properties":{"artifact_id":"arashiyama-osm-corridor-v1","bridge":"UNKNOWN","bridge_reason":"OSM way has no bridge tag","city_id":"kyoto_arashiyama","data_class":"REAL","geometry_status":"SOURCE_TRACEABLE_REAL","layer":null,"layer_reason":"OSM way has no layer tag","level":null,"level_reason":"OSM way has no level tag","lineage":["OpenStreetMap way and original node IDs","fixed-time bounded Overpass response retained as exact bytes","consecutive source-node segmentation; no crossing-node invention"],"revision_id":"osm-2026-08-29-v1","source_class":"VGI","source_feature_id":"way/127608526#segment/5","source_id":"openstreetmap-overpass-arashiyama-20260829","stable_feature_id":"kyoto-arashiyama:osm-way-000127608526:nodes-001411953143-001411953163","tunnel":"UNKNOWN","tunnel_reason":"OSM way has no tunnel tag"},"type":"Feature"},{"geometry":{"coordinates":[[135.67834,35.009632],[135.6783479,35.0097098]],"type":"LineString"},"id":"kyoto-arashiyama:osm-way-000127608526:nodes-001411953148-001411953152","properties":{"artifact_id":"arashiyama-osm-corridor-v1","bridge":"UNKNOWN","bridge_reason":"OSM way has no bridge tag","city_id":"kyoto_arashiyama","data_class":"REAL","geometry_status":"SOURCE_TRACEABLE_REAL","layer":null,"layer_reason":"OSM way has no layer tag","level":null,"level_reason":"OSM way has no level tag","lineage":["OpenStreetMap way and original node IDs","fixed-time bounded Overpass response retained as exact bytes","consecutive source-node segmentation; no crossing-node invention"],"revision_id":"osm-2026-08-29-v1","source_class":"VGI","source_feature_id":"way/127608526#segment/12","source_id":"openstreetmap-overpass-arashiyama-20260829","stable_feature_id":"kyoto-arashiyama:osm-way-000127608526:nodes-001411953148-001411953152","tunnel":"UNKNOWN","tunnel_reason":"OSM way has no tunnel tag"},"type":"Feature"},{"geometry":{"coordinates":[[135.6783479,35.0097098],[135.6783728,35.0097799]],"type":"LineString"},"id":"kyoto-arashiyama:osm-way-000127608526:nodes-001411953152-001411953164","properties":{"artifact_id":"arashiyama-osm-corridor-v1","bridge":"UNKNOWN","bridge_reason":"OSM way has no bridge tag","city_id":"kyoto_arashiyama","data_class":"REAL","geometry_status":"SOURCE_TRACEABLE_REAL","layer":null,"layer_reason":"OSM way has no layer tag","level":null,"level_reason":"OSM way has no level tag","lineage":["OpenStreetMap way and original node IDs","fixed-time bounded Overpass response retained as exact bytes","consecutive source-node segmentation; no crossing-node invention"],"revision_id":"osm-2026-08-29-v1","source_class":"VGI","source_feature_id":"way/127608526#segment/13","source_id":"openstreetmap-overpass-arashiyama-20260829","stable_feature_id":"kyoto-arashiyama:osm-way-000127608526:nodes-001411953152-001411953164","tunnel":"UNKNOWN","tunnel_reason":"OSM way has no tunnel tag"},"type":"Feature"},{"geometry":{"coordinates":[[135.677643,35.009685],[135.6776272,35.0097385]],"type":"LineString"},"id":"kyoto-arashiyama:osm-way-000127608526:nodes-001411953155-001411953158","properties":{"artifact_id":"arashiyama-osm-corridor-v1","bridge":"UNKNOWN","bridge_reason":"OSM way has no bridge tag","city_id":"kyoto_arashiyama","data_class":"REAL","geometry_status":"SOURCE_TRACEABLE_REAL","layer":null,"layer_reason":"OSM way has no layer tag","level":null,"level_reason":"OSM way has no level tag","lineage":["OpenStreetMap way and original node IDs","fixed-time bounded Overpass response retained as exact bytes","consecutive source-node segmentation; no crossing-node invention"],"revision_id":"osm-2026-08-29-v1","source_class":"VGI","source_feature_id":"way/127608526#segment/1","source_id":"openstreetmap-overpass-arashiyama-20260829","stable_feature_id":"kyoto-arashiyama:osm-way-000127608526:nodes-001411953155-001411953158","tunnel":"UNKNOWN","tunnel_reason":"OSM way has no tunnel tag"},"type":"Feature"},{"geometry":{"coordinates":[[135.6776272,35.0097385],[135.6776223,35.0097759]],"type":"LineString"},"id":"kyoto-arashiyama:osm-way-000127608526:nodes-001411953158-001411953161","properties":{"artifact_id":"arashiyama-osm-corridor-v1","bridge":"UNKNOWN","bridge_reason":"OSM way has no bridge tag","city_id":"kyoto_arashiyama","data_class":"REAL","geometry_status":"SOURCE_TRACEABLE_REAL","layer":null,"layer_reason":"OSM way has no layer tag","level":null,"level_reason":"OSM way has no level tag","lineage":["OpenStreetMap way and original node IDs","fixed-time bounded Overpass response retained as exact bytes","consecutive source-node segmentation; no crossing-node invention"],"revision_id":"osm-2026-08-29-v1","source_class":"VGI","source_feature_id":"way/127608526#segment/2","source_id":"openstreetmap-overpass-arashiyama-20260829","stable_feature_id":"kyoto-arashiyama:osm-way-000127608526:nodes-001411953158-001411953161","tunnel":"UNKNOWN","tunnel_reason":"OSM way has no tunnel tag"},"type":"Feature"},{"geometry":{"coordinates":[[135.6776223,35.0097759],[135.6776385,35.0097979]],"type":"LineString"},"id":"kyoto-arashiyama:osm-way-000127608526:nodes-001411953161-001411953165","properties":{"artifact_id":"arashiyama-osm-corridor-v1","bridge":"UNKNOWN","bridge_reason":"OSM way has no bridge tag","city_id":"kyoto_arashiyama","data_class":"REAL","geometry_status":"SOURCE_TRACEABLE_REAL","layer":null,"layer_reason":"OSM way has no layer tag","level":null,"level_reason":"OSM way has no level tag","lineage":["OpenStreetMap way and original node IDs","fixed-time bounded Overpass response retained as exact bytes","consecutive source-node segmentation; no crossing-node invention"],"revision_id":"osm-2026-08-29-v1","source_class":"VGI","source_feature_id":"way/127608526#segment/3","source_id":"openstreetmap-overpass-arashiyama-20260829","stable_feature_id":"kyoto-arashiyama:osm-way-000127608526:nodes-001411953161-001411953165","tunnel":"UNKNOWN","tunnel_reason":"OSM way has no tunnel tag"},"type":"Feature"},{"geometry":{"coordinates":[[135.6776385,35.0097979],[135.6777525,35.0098689]],"type":"LineString"},"id":"kyoto-arashiyama:osm-way-000127608526:nodes-001411953163-001411953165","properties":{"artifact_id":"arashiyama-osm-corridor-v1","bridge":"UNKNOWN","bridge_reason":"OSM way has no bridge tag","city_id":"kyoto_arashiyama","data_class":"REAL","geometry_status":"SOURCE_TRACEABLE_REAL","layer":null,"layer_reason":"OSM way has no layer tag","level":null,"level_reason":"OSM way has no level tag","lineage":["OpenStreetMap way and original node IDs","fixed-time bounded Overpass response retained as exact bytes","consecutive source-node segmentation; no crossing-node invention"],"revision_id":"osm-2026-08-29-v1","source_class":"VGI","source_feature_id":"way/127608526#segment/4","source_id":"openstreetmap-overpass-arashiyama-20260829","stable_feature_id":"kyoto-arashiyama:osm-way-000127608526:nodes-001411953163-001411953165","tunnel":"UNKNOWN","tunnel_reason":"OSM way has no tunnel tag"},"type":"Feature"},{"geometry":{"coordinates":[[135.6783728,35.0097799],[135.6784233,35.0098503]],"type":"LineString"},"id":"kyoto-arashiyama:osm-way-000127608526:nodes-001411953164-001411953170","properties":{"artifact_id":"arashiyama-osm-corridor-v1","bridge":"UNKNOWN","bridge_reason":"OSM way has no bridge tag","city_id":"kyoto_arashiyama","data_class":"REAL","geometry_status":"SOURCE_TRACEABLE_REAL","layer":null,"layer_reason":"OSM way has no layer tag","level":null,"level_reason":"OSM way has no level tag","lineage":["OpenStreetMap way and original node IDs","fixed-time bounded Overpass response retained as exact bytes","consecutive source-node segmentation; no crossing-node invention"],"revision_id":"osm-2026-08-29-v1","source_class":"VGI","source_feature_id":"way/127608526#segment/14","source_id":"openstreetmap-overpass-arashiyama-20260829","stable_feature_id":"kyoto-arashiyama:osm-way-000127608526:nodes-001411953164-001411953170","tunnel":"UNKNOWN","tunnel_reason":"OSM way has no tunnel tag"},"type":"Feature"},{"geometry":{"coordinates":[[135.6784233,35.0098503],[135.6784809,35.0099117]],"type":"LineString"},"id":"kyoto-arashiyama:osm-way-000127608526:nodes-001411953170-002200899656","properties":{"artifact_id":"arashiyama-osm-corridor-v1","bridge":"UNKNOWN","bridge_reason":"OSM way has no bridge tag","city_id":"kyoto_arashiyama","data_class":"REAL","geometry_status":"SOURCE_TRACEABLE_REAL","layer":null,"layer_reason":"OSM way has no layer tag","level":null,"level_reason":"OSM way has no level tag","lineage":["OpenStreetMap way and original node IDs","fixed-time bounded Overpass response retained as exact bytes","consecutive source-node segmentation; no crossing-node invention"],"revision_id":"osm-2026-08-29-v1","source_class":"VGI","source_feature_id":"way/127608526#segment/15","source_id":"openstreetmap-overpass-arashiyama-20260829","stable_feature_id":"kyoto-arashiyama:osm-way-000127608526:nodes-001411953170-002200899656","tunnel":"UNKNOWN","tunnel_reason":"OSM way has no tunnel tag"},"type":"Feature"},{"geometry":{"coordinates":[[135.6785355,35.00996],[135.6786363,35.0100476]],"type":"LineString"},"id":"kyoto-arashiyama:osm-way-000127608526:nodes-001411953175-001411953180","properties":{"artifact_id":"arashiyama-osm-corridor-v1","bridge":"UNKNOWN","bridge_reason":"OSM way has no bridge tag","city_id":"kyoto_arashiyama","data_class":"REAL","geometry_status":"SOURCE_TRACEABLE_REAL","layer":null,"layer_reason":"OSM way has no layer tag","level":null,"level_reason":"OSM way has no level tag","lineage":["OpenStreetMap way and original node IDs","fixed-time bounded Overpass response retained as exact bytes","consecutive source-node segmentation; no crossing-node invention"],"revision_id":"osm-2026-08-29-v1","source_class":"VGI","source_feature_id":"way/127608526#segment/17","source_id":"openstreetmap-overpass-arashiyama-20260829","stable_feature_id":"kyoto-arashiyama:osm-way-000127608526:nodes-001411953175-001411953180","tunnel":"UNKNOWN","tunnel_reason":"OSM way has no tunnel tag"},"type":"Feature"},{"geometry":{"coordinates":[[135.6784809,35.0099117],[135.6785355,35.00996]],"type":"LineString"},"id":"kyoto-arashiyama:osm-way-000127608526:nodes-001411953175-002200899656","properties":{"artifact_id":"arashiyama-osm-corridor-v1","bridge":"UNKNOWN","bridge_reason":"OSM way has no bridge tag","city_id":"kyoto_arashiyama","data_class":"REAL","geometry_status":"SOURCE_TRACEABLE_REAL","layer":null,"layer_reason":"OSM way has no layer tag","level":null,"level_reason":"OSM way has no level tag","lineage":["OpenStreetMap way and original node IDs","fixed-time bounded Overpass response retained as exact bytes","consecutive source-node segmentation; no crossing-node invention"],"revision_id":"osm-2026-08-29-v1","source_class":"VGI","source_feature_id":"way/127608526#segment/16","source_id":"openstreetmap-overpass-arashiyama-20260829","stable_feature_id":"kyoto-arashiyama:osm-way-000127608526:nodes-001411953175-002200899656","tunnel":"UNKNOWN","tunnel_reason":"OSM way has no tunnel tag"},"type":"Feature"},{"geometry":{"coordinates":[[135.6786363,35.0100476],[135.678731,35.0101495]],"type":"LineString"},"id":"kyoto-arashiyama:osm-way-000127608526:nodes-001411953180-001411953183","properties":{"artifact_id":"arashiyama-osm-corridor-v1","bridge":"UNKNOWN","bridge_reason":"OSM way has no bridge tag","city_id":"kyoto_arashiyama","data_class":"REAL","geometry_status":"SOURCE_TRACEABLE_REAL","layer":null,"layer_reason":"OSM way has no layer tag","level":null,"level_reason":"OSM way has no level tag","lineage":["OpenStreetMap way and original node IDs","fixed-time bounded Overpass response retained as exact bytes","consecutive source-node segmentation; no crossing-node invention"],"revision_id":"osm-2026-08-29-v1","source_class":"VGI","source_feature_id":"way/127608526#segment/18","source_id":"openstreetmap-overpass-arashiyama-20260829","stable_feature_id":"kyoto-arashiyama:osm-way-000127608526:nodes-001411953180-001411953183","tunnel":"UNKNOWN","tunnel_reason":"OSM way has no tunnel tag"},"type":"Feature"},{"geometry":{"coordinates":[[135.678731,35.0101495],[135.6787791,35.0102209]],"type":"LineString"},"id":"kyoto-arashiyama:osm-way-000127608526:nodes-001411953183-001411953186","properties":{"artifact_id":"arashiyama-osm-corridor-v1","bridge":"UNKNOWN","bridge_reason":"OSM way has no bridge tag","city_id":"kyoto_arashiyama","data_class":"REAL","geometry_status":"SOURCE_TRACEABLE_REAL","layer":null,"layer_reason":"OSM way has no layer tag","level":null,"level_reason":"OSM way has no level tag","lineage":["OpenStreetMap way and original node IDs","fixed-time bounded Overpass response retained as exact bytes","consecutive source-node segmentation; no crossing-node invention"],"revision_id":"osm-2026-08-29-v1","source_class":"VGI","source_feature_id":"way/127608526#segment/19","source_id":"openstreetmap-overpass-arashiyama-20260829","stable_feature_id":"kyoto-arashiyama:osm-way-000127608526:nodes-001411953183-001411953186","tunnel":"UNKNOWN","tunnel_reason":"OSM way has no tunnel tag"},"type":"Feature"},{"geometry":{"coordinates":[[135.677625,35.009121],[135.677298,35.00874]],"type":"LineString"},"id":"kyoto-arashiyama:osm-way-000127608557:nodes-001411953070-001411953096","properties":{"artifact_id":"arashiyama-osm-corridor-v1","bridge":"UNKNOWN","bridge_reason":"OSM way has no bridge tag","city_id":"kyoto_arashiyama","data_class":"REAL","geometry_status":"SOURCE_TRACEABLE_REAL","layer":null,"layer_reason":"OSM way has no layer tag","level":null,"level_reason":"OSM way has no level tag","lineage":["OpenStreetMap way and original node IDs","fixed-time bounded Overpass response retained as exact bytes","consecutive source-node segmentation; no crossing-node invention"],"revision_id":"osm-2026-08-29-v1","source_class":"VGI","source_feature_id":"way/127608557#segment/5","source_id":"openstreetmap-overpass-arashiyama-20260829","stable_feature_id":"kyoto-arashiyama:osm-way-000127608557:nodes-001411953070-001411953096","tunnel":"UNKNOWN","tunnel_reason":"OSM way has no tunnel tag"},"type":"Feature"},{"geometry":{"coordinates":[[135.677709,35.009205],[135.677625,35.009121]],"type":"LineString"},"id":"kyoto-arashiyama:osm-way-000127608557:nodes-001411953096-001411953104","properties":{"artifact_id":"arashiyama-osm-corridor-v1","bridge":"UNKNOWN","bridge_reason":"OSM way has no bridge tag","city_id":"kyoto_arashiyama","data_class":"REAL","geometry_status":"SOURCE_TRACEABLE_REAL","layer":null,"layer_reason":"OSM way has no layer tag","level":null,"level_reason":"OSM way has no level tag","lineage":["OpenStreetMap way and original node IDs","fixed-time bounded Overpass response retained as exact bytes","consecutive source-node segmentation; no crossing-node invention"],"revision_id":"osm-2026-08-29-v1","source_class":"VGI","source_feature_id":"way/127608557#segment/4","source_id":"openstreetmap-overpass-arashiyama-20260829","stable_feature_id":"kyoto-arashiyama:osm-way-000127608557:nodes-001411953096-001411953104","tunnel":"UNKNOWN","tunnel_reason":"OSM way has no tunnel tag"},"type":"Feature"},{"geometry":{"coordinates":[[135.67775,35.009261],[135.677709,35.009205]],"type":"LineString"},"id":"kyoto-arashiyama:osm-way-000127608557:nodes-001411953104-001411953107","properties":{"artifact_id":"arashiyama-osm-corridor-v1","bridge":"UNKNOWN","bridge_reason":"OSM way has no bridge tag","city_id":"kyoto_arashiyama","data_class":"REAL","geometry_status":"SOURCE_TRACEABLE_REAL","layer":null,"layer_reason":"OSM way has no layer tag","level":null,"level_reason":"OSM way has no level tag","lineage":["OpenStreetMap way and original node IDs","fixed-time bounded Overpass response retained as exact bytes","consecutive source-node segmentation; no crossing-node invention"],"revision_id":"osm-2026-08-29-v1","source_class":"VGI","source_feature_id":"way/127608557#segment/3","source_id":"openstreetmap-overpass-arashiyama-20260829","stable_feature_id":"kyoto-arashiyama:osm-way-000127608557:nodes-001411953104-001411953107","tunnel":"UNKNOWN","tunnel_reason":"OSM way has no tunnel tag"},"type":"Feature"},{"geometry":{"coordinates":[[135.677756,35.009299],[135.67775,35.009261]],"type":"LineString"},"id":"kyoto-arashiyama:osm-way-000127608557:nodes-001411953107-001411953112","properties":{"artifact_id":"arashiyama-osm-corridor-v1","bridge":"UNKNOWN","bridge_reason":"OSM way has no bridge tag","city_id":"kyoto_arashiyama","data_class":"REAL","geometry_status":"SOURCE_TRACEABLE_REAL","layer":null,"layer_reason":"OSM way has no layer tag","level":null,"level_reason":"OSM way has no level tag","lineage":["OpenStreetMap way and original node IDs","fixed-time bounded Overpass response retained as exact bytes","consecutive source-node segmentation; no crossing-node invention"],"revision_id":"osm-2026-08-29-v1","source_class":"VGI","source_feature_id":"way/127608557#segment/2","source_id":"openstreetmap-overpass-arashiyama-20260829","stable_feature_id":"kyoto-arashiyama:osm-way-000127608557:nodes-001411953107-001411953112","tunnel":"UNKNOWN","tunnel_reason":"OSM way has no tunnel tag"},"type":"Feature"},{"geometry":{"coordinates":[[135.677744,35.009361],[135.677756,35.009299]],"type":"LineString"},"id":"kyoto-arashiyama:osm-way-000127608557:nodes-001411953112-001411953119","properties":{"artifact_id":"arashiyama-osm-corridor-v1","bridge":"UNKNOWN","bridge_reason":"OSM way has no bridge tag","city_id":"kyoto_arashiyama","data_class":"REAL","geometry_status":"SOURCE_TRACEABLE_REAL","layer":null,"layer_reason":"OSM way has no layer tag","level":null,"level_reason":"OSM way has no level tag","lineage":["OpenStreetMap way and original node IDs","fixed-time bounded Overpass response retained as exact bytes","consecutive source-node segmentation; no crossing-node invention"],"revision_id":"osm-2026-08-29-v1","source_class":"VGI","source_feature_id":"way/127608557#segment/1","source_id":"openstreetmap-overpass-arashiyama-20260829","stable_feature_id":"kyoto-arashiyama:osm-way-000127608557:nodes-001411953112-001411953119","tunnel":"UNKNOWN","tunnel_reason":"OSM way has no tunnel tag"},"type":"Feature"},{"geometry":{"coordinates":[[135.6776738,35.0095985],[135.677744,35.009361]],"type":"LineString"},"id":"kyoto-arashiyama:osm-way-000127608557:nodes-001411953119-001411953142","properties":{"artifact_id":"arashiyama-osm-corridor-v1","bridge":"UNKNOWN","bridge_reason":"OSM way has no bridge tag","city_id":"kyoto_arashiyama","data_class":"REAL","geometry_status":"SOURCE_TRACEABLE_REAL","layer":null,"layer_reason":"OSM way has no layer tag","level":null,"level_reason":"OSM way has no level tag","lineage":["OpenStreetMap way and original node IDs","fixed-time bounded Overpass response retained as exact bytes","consecutive source-node segmentation; no crossing-node invention"],"revision_id":"osm-2026-08-29-v1","source_class":"VGI","source_feature_id":"way/127608557#segment/0","source_id":"openstreetmap-overpass-arashiyama-20260829","stable_feature_id":"kyoto-arashiyama:osm-way-000127608557:nodes-001411953119-001411953142","tunnel":"UNKNOWN","tunnel_reason":"OSM way has no tunnel tag"},"type":"Feature"},{"geometry":{"coordinates":[[135.6796855,35.0101484],[135.6793688,35.0098347]],"type":"LineString"},"id":"kyoto-arashiyama:osm-way-000127639594:nodes-001412234429-001412234481","properties":{"artifact_id":"arashiyama-osm-corridor-v1","bridge":"UNKNOWN","bridge_reason":"OSM way has no bridge tag","city_id":"kyoto_arashiyama","data_class":"REAL","geometry_status":"SOURCE_TRACEABLE_REAL","layer":null,"layer_reason":"OSM way has no layer tag","level":null,"level_reason":"OSM way has no level tag","lineage":["OpenStreetMap way and original node IDs","fixed-time bounded Overpass response retained as exact bytes","consecutive source-node segmentation; no crossing-node invention"],"revision_id":"osm-2026-08-29-v1","source_class":"VGI","source_feature_id":"way/127639594#segment/2","source_id":"openstreetmap-overpass-arashiyama-20260829","stable_feature_id":"kyoto-arashiyama:osm-way-000127639594:nodes-001412234429-001412234481","tunnel":"UNKNOWN","tunnel_reason":"OSM way has no tunnel tag"},"type":"Feature"},{"geometry":{"coordinates":[[135.6789817,35.0104966],[135.6796855,35.0101484]],"type":"LineString"},"id":"kyoto-arashiyama:osm-way-000127639594:nodes-001412234481-001412234525","properties":{"artifact_id":"arashiyama-osm-corridor-v1","bridge":"UNKNOWN","bridge_reason":"OSM way has no bridge tag","city_id":"kyoto_arashiyama","data_class":"REAL","geometry_status":"SOURCE_TRACEABLE_REAL","layer":null,"layer_reason":"OSM way has no layer tag","level":null,"level_reason":"OSM way has no level tag","lineage":["OpenStreetMap way and original node IDs","fixed-time bounded Overpass response retained as exact bytes","consecutive source-node segmentation; no crossing-node invention"],"revision_id":"osm-2026-08-29-v1","source_class":"VGI","source_feature_id":"way/127639594#segment/1","source_id":"openstreetmap-overpass-arashiyama-20260829","stable_feature_id":"kyoto-arashiyama:osm-way-000127639594:nodes-001412234481-001412234525","tunnel":"UNKNOWN","tunnel_reason":"OSM way has no tunnel tag"},"type":"Feature"},{"geometry":{"coordinates":[[135.6787104,35.0102571],[135.6789817,35.0104966]],"type":"LineString"},"id":"kyoto-arashiyama:osm-way-000127639594:nodes-001412234504-001412234525","properties":{"artifact_id":"arashiyama-osm-corridor-v1","bridge":"UNKNOWN","bridge_reason":"OSM way has no bridge tag","city_id":"kyoto_arashiyama","data_class":"REAL","geometry_status":"SOURCE_TRACEABLE_REAL","layer":null,"layer_reason":"OSM way has no layer tag","level":null,"level_reason":"OSM way has no level tag","lineage":["OpenStreetMap way and original node IDs","fixed-time bounded Overpass response retained as exact bytes","consecutive source-node segmentation; no crossing-node invention"],"revision_id":"osm-2026-08-29-v1","source_class":"VGI","source_feature_id":"way/127639594#segment/0","source_id":"openstreetmap-overpass-arashiyama-20260829","stable_feature_id":"kyoto-arashiyama:osm-way-000127639594:nodes-001412234504-001412234525","tunnel":"UNKNOWN","tunnel_reason":"OSM way has no tunnel tag"},"type":"Feature"},{"geometry":{"coordinates":[[135.6789253,35.008771],[135.6787861,35.0087139]],"type":"LineString"},"id":"kyoto-arashiyama:osm-way-000144867422:nodes-001583573186-001583573187","properties":{"artifact_id":"arashiyama-osm-corridor-v1","bridge":"UNKNOWN","bridge_reason":"OSM way has no bridge tag","city_id":"kyoto_arashiyama","data_class":"REAL","geometry_status":"SOURCE_TRACEABLE_REAL","layer":null,"layer_reason":"OSM way has no layer tag","level":null,"level_reason":"OSM way has no level tag","lineage":["OpenStreetMap way and original node IDs","fixed-time bounded Overpass response retained as exact bytes","consecutive source-node segmentation; no crossing-node invention"],"revision_id":"osm-2026-08-29-v1","source_class":"VGI","source_feature_id":"way/144867422#segment/14","source_id":"openstreetmap-overpass-arashiyama-20260829","stable_feature_id":"kyoto-arashiyama:osm-way-000144867422:nodes-001583573186-001583573187","tunnel":"UNKNOWN","tunnel_reason":"OSM way has no tunnel tag"},"type":"Feature"},{"geometry":{"coordinates":[[135.6790133,35.0088045],[135.6789253,35.008771]],"type":"LineString"},"id":"kyoto-arashiyama:osm-way-000144867422:nodes-001583573187-001583573188","properties":{"artifact_id":"arashiyama-osm-corridor-v1","bridge":"UNKNOWN","bridge_reason":"OSM way has no bridge tag","city_id":"kyoto_arashiyama","data_class":"REAL","geometry_status":"SOURCE_TRACEABLE_REAL","layer":null,"layer_reason":"OSM way has no layer tag","level":null,"level_reason":"OSM way has no level tag","lineage":["OpenStreetMap way and original node IDs","fixed-time bounded Overpass response retained as exact bytes","consecutive source-node segmentation; no crossing-node invention"],"revision_id":"osm-2026-08-29-v1","source_class":"VGI","source_feature_id":"way/144867422#segment/13","source_id":"openstreetmap-overpass-arashiyama-20260829","stable_feature_id":"kyoto-arashiyama:osm-way-000144867422:nodes-001583573187-001583573188","tunnel":"UNKNOWN","tunnel_reason":"OSM way has no tunnel tag"},"type":"Feature"},{"geometry":{"coordinates":[[135.6791151,35.0088425],[135.6790133,35.0088045]],"type":"LineString"},"id":"kyoto-arashiyama:osm-way-000144867422:nodes-001583573188-001583573189","properties":{"artifact_id":"arashiyama-osm-corridor-v1","bridge":"UNKNOWN","bridge_reason":"OSM way has no bridge tag","city_id":"kyoto_arashiyama","data_class":"REAL","geometry_status":"SOURCE_TRACEABLE_REAL","layer":null,"layer_reason":"OSM way has no layer tag","level":null,"level_reason":"OSM way has no level tag","lineage":["OpenStreetMap way and original node IDs","fixed-time bounded Overpass response retained as exact bytes","consecutive source-node segmentation; no crossing-node invention"],"revision_id":"osm-2026-08-29-v1","source_class":"VGI","source_feature_id":"way/144867422#segment/12","source_id":"openstreetmap-overpass-arashiyama-20260829","stable_feature_id":"kyoto-arashiyama:osm-way-000144867422:nodes-001583573188-001583573189","tunnel":"UNKNOWN","tunnel_reason":"OSM way has no tunnel tag"},"type":"Feature"},{"geometry":{"coordinates":[[135.6791965,35.0088826],[135.6791151,35.0088425]],"type":"LineString"},"id":"kyoto-arashiyama:osm-way-000144867422:nodes-001583573189-001583573190","properties":{"artifact_id":"arashiyama-osm-corridor-v1","bridge":"UNKNOWN","bridge_reason":"OSM way has no bridge tag","city_id":"kyoto_arashiyama","data_class":"REAL","geometry_status":"SOURCE_TRACEABLE_REAL","layer":null,"layer_reason":"OSM way has no layer tag","level":null,"level_reason":"OSM way has no level tag","lineage":["OpenStreetMap way and original node IDs","fixed-time bounded Overpass response retained as exact bytes","consecutive source-node segmentation; no crossing-node invention"],"revision_id":"osm-2026-08-29-v1","source_class":"VGI","source_feature_id":"way/144867422#segment/11","source_id":"openstreetmap-overpass-arashiyama-20260829","stable_feature_id":"kyoto-arashiyama:osm-way-000144867422:nodes-001583573189-001583573190","tunnel":"UNKNOWN","tunnel_reason":"OSM way has no tunnel tag"},"type":"Feature"},{"geometry":{"coordinates":[[135.6792782,35.0089177],[135.6791965,35.0088826]],"type":"LineString"},"id":"kyoto-arashiyama:osm-way-000144867422:nodes-001583573190-001583573191","properties":{"artifact_id":"arashiyama-osm-corridor-v1","bridge":"UNKNOWN","bridge_reason":"OSM way has no bridge tag","city_id":"kyoto_arashiyama","data_class":"REAL","geometry_status":"SOURCE_TRACEABLE_REAL","layer":null,"layer_reason":"OSM way has no layer tag","level":null,"level_reason":"OSM way has no level tag","lineage":["OpenStreetMap way and original node IDs","fixed-time bounded Overpass response retained as exact bytes","consecutive source-node segmentation; no crossing-node invention"],"revision_id":"osm-2026-08-29-v1","source_class":"VGI","source_feature_id":"way/144867422#segment/10","source_id":"openstreetmap-overpass-arashiyama-20260829","stable_feature_id":"kyoto-arashiyama:osm-way-000144867422:nodes-001583573190-001583573191","tunnel":"UNKNOWN","tunnel_reason":"OSM way has no tunnel tag"},"type":"Feature"},{"geometry":{"coordinates":[[135.6793706,35.0089647],[135.6792782,35.0089177]],"type":"LineString"},"id":"kyoto-arashiyama:osm-way-000144867422:nodes-001583573191-001583573192","properties":{"artifact_id":"arashiyama-osm-corridor-v1","bridge":"UNKNOWN","bridge_reason":"OSM way has no bridge tag","city_id":"kyoto_arashiyama","data_class":"REAL","geometry_status":"SOURCE_TRACEABLE_REAL","layer":null,"layer_reason":"OSM way has no layer tag","level":null,"level_reason":"OSM way has no level tag","lineage":["OpenStreetMap way and original node IDs","fixed-time bounded Overpass response retained as exact bytes","consecutive source-node segmentation; no crossing-node invention"],"revision_id":"osm-2026-08-29-v1","source_class":"VGI","source_feature_id":"way/144867422#segment/9","source_id":"openstreetmap-overpass-arashiyama-20260829","stable_feature_id":"kyoto-arashiyama:osm-way-000144867422:nodes-001583573191-001583573192","tunnel":"UNKNOWN","tunnel_reason":"OSM way has no tunnel tag"},"type":"Feature"},{"geometry":{"coordinates":[[135.6794612,35.0089997],[135.6793706,35.0089647]],"type":"LineString"},"id":"kyoto-arashiyama:osm-way-000144867422:nodes-001583573192-001583573193","properties":{"artifact_id":"arashiyama-osm-corridor-v1","bridge":"UNKNOWN","bridge_reason":"OSM way has no bridge tag","city_id":"kyoto_arashiyama","data_class":"REAL","geometry_status":"SOURCE_TRACEABLE_REAL","layer":null,"layer_reason":"OSM way has no layer tag","level":null,"level_reason":"OSM way has no level tag","lineage":["OpenStreetMap way and original node IDs","fixed-time bounded Overpass response retained as exact bytes","consecutive source-node segmentation; no crossing-node invention"],"revision_id":"osm-2026-08-29-v1","source_class":"VGI","source_feature_id":"way/144867422#segment/8","source_id":"openstreetmap-overpass-arashiyama-20260829","stable_feature_id":"kyoto-arashiyama:osm-way-000144867422:nodes-001583573192-001583573193","tunnel":"UNKNOWN","tunnel_reason":"OSM way has no tunnel tag"},"type":"Feature"},{"geometry":{"coordinates":[[135.6795048,35.0090191],[135.6794612,35.0089997]],"type":"LineString"},"id":"kyoto-arashiyama:osm-way-000144867422:nodes-001583573193-001583573194","properties":{"artifact_id":"arashiyama-osm-corridor-v1","bridge":"UNKNOWN","bridge_reason":"OSM way has no bridge tag","city_id":"kyoto_arashiyama","data_class":"REAL","geometry_status":"SOURCE_TRACEABLE_REAL","layer":null,"layer_reason":"OSM way has no layer tag","level":null,"level_reason":"OSM way has no level tag","lineage":["OpenStreetMap way and original node IDs","fixed-time bounded Overpass response retained as exact bytes","consecutive source-node segmentation; no crossing-node invention"],"revision_id":"osm-2026-08-29-v1","source_class":"VGI","source_feature_id":"way/144867422#segment/7","source_id":"openstreetmap-overpass-arashiyama-20260829","stable_feature_id":"kyoto-arashiyama:osm-way-000144867422:nodes-001583573193-001583573194","tunnel":"UNKNOWN","tunnel_reason":"OSM way has no tunnel tag"},"type":"Feature"},{"geometry":{"coordinates":[[135.6795798,35.0090472],[135.6795048,35.0090191]],"type":"LineString"},"id":"kyoto-arashiyama:osm-way-000144867422:nodes-001583573194-001583573195","properties":{"artifact_id":"arashiyama-osm-corridor-v1","bridge":"UNKNOWN","bridge_reason":"OSM way has no bridge tag","city_id":"kyoto_arashiyama","data_class":"REAL","geometry_status":"SOURCE_TRACEABLE_REAL","layer":null,"layer_reason":"OSM way has no layer tag","level":null,"level_reason":"OSM way has no level tag","lineage":["OpenStreetMap way and original node IDs","fixed-time bounded Overpass response retained as exact bytes","consecutive source-node segmentation; no crossing-node invention"],"revision_id":"osm-2026-08-29-v1","source_class":"VGI","source_feature_id":"way/144867422#segment/6","source_id":"openstreetmap-overpass-arashiyama-20260829","stable_feature_id":"kyoto-arashiyama:osm-way-000144867422:nodes-001583573194-001583573195","tunnel":"UNKNOWN","tunnel_reason":"OSM way has no tunnel tag"},"type":"Feature"},{"geometry":{"coordinates":[[135.6796413,35.0090703],[135.6795798,35.0090472]],"type":"LineString"},"id":"kyoto-arashiyama:osm-way-000144867422:nodes-001583573195-001583573196","properties":{"artifact_id":"arashiyama-osm-corridor-v1","bridge":"UNKNOWN","bridge_reason":"OSM way has no bridge tag","city_id":"kyoto_arashiyama","data_class":"REAL","geometry_status":"SOURCE_TRACEABLE_REAL","layer":null,"layer_reason":"OSM way has no layer tag","level":null,"level_reason":"OSM way has no level tag","lineage":["OpenStreetMap way and original node IDs","fixed-time bounded Overpass response retained as exact bytes","consecutive source-node segmentation; no crossing-node invention"],"revision_id":"osm-2026-08-29-v1","source_class":"VGI","source_feature_id":"way/144867422#segment/5","source_id":"openstreetmap-overpass-arashiyama-20260829","stable_feature_id":"kyoto-arashiyama:osm-way-000144867422:nodes-001583573195-001583573196","tunnel":"UNKNOWN","tunnel_reason":"OSM way has no tunnel tag"},"type":"Feature"},{"geometry":{"coordinates":[[135.6797226,35.0091035],[135.6796413,35.0090703]],"type":"LineString"},"id":"kyoto-arashiyama:osm-way-000144867422:nodes-001583573196-001583573197","properties":{"artifact_id":"arashiyama-osm-corridor-v1","bridge":"UNKNOWN","bridge_reason":"OSM way has no bridge tag","city_id":"kyoto_arashiyama","data_class":"REAL","geometry_status":"SOURCE_TRACEABLE_REAL","layer":null,"layer_reason":"OSM way has no layer tag","level":null,"level_reason":"OSM way has no level tag","lineage":["OpenStreetMap way and original node IDs","fixed-time bounded Overpass response retained as exact bytes","consecutive source-node segmentation; no crossing-node invention"],"revision_id":"osm-2026-08-29-v1","source_class":"VGI","source_feature_id":"way/144867422#segment/4","source_id":"openstreetmap-overpass-arashiyama-20260829","stable_feature_id":"kyoto-arashiyama:osm-way-000144867422:nodes-001583573196-001583573197","tunnel":"UNKNOWN","tunnel_reason":"OSM way has no tunnel tag"},"type":"Feature"},{"geometry":{"coordinates":[[135.6797566,35.0091191],[135.6797226,35.0091035]],"type":"LineString"},"id":"kyoto-arashiyama:osm-way-000144867422:nodes-001583573197-001583573198","properties":{"artifact_id":"arashiyama-osm-corridor-v1","bridge":"UNKNOWN","bridge_reason":"OSM way has no bridge tag","city_id":"kyoto_arashiyama","data_class":"REAL","geometry_status":"SOURCE_TRACEABLE_REAL","layer":null,"layer_reason":"OSM way has no layer tag","level":null,"level_reason":"OSM way has no level tag","lineage":["OpenStreetMap way and original node IDs","fixed-time bounded Overpass response retained as exact bytes","consecutive source-node segmentation; no crossing-node invention"],"revision_id":"osm-2026-08-29-v1","source_class":"VGI","source_feature_id":"way/144867422#segment/3","source_id":"openstreetmap-overpass-arashiyama-20260829","stable_feature_id":"kyoto-arashiyama:osm-way-000144867422:nodes-001583573197-001583573198","tunnel":"UNKNOWN","tunnel_reason":"OSM way has no tunnel tag"},"type":"Feature"},{"geometry":{"coordinates":[[135.6798168,35.0091617],[135.6797566,35.0091191]],"type":"LineString"},"id":"kyoto-arashiyama:osm-way-000144867422:nodes-001583573198-001583573199","properties":{"artifact_id":"arashiyama-osm-corridor-v1","bridge":"UNKNOWN","bridge_reason":"OSM way has no bridge tag","city_id":"kyoto_arashiyama","data_class":"REAL","geometry_status":"SOURCE_TRACEABLE_REAL","layer":null,"layer_reason":"OSM way has no layer tag","level":null,"level_reason":"OSM way has no level tag","lineage":["OpenStreetMap way and original node IDs","fixed-time bounded Overpass response retained as exact bytes","consecutive source-node segmentation; no crossing-node invention"],"revision_id":"osm-2026-08-29-v1","source_class":"VGI","source_feature_id":"way/144867422#segment/2","source_id":"openstreetmap-overpass-arashiyama-20260829","stable_feature_id":"kyoto-arashiyama:osm-way-000144867422:nodes-001583573198-001583573199","tunnel":"UNKNOWN","tunnel_reason":"OSM way has no tunnel tag"},"type":"Feature"},{"geometry":{"coordinates":[[135.6799481,35.009272],[135.6798168,35.0091617]],"type":"LineString"},"id":"kyoto-arashiyama:osm-way-000144867422:nodes-001583573199-001583573200","properties":{"artifact_id":"arashiyama-osm-corridor-v1","bridge":"UNKNOWN","bridge_reason":"OSM way has no bridge tag","city_id":"kyoto_arashiyama","data_class":"REAL","geometry_status":"SOURCE_TRACEABLE_REAL","layer":null,"layer_reason":"OSM way has no layer tag","level":null,"level_reason":"OSM way has no level tag","lineage":["OpenStreetMap way and original node IDs","fixed-time bounded Overpass response retained as exact bytes","consecutive source-node segmentation; no crossing-node invention"],"revision_id":"osm-2026-08-29-v1","source_class":"VGI","source_feature_id":"way/144867422#segment/1","source_id":"openstreetmap-overpass-arashiyama-20260829","stable_feature_id":"kyoto-arashiyama:osm-way-000144867422:nodes-001583573199-001583573200","tunnel":"UNKNOWN","tunnel_reason":"OSM way has no tunnel tag"},"type":"Feature"},{"geometry":{"coordinates":[[135.6799735,35.0092939],[135.6799481,35.009272]],"type":"LineString"},"id":"kyoto-arashiyama:osm-way-000144867422:nodes-001583573200-001583573201","properties":{"artifact_id":"arashiyama-osm-corridor-v1","bridge":"UNKNOWN","bridge_reason":"OSM way has no bridge tag","city_id":"kyoto_arashiyama","data_class":"REAL","geometry_status":"SOURCE_TRACEABLE_REAL","layer":null,"layer_reason":"OSM way has no layer tag","level":null,"level_reason":"OSM way has no level tag","lineage":["OpenStreetMap way and original node IDs","fixed-time bounded Overpass response retained as exact bytes","consecutive source-node segmentation; no crossing-node invention"],"revision_id":"osm-2026-08-29-v1","source_class":"VGI","source_feature_id":"way/144867422#segment/0","source_id":"openstreetmap-overpass-arashiyama-20260829","stable_feature_id":"kyoto-arashiyama:osm-way-000144867422:nodes-001583573200-001583573201","tunnel":"UNKNOWN","tunnel_reason":"OSM way has no tunnel tag"},"type":"Feature"},{"geometry":{"coordinates":[[135.6750489,35.0133509],[135.6749455,35.0133136]],"type":"LineString"},"id":"kyoto-arashiyama:osm-way-000152194156:nodes-000605415029-002854305047","properties":{"artifact_id":"arashiyama-osm-corridor-v1","bridge":"UNKNOWN","bridge_reason":"OSM way has no bridge tag","city_id":"kyoto_arashiyama","data_class":"REAL","geometry_status":"SOURCE_TRACEABLE_REAL","layer":null,"layer_reason":"OSM way has no layer tag","level":null,"level_reason":"OSM way has no level tag","lineage":["OpenStreetMap way and original node IDs","fixed-time bounded Overpass response retained as exact bytes","consecutive source-node segmentation; no crossing-node invention"],"revision_id":"osm-2026-08-29-v1","source_class":"VGI","source_feature_id":"way/152194156#segment/0","source_id":"openstreetmap-overpass-arashiyama-20260829","stable_feature_id":"kyoto-arashiyama:osm-way-000152194156:nodes-000605415029-002854305047","tunnel":"UNKNOWN","tunnel_reason":"OSM way has no tunnel tag"},"type":"Feature"},{"geometry":{"coordinates":[[135.6786498,35.0148201],[135.67847,35.0147849]],"type":"LineString"},"id":"kyoto-arashiyama:osm-way-000183905457:nodes-001332355511-003255952801","properties":{"artifact_id":"arashiyama-osm-corridor-v1","bridge":"UNKNOWN","bridge_reason":"OSM way has no bridge tag","city_id":"kyoto_arashiyama","data_class":"REAL","geometry_status":"SOURCE_TRACEABLE_REAL","layer":null,"layer_reason":"OSM way has no layer tag","level":null,"level_reason":"OSM way has no level tag","lineage":["OpenStreetMap way and original node IDs","fixed-time bounded Overpass response retained as exact bytes","consecutive source-node segmentation; no crossing-node invention"],"revision_id":"osm-2026-08-29-v1","source_class":"VGI","source_feature_id":"way/183905457#segment/11","source_id":"openstreetmap-overpass-arashiyama-20260829","stable_feature_id":"kyoto-arashiyama:osm-way-000183905457:nodes-001332355511-003255952801","tunnel":"UNKNOWN","tunnel_reason":"OSM way has no tunnel tag"},"type":"Feature"},{"geometry":{"coordinates":[[135.6786158,35.0152143],[135.6786826,35.0150737]],"type":"LineString"},"id":"kyoto-arashiyama:osm-way-000183905457:nodes-001943230150-003255952925","properties":{"artifact_id":"arashiyama-osm-corridor-v1","bridge":"UNKNOWN","bridge_reason":"OSM way has no bridge tag","city_id":"kyoto_arashiyama","data_class":"REAL","geometry_status":"SOURCE_TRACEABLE_REAL","layer":null,"layer_reason":"OSM way has no layer tag","level":null,"level_reason":"OSM way has no level tag","lineage":["OpenStreetMap way and original node IDs","fixed-time bounded Overpass response retained as exact bytes","consecutive source-node segmentation; no crossing-node invention"],"revision_id":"osm-2026-08-29-v1","source_class":"VGI","source_feature_id":"way/183905457#segment/9","source_id":"openstreetmap-overpass-arashiyama-20260829","stable_feature_id":"kyoto-arashiyama:osm-way-000183905457:nodes-001943230150-003255952925","tunnel":"UNKNOWN","tunnel_reason":"OSM way has no tunnel tag"},"type":"Feature"},{"geometry":{"coordinates":[[135.6786826,35.0150737],[135.6786498,35.0148201]],"type":"LineString"},"id":"kyoto-arashiyama:osm-way-000183905457:nodes-003255952801-003255952925","properties":{"artifact_id":"arashiyama-osm-corridor-v1","bridge":"UNKNOWN","bridge_reason":"OSM way has no bridge tag","city_id":"kyoto_arashiyama","data_class":"REAL","geometry_status":"SOURCE_TRACEABLE_REAL","layer":null,"layer_reason":"OSM way has no layer tag","level":null,"level_reason":"OSM way has no level tag","lineage":["OpenStreetMap way and original node IDs","fixed-time bounded Overpass response retained as exact bytes","consecutive source-node segmentation; no crossing-node invention"],"revision_id":"osm-2026-08-29-v1","source_class":"VGI","source_feature_id":"way/183905457#segment/10","source_id":"openstreetmap-overpass-arashiyama-20260829","stable_feature_id":"kyoto-arashiyama:osm-way-000183905457:nodes-003255952801-003255952925","tunnel":"UNKNOWN","tunnel_reason":"OSM way has no tunnel tag"},"type":"Feature"},{"geometry":{"coordinates":[[135.678883,35.0118926],[135.6788025,35.0120935]],"type":"LineString"},"id":"kyoto-arashiyama:osm-way-000209923782:nodes-002200792867-004280071879","properties":{"artifact_id":"arashiyama-osm-corridor-v1","bridge":"UNKNOWN","bridge_reason":"OSM way has no bridge tag","city_id":"kyoto_arashiyama","data_class":"REAL","geometry_status":"SOURCE_TRACEABLE_REAL","layer":null,"layer_reason":"OSM way has no layer tag","level":null,"level_reason":"OSM way has no level tag","lineage":["OpenStreetMap way and original node IDs","fixed-time bounded Overpass response retained as exact bytes","consecutive source-node segmentation; no crossing-node invention"],"revision_id":"osm-2026-08-29-v1","source_class":"VGI","source_feature_id":"way/209923782#segment/0","source_id":"openstreetmap-overpass-arashiyama-20260829","stable_feature_id":"kyoto-arashiyama:osm-way-000209923782:nodes-002200792867-004280071879","tunnel":"UNKNOWN","tunnel_reason":"OSM way has no tunnel tag"},"type":"Feature"},{"geometry":{"coordinates":[[135.6788025,35.0120935],[135.6787472,35.0122319]],"type":"LineString"},"id":"kyoto-arashiyama:osm-way-000209923782:nodes-004280071879-005064078686","properties":{"artifact_id":"arashiyama-osm-corridor-v1","bridge":"UNKNOWN","bridge_reason":"OSM way has no bridge tag","city_id":"kyoto_arashiyama","data_class":"REAL","geometry_status":"SOURCE_TRACEABLE_REAL","layer":null,"layer_reason":"OSM way has no layer tag","level":null,"level_reason":"OSM way has no level tag","lineage":["OpenStreetMap way and original node IDs","fixed-time bounded Overpass response retained as exact bytes","consecutive source-node segmentation; no crossing-node invention"],"revision_id":"osm-2026-08-29-v1","source_class":"VGI","source_feature_id":"way/209923782#segment/1","source_id":"openstreetmap-overpass-arashiyama-20260829","stable_feature_id":"kyoto-arashiyama:osm-way-000209923782:nodes-004280071879-005064078686","tunnel":"UNKNOWN","tunnel_reason":"OSM way has no tunnel tag"},"type":"Feature"},{"geometry":{"coordinates":[[135.680182,35.0121893],[135.6800817,35.0124023]],"type":"LineString"},"id":"kyoto-arashiyama:osm-way-000209923784:nodes-002200792893-004280071955","properties":{"artifact_id":"arashiyama-osm-corridor-v1","bridge":"UNKNOWN","bridge_reason":"OSM way has no bridge tag","city_id":"kyoto_arashiyama","data_class":"REAL","geometry_status":"SOURCE_TRACEABLE_REAL","layer":null,"layer_reason":"OSM way has no layer tag","level":null,"level_reason":"OSM way has no level tag","lineage":["OpenStreetMap way and original node IDs","fixed-time bounded Overpass response retained as exact bytes","consecutive source-node segmentation; no crossing-node invention"],"revision_id":"osm-2026-08-29-v1","source_class":"VGI","source_feature_id":"way/209923784#segment/4","source_id":"openstreetmap-overpass-arashiyama-20260829","stable_feature_id":"kyoto-arashiyama:osm-way-000209923784:nodes-002200792893-004280071955","tunnel":"UNKNOWN","tunnel_reason":"OSM way has no tunnel tag"},"type":"Feature"},{"geometry":{"coordinates":[[135.6800817,35.0124023],[135.6800743,35.0124181]],"type":"LineString"},"id":"kyoto-arashiyama:osm-way-000209923784:nodes-002200792898-004280071955","properties":{"artifact_id":"arashiyama-osm-corridor-v1","bridge":"UNKNOWN","bridge_reason":"OSM way has no bridge tag","city_id":"kyoto_arashiyama","data_class":"REAL","geometry_status":"SOURCE_TRACEABLE_REAL","layer":null,"layer_reason":"OSM way has no layer tag","level":null,"level_reason":"OSM way has no level tag","lineage":["OpenStreetMap way and original node IDs","fixed-time bounded Overpass response retained as exact bytes","consecutive source-node segmentation; no crossing-node invention"],"revision_id":"osm-2026-08-29-v1","source_class":"VGI","source_feature_id":"way/209923784#segment/5","source_id":"openstreetmap-overpass-arashiyama-20260829","stable_feature_id":"kyoto-arashiyama:osm-way-000209923784:nodes-002200792898-004280071955","tunnel":"UNKNOWN","tunnel_reason":"OSM way has no tunnel tag"},"type":"Feature"},{"geometry":{"coordinates":[[135.6800743,35.0124181],[135.6801593,35.0124227]],"type":"LineString"},"id":"kyoto-arashiyama:osm-way-000209923784:nodes-002200792898-004280071959","properties":{"artifact_id":"arashiyama-osm-corridor-v1","bridge":"UNKNOWN","bridge_reason":"OSM way has no bridge tag","city_id":"kyoto_arashiyama","data_class":"REAL","geometry_status":"SOURCE_TRACEABLE_REAL","layer":null,"layer_reason":"OSM way has no layer tag","level":null,"level_reason":"OSM way has no level tag","lineage":["OpenStreetMap way and original node IDs","fixed-time bounded Overpass response retained as exact bytes","consecutive source-node segmentation; no crossing-node invention"],"revision_id":"osm-2026-08-29-v1","source_class":"VGI","source_feature_id":"way/209923784#segment/0","source_id":"openstreetmap-overpass-arashiyama-20260829","stable_feature_id":"kyoto-arashiyama:osm-way-000209923784:nodes-002200792898-004280071959","tunnel":"UNKNOWN","tunnel_reason":"OSM way has no tunnel tag"},"type":"Feature"},{"geometry":{"coordinates":[[135.6775901,35.0117105],[135.6777604,35.0116747]],"type":"LineString"},"id":"kyoto-arashiyama:osm-way-000209923785:nodes-002200792857-005064078653","properties":{"artifact_id":"arashiyama-osm-corridor-v1","bridge":"UNKNOWN","bridge_reason":"OSM way has no bridge tag","city_id":"kyoto_arashiyama","data_class":"REAL","geometry_status":"SOURCE_TRACEABLE_REAL","layer":null,"layer_reason":"OSM way has no layer tag","level":null,"level_reason":"OSM way has no level tag","lineage":["OpenStreetMap way and original node IDs","fixed-time bounded Overpass response retained as exact bytes","consecutive source-node segmentation; no crossing-node invention"],"revision_id":"osm-2026-08-29-v1","source_class":"VGI","source_feature_id":"way/209923785#segment/1","source_id":"openstreetmap-overpass-arashiyama-20260829","stable_feature_id":"kyoto-arashiyama:osm-way-000209923785:nodes-002200792857-005064078653","tunnel":"UNKNOWN","tunnel_reason":"OSM way has no tunnel tag"},"type":"Feature"},{"geometry":{"coordinates":[[135.6777604,35.0116747],[135.6779223,35.0116762]],"type":"LineString"},"id":"kyoto-arashiyama:osm-way-000209923785:nodes-002200792857-005064078684","properties":{"artifact_id":"arashiyama-osm-corridor-v1","bridge":"UNKNOWN","bridge_reason":"OSM way has no bridge tag","city_id":"kyoto_arashiyama","data_class":"REAL","geometry_status":"SOURCE_TRACEABLE_REAL","layer":null,"layer_reason":"OSM way has no layer tag","level":null,"level_reason":"OSM way has no level tag","lineage":["OpenStreetMap way and original node IDs","fixed-time bounded Overpass response retained as exact bytes","consecutive source-node segmentation; no crossing-node invention"],"revision_id":"osm-2026-08-29-v1","source_class":"VGI","source_feature_id":"way/209923785#segment/2","source_id":"openstreetmap-overpass-arashiyama-20260829","stable_feature_id":"kyoto-arashiyama:osm-way-000209923785:nodes-002200792857-005064078684","tunnel":"UNKNOWN","tunnel_reason":"OSM way has no tunnel tag"},"type":"Feature"},{"geometry":{"coordinates":[[135.6779223,35.0116762],[135.6782703,35.0116755]],"type":"LineString"},"id":"kyoto-arashiyama:osm-way-000209923785:nodes-002200792859-005064078684","properties":{"artifact_id":"arashiyama-osm-corridor-v1","bridge":"UNKNOWN","bridge_reason":"OSM way has no bridge tag","city_id":"kyoto_arashiyama","data_class":"REAL","geometry_status":"SOURCE_TRACEABLE_REAL","layer":null,"layer_reason":"OSM way has no layer tag","level":null,"level_reason":"OSM way has no level tag","lineage":["OpenStreetMap way and original node IDs","fixed-time bounded Overpass response retained as exact bytes","consecutive source-node segmentation; no crossing-node invention"],"revision_id":"osm-2026-08-29-v1","source_class":"VGI","source_feature_id":"way/209923785#segment/3","source_id":"openstreetmap-overpass-arashiyama-20260829","stable_feature_id":"kyoto-arashiyama:osm-way-000209923785:nodes-002200792859-005064078684","tunnel":"UNKNOWN","tunnel_reason":"OSM way has no tunnel tag"},"type":"Feature"},{"geometry":{"coordinates":[[135.6775275,35.0117236],[135.6775901,35.0117105]],"type":"LineString"},"id":"kyoto-arashiyama:osm-way-000209923785:nodes-004080109906-005064078653","properties":{"artifact_id":"arashiyama-osm-corridor-v1","bridge":"UNKNOWN","bridge_reason":"OSM way has no bridge tag","city_id":"kyoto_arashiyama","data_class":"REAL","geometry_status":"SOURCE_TRACEABLE_REAL","layer":null,"layer_reason":"OSM way has no layer tag","level":null,"level_reason":"OSM way has no level tag","lineage":["OpenStreetMap way and original node IDs","fixed-time bounded Overpass response retained as exact bytes","consecutive source-node segmentation; no crossing-node invention"],"revision_id":"osm-2026-08-29-v1","source_class":"VGI","source_feature_id":"way/209923785#segment/0","source_id":"openstreetmap-overpass-arashiyama-20260829","stable_feature_id":"kyoto-arashiyama:osm-way-000209923785:nodes-004080109906-005064078653","tunnel":"UNKNOWN","tunnel_reason":"OSM way has no tunnel tag"},"type":"Feature"},{"geometry":{"coordinates":[[135.6760736,35.0119005],[135.6756805,35.0120071]],"type":"LineString"},"id":"kyoto-arashiyama:osm-way-000209936996:nodes-000736396162-000736396163","properties":{"artifact_id":"arashiyama-osm-corridor-v1","bridge":"UNKNOWN","bridge_reason":"OSM way has no bridge tag","city_id":"kyoto_arashiyama","data_class":"REAL","geometry_status":"SOURCE_TRACEABLE_REAL","layer":null,"layer_reason":"OSM way has no layer tag","level":null,"level_reason":"OSM way has no level tag","lineage":["OpenStreetMap way and original node IDs","fixed-time bounded Overpass response retained as exact bytes","consecutive source-node segmentation; no crossing-node invention"],"revision_id":"osm-2026-08-29-v1","source_class":"VGI","source_feature_id":"way/209936996#segment/0","source_id":"openstreetmap-overpass-arashiyama-20260829","stable_feature_id":"kyoto-arashiyama:osm-way-000209936996:nodes-000736396162-000736396163","tunnel":"UNKNOWN","tunnel_reason":"OSM way has no tunnel tag"},"type":"Feature"},{"geometry":{"coordinates":[[135.6756805,35.0120071],[135.6751133,35.012122]],"type":"LineString"},"id":"kyoto-arashiyama:osm-way-000209936996:nodes-000736396163-007273598569","properties":{"artifact_id":"arashiyama-osm-corridor-v1","bridge":"UNKNOWN","bridge_reason":"OSM way has no bridge tag","city_id":"kyoto_arashiyama","data_class":"REAL","geometry_status":"SOURCE_TRACEABLE_REAL","layer":null,"layer_reason":"OSM way has no layer tag","level":null,"level_reason":"OSM way has no level tag","lineage":["OpenStreetMap way and original node IDs","fixed-time bounded Overpass response retained as exact bytes","consecutive source-node segmentation; no crossing-node invention"],"revision_id":"osm-2026-08-29-v1","source_class":"VGI","source_feature_id":"way/209936996#segment/1","source_id":"openstreetmap-overpass-arashiyama-20260829","stable_feature_id":"kyoto-arashiyama:osm-way-000209936996:nodes-000736396163-007273598569","tunnel":"UNKNOWN","tunnel_reason":"OSM way has no tunnel tag"},"type":"Feature"},{"geometry":{"coordinates":[[135.6784809,35.0099117],[135.6781785,35.0099203]],"type":"LineString"},"id":"kyoto-arashiyama:osm-way-000209936997:nodes-001411953174-002200899656","properties":{"artifact_id":"arashiyama-osm-corridor-v1","bridge":"UNKNOWN","bridge_reason":"OSM way has no bridge tag","city_id":"kyoto_arashiyama","data_class":"REAL","geometry_status":"SOURCE_TRACEABLE_REAL","layer":null,"layer_reason":"OSM way has no layer tag","level":null,"level_reason":"OSM way has no level tag","lineage":["OpenStreetMap way and original node IDs","fixed-time bounded Overpass response retained as exact bytes","consecutive source-node segmentation; no crossing-node invention"],"revision_id":"osm-2026-08-29-v1","source_class":"VGI","source_feature_id":"way/209936997#segment/0","source_id":"openstreetmap-overpass-arashiyama-20260829","stable_feature_id":"kyoto-arashiyama:osm-way-000209936997:nodes-001411953174-002200899656","tunnel":"UNKNOWN","tunnel_reason":"OSM way has no tunnel tag"},"type":"Feature"},{"geometry":{"coordinates":[[135.6775276,35.0099342],[135.6775042,35.0101338]],"type":"LineString"},"id":"kyoto-arashiyama:osm-way-000209936998:nodes-002200899657-002200899658","properties":{"artifact_id":"arashiyama-osm-corridor-v1","bridge":"UNKNOWN","bridge_reason":"OSM way has no bridge tag","city_id":"kyoto_arashiyama","data_class":"REAL","geometry_status":"SOURCE_TRACEABLE_REAL","layer":null,"layer_reason":"OSM way has no layer tag","level":null,"level_reason":"OSM way has no level tag","lineage":["OpenStreetMap way and original node IDs","fixed-time bounded Overpass response retained as exact bytes","consecutive source-node segmentation; no crossing-node invention"],"revision_id":"osm-2026-08-29-v1","source_class":"VGI","source_feature_id":"way/209936998#segment/0","source_id":"openstreetmap-overpass-arashiyama-20260829","stable_feature_id":"kyoto-arashiyama:osm-way-000209936998:nodes-002200899657-002200899658","tunnel":"UNKNOWN","tunnel_reason":"OSM way has no tunnel tag"},"type":"Feature"},{"geometry":{"coordinates":[[135.6775042,35.0101338],[135.6773514,35.0101433]],"type":"LineString"},"id":"kyoto-arashiyama:osm-way-000209936998:nodes-002200899658-002200899659","properties":{"artifact_id":"arashiyama-osm-corridor-v1","bridge":"UNKNOWN","bridge_reason":"OSM way has no bridge tag","city_id":"kyoto_arashiyama","data_class":"REAL","geometry_status":"SOURCE_TRACEABLE_REAL","layer":null,"layer_reason":"OSM way has no layer tag","level":null,"level_reason":"OSM way has no level tag","lineage":["OpenStreetMap way and original node IDs","fixed-time bounded Overpass response retained as exact bytes","consecutive source-node segmentation; no crossing-node invention"],"revision_id":"osm-2026-08-29-v1","source_class":"VGI","source_feature_id":"way/209936998#segment/1","source_id":"openstreetmap-overpass-arashiyama-20260829","stable_feature_id":"kyoto-arashiyama:osm-way-000209936998:nodes-002200899658-002200899659","tunnel":"UNKNOWN","tunnel_reason":"OSM way has no tunnel tag"},"type":"Feature"},{"geometry":{"coordinates":[[135.6776385,35.0097979],[135.6775325,35.0098663]],"type":"LineString"},"id":"kyoto-arashiyama:osm-way-000209936999:nodes-001411953165-002200899655","properties":{"artifact_id":"arashiyama-osm-corridor-v1","bridge":"UNKNOWN","bridge_reason":"OSM way has no bridge tag","city_id":"kyoto_arashiyama","data_class":"REAL","geometry_status":"SOURCE_TRACEABLE_REAL","layer":null,"layer_reason":"OSM way has no layer tag","level":null,"level_reason":"OSM way has no level tag","lineage":["OpenStreetMap way and original node IDs","fixed-time bounded Overpass response retained as exact bytes","consecutive source-node segmentation; no crossing-node invention"],"revision_id":"osm-2026-08-29-v1","source_class":"VGI","source_feature_id":"way/209936999#segment/0","source_id":"openstreetmap-overpass-arashiyama-20260829","stable_feature_id":"kyoto-arashiyama:osm-way-000209936999:nodes-001411953165-002200899655","tunnel":"UNKNOWN","tunnel_reason":"OSM way has no tunnel tag"},"type":"Feature"},{"geometry":{"coordinates":[[135.6775276,35.0099342],[135.677666,35.009932]],"type":"LineString"},"id":"kyoto-arashiyama:osm-way-000209936999:nodes-001411953171-002200899657","properties":{"artifact_id":"arashiyama-osm-corridor-v1","bridge":"UNKNOWN","bridge_reason":"OSM way has no bridge tag","city_id":"kyoto_arashiyama","data_class":"REAL","geometry_status":"SOURCE_TRACEABLE_REAL","layer":null,"layer_reason":"OSM way has no layer tag","level":null,"level_reason":"OSM way has no level tag","lineage":["OpenStreetMap way and original node IDs","fixed-time bounded Overpass response retained as exact bytes","consecutive source-node segmentation; no crossing-node invention"],"revision_id":"osm-2026-08-29-v1","source_class":"VGI","source_feature_id":"way/209936999#segment/2","source_id":"openstreetmap-overpass-arashiyama-20260829","stable_feature_id":"kyoto-arashiyama:osm-way-000209936999:nodes-001411953171-002200899657","tunnel":"UNKNOWN","tunnel_reason":"OSM way has no tunnel tag"},"type":"Feature"},{"geometry":{"coordinates":[[135.6775325,35.0098663],[135.6775276,35.0099342]],"type":"LineString"},"id":"kyoto-arashiyama:osm-way-000209936999:nodes-002200899655-002200899657","properties":{"artifact_id":"arashiyama-osm-corridor-v1","bridge":"UNKNOWN","bridge_reason":"OSM way has no bridge tag","city_id":"kyoto_arashiyama","data_class":"REAL","geometry_status":"SOURCE_TRACEABLE_REAL","layer":null,"layer_reason":"OSM way has no layer tag","level":null,"level_reason":"OSM way has no level tag","lineage":["OpenStreetMap way and original node IDs","fixed-time bounded Overpass response retained as exact bytes","consecutive source-node segmentation; no crossing-node invention"],"revision_id":"osm-2026-08-29-v1","source_class":"VGI","source_feature_id":"way/209936999#segment/1","source_id":"openstreetmap-overpass-arashiyama-20260829","stable_feature_id":"kyoto-arashiyama:osm-way-000209936999:nodes-002200899655-002200899657","tunnel":"UNKNOWN","tunnel_reason":"OSM way has no tunnel tag"},"type":"Feature"},{"geometry":{"coordinates":[[135.6763553,35.0144894],[135.6768746,35.0145696]],"type":"LineString"},"id":"kyoto-arashiyama:osm-way-000319185161:nodes-003255952673-006290653521","properties":{"artifact_id":"arashiyama-osm-corridor-v1","bridge":"UNKNOWN","bridge_reason":"OSM way has no bridge tag","city_id":"kyoto_arashiyama","data_class":"REAL","geometry_status":"SOURCE_TRACEABLE_REAL","layer":null,"layer_reason":"OSM way has no layer tag","level":null,"level_reason":"OSM way has no level tag","lineage":["OpenStreetMap way and original node IDs","fixed-time bounded Overpass response retained as exact bytes","consecutive source-node segmentation; no crossing-node invention"],"revision_id":"osm-2026-08-29-v1","source_class":"VGI","source_feature_id":"way/319185161#segment/0","source_id":"openstreetmap-overpass-arashiyama-20260829","stable_feature_id":"kyoto-arashiyama:osm-way-000319185161:nodes-003255952673-006290653521","tunnel":"UNKNOWN","tunnel_reason":"OSM way has no tunnel tag"},"type":"Feature"},{"geometry":{"coordinates":[[135.6774662,35.0146613],[135.6775101,35.0146677]],"type":"LineString"},"id":"kyoto-arashiyama:osm-way-000319185161:nodes-003255952713-003255952714","properties":{"artifact_id":"arashiyama-osm-corridor-v1","bridge":"UNKNOWN","bridge_reason":"OSM way has no bridge tag","city_id":"kyoto_arashiyama","data_class":"REAL","geometry_status":"SOURCE_TRACEABLE_REAL","layer":null,"layer_reason":"OSM way has no layer tag","level":null,"level_reason":"OSM way has no level tag","lineage":["OpenStreetMap way and original node IDs","fixed-time bounded Overpass response retained as exact bytes","consecutive source-node segmentation; no crossing-node invention"],"revision_id":"osm-2026-08-29-v1","source_class":"VGI","source_feature_id":"way/319185161#segment/2","source_id":"openstreetmap-overpass-arashiyama-20260829","stable_feature_id":"kyoto-arashiyama:osm-way-000319185161:nodes-003255952713-003255952714","tunnel":"UNKNOWN","tunnel_reason":"OSM way has no tunnel tag"},"type":"Feature"},{"geometry":{"coordinates":[[135.6768746,35.0145696],[135.6774662,35.0146613]],"type":"LineString"},"id":"kyoto-arashiyama:osm-way-000319185161:nodes-003255952713-006290653521","properties":{"artifact_id":"arashiyama-osm-corridor-v1","bridge":"UNKNOWN","bridge_reason":"OSM way has no bridge tag","city_id":"kyoto_arashiyama","data_class":"REAL","geometry_status":"SOURCE_TRACEABLE_REAL","layer":null,"layer_reason":"OSM way has no layer tag","level":null,"level_reason":"OSM way has no level tag","lineage":["OpenStreetMap way and original node IDs","fixed-time bounded Overpass response retained as exact bytes","consecutive source-node segmentation; no crossing-node invention"],"revision_id":"osm-2026-08-29-v1","source_class":"VGI","source_feature_id":"way/319185161#segment/1","source_id":"openstreetmap-overpass-arashiyama-20260829","stable_feature_id":"kyoto-arashiyama:osm-way-000319185161:nodes-003255952713-006290653521","tunnel":"UNKNOWN","tunnel_reason":"OSM way has no tunnel tag"},"type":"Feature"},{"geometry":{"coordinates":[[135.6801228,35.0101588],[135.6800587,35.0102151]],"type":"LineString"},"id":"kyoto-arashiyama:osm-way-000319197948:nodes-003256136765-003256136783","properties":{"artifact_id":"arashiyama-osm-corridor-v1","bridge":"UNKNOWN","bridge_reason":"OSM way has no bridge tag","city_id":"kyoto_arashiyama","data_class":"REAL","geometry_status":"SOURCE_TRACEABLE_REAL","layer":null,"layer_reason":"OSM way has no layer tag","level":null,"level_reason":"OSM way has no level tag","lineage":["OpenStreetMap way and original node IDs","fixed-time bounded Overpass response retained as exact bytes","consecutive source-node segmentation; no crossing-node invention"],"revision_id":"osm-2026-08-29-v1","source_class":"VGI","source_feature_id":"way/319197948#segment/2","source_id":"openstreetmap-overpass-arashiyama-20260829","stable_feature_id":"kyoto-arashiyama:osm-way-000319197948:nodes-003256136765-003256136783","tunnel":"UNKNOWN","tunnel_reason":"OSM way has no tunnel tag"},"type":"Feature"},{"geometry":{"coordinates":[[135.6800587,35.0102151],[135.6799362,35.0103124]],"type":"LineString"},"id":"kyoto-arashiyama:osm-way-000319197948:nodes-003256136783-003256136806","properties":{"artifact_id":"arashiyama-osm-corridor-v1","bridge":"UNKNOWN","bridge_reason":"OSM way has no bridge tag","city_id":"kyoto_arashiyama","data_class":"REAL","geometry_status":"SOURCE_TRACEABLE_REAL","layer":null,"layer_reason":"OSM way has no layer tag","level":null,"level_reason":"OSM way has no level tag","lineage":["OpenStreetMap way and original node IDs","fixed-time bounded Overpass response retained as exact bytes","consecutive source-node segmentation; no crossing-node invention"],"revision_id":"osm-2026-08-29-v1","source_class":"VGI","source_feature_id":"way/319197948#segment/3","source_id":"openstreetmap-overpass-arashiyama-20260829","stable_feature_id":"kyoto-arashiyama:osm-way-000319197948:nodes-003256136783-003256136806","tunnel":"UNKNOWN","tunnel_reason":"OSM way has no tunnel tag"},"type":"Feature"},{"geometry":{"coordinates":[[135.6799362,35.0103124],[135.6797057,35.0104384]],"type":"LineString"},"id":"kyoto-arashiyama:osm-way-000319197948:nodes-003256136806-012783555040","properties":{"artifact_id":"arashiyama-osm-corridor-v1","bridge":"UNKNOWN","bridge_reason":"OSM way has no bridge tag","city_id":"kyoto_arashiyama","data_class":"REAL","geometry_status":"SOURCE_TRACEABLE_REAL","layer":null,"layer_reason":"OSM way has no layer tag","level":null,"level_reason":"OSM way has no level tag","lineage":["OpenStreetMap way and original node IDs","fixed-time bounded Overpass response retained as exact bytes","consecutive source-node segmentation; no crossing-node invention"],"revision_id":"osm-2026-08-29-v1","source_class":"VGI","source_feature_id":"way/319197948#segment/4","source_id":"openstreetmap-overpass-arashiyama-20260829","stable_feature_id":"kyoto-arashiyama:osm-way-000319197948:nodes-003256136806-012783555040","tunnel":"UNKNOWN","tunnel_reason":"OSM way has no tunnel tag"},"type":"Feature"},{"geometry":{"coordinates":[[135.6796908,35.0104657],[135.6796815,35.0104964]],"type":"LineString"},"id":"kyoto-arashiyama:osm-way-000319197948:nodes-003256136870-005064078740","properties":{"artifact_id":"arashiyama-osm-corridor-v1","bridge":"UNKNOWN","bridge_reason":"OSM way has no bridge tag","city_id":"kyoto_arashiyama","data_class":"REAL","geometry_status":"SOURCE_TRACEABLE_REAL","layer":null,"layer_reason":"OSM way has no layer tag","level":null,"level_reason":"OSM way has no level tag","lineage":["OpenStreetMap way and original node IDs","fixed-time bounded Overpass response retained as exact bytes","consecutive source-node segmentation; no crossing-node invention"],"revision_id":"osm-2026-08-29-v1","source_class":"VGI","source_feature_id":"way/319197948#segment/6","source_id":"openstreetmap-overpass-arashiyama-20260829","stable_feature_id":"kyoto-arashiyama:osm-way-000319197948:nodes-003256136870-005064078740","tunnel":"UNKNOWN","tunnel_reason":"OSM way has no tunnel tag"},"type":"Feature"},{"geometry":{"coordinates":[[135.6797057,35.0104384],[135.6796908,35.0104657]],"type":"LineString"},"id":"kyoto-arashiyama:osm-way-000319197948:nodes-003256136870-012783555040","properties":{"artifact_id":"arashiyama-osm-corridor-v1","bridge":"UNKNOWN","bridge_reason":"OSM way has no bridge tag","city_id":"kyoto_arashiyama","data_class":"REAL","geometry_status":"SOURCE_TRACEABLE_REAL","layer":null,"layer_reason":"OSM way has no layer tag","level":null,"level_reason":"OSM way has no level tag","lineage":["OpenStreetMap way and original node IDs","fixed-time bounded Overpass response retained as exact bytes","consecutive source-node segmentation; no crossing-node invention"],"revision_id":"osm-2026-08-29-v1","source_class":"VGI","source_feature_id":"way/319197948#segment/5","source_id":"openstreetmap-overpass-arashiyama-20260829","stable_feature_id":"kyoto-arashiyama:osm-way-000319197948:nodes-003256136870-012783555040","tunnel":"UNKNOWN","tunnel_reason":"OSM way has no tunnel tag"},"type":"Feature"},{"geometry":{"coordinates":[[135.6796815,35.0104964],[135.6796848,35.0105389]],"type":"LineString"},"id":"kyoto-arashiyama:osm-way-000319197948:nodes-003256136910-005064078740","properties":{"artifact_id":"arashiyama-osm-corridor-v1","bridge":"UNKNOWN","bridge_reason":"OSM way has no bridge tag","city_id":"kyoto_arashiyama","data_class":"REAL","geometry_status":"SOURCE_TRACEABLE_REAL","layer":null,"layer_reason":"OSM way has no layer tag","level":null,"level_reason":"OSM way has no level tag","lineage":["OpenStreetMap way and original node IDs","fixed-time bounded Overpass response retained as exact bytes","consecutive source-node segmentation; no crossing-node invention"],"revision_id":"osm-2026-08-29-v1","source_class":"VGI","source_feature_id":"way/319197948#segment/7","source_id":"openstreetmap-overpass-arashiyama-20260829","stable_feature_id":"kyoto-arashiyama:osm-way-000319197948:nodes-003256136910-005064078740","tunnel":"UNKNOWN","tunnel_reason":"OSM way has no tunnel tag"},"type":"Feature"},{"geometry":{"coordinates":[[135.6781729,35.0100931],[135.6783361,35.0102119]],"type":"LineString"},"id":"kyoto-arashiyama:osm-way-000319197951:nodes-003256136621-003256136784","properties":{"artifact_id":"arashiyama-osm-corridor-v1","bridge":"UNKNOWN","bridge_reason":"OSM way has no bridge tag","city_id":"kyoto_arashiyama","data_class":"REAL","geometry_status":"SOURCE_TRACEABLE_REAL","layer":null,"layer_reason":"OSM way has no layer tag","level":null,"level_reason":"OSM way has no level tag","lineage":["OpenStreetMap way and original node IDs","fixed-time bounded Overpass response retained as exact bytes","consecutive source-node segmentation; no crossing-node invention"],"revision_id":"osm-2026-08-29-v1","source_class":"VGI","source_feature_id":"way/319197951#segment/1","source_id":"openstreetmap-overpass-arashiyama-20260829","stable_feature_id":"kyoto-arashiyama:osm-way-000319197951:nodes-003256136621-003256136784","tunnel":"UNKNOWN","tunnel_reason":"OSM way has no tunnel tag"},"type":"Feature"},{"geometry":{"coordinates":[[135.6778034,35.0104071],[135.6781729,35.0100931]],"type":"LineString"},"id":"kyoto-arashiyama:osm-way-000319197951:nodes-003256136621-003256136837","properties":{"artifact_id":"arashiyama-osm-corridor-v1","bridge":"UNKNOWN","bridge_reason":"OSM way has no bridge tag","city_id":"kyoto_arashiyama","data_class":"REAL","geometry_status":"SOURCE_TRACEABLE_REAL","layer":null,"layer_reason":"OSM way has no layer tag","level":null,"level_reason":"OSM way has no level tag","lineage":["OpenStreetMap way and original node IDs","fixed-time bounded Overpass response retained as exact bytes","consecutive source-node segmentation; no crossing-node invention"],"revision_id":"osm-2026-08-29-v1","source_class":"VGI","source_feature_id":"way/319197951#segment/0","source_id":"openstreetmap-overpass-arashiyama-20260829","stable_feature_id":"kyoto-arashiyama:osm-way-000319197951:nodes-003256136621-003256136837","tunnel":"UNKNOWN","tunnel_reason":"OSM way has no tunnel tag"},"type":"Feature"},{"geometry":{"coordinates":[[135.6783361,35.0102119],[135.6783676,35.010299]],"type":"LineString"},"id":"kyoto-arashiyama:osm-way-000319197951:nodes-003256136784-003256136803","properties":{"artifact_id":"arashiyama-osm-corridor-v1","bridge":"UNKNOWN","bridge_reason":"OSM way has no bridge tag","city_id":"kyoto_arashiyama","data_class":"REAL","geometry_status":"SOURCE_TRACEABLE_REAL","layer":null,"layer_reason":"OSM way has no layer tag","level":null,"level_reason":"OSM way has no level tag","lineage":["OpenStreetMap way and original node IDs","fixed-time bounded Overpass response retained as exact bytes","consecutive source-node segmentation; no crossing-node invention"],"revision_id":"osm-2026-08-29-v1","source_class":"VGI","source_feature_id":"way/319197951#segment/2","source_id":"openstreetmap-overpass-arashiyama-20260829","stable_feature_id":"kyoto-arashiyama:osm-way-000319197951:nodes-003256136784-003256136803","tunnel":"UNKNOWN","tunnel_reason":"OSM way has no tunnel tag"},"type":"Feature"},{"geometry":{"coordinates":[[135.6783676,35.010299],[135.6784172,35.0104002]],"type":"LineString"},"id":"kyoto-arashiyama:osm-way-000319197951:nodes-003256136803-003256136833","properties":{"artifact_id":"arashiyama-osm-corridor-v1","bridge":"UNKNOWN","bridge_reason":"OSM way has no bridge tag","city_id":"kyoto_arashiyama","data_class":"REAL","geometry_status":"SOURCE_TRACEABLE_REAL","layer":null,"layer_reason":"OSM way has no layer tag","level":null,"level_reason":"OSM way has no level tag","lineage":["OpenStreetMap way and original node IDs","fixed-time bounded Overpass response retained as exact bytes","consecutive source-node segmentation; no crossing-node invention"],"revision_id":"osm-2026-08-29-v1","source_class":"VGI","source_feature_id":"way/319197951#segment/3","source_id":"openstreetmap-overpass-arashiyama-20260829","stable_feature_id":"kyoto-arashiyama:osm-way-000319197951:nodes-003256136803-003256136833","tunnel":"UNKNOWN","tunnel_reason":"OSM way has no tunnel tag"},"type":"Feature"},{"geometry":{"coordinates":[[135.6778907,35.0151133],[135.6781734,35.0151928]],"type":"LineString"},"id":"kyoto-arashiyama:osm-way-000409724364:nodes-004115953996-004115953997","properties":{"artifact_id":"arashiyama-osm-corridor-v1","bridge":"UNKNOWN","bridge_reason":"OSM way has no bridge tag","city_id":"kyoto_arashiyama","data_class":"REAL","geometry_status":"SOURCE_TRACEABLE_REAL","layer":null,"layer_reason":"OSM way has no layer tag","level":null,"level_reason":"OSM way has no level tag","lineage":["OpenStreetMap way and original node IDs","fixed-time bounded Overpass response retained as exact bytes","consecutive source-node segmentation; no crossing-node invention"],"revision_id":"osm-2026-08-29-v1","source_class":"VGI","source_feature_id":"way/409724364#segment/0","source_id":"openstreetmap-overpass-arashiyama-20260829","stable_feature_id":"kyoto-arashiyama:osm-way-000409724364:nodes-004115953996-004115953997","tunnel":"UNKNOWN","tunnel_reason":"OSM way has no tunnel tag"},"type":"Feature"},{"geometry":{"coordinates":[[135.6781734,35.0151928],[135.6782209,35.0152086]],"type":"LineString"},"id":"kyoto-arashiyama:osm-way-000409724364:nodes-004115953997-004115953998","properties":{"artifact_id":"arashiyama-osm-corridor-v1","bridge":"UNKNOWN","bridge_reason":"OSM way has no bridge tag","city_id":"kyoto_arashiyama","data_class":"REAL","geometry_status":"SOURCE_TRACEABLE_REAL","layer":null,"layer_reason":"OSM way has no layer tag","level":null,"level_reason":"OSM way has no level tag","lineage":["OpenStreetMap way and original node IDs","fixed-time bounded Overpass response retained as exact bytes","consecutive source-node segmentation; no crossing-node invention"],"revision_id":"osm-2026-08-29-v1","source_class":"VGI","source_feature_id":"way/409724364#segment/1","source_id":"openstreetmap-overpass-arashiyama-20260829","stable_feature_id":"kyoto-arashiyama:osm-way-000409724364:nodes-004115953997-004115953998","tunnel":"UNKNOWN","tunnel_reason":"OSM way has no tunnel tag"},"type":"Feature"},{"geometry":{"coordinates":[[135.6782209,35.0152086],[135.6782671,35.0152254]],"type":"LineString"},"id":"kyoto-arashiyama:osm-way-000409724364:nodes-004115953998-004115953999","properties":{"artifact_id":"arashiyama-osm-corridor-v1","bridge":"UNKNOWN","bridge_reason":"OSM way has no bridge tag","city_id":"kyoto_arashiyama","data_class":"REAL","geometry_status":"SOURCE_TRACEABLE_REAL","layer":null,"layer_reason":"OSM way has no layer tag","level":null,"level_reason":"OSM way has no level tag","lineage":["OpenStreetMap way and original node IDs","fixed-time bounded Overpass response retained as exact bytes","consecutive source-node segmentation; no crossing-node invention"],"revision_id":"osm-2026-08-29-v1","source_class":"VGI","source_feature_id":"way/409724364#segment/2","source_id":"openstreetmap-overpass-arashiyama-20260829","stable_feature_id":"kyoto-arashiyama:osm-way-000409724364:nodes-004115953998-004115953999","tunnel":"UNKNOWN","tunnel_reason":"OSM way has no tunnel tag"},"type":"Feature"},{"geometry":{"coordinates":[[135.6782671,35.0152254],[135.6783265,35.0152528]],"type":"LineString"},"id":"kyoto-arashiyama:osm-way-000409724364:nodes-004115953999-004115954003","properties":{"artifact_id":"arashiyama-osm-corridor-v1","bridge":"UNKNOWN","bridge_reason":"OSM way has no bridge tag","city_id":"kyoto_arashiyama","data_class":"REAL","geometry_status":"SOURCE_TRACEABLE_REAL","layer":null,"layer_reason":"OSM way has no layer tag","level":null,"level_reason":"OSM way has no level tag","lineage":["OpenStreetMap way and original node IDs","fixed-time bounded Overpass response retained as exact bytes","consecutive source-node segmentation; no crossing-node invention"],"revision_id":"osm-2026-08-29-v1","source_class":"VGI","source_feature_id":"way/409724364#segment/3","source_id":"openstreetmap-overpass-arashiyama-20260829","stable_feature_id":"kyoto-arashiyama:osm-way-000409724364:nodes-004115953999-004115954003","tunnel":"UNKNOWN","tunnel_reason":"OSM way has no tunnel tag"},"type":"Feature"},{"geometry":{"coordinates":[[135.6783645,35.0152444],[135.678384,35.0152497]],"type":"LineString"},"id":"kyoto-arashiyama:osm-way-000409724364:nodes-004115954001-004115954002","properties":{"artifact_id":"arashiyama-osm-corridor-v1","bridge":"UNKNOWN","bridge_reason":"OSM way has no bridge tag","city_id":"kyoto_arashiyama","data_class":"REAL","geometry_status":"SOURCE_TRACEABLE_REAL","layer":null,"layer_reason":"OSM way has no layer tag","level":null,"level_reason":"OSM way has no level tag","lineage":["OpenStreetMap way and original node IDs","fixed-time bounded Overpass response retained as exact bytes","consecutive source-node segmentation; no crossing-node invention"],"revision_id":"osm-2026-08-29-v1","source_class":"VGI","source_feature_id":"way/409724364#segment/5","source_id":"openstreetmap-overpass-arashiyama-20260829","stable_feature_id":"kyoto-arashiyama:osm-way-000409724364:nodes-004115954001-004115954002","tunnel":"UNKNOWN","tunnel_reason":"OSM way has no tunnel tag"},"type":"Feature"},{"geometry":{"coordinates":[[135.6783265,35.0152528],[135.6783645,35.0152444]],"type":"LineString"},"id":"kyoto-arashiyama:osm-way-000409724364:nodes-004115954001-004115954003","properties":{"artifact_id":"arashiyama-osm-corridor-v1","bridge":"UNKNOWN","bridge_reason":"OSM way has no bridge tag","city_id":"kyoto_arashiyama","data_class":"REAL","geometry_status":"SOURCE_TRACEABLE_REAL","layer":null,"layer_reason":"OSM way has no layer tag","level":null,"level_reason":"OSM way has no level tag","lineage":["OpenStreetMap way and original node IDs","fixed-time bounded Overpass response retained as exact bytes","consecutive source-node segmentation; no crossing-node invention"],"revision_id":"osm-2026-08-29-v1","source_class":"VGI","source_feature_id":"way/409724364#segment/4","source_id":"openstreetmap-overpass-arashiyama-20260829","stable_feature_id":"kyoto-arashiyama:osm-way-000409724364:nodes-004115954001-004115954003","tunnel":"UNKNOWN","tunnel_reason":"OSM way has no tunnel tag"},"type":"Feature"},{"geometry":{"coordinates":[[135.678384,35.0152497],[135.6784007,35.0152619]],"type":"LineString"},"id":"kyoto-arashiyama:osm-way-000409724364:nodes-004115954002-004115954009","properties":{"artifact_id":"arashiyama-osm-corridor-v1","bridge":"UNKNOWN","bridge_reason":"OSM way has no bridge tag","city_id":"kyoto_arashiyama","data_class":"REAL","geometry_status":"SOURCE_TRACEABLE_REAL","layer":null,"layer_reason":"OSM way has no layer tag","level":null,"level_reason":"OSM way has no level tag","lineage":["OpenStreetMap way and original node IDs","fixed-time bounded Overpass response retained as exact bytes","consecutive source-node segmentation; no crossing-node invention"],"revision_id":"osm-2026-08-29-v1","source_class":"VGI","source_feature_id":"way/409724364#segment/6","source_id":"openstreetmap-overpass-arashiyama-20260829","stable_feature_id":"kyoto-arashiyama:osm-way-000409724364:nodes-004115954002-004115954009","tunnel":"UNKNOWN","tunnel_reason":"OSM way has no tunnel tag"},"type":"Feature"},{"geometry":{"coordinates":[[135.6784007,35.0152619],[135.678409,35.0152771]],"type":"LineString"},"id":"kyoto-arashiyama:osm-way-000409724364:nodes-004115954009-004115954017","properties":{"artifact_id":"arashiyama-osm-corridor-v1","bridge":"UNKNOWN","bridge_reason":"OSM way has no bridge tag","city_id":"kyoto_arashiyama","data_class":"REAL","geometry_status":"SOURCE_TRACEABLE_REAL","layer":null,"layer_reason":"OSM way has no layer tag","level":null,"level_reason":"OSM way has no level tag","lineage":["OpenStreetMap way and original node IDs","fixed-time bounded Overpass response retained as exact bytes","consecutive source-node segmentation; no crossing-node invention"],"revision_id":"osm-2026-08-29-v1","source_class":"VGI","source_feature_id":"way/409724364#segment/7","source_id":"openstreetmap-overpass-arashiyama-20260829","stable_feature_id":"kyoto-arashiyama:osm-way-000409724364:nodes-004115954009-004115954017","tunnel":"UNKNOWN","tunnel_reason":"OSM way has no tunnel tag"},"type":"Feature"},{"geometry":{"coordinates":[[135.678409,35.0152771],[135.6784109,35.0152938]],"type":"LineString"},"id":"kyoto-arashiyama:osm-way-000409724364:nodes-004115954017-004115954025","properties":{"artifact_id":"arashiyama-osm-corridor-v1","bridge":"UNKNOWN","bridge_reason":"OSM way has no bridge tag","city_id":"kyoto_arashiyama","data_class":"REAL","geometry_status":"SOURCE_TRACEABLE_REAL","layer":null,"layer_reason":"OSM way has no layer tag","level":null,"level_reason":"OSM way has no level tag","lineage":["OpenStreetMap way and original node IDs","fixed-time bounded Overpass response retained as exact bytes","consecutive source-node segmentation; no crossing-node invention"],"revision_id":"osm-2026-08-29-v1","source_class":"VGI","source_feature_id":"way/409724364#segment/8","source_id":"openstreetmap-overpass-arashiyama-20260829","stable_feature_id":"kyoto-arashiyama:osm-way-000409724364:nodes-004115954017-004115954025","tunnel":"UNKNOWN","tunnel_reason":"OSM way has no tunnel tag"},"type":"Feature"},{"geometry":{"coordinates":[[135.6778707,35.0151072],[135.6778907,35.0151133]],"type":"LineString"},"id":"kyoto-arashiyama:osm-way-000409724366:nodes-004115953996-011893490649","properties":{"artifact_id":"arashiyama-osm-corridor-v1","bridge":"UNKNOWN","bridge_reason":"OSM way has no bridge tag","city_id":"kyoto_arashiyama","data_class":"REAL","geometry_status":"SOURCE_TRACEABLE_REAL","layer":null,"layer_reason":"OSM way has no layer tag","level":null,"level_reason":"OSM way has no level tag","lineage":["OpenStreetMap way and original node IDs","fixed-time bounded Overpass response retained as exact bytes","consecutive source-node segmentation; no crossing-node invention"],"revision_id":"osm-2026-08-29-v1","source_class":"VGI","source_feature_id":"way/409724366#segment/7","source_id":"openstreetmap-overpass-arashiyama-20260829","stable_feature_id":"kyoto-arashiyama:osm-way-000409724366:nodes-004115953996-011893490649","tunnel":"UNKNOWN","tunnel_reason":"OSM way has no tunnel tag"},"type":"Feature"},{"geometry":{"coordinates":[[135.6778222,35.0152364],[135.6778386,35.0151927]],"type":"LineString"},"id":"kyoto-arashiyama:osm-way-000409724366:nodes-011893490645-011893490647","properties":{"artifact_id":"arashiyama-osm-corridor-v1","bridge":"UNKNOWN","bridge_reason":"OSM way has no bridge tag","city_id":"kyoto_arashiyama","data_class":"REAL","geometry_status":"SOURCE_TRACEABLE_REAL","layer":null,"layer_reason":"OSM way has no layer tag","level":null,"level_reason":"OSM way has no level tag","lineage":["OpenStreetMap way and original node IDs","fixed-time bounded Overpass response retained as exact bytes","consecutive source-node segmentation; no crossing-node invention"],"revision_id":"osm-2026-08-29-v1","source_class":"VGI","source_feature_id":"way/409724366#segment/4","source_id":"openstreetmap-overpass-arashiyama-20260829","stable_feature_id":"kyoto-arashiyama:osm-way-000409724366:nodes-011893490645-011893490647","tunnel":"UNKNOWN","tunnel_reason":"OSM way has no tunnel tag"},"type":"Feature"},{"geometry":{"coordinates":[[135.6778386,35.0151927],[135.6778553,35.0151482]],"type":"LineString"},"id":"kyoto-arashiyama:osm-way-000409724366:nodes-011893490645-011893490650","properties":{"artifact_id":"arashiyama-osm-corridor-v1","bridge":"UNKNOWN","bridge_reason":"OSM way has no bridge tag","city_id":"kyoto_arashiyama","data_class":"REAL","geometry_status":"SOURCE_TRACEABLE_REAL","layer":null,"layer_reason":"OSM way has no layer tag","level":null,"level_reason":"OSM way has no level tag","lineage":["OpenStreetMap way and original node IDs","fixed-time bounded Overpass response retained as exact bytes","consecutive source-node segmentation; no crossing-node invention"],"revision_id":"osm-2026-08-29-v1","source_class":"VGI","source_feature_id":"way/409724366#segment/5","source_id":"openstreetmap-overpass-arashiyama-20260829","stable_feature_id":"kyoto-arashiyama:osm-way-000409724366:nodes-011893490645-011893490650","tunnel":"UNKNOWN","tunnel_reason":"OSM way has no tunnel tag"},"type":"Feature"},{"geometry":{"coordinates":[[135.6778553,35.0151482],[135.6778707,35.0151072]],"type":"LineString"},"id":"kyoto-arashiyama:osm-way-000409724366:nodes-011893490649-011893490650","properties":{"artifact_id":"arashiyama-osm-corridor-v1","bridge":"UNKNOWN","bridge_reason":"OSM way has no bridge tag","city_id":"kyoto_arashiyama","data_class":"REAL","geometry_status":"SOURCE_TRACEABLE_REAL","layer":null,"layer_reason":"OSM way has no layer tag","level":null,"level_reason":"OSM way has no level tag","lineage":["OpenStreetMap way and original node IDs","fixed-time bounded Overpass response retained as exact bytes","consecutive source-node segmentation; no crossing-node invention"],"revision_id":"osm-2026-08-29-v1","source_class":"VGI","source_feature_id":"way/409724366#segment/6","source_id":"openstreetmap-overpass-arashiyama-20260829","stable_feature_id":"kyoto-arashiyama:osm-way-000409724366:nodes-011893490649-011893490650","tunnel":"UNKNOWN","tunnel_reason":"OSM way has no tunnel tag"},"type":"Feature"},{"geometry":{"coordinates":[[135.6748959,35.0152886],[135.6749068,35.0152886]],"type":"LineString"},"id":"kyoto-arashiyama:osm-way-000428227445:nodes-004273616203-004273616204","properties":{"artifact_id":"arashiyama-osm-corridor-v1","bridge":"UNKNOWN","bridge_reason":"OSM way has no bridge tag","city_id":"kyoto_arashiyama","data_class":"REAL","geometry_status":"SOURCE_TRACEABLE_REAL","layer":null,"layer_reason":"OSM way has no layer tag","level":null,"level_reason":"OSM way has no level tag","lineage":["OpenStreetMap way and original node IDs","fixed-time bounded Overpass response retained as exact bytes","consecutive source-node segmentation; no crossing-node invention"],"revision_id":"osm-2026-08-29-v1","source_class":"VGI","source_feature_id":"way/428227445#segment/0","source_id":"openstreetmap-overpass-arashiyama-20260829","stable_feature_id":"kyoto-arashiyama:osm-way-000428227445:nodes-004273616203-004273616204","tunnel":"UNKNOWN","tunnel_reason":"OSM way has no tunnel tag"},"type":"Feature"},{"geometry":{"coordinates":[[135.6749068,35.0152886],[135.6749284,35.0152884]],"type":"LineString"},"id":"kyoto-arashiyama:osm-way-000428227447:nodes-004273616202-004273616204","properties":{"artifact_id":"arashiyama-osm-corridor-v1","bridge":"UNKNOWN","bridge_reason":"OSM way has no bridge tag","city_id":"kyoto_arashiyama","data_class":"REAL","geometry_status":"SOURCE_TRACEABLE_REAL","layer":null,"layer_reason":"OSM way has no layer tag","level":null,"level_reason":"OSM way has no level tag","lineage":["OpenStreetMap way and original node IDs","fixed-time bounded Overpass response retained as exact bytes","consecutive source-node segmentation; no crossing-node invention"],"revision_id":"osm-2026-08-29-v1","source_class":"VGI","source_feature_id":"way/428227447#segment/0","source_id":"openstreetmap-overpass-arashiyama-20260829","stable_feature_id":"kyoto-arashiyama:osm-way-000428227447:nodes-004273616202-004273616204","tunnel":"UNKNOWN","tunnel_reason":"OSM way has no tunnel tag"},"type":"Feature"},{"geometry":{"coordinates":[[135.675042,35.015294],[135.6750532,35.0152937]],"type":"LineString"},"id":"kyoto-arashiyama:osm-way-000428227448:nodes-004273616206-004273616207","properties":{"artifact_id":"arashiyama-osm-corridor-v1","bridge":"UNKNOWN","bridge_reason":"OSM way has no bridge tag","city_id":"kyoto_arashiyama","data_class":"REAL","geometry_status":"SOURCE_TRACEABLE_REAL","layer":null,"layer_reason":"OSM way has no layer tag","level":null,"level_reason":"OSM way has no level tag","lineage":["OpenStreetMap way and original node IDs","fixed-time bounded Overpass response retained as exact bytes","consecutive source-node segmentation; no crossing-node invention"],"revision_id":"osm-2026-08-29-v1","source_class":"VGI","source_feature_id":"way/428227448#segment/1","source_id":"openstreetmap-overpass-arashiyama-20260829","stable_feature_id":"kyoto-arashiyama:osm-way-000428227448:nodes-004273616206-004273616207","tunnel":"UNKNOWN","tunnel_reason":"OSM way has no tunnel tag"},"type":"Feature"},{"geometry":{"coordinates":[[135.6749286,35.0152964],[135.675042,35.015294]],"type":"LineString"},"id":"kyoto-arashiyama:osm-way-000428227448:nodes-004273616207-004273616208","properties":{"artifact_id":"arashiyama-osm-corridor-v1","bridge":"UNKNOWN","bridge_reason":"OSM way has no bridge tag","city_id":"kyoto_arashiyama","data_class":"REAL","geometry_status":"SOURCE_TRACEABLE_REAL","layer":null,"layer_reason":"OSM way has no layer tag","level":null,"level_reason":"OSM way has no level tag","lineage":["OpenStreetMap way and original node IDs","fixed-time bounded Overpass response retained as exact bytes","consecutive source-node segmentation; no crossing-node invention"],"revision_id":"osm-2026-08-29-v1","source_class":"VGI","source_feature_id":"way/428227448#segment/0","source_id":"openstreetmap-overpass-arashiyama-20260829","stable_feature_id":"kyoto-arashiyama:osm-way-000428227448:nodes-004273616207-004273616208","tunnel":"UNKNOWN","tunnel_reason":"OSM way has no tunnel tag"},"type":"Feature"},{"geometry":{"coordinates":[[135.67496,35.0152089],[135.6749596,35.0151995]],"type":"LineString"},"id":"kyoto-arashiyama:osm-way-000428227449:nodes-004273616164-004273616169","properties":{"artifact_id":"arashiyama-osm-corridor-v1","bridge":"UNKNOWN","bridge_reason":"OSM way has no bridge tag","city_id":"kyoto_arashiyama","data_class":"REAL","geometry_status":"SOURCE_TRACEABLE_REAL","layer":null,"layer_reason":"OSM way has no layer tag","level":null,"level_reason":"OSM way has no level tag","lineage":["OpenStreetMap way and original node IDs","fixed-time bounded Overpass response retained as exact bytes","consecutive source-node segmentation; no crossing-node invention"],"revision_id":"osm-2026-08-29-v1","source_class":"VGI","source_feature_id":"way/428227449#segment/2","source_id":"openstreetmap-overpass-arashiyama-20260829","stable_feature_id":"kyoto-arashiyama:osm-way-000428227449:nodes-004273616164-004273616169","tunnel":"UNKNOWN","tunnel_reason":"OSM way has no tunnel tag"},"type":"Feature"},{"geometry":{"coordinates":[[135.6749285,35.0152467],[135.67496,35.0152089]],"type":"LineString"},"id":"kyoto-arashiyama:osm-way-000428227449:nodes-004273616169-004273616180","properties":{"artifact_id":"arashiyama-osm-corridor-v1","bridge":"UNKNOWN","bridge_reason":"OSM way has no bridge tag","city_id":"kyoto_arashiyama","data_class":"REAL","geometry_status":"SOURCE_TRACEABLE_REAL","layer":null,"layer_reason":"OSM way has no layer tag","level":null,"level_reason":"OSM way has no level tag","lineage":["OpenStreetMap way and original node IDs","fixed-time bounded Overpass response retained as exact bytes","consecutive source-node segmentation; no crossing-node invention"],"revision_id":"osm-2026-08-29-v1","source_class":"VGI","source_feature_id":"way/428227449#segment/1","source_id":"openstreetmap-overpass-arashiyama-20260829","stable_feature_id":"kyoto-arashiyama:osm-way-000428227449:nodes-004273616169-004273616180","tunnel":"UNKNOWN","tunnel_reason":"OSM way has no tunnel tag"},"type":"Feature"},{"geometry":{"coordinates":[[135.6749283,35.0152722],[135.6749285,35.0152467]],"type":"LineString"},"id":"kyoto-arashiyama:osm-way-000428227449:nodes-004273616180-004273616189","properties":{"artifact_id":"arashiyama-osm-corridor-v1","bridge":"UNKNOWN","bridge_reason":"OSM way has no bridge tag","city_id":"kyoto_arashiyama","data_class":"REAL","geometry_status":"SOURCE_TRACEABLE_REAL","layer":null,"layer_reason":"OSM way has no layer tag","level":null,"level_reason":"OSM way has no level tag","lineage":["OpenStreetMap way and original node IDs","fixed-time bounded Overpass response retained as exact bytes","consecutive source-node segmentation; no crossing-node invention"],"revision_id":"osm-2026-08-29-v1","source_class":"VGI","source_feature_id":"way/428227449#segment/0","source_id":"openstreetmap-overpass-arashiyama-20260829","stable_feature_id":"kyoto-arashiyama:osm-way-000428227449:nodes-004273616180-004273616189","tunnel":"UNKNOWN","tunnel_reason":"OSM way has no tunnel tag"},"type":"Feature"},{"geometry":{"coordinates":[[135.6749284,35.0152884],[135.6749283,35.0152722]],"type":"LineString"},"id":"kyoto-arashiyama:osm-way-000428227450:nodes-004273616189-004273616202","properties":{"artifact_id":"arashiyama-osm-corridor-v1","bridge":"UNKNOWN","bridge_reason":"OSM way has no bridge tag","city_id":"kyoto_arashiyama","data_class":"REAL","geometry_status":"SOURCE_TRACEABLE_REAL","layer":null,"layer_reason":"OSM way has no layer tag","level":null,"level_reason":"OSM way has no level tag","lineage":["OpenStreetMap way and original node IDs","fixed-time bounded Overpass response retained as exact bytes","consecutive source-node segmentation; no crossing-node invention"],"revision_id":"osm-2026-08-29-v1","source_class":"VGI","source_feature_id":"way/428227450#segment/2","source_id":"openstreetmap-overpass-arashiyama-20260829","stable_feature_id":"kyoto-arashiyama:osm-way-000428227450:nodes-004273616189-004273616202","tunnel":"UNKNOWN","tunnel_reason":"OSM way has no tunnel tag"},"type":"Feature"},{"geometry":{"coordinates":[[135.6749286,35.0152964],[135.6749284,35.0152884]],"type":"LineString"},"id":"kyoto-arashiyama:osm-way-000428227450:nodes-004273616202-004273616208","properties":{"artifact_id":"arashiyama-osm-corridor-v1","bridge":"UNKNOWN","bridge_reason":"OSM way has no bridge tag","city_id":"kyoto_arashiyama","data_class":"REAL","geometry_status":"SOURCE_TRACEABLE_REAL","layer":null,"layer_reason":"OSM way has no layer tag","level":null,"level_reason":"OSM way has no level tag","lineage":["OpenStreetMap way and original node IDs","fixed-time bounded Overpass response retained as exact bytes","consecutive source-node segmentation; no crossing-node invention"],"revision_id":"osm-2026-08-29-v1","source_class":"VGI","source_feature_id":"way/428227450#segment/1","source_id":"openstreetmap-overpass-arashiyama-20260829","stable_feature_id":"kyoto-arashiyama:osm-way-000428227450:nodes-004273616202-004273616208","tunnel":"UNKNOWN","tunnel_reason":"OSM way has no tunnel tag"},"type":"Feature"},{"geometry":{"coordinates":[[135.6753785,35.0152706],[135.6754439,35.0152366]],"type":"LineString"},"id":"kyoto-arashiyama:osm-way-000428476613:nodes-004275697363-004275697369","properties":{"artifact_id":"arashiyama-osm-corridor-v1","bridge":"UNKNOWN","bridge_reason":"OSM way has no bridge tag","city_id":"kyoto_arashiyama","data_class":"REAL","geometry_status":"SOURCE_TRACEABLE_REAL","layer":null,"layer_reason":"OSM way has no layer tag","level":null,"level_reason":"OSM way has no level tag","lineage":["OpenStreetMap way and original node IDs","fixed-time bounded Overpass response retained as exact bytes","consecutive source-node segmentation; no crossing-node invention"],"revision_id":"osm-2026-08-29-v1","source_class":"VGI","source_feature_id":"way/428476613#segment/2","source_id":"openstreetmap-overpass-arashiyama-20260829","stable_feature_id":"kyoto-arashiyama:osm-way-000428476613:nodes-004275697363-004275697369","tunnel":"UNKNOWN","tunnel_reason":"OSM way has no tunnel tag"},"type":"Feature"},{"geometry":{"coordinates":[[135.6753667,35.0152768],[135.6753785,35.0152706]],"type":"LineString"},"id":"kyoto-arashiyama:osm-way-000428476613:nodes-004275697369-004275697370","properties":{"artifact_id":"arashiyama-osm-corridor-v1","bridge":"UNKNOWN","bridge_reason":"OSM way has no bridge tag","city_id":"kyoto_arashiyama","data_class":"REAL","geometry_status":"SOURCE_TRACEABLE_REAL","layer":null,"layer_reason":"OSM way has no layer tag","level":null,"level_reason":"OSM way has no level tag","lineage":["OpenStreetMap way and original node IDs","fixed-time bounded Overpass response retained as exact bytes","consecutive source-node segmentation; no crossing-node invention"],"revision_id":"osm-2026-08-29-v1","source_class":"VGI","source_feature_id":"way/428476613#segment/1","source_id":"openstreetmap-overpass-arashiyama-20260829","stable_feature_id":"kyoto-arashiyama:osm-way-000428476613:nodes-004275697369-004275697370","tunnel":"UNKNOWN","tunnel_reason":"OSM way has no tunnel tag"},"type":"Feature"},{"geometry":{"coordinates":[[135.6757923,35.015284],[135.6757926,35.0152528]],"type":"LineString"},"id":"kyoto-arashiyama:osm-way-000428661744:nodes-004277494652-004277494667","properties":{"artifact_id":"arashiyama-osm-corridor-v1","bridge":"UNKNOWN","bridge_reason":"OSM way has no bridge tag","city_id":"kyoto_arashiyama","data_class":"REAL","geometry_status":"SOURCE_TRACEABLE_REAL","layer":null,"layer_reason":"OSM way has no layer tag","level":null,"level_reason":"OSM way has no level tag","lineage":["OpenStreetMap way and original node IDs","fixed-time bounded Overpass response retained as exact bytes","consecutive source-node segmentation; no crossing-node invention"],"revision_id":"osm-2026-08-29-v1","source_class":"VGI","source_feature_id":"way/428661744#segment/0","source_id":"openstreetmap-overpass-arashiyama-20260829","stable_feature_id":"kyoto-arashiyama:osm-way-000428661744:nodes-004277494652-004277494667","tunnel":"UNKNOWN","tunnel_reason":"OSM way has no tunnel tag"},"type":"Feature"},{"geometry":{"coordinates":[[135.675783,35.0152835],[135.6757597,35.0152836]],"type":"LineString"},"id":"kyoto-arashiyama:osm-way-000428661745:nodes-004277494665-004277494666","properties":{"artifact_id":"arashiyama-osm-corridor-v1","bridge":"UNKNOWN","bridge_reason":"OSM way has no bridge tag","city_id":"kyoto_arashiyama","data_class":"REAL","geometry_status":"SOURCE_TRACEABLE_REAL","layer":null,"layer_reason":"OSM way has no layer tag","level":null,"level_reason":"OSM way has no level tag","lineage":["OpenStreetMap way and original node IDs","fixed-time bounded Overpass response retained as exact bytes","consecutive source-node segmentation; no crossing-node invention"],"revision_id":"osm-2026-08-29-v1","source_class":"VGI","source_feature_id":"way/428661745#segment/0","source_id":"openstreetmap-overpass-arashiyama-20260829","stable_feature_id":"kyoto-arashiyama:osm-way-000428661745:nodes-004277494665-004277494666","tunnel":"UNKNOWN","tunnel_reason":"OSM way has no tunnel tag"},"type":"Feature"},{"geometry":{"coordinates":[[135.6757923,35.015284],[135.6758683,35.0152488]],"type":"LineString"},"id":"kyoto-arashiyama:osm-way-000428661747:nodes-004277494649-004277494667","properties":{"artifact_id":"arashiyama-osm-corridor-v1","bridge":"UNKNOWN","bridge_reason":"OSM way has no bridge tag","city_id":"kyoto_arashiyama","data_class":"REAL","geometry_status":"SOURCE_TRACEABLE_REAL","layer":null,"layer_reason":"OSM way has no layer tag","level":null,"level_reason":"OSM way has no level tag","lineage":["OpenStreetMap way and original node IDs","fixed-time bounded Overpass response retained as exact bytes","consecutive source-node segmentation; no crossing-node invention"],"revision_id":"osm-2026-08-29-v1","source_class":"VGI","source_feature_id":"way/428661747#segment/2","source_id":"openstreetmap-overpass-arashiyama-20260829","stable_feature_id":"kyoto-arashiyama:osm-way-000428661747:nodes-004277494649-004277494667","tunnel":"UNKNOWN","tunnel_reason":"OSM way has no tunnel tag"},"type":"Feature"},{"geometry":{"coordinates":[[135.675783,35.0152835],[135.6757923,35.015284]],"type":"LineString"},"id":"kyoto-arashiyama:osm-way-000428661747:nodes-004277494665-004277494667","properties":{"artifact_id":"arashiyama-osm-corridor-v1","bridge":"UNKNOWN","bridge_reason":"OSM way has no bridge tag","city_id":"kyoto_arashiyama","data_class":"REAL","geometry_status":"SOURCE_TRACEABLE_REAL","layer":null,"layer_reason":"OSM way has no layer tag","level":null,"level_reason":"OSM way has no level tag","lineage":["OpenStreetMap way and original node IDs","fixed-time bounded Overpass response retained as exact bytes","consecutive source-node segmentation; no crossing-node invention"],"revision_id":"osm-2026-08-29-v1","source_class":"VGI","source_feature_id":"way/428661747#segment/1","source_id":"openstreetmap-overpass-arashiyama-20260829","stable_feature_id":"kyoto-arashiyama:osm-way-000428661747:nodes-004277494665-004277494667","tunnel":"UNKNOWN","tunnel_reason":"OSM way has no tunnel tag"},"type":"Feature"},{"geometry":{"coordinates":[[135.6786276,35.0120395],[135.6787653,35.011792]],"type":"LineString"},"id":"kyoto-arashiyama:osm-way-000428892560:nodes-004280069056-004280071848","properties":{"artifact_id":"arashiyama-osm-corridor-v1","bridge":"UNKNOWN","bridge_reason":"OSM way has no bridge tag","city_id":"kyoto_arashiyama","data_class":"REAL","geometry_status":"SOURCE_TRACEABLE_REAL","layer":null,"layer_reason":"OSM way has no layer tag","level":null,"level_reason":"OSM way has no level tag","lineage":["OpenStreetMap way and original node IDs","fixed-time bounded Overpass response retained as exact bytes","consecutive source-node segmentation; no crossing-node invention"],"revision_id":"osm-2026-08-29-v1","source_class":"VGI","source_feature_id":"way/428892560#segment/1","source_id":"openstreetmap-overpass-arashiyama-20260829","stable_feature_id":"kyoto-arashiyama:osm-way-000428892560:nodes-004280069056-004280071848","tunnel":"UNKNOWN","tunnel_reason":"OSM way has no tunnel tag"},"type":"Feature"},{"geometry":{"coordinates":[[135.6785486,35.0121815],[135.6786276,35.0120395]],"type":"LineString"},"id":"kyoto-arashiyama:osm-way-000428892560:nodes-004280071848-005064078687","properties":{"artifact_id":"arashiyama-osm-corridor-v1","bridge":"UNKNOWN","bridge_reason":"OSM way has no bridge tag","city_id":"kyoto_arashiyama","data_class":"REAL","geometry_status":"SOURCE_TRACEABLE_REAL","layer":null,"layer_reason":"OSM way has no layer tag","level":null,"level_reason":"OSM way has no level tag","lineage":["OpenStreetMap way and original node IDs","fixed-time bounded Overpass response retained as exact bytes","consecutive source-node segmentation; no crossing-node invention"],"revision_id":"osm-2026-08-29-v1","source_class":"VGI","source_feature_id":"way/428892560#segment/0","source_id":"openstreetmap-overpass-arashiyama-20260829","stable_feature_id":"kyoto-arashiyama:osm-way-000428892560:nodes-004280071848-005064078687","tunnel":"UNKNOWN","tunnel_reason":"OSM way has no tunnel tag"},"type":"Feature"},{"geometry":{"coordinates":[[135.6776621,35.0120997],[135.6777133,35.0120906]],"type":"LineString"},"id":"kyoto-arashiyama:osm-way-000428892563:nodes-002200792879-004280313257","properties":{"artifact_id":"arashiyama-osm-corridor-v1","bridge":"UNKNOWN","bridge_reason":"OSM way has no bridge tag","city_id":"kyoto_arashiyama","data_class":"REAL","geometry_status":"SOURCE_TRACEABLE_REAL","layer":null,"layer_reason":"OSM way has no layer tag","level":null,"level_reason":"OSM way has no level tag","lineage":["OpenStreetMap way and original node IDs","fixed-time bounded Overpass response retained as exact bytes","consecutive source-node segmentation; no crossing-node invention"],"revision_id":"osm-2026-08-29-v1","source_class":"VGI","source_feature_id":"way/428892563#segment/1","source_id":"openstreetmap-overpass-arashiyama-20260829","stable_feature_id":"kyoto-arashiyama:osm-way-000428892563:nodes-002200792879-004280313257","tunnel":"UNKNOWN","tunnel_reason":"OSM way has no tunnel tag"},"type":"Feature"},{"geometry":{"coordinates":[[135.6776096,35.0121076],[135.6776621,35.0120997]],"type":"LineString"},"id":"kyoto-arashiyama:osm-way-000428892563:nodes-002200792879-004280313258","properties":{"artifact_id":"arashiyama-osm-corridor-v1","bridge":"UNKNOWN","bridge_reason":"OSM way has no bridge tag","city_id":"kyoto_arashiyama","data_class":"REAL","geometry_status":"SOURCE_TRACEABLE_REAL","layer":null,"layer_reason":"OSM way has no layer tag","level":null,"level_reason":"OSM way has no level tag","lineage":["OpenStreetMap way and original node IDs","fixed-time bounded Overpass response retained as exact bytes","consecutive source-node segmentation; no crossing-node invention"],"revision_id":"osm-2026-08-29-v1","source_class":"VGI","source_feature_id":"way/428892563#segment/0","source_id":"openstreetmap-overpass-arashiyama-20260829","stable_feature_id":"kyoto-arashiyama:osm-way-000428892563:nodes-002200792879-004280313258","tunnel":"UNKNOWN","tunnel_reason":"OSM way has no tunnel tag"},"type":"Feature"},{"geometry":{"coordinates":[[135.6799074,35.0123806],[135.6799972,35.012397]],"type":"LineString"},"id":"kyoto-arashiyama:osm-way-000428892566:nodes-004280071951-004280071952","properties":{"artifact_id":"arashiyama-osm-corridor-v1","bridge":"UNKNOWN","bridge_reason":"OSM way has no bridge tag","city_id":"kyoto_arashiyama","data_class":"REAL","geometry_status":"SOURCE_TRACEABLE_REAL","layer":null,"layer_reason":"OSM way has no layer tag","level":null,"level_reason":"OSM way has no level tag","lineage":["OpenStreetMap way and original node IDs","fixed-time bounded Overpass response retained as exact bytes","consecutive source-node segmentation; no crossing-node invention"],"revision_id":"osm-2026-08-29-v1","source_class":"VGI","source_feature_id":"way/428892566#segment/1","source_id":"openstreetmap-overpass-arashiyama-20260829","stable_feature_id":"kyoto-arashiyama:osm-way-000428892566:nodes-004280071951-004280071952","tunnel":"UNKNOWN","tunnel_reason":"OSM way has no tunnel tag"},"type":"Feature"},{"geometry":{"coordinates":[[135.6798421,35.0123655],[135.6799074,35.0123806]],"type":"LineString"},"id":"kyoto-arashiyama:osm-way-000428892566:nodes-004280071951-005064078690","properties":{"artifact_id":"arashiyama-osm-corridor-v1","bridge":"UNKNOWN","bridge_reason":"OSM way has no bridge tag","city_id":"kyoto_arashiyama","data_class":"REAL","geometry_status":"SOURCE_TRACEABLE_REAL","layer":null,"layer_reason":"OSM way has no layer tag","level":null,"level_reason":"OSM way has no level tag","lineage":["OpenStreetMap way and original node IDs","fixed-time bounded Overpass response retained as exact bytes","consecutive source-node segmentation; no crossing-node invention"],"revision_id":"osm-2026-08-29-v1","source_class":"VGI","source_feature_id":"way/428892566#segment/0","source_id":"openstreetmap-overpass-arashiyama-20260829","stable_feature_id":"kyoto-arashiyama:osm-way-000428892566:nodes-004280071951-005064078690","tunnel":"UNKNOWN","tunnel_reason":"OSM way has no tunnel tag"},"type":"Feature"},{"geometry":{"coordinates":[[135.6799972,35.012397],[135.6800817,35.0124023]],"type":"LineString"},"id":"kyoto-arashiyama:osm-way-000428892566:nodes-004280071952-004280071955","properties":{"artifact_id":"arashiyama-osm-corridor-v1","bridge":"UNKNOWN","bridge_reason":"OSM way has no bridge tag","city_id":"kyoto_arashiyama","data_class":"REAL","geometry_status":"SOURCE_TRACEABLE_REAL","layer":null,"layer_reason":"OSM way has no layer tag","level":null,"level_reason":"OSM way has no level tag","lineage":["OpenStreetMap way and original node IDs","fixed-time bounded Overpass response retained as exact bytes","consecutive source-node segmentation; no crossing-node invention"],"revision_id":"osm-2026-08-29-v1","source_class":"VGI","source_feature_id":"way/428892566#segment/2","source_id":"openstreetmap-overpass-arashiyama-20260829","stable_feature_id":"kyoto-arashiyama:osm-way-000428892566:nodes-004280071952-004280071955","tunnel":"UNKNOWN","tunnel_reason":"OSM way has no tunnel tag"},"type":"Feature"},{"geometry":{"coordinates":[[135.6796305,35.0121734],[135.679711,35.0121259]],"type":"LineString"},"id":"kyoto-arashiyama:osm-way-000428892568:nodes-004280071902-004280071927","properties":{"artifact_id":"arashiyama-osm-corridor-v1","bridge":"UNKNOWN","bridge_reason":"OSM way has no bridge tag","city_id":"kyoto_arashiyama","data_class":"REAL","geometry_status":"SOURCE_TRACEABLE_REAL","layer":null,"layer_reason":"OSM way has no layer tag","level":null,"level_reason":"OSM way has no level tag","lineage":["OpenStreetMap way and original node IDs","fixed-time bounded Overpass response retained as exact bytes","consecutive source-node segmentation; no crossing-node invention"],"revision_id":"osm-2026-08-29-v1","source_class":"VGI","source_feature_id":"way/428892568#segment/2","source_id":"openstreetmap-overpass-arashiyama-20260829","stable_feature_id":"kyoto-arashiyama:osm-way-000428892568:nodes-004280071902-004280071927","tunnel":"UNKNOWN","tunnel_reason":"OSM way has no tunnel tag"},"type":"Feature"},{"geometry":{"coordinates":[[135.6795047,35.0122469],[135.6796305,35.0121734]],"type":"LineString"},"id":"kyoto-arashiyama:osm-way-000428892568:nodes-004280071927-004280071943","properties":{"artifact_id":"arashiyama-osm-corridor-v1","bridge":"UNKNOWN","bridge_reason":"OSM way has no bridge tag","city_id":"kyoto_arashiyama","data_class":"REAL","geometry_status":"SOURCE_TRACEABLE_REAL","layer":null,"layer_reason":"OSM way has no layer tag","level":null,"level_reason":"OSM way has no level tag","lineage":["OpenStreetMap way and original node IDs","fixed-time bounded Overpass response retained as exact bytes","consecutive source-node segmentation; no crossing-node invention"],"revision_id":"osm-2026-08-29-v1","source_class":"VGI","source_feature_id":"way/428892568#segment/1","source_id":"openstreetmap-overpass-arashiyama-20260829","stable_feature_id":"kyoto-arashiyama:osm-way-000428892568:nodes-004280071927-004280071943","tunnel":"UNKNOWN","tunnel_reason":"OSM way has no tunnel tag"},"type":"Feature"},{"geometry":{"coordinates":[[135.6793417,35.0123439],[135.6795047,35.0122469]],"type":"LineString"},"id":"kyoto-arashiyama:osm-way-000428892568:nodes-004280071943-005064078660","properties":{"artifact_id":"arashiyama-osm-corridor-v1","bridge":"UNKNOWN","bridge_reason":"OSM way has no bridge tag","city_id":"kyoto_arashiyama","data_class":"REAL","geometry_status":"SOURCE_TRACEABLE_REAL","layer":null,"layer_reason":"OSM way has no layer tag","level":null,"level_reason":"OSM way has no level tag","lineage":["OpenStreetMap way and original node IDs","fixed-time bounded Overpass response retained as exact bytes","consecutive source-node segmentation; no crossing-node invention"],"revision_id":"osm-2026-08-29-v1","source_class":"VGI","source_feature_id":"way/428892568#segment/0","source_id":"openstreetmap-overpass-arashiyama-20260829","stable_feature_id":"kyoto-arashiyama:osm-way-000428892568:nodes-004280071943-005064078660","tunnel":"UNKNOWN","tunnel_reason":"OSM way has no tunnel tag"},"type":"Feature"},{"geometry":{"coordinates":[[135.6799316,35.0122861],[135.6799781,35.0122012]],"type":"LineString"},"id":"kyoto-arashiyama:osm-way-000428892570:nodes-002200792887-004269861782","properties":{"artifact_id":"arashiyama-osm-corridor-v1","bridge":"UNKNOWN","bridge_reason":"OSM way has no bridge tag","city_id":"kyoto_arashiyama","data_class":"REAL","geometry_status":"SOURCE_TRACEABLE_REAL","layer":null,"layer_reason":"OSM way has no layer tag","level":null,"level_reason":"OSM way has no level tag","lineage":["OpenStreetMap way and original node IDs","fixed-time bounded Overpass response retained as exact bytes","consecutive source-node segmentation; no crossing-node invention"],"revision_id":"osm-2026-08-29-v1","source_class":"VGI","source_feature_id":"way/428892570#segment/1","source_id":"openstreetmap-overpass-arashiyama-20260829","stable_feature_id":"kyoto-arashiyama:osm-way-000428892570:nodes-002200792887-004269861782","tunnel":"UNKNOWN","tunnel_reason":"OSM way has no tunnel tag"},"type":"Feature"},{"geometry":{"coordinates":[[135.6798699,35.012348],[135.6799316,35.0122861]],"type":"LineString"},"id":"kyoto-arashiyama:osm-way-000428892570:nodes-002200792895-004269861782","properties":{"artifact_id":"arashiyama-osm-corridor-v1","bridge":"UNKNOWN","bridge_reason":"OSM way has no bridge tag","city_id":"kyoto_arashiyama","data_class":"REAL","geometry_status":"SOURCE_TRACEABLE_REAL","layer":null,"layer_reason":"OSM way has no layer tag","level":null,"level_reason":"OSM way has no level tag","lineage":["OpenStreetMap way and original node IDs","fixed-time bounded Overpass response retained as exact bytes","consecutive source-node segmentation; no crossing-node invention"],"revision_id":"osm-2026-08-29-v1","source_class":"VGI","source_feature_id":"way/428892570#segment/0","source_id":"openstreetmap-overpass-arashiyama-20260829","stable_feature_id":"kyoto-arashiyama:osm-way-000428892570:nodes-002200792895-004269861782","tunnel":"UNKNOWN","tunnel_reason":"OSM way has no tunnel tag"},"type":"Feature"},{"geometry":{"coordinates":[[135.6791705,35.0120349],[135.6791964,35.0119809]],"type":"LineString"},"id":"kyoto-arashiyama:osm-way-000428892573:nodes-004280071828-004280071846","properties":{"artifact_id":"arashiyama-osm-corridor-v1","bridge":"UNKNOWN","bridge_reason":"OSM way has no bridge tag","city_id":"kyoto_arashiyama","data_class":"REAL","geometry_status":"SOURCE_TRACEABLE_REAL","layer":null,"layer_reason":"OSM way has no layer tag","level":null,"level_reason":"OSM way has no level tag","lineage":["OpenStreetMap way and original node IDs","fixed-time bounded Overpass response retained as exact bytes","consecutive source-node segmentation; no crossing-node invention"],"revision_id":"osm-2026-08-29-v1","source_class":"VGI","source_feature_id":"way/428892573#segment/1","source_id":"openstreetmap-overpass-arashiyama-20260829","stable_feature_id":"kyoto-arashiyama:osm-way-000428892573:nodes-004280071828-004280071846","tunnel":"UNKNOWN","tunnel_reason":"OSM way has no tunnel tag"},"type":"Feature"},{"geometry":{"coordinates":[[135.6791944,35.0121046],[135.6791705,35.0120349]],"type":"LineString"},"id":"kyoto-arashiyama:osm-way-000428892573:nodes-004280071846-004280071886","properties":{"artifact_id":"arashiyama-osm-corridor-v1","bridge":"UNKNOWN","bridge_reason":"OSM way has no bridge tag","city_id":"kyoto_arashiyama","data_class":"REAL","geometry_status":"SOURCE_TRACEABLE_REAL","layer":null,"layer_reason":"OSM way has no layer tag","level":null,"level_reason":"OSM way has no level tag","lineage":["OpenStreetMap way and original node IDs","fixed-time bounded Overpass response retained as exact bytes","consecutive source-node segmentation; no crossing-node invention"],"revision_id":"osm-2026-08-29-v1","source_class":"VGI","source_feature_id":"way/428892573#segment/0","source_id":"openstreetmap-overpass-arashiyama-20260829","stable_feature_id":"kyoto-arashiyama:osm-way-000428892573:nodes-004280071846-004280071886","tunnel":"UNKNOWN","tunnel_reason":"OSM way has no tunnel tag"},"type":"Feature"},{"geometry":{"coordinates":[[135.6795047,35.0122469],[135.6798699,35.012348]],"type":"LineString"},"id":"kyoto-arashiyama:osm-way-000428892575:nodes-002200792895-004280071943","properties":{"artifact_id":"arashiyama-osm-corridor-v1","bridge":"UNKNOWN","bridge_reason":"OSM way has no bridge tag","city_id":"kyoto_arashiyama","data_class":"REAL","geometry_status":"SOURCE_TRACEABLE_REAL","layer":null,"layer_reason":"OSM way has no layer tag","level":null,"level_reason":"OSM way has no level tag","lineage":["OpenStreetMap way and original node IDs","fixed-time bounded Overpass response retained as exact bytes","consecutive source-node segmentation; no crossing-node invention"],"revision_id":"osm-2026-08-29-v1","source_class":"VGI","source_feature_id":"way/428892575#segment/45","source_id":"openstreetmap-overpass-arashiyama-20260829","stable_feature_id":"kyoto-arashiyama:osm-way-000428892575:nodes-002200792895-004280071943","tunnel":"UNKNOWN","tunnel_reason":"OSM way has no tunnel tag"},"type":"Feature"},{"geometry":{"coordinates":[[135.6798699,35.012348],[135.6799195,35.0123617]],"type":"LineString"},"id":"kyoto-arashiyama:osm-way-000428892575:nodes-002200792895-004280071949","properties":{"artifact_id":"arashiyama-osm-corridor-v1","bridge":"UNKNOWN","bridge_reason":"OSM way has no bridge tag","city_id":"kyoto_arashiyama","data_class":"REAL","geometry_status":"SOURCE_TRACEABLE_REAL","layer":null,"layer_reason":"OSM way has no layer tag","level":null,"level_reason":"OSM way has no level tag","lineage":["OpenStreetMap way and original node IDs","fixed-time bounded Overpass response retained as exact bytes","consecutive source-node segmentation; no crossing-node invention"],"revision_id":"osm-2026-08-29-v1","source_class":"VGI","source_feature_id":"way/428892575#segment/46","source_id":"openstreetmap-overpass-arashiyama-20260829","stable_feature_id":"kyoto-arashiyama:osm-way-000428892575:nodes-002200792895-004280071949","tunnel":"UNKNOWN","tunnel_reason":"OSM way has no tunnel tag"},"type":"Feature"},{"geometry":{"coordinates":[[135.67789,35.0117956],[135.6779494,35.0119348]],"type":"LineString"},"id":"kyoto-arashiyama:osm-way-000428892575:nodes-004280069058-004280071802","properties":{"artifact_id":"arashiyama-osm-corridor-v1","bridge":"UNKNOWN","bridge_reason":"OSM way has no bridge tag","city_id":"kyoto_arashiyama","data_class":"REAL","geometry_status":"SOURCE_TRACEABLE_REAL","layer":null,"layer_reason":"OSM way has no layer tag","level":null,"level_reason":"OSM way has no level tag","lineage":["OpenStreetMap way and original node IDs","fixed-time bounded Overpass response retained as exact bytes","consecutive source-node segmentation; no crossing-node invention"],"revision_id":"osm-2026-08-29-v1","source_class":"VGI","source_feature_id":"way/428892575#segment/11","source_id":"openstreetmap-overpass-arashiyama-20260829","stable_feature_id":"kyoto-arashiyama:osm-way-000428892575:nodes-004280069058-004280071802","tunnel":"UNKNOWN","tunnel_reason":"OSM way has no tunnel tag"},"type":"Feature"},{"geometry":{"coordinates":[[135.677857,35.0118005],[135.67789,35.0117956]],"type":"LineString"},"id":"kyoto-arashiyama:osm-way-000428892575:nodes-004280069058-005064078685","properties":{"artifact_id":"arashiyama-osm-corridor-v1","bridge":"UNKNOWN","bridge_reason":"OSM way has no bridge tag","city_id":"kyoto_arashiyama","data_class":"REAL","geometry_status":"SOURCE_TRACEABLE_REAL","layer":null,"layer_reason":"OSM way has no layer tag","level":null,"level_reason":"OSM way has no level tag","lineage":["OpenStreetMap way and original node IDs","fixed-time bounded Overpass response retained as exact bytes","consecutive source-node segmentation; no crossing-node invention"],"revision_id":"osm-2026-08-29-v1","source_class":"VGI","source_feature_id":"way/428892575#segment/10","source_id":"openstreetmap-overpass-arashiyama-20260829","stable_feature_id":"kyoto-arashiyama:osm-way-000428892575:nodes-004280069058-005064078685","tunnel":"UNKNOWN","tunnel_reason":"OSM way has no tunnel tag"},"type":"Feature"},{"geometry":{"coordinates":[[135.6778075,35.0118786],[135.6778195,35.0118061]],"type":"LineString"},"id":"kyoto-arashiyama:osm-way-000428892575:nodes-004280069060-004280069071","properties":{"artifact_id":"arashiyama-osm-corridor-v1","bridge":"UNKNOWN","bridge_reason":"OSM way has no bridge tag","city_id":"kyoto_arashiyama","data_class":"REAL","geometry_status":"SOURCE_TRACEABLE_REAL","layer":null,"layer_reason":"OSM way has no layer tag","level":null,"level_reason":"OSM way has no level tag","lineage":["OpenStreetMap way and original node IDs","fixed-time bounded Overpass response retained as exact bytes","consecutive source-node segmentation; no crossing-node invention"],"revision_id":"osm-2026-08-29-v1","source_class":"VGI","source_feature_id":"way/428892575#segment/8","source_id":"openstreetmap-overpass-arashiyama-20260829","stable_feature_id":"kyoto-arashiyama:osm-way-000428892575:nodes-004280069060-004280069071","tunnel":"UNKNOWN","tunnel_reason":"OSM way has no tunnel tag"},"type":"Feature"},{"geometry":{"coordinates":[[135.6778195,35.0118061],[135.677857,35.0118005]],"type":"LineString"},"id":"kyoto-arashiyama:osm-way-000428892575:nodes-004280069060-005064078685","properties":{"artifact_id":"arashiyama-osm-corridor-v1","bridge":"UNKNOWN","bridge_reason":"OSM way has no bridge tag","city_id":"kyoto_arashiyama","data_class":"REAL","geometry_status":"SOURCE_TRACEABLE_REAL","layer":null,"layer_reason":"OSM way has no layer tag","level":null,"level_reason":"OSM way has no level tag","lineage":["OpenStreetMap way and original node IDs","fixed-time bounded Overpass response retained as exact bytes","consecutive source-node segmentation; no crossing-node invention"],"revision_id":"osm-2026-08-29-v1","source_class":"VGI","source_feature_id":"way/428892575#segment/9","source_id":"openstreetmap-overpass-arashiyama-20260829","stable_feature_id":"kyoto-arashiyama:osm-way-000428892575:nodes-004280069060-005064078685","tunnel":"UNKNOWN","tunnel_reason":"OSM way has no tunnel tag"},"type":"Feature"},{"geometry":{"coordinates":[[135.6781693,35.01187],[135.6781953,35.0118761]],"type":"LineString"},"id":"kyoto-arashiyama:osm-way-000428892575:nodes-004280069067-004280069069","properties":{"artifact_id":"arashiyama-osm-corridor-v1","bridge":"UNKNOWN","bridge_reason":"OSM way has no bridge tag","city_id":"kyoto_arashiyama","data_class":"REAL","geometry_status":"SOURCE_TRACEABLE_REAL","layer":null,"layer_reason":"OSM way has no layer tag","level":null,"level_reason":"OSM way has no level tag","lineage":["OpenStreetMap way and original node IDs","fixed-time bounded Overpass response retained as exact bytes","consecutive source-node segmentation; no crossing-node invention"],"revision_id":"osm-2026-08-29-v1","source_class":"VGI","source_feature_id":"way/428892575#segment/20","source_id":"openstreetmap-overpass-arashiyama-20260829","stable_feature_id":"kyoto-arashiyama:osm-way-000428892575:nodes-004280069067-004280069069","tunnel":"UNKNOWN","tunnel_reason":"OSM way has no tunnel tag"},"type":"Feature"},{"geometry":{"coordinates":[[135.6781569,35.0119115],[135.6781693,35.01187]],"type":"LineString"},"id":"kyoto-arashiyama:osm-way-000428892575:nodes-004280069067-004280069086","properties":{"artifact_id":"arashiyama-osm-corridor-v1","bridge":"UNKNOWN","bridge_reason":"OSM way has no bridge tag","city_id":"kyoto_arashiyama","data_class":"REAL","geometry_status":"SOURCE_TRACEABLE_REAL","layer":null,"layer_reason":"OSM way has no layer tag","level":null,"level_reason":"OSM way has no level tag","lineage":["OpenStreetMap way and original node IDs","fixed-time bounded Overpass response retained as exact bytes","consecutive source-node segmentation; no crossing-node invention"],"revision_id":"osm-2026-08-29-v1","source_class":"VGI","source_feature_id":"way/428892575#segment/19","source_id":"openstreetmap-overpass-arashiyama-20260829","stable_feature_id":"kyoto-arashiyama:osm-way-000428892575:nodes-004280069067-004280069086","tunnel":"UNKNOWN","tunnel_reason":"OSM way has no tunnel tag"},"type":"Feature"},{"geometry":{"coordinates":[[135.6781953,35.0118761],[135.6782912,35.011898]],"type":"LineString"},"id":"kyoto-arashiyama:osm-way-000428892575:nodes-004280069069-004280069078","properties":{"artifact_id":"arashiyama-osm-corridor-v1","bridge":"UNKNOWN","bridge_reason":"OSM way has no bridge tag","city_id":"kyoto_arashiyama","data_class":"REAL","geometry_status":"SOURCE_TRACEABLE_REAL","layer":null,"layer_reason":"OSM way has no layer tag","level":null,"level_reason":"OSM way has no level tag","lineage":["OpenStreetMap way and original node IDs","fixed-time bounded Overpass response retained as exact bytes","consecutive source-node segmentation; no crossing-node invention"],"revision_id":"osm-2026-08-29-v1","source_class":"VGI","source_feature_id":"way/428892575#segment/21","source_id":"openstreetmap-overpass-arashiyama-20260829","stable_feature_id":"kyoto-arashiyama:osm-way-000428892575:nodes-004280069069-004280069078","tunnel":"UNKNOWN","tunnel_reason":"OSM way has no tunnel tag"},"type":"Feature"},{"geometry":{"coordinates":[[135.6778058,35.0119033],[135.6778075,35.0118786]],"type":"LineString"},"id":"kyoto-arashiyama:osm-way-000428892575:nodes-004280069071-004280069080","properties":{"artifact_id":"arashiyama-osm-corridor-v1","bridge":"UNKNOWN","bridge_reason":"OSM way has no bridge tag","city_id":"kyoto_arashiyama","data_class":"REAL","geometry_status":"SOURCE_TRACEABLE_REAL","layer":null,"layer_reason":"OSM way has no layer tag","level":null,"level_reason":"OSM way has no level tag","lineage":["OpenStreetMap way and original node IDs","fixed-time bounded Overpass response retained as exact bytes","consecutive source-node segmentation; no crossing-node invention"],"revision_id":"osm-2026-08-29-v1","source_class":"VGI","source_feature_id":"way/428892575#segment/7","source_id":"openstreetmap-overpass-arashiyama-20260829","stable_feature_id":"kyoto-arashiyama:osm-way-000428892575:nodes-004280069071-004280069080","tunnel":"UNKNOWN","tunnel_reason":"OSM way has no tunnel tag"},"type":"Feature"},{"geometry":{"coordinates":[[135.6782912,35.011898],[135.6782989,35.0119165]],"type":"LineString"},"id":"kyoto-arashiyama:osm-way-000428892575:nodes-004280069078-004280069087","properties":{"artifact_id":"arashiyama-osm-corridor-v1","bridge":"UNKNOWN","bridge_reason":"OSM way has no bridge tag","city_id":"kyoto_arashiyama","data_class":"REAL","geometry_status":"SOURCE_TRACEABLE_REAL","layer":null,"layer_reason":"OSM way has no layer tag","level":null,"level_reason":"OSM way has no level tag","lineage":["OpenStreetMap way and original node IDs","fixed-time bounded Overpass response retained as exact bytes","consecutive source-node segmentation; no crossing-node invention"],"revision_id":"osm-2026-08-29-v1","source_class":"VGI","source_feature_id":"way/428892575#segment/22","source_id":"openstreetmap-overpass-arashiyama-20260829","stable_feature_id":"kyoto-arashiyama:osm-way-000428892575:nodes-004280069078-004280069087","tunnel":"UNKNOWN","tunnel_reason":"OSM way has no tunnel tag"},"type":"Feature"},{"geometry":{"coordinates":[[135.6778093,35.0119338],[135.6778058,35.0119033]],"type":"LineString"},"id":"kyoto-arashiyama:osm-way-000428892575:nodes-004280069080-004280071800","properties":{"artifact_id":"arashiyama-osm-corridor-v1","bridge":"UNKNOWN","bridge_reason":"OSM way has no bridge tag","city_id":"kyoto_arashiyama","data_class":"REAL","geometry_status":"SOURCE_TRACEABLE_REAL","layer":null,"layer_reason":"OSM way has no layer tag","level":null,"level_reason":"OSM way has no level tag","lineage":["OpenStreetMap way and original node IDs","fixed-time bounded Overpass response retained as exact bytes","consecutive source-node segmentation; no crossing-node invention"],"revision_id":"osm-2026-08-29-v1","source_class":"VGI","source_feature_id":"way/428892575#segment/6","source_id":"openstreetmap-overpass-arashiyama-20260829","stable_feature_id":"kyoto-arashiyama:osm-way-000428892575:nodes-004280069080-004280071800","tunnel":"UNKNOWN","tunnel_reason":"OSM way has no tunnel tag"},"type":"Feature"},{"geometry":{"coordinates":[[135.6781331,35.0119225],[135.6781569,35.0119115]],"type":"LineString"},"id":"kyoto-arashiyama:osm-way-000428892575:nodes-004280069086-004280071792","properties":{"artifact_id":"arashiyama-osm-corridor-v1","bridge":"UNKNOWN","bridge_reason":"OSM way has no bridge tag","city_id":"kyoto_arashiyama","data_class":"REAL","geometry_status":"SOURCE_TRACEABLE_REAL","layer":null,"layer_reason":"OSM way has no layer tag","level":null,"level_reason":"OSM way has no level tag","lineage":["OpenStreetMap way and original node IDs","fixed-time bounded Overpass response retained as exact bytes","consecutive source-node segmentation; no crossing-node invention"],"revision_id":"osm-2026-08-29-v1","source_class":"VGI","source_feature_id":"way/428892575#segment/18","source_id":"openstreetmap-overpass-arashiyama-20260829","stable_feature_id":"kyoto-arashiyama:osm-way-000428892575:nodes-004280069086-004280071792","tunnel":"UNKNOWN","tunnel_reason":"OSM way has no tunnel tag"},"type":"Feature"},{"geometry":{"coordinates":[[135.6782989,35.0119165],[135.6783089,35.0119414]],"type":"LineString"},"id":"kyoto-arashiyama:osm-way-000428892575:nodes-004280069087-004280071803","properties":{"artifact_id":"arashiyama-osm-corridor-v1","bridge":"UNKNOWN","bridge_reason":"OSM way has no bridge tag","city_id":"kyoto_arashiyama","data_class":"REAL","geometry_status":"SOURCE_TRACEABLE_REAL","layer":null,"layer_reason":"OSM way has no layer tag","level":null,"level_reason":"OSM way has no level tag","lineage":["OpenStreetMap way and original node IDs","fixed-time bounded Overpass response retained as exact bytes","consecutive source-node segmentation; no crossing-node invention"],"revision_id":"osm-2026-08-29-v1","source_class":"VGI","source_feature_id":"way/428892575#segment/23","source_id":"openstreetmap-overpass-arashiyama-20260829","stable_feature_id":"kyoto-arashiyama:osm-way-000428892575:nodes-004280069087-004280071803","tunnel":"UNKNOWN","tunnel_reason":"OSM way has no tunnel tag"},"type":"Feature"},{"geometry":{"coordinates":[[135.6781056,35.0119321],[135.6781331,35.0119225]],"type":"LineString"},"id":"kyoto-arashiyama:osm-way-000428892575:nodes-004280071792-004280071797","properties":{"artifact_id":"arashiyama-osm-corridor-v1","bridge":"UNKNOWN","bridge_reason":"OSM way has no bridge tag","city_id":"kyoto_arashiyama","data_class":"REAL","geometry_status":"SOURCE_TRACEABLE_REAL","layer":null,"layer_reason":"OSM way has no layer tag","level":null,"level_reason":"OSM way has no level tag","lineage":["OpenStreetMap way and original node IDs","fixed-time bounded Overpass response retained as exact bytes","consecutive source-node segmentation; no crossing-node invention"],"revision_id":"osm-2026-08-29-v1","source_class":"VGI","source_feature_id":"way/428892575#segment/17","source_id":"openstreetmap-overpass-arashiyama-20260829","stable_feature_id":"kyoto-arashiyama:osm-way-000428892575:nodes-004280071792-004280071797","tunnel":"UNKNOWN","tunnel_reason":"OSM way has no tunnel tag"},"type":"Feature"},{"geometry":{"coordinates":[[135.678063,35.0119472],[135.6781056,35.0119321]],"type":"LineString"},"id":"kyoto-arashiyama:osm-way-000428892575:nodes-004280071797-004280071808","properties":{"artifact_id":"arashiyama-osm-corridor-v1","bridge":"UNKNOWN","bridge_reason":"OSM way has no bridge tag","city_id":"kyoto_arashiyama","data_class":"REAL","geometry_status":"SOURCE_TRACEABLE_REAL","layer":null,"layer_reason":"OSM way has no layer tag","level":null,"level_reason":"OSM way has no level tag","lineage":["OpenStreetMap way and original node IDs","fixed-time bounded Overpass response retained as exact bytes","consecutive source-node segmentation; no crossing-node invention"],"revision_id":"osm-2026-08-29-v1","source_class":"VGI","source_feature_id":"way/428892575#segment/16","source_id":"openstreetmap-overpass-arashiyama-20260829","stable_feature_id":"kyoto-arashiyama:osm-way-000428892575:nodes-004280071797-004280071808","tunnel":"UNKNOWN","tunnel_reason":"OSM way has no tunnel tag"},"type":"Feature"},{"geometry":{"coordinates":[[135.6778186,35.0119554],[135.6778093,35.0119338]],"type":"LineString"},"id":"kyoto-arashiyama:osm-way-000428892575:nodes-004280071800-004280071816","properties":{"artifact_id":"arashiyama-osm-corridor-v1","bridge":"UNKNOWN","bridge_reason":"OSM way has no bridge tag","city_id":"kyoto_arashiyama","data_class":"REAL","geometry_status":"SOURCE_TRACEABLE_REAL","layer":null,"layer_reason":"OSM way has no layer tag","level":null,"level_reason":"OSM way has no level tag","lineage":["OpenStreetMap way and original node IDs","fixed-time bounded Overpass response retained as exact bytes","consecutive source-node segmentation; no crossing-node invention"],"revision_id":"osm-2026-08-29-v1","source_class":"VGI","source_feature_id":"way/428892575#segment/5","source_id":"openstreetmap-overpass-arashiyama-20260829","stable_feature_id":"kyoto-arashiyama:osm-way-000428892575:nodes-004280071800-004280071816","tunnel":"UNKNOWN","tunnel_reason":"OSM way has no tunnel tag"},"type":"Feature"},{"geometry":{"coordinates":[[135.6779494,35.0119348],[135.6779759,35.0119477]],"type":"LineString"},"id":"kyoto-arashiyama:osm-way-000428892575:nodes-004280071802-004280071810","properties":{"artifact_id":"arashiyama-osm-corridor-v1","bridge":"UNKNOWN","bridge_reason":"OSM way has no bridge tag","city_id":"kyoto_arashiyama","data_class":"REAL","geometry_status":"SOURCE_TRACEABLE_REAL","layer":null,"layer_reason":"OSM way has no layer tag","level":null,"level_reason":"OSM way has no level tag","lineage":["OpenStreetMap way and original node IDs","fixed-time bounded Overpass response retained as exact bytes","consecutive source-node segmentation; no crossing-node invention"],"revision_id":"osm-2026-08-29-v1","source_class":"VGI","source_feature_id":"way/428892575#segment/12","source_id":"openstreetmap-overpass-arashiyama-20260829","stable_feature_id":"kyoto-arashiyama:osm-way-000428892575:nodes-004280071802-004280071810","tunnel":"UNKNOWN","tunnel_reason":"OSM way has no tunnel tag"},"type":"Feature"},{"geometry":{"coordinates":[[135.6783089,35.0119414],[135.6782965,35.0119637]],"type":"LineString"},"id":"kyoto-arashiyama:osm-way-000428892575:nodes-004280071803-004280071819","properties":{"artifact_id":"arashiyama-osm-corridor-v1","bridge":"UNKNOWN","bridge_reason":"OSM way has no bridge tag","city_id":"kyoto_arashiyama","data_class":"REAL","geometry_status":"SOURCE_TRACEABLE_REAL","layer":null,"layer_reason":"OSM way has no layer tag","level":null,"level_reason":"OSM way has no level tag","lineage":["OpenStreetMap way and original node IDs","fixed-time bounded Overpass response retained as exact bytes","consecutive source-node segmentation; no crossing-node invention"],"revision_id":"osm-2026-08-29-v1","source_class":"VGI","source_feature_id":"way/428892575#segment/24","source_id":"openstreetmap-overpass-arashiyama-20260829","stable_feature_id":"kyoto-arashiyama:osm-way-000428892575:nodes-004280071803-004280071819","tunnel":"UNKNOWN","tunnel_reason":"OSM way has no tunnel tag"},"type":"Feature"},{"geometry":{"coordinates":[[135.6780345,35.0119538],[135.678063,35.0119472]],"type":"LineString"},"id":"kyoto-arashiyama:osm-way-000428892575:nodes-004280071808-004280071814","properties":{"artifact_id":"arashiyama-osm-corridor-v1","bridge":"UNKNOWN","bridge_reason":"OSM way has no bridge tag","city_id":"kyoto_arashiyama","data_class":"REAL","geometry_status":"SOURCE_TRACEABLE_REAL","layer":null,"layer_reason":"OSM way has no layer tag","level":null,"level_reason":"OSM way has no level tag","lineage":["OpenStreetMap way and original node IDs","fixed-time bounded Overpass response retained as exact bytes","consecutive source-node segmentation; no crossing-node invention"],"revision_id":"osm-2026-08-29-v1","source_class":"VGI","source_feature_id":"way/428892575#segment/15","source_id":"openstreetmap-overpass-arashiyama-20260829","stable_feature_id":"kyoto-arashiyama:osm-way-000428892575:nodes-004280071808-004280071814","tunnel":"UNKNOWN","tunnel_reason":"OSM way has no tunnel tag"},"type":"Feature"},{"geometry":{"coordinates":[[135.6779759,35.0119477],[135.678006,35.0119557]],"type":"LineString"},"id":"kyoto-arashiyama:osm-way-000428892575:nodes-004280071810-004280071817","properties":{"artifact_id":"arashiyama-osm-corridor-v1","bridge":"UNKNOWN","bridge_reason":"OSM way has no bridge tag","city_id":"kyoto_arashiyama","data_class":"REAL","geometry_status":"SOURCE_TRACEABLE_REAL","layer":null,"layer_reason":"OSM way has no layer tag","level":null,"level_reason":"OSM way has no level tag","lineage":["OpenStreetMap way and original node IDs","fixed-time bounded Overpass response retained as exact bytes","consecutive source-node segmentation; no crossing-node invention"],"revision_id":"osm-2026-08-29-v1","source_class":"VGI","source_feature_id":"way/428892575#segment/13","source_id":"openstreetmap-overpass-arashiyama-20260829","stable_feature_id":"kyoto-arashiyama:osm-way-000428892575:nodes-004280071810-004280071817","tunnel":"UNKNOWN","tunnel_reason":"OSM way has no tunnel tag"},"type":"Feature"},{"geometry":{"coordinates":[[135.678006,35.0119557],[135.6780345,35.0119538]],"type":"LineString"},"id":"kyoto-arashiyama:osm-way-000428892575:nodes-004280071814-004280071817","properties":{"artifact_id":"arashiyama-osm-corridor-v1","bridge":"UNKNOWN","bridge_reason":"OSM way has no bridge tag","city_id":"kyoto_arashiyama","data_class":"REAL","geometry_status":"SOURCE_TRACEABLE_REAL","layer":null,"layer_reason":"OSM way has no layer tag","level":null,"level_reason":"OSM way has no level tag","lineage":["OpenStreetMap way and original node IDs","fixed-time bounded Overpass response retained as exact bytes","consecutive source-node segmentation; no crossing-node invention"],"revision_id":"osm-2026-08-29-v1","source_class":"VGI","source_feature_id":"way/428892575#segment/14","source_id":"openstreetmap-overpass-arashiyama-20260829","stable_feature_id":"kyoto-arashiyama:osm-way-000428892575:nodes-004280071814-004280071817","tunnel":"UNKNOWN","tunnel_reason":"OSM way has no tunnel tag"},"type":"Feature"},{"geometry":{"coordinates":[[135.6778376,35.0119714],[135.6778186,35.0119554]],"type":"LineString"},"id":"kyoto-arashiyama:osm-way-000428892575:nodes-004280071816-004280071822","properties":{"artifact_id":"arashiyama-osm-corridor-v1","bridge":"UNKNOWN","bridge_reason":"OSM way has no bridge tag","city_id":"kyoto_arashiyama","data_class":"REAL","geometry_status":"SOURCE_TRACEABLE_REAL","layer":null,"layer_reason":"OSM way has no layer tag","level":null,"level_reason":"OSM way has no level tag","lineage":["OpenStreetMap way and original node IDs","fixed-time bounded Overpass response retained as exact bytes","consecutive source-node segmentation; no crossing-node invention"],"revision_id":"osm-2026-08-29-v1","source_class":"VGI","source_feature_id":"way/428892575#segment/4","source_id":"openstreetmap-overpass-arashiyama-20260829","stable_feature_id":"kyoto-arashiyama:osm-way-000428892575:nodes-004280071816-004280071822","tunnel":"UNKNOWN","tunnel_reason":"OSM way has no tunnel tag"},"type":"Feature"},{"geometry":{"coordinates":[[135.6782965,35.0119637],[135.6782939,35.0119878]],"type":"LineString"},"id":"kyoto-arashiyama:osm-way-000428892575:nodes-004280071819-004280071834","properties":{"artifact_id":"arashiyama-osm-corridor-v1","bridge":"UNKNOWN","bridge_reason":"OSM way has no bridge tag","city_id":"kyoto_arashiyama","data_class":"REAL","geometry_status":"SOURCE_TRACEABLE_REAL","layer":null,"layer_reason":"OSM way has no layer tag","level":null,"level_reason":"OSM way has no level tag","lineage":["OpenStreetMap way and original node IDs","fixed-time bounded Overpass response retained as exact bytes","consecutive source-node segmentation; no crossing-node invention"],"revision_id":"osm-2026-08-29-v1","source_class":"VGI","source_feature_id":"way/428892575#segment/25","source_id":"openstreetmap-overpass-arashiyama-20260829","stable_feature_id":"kyoto-arashiyama:osm-way-000428892575:nodes-004280071819-004280071834","tunnel":"UNKNOWN","tunnel_reason":"OSM way has no tunnel tag"},"type":"Feature"},{"geometry":{"coordinates":[[135.6778594,35.0119754],[135.6778376,35.0119714]],"type":"LineString"},"id":"kyoto-arashiyama:osm-way-000428892575:nodes-004280071822-004280071825","properties":{"artifact_id":"arashiyama-osm-corridor-v1","bridge":"UNKNOWN","bridge_reason":"OSM way has no bridge tag","city_id":"kyoto_arashiyama","data_class":"REAL","geometry_status":"SOURCE_TRACEABLE_REAL","layer":null,"layer_reason":"OSM way has no layer tag","level":null,"level_reason":"OSM way has no level tag","lineage":["OpenStreetMap way and original node IDs","fixed-time bounded Overpass response retained as exact bytes","consecutive source-node segmentation; no crossing-node invention"],"revision_id":"osm-2026-08-29-v1","source_class":"VGI","source_feature_id":"way/428892575#segment/3","source_id":"openstreetmap-overpass-arashiyama-20260829","stable_feature_id":"kyoto-arashiyama:osm-way-000428892575:nodes-004280071822-004280071825","tunnel":"UNKNOWN","tunnel_reason":"OSM way has no tunnel tag"},"type":"Feature"},{"geometry":{"coordinates":[[135.677882,35.0119746],[135.6778594,35.0119754]],"type":"LineString"},"id":"kyoto-arashiyama:osm-way-000428892575:nodes-004280071824-004280071825","properties":{"artifact_id":"arashiyama-osm-corridor-v1","bridge":"UNKNOWN","bridge_reason":"OSM way has no bridge tag","city_id":"kyoto_arashiyama","data_class":"REAL","geometry_status":"SOURCE_TRACEABLE_REAL","layer":null,"layer_reason":"OSM way has no layer tag","level":null,"level_reason":"OSM way has no level tag","lineage":["OpenStreetMap way and original node IDs","fixed-time bounded Overpass response retained as exact bytes","consecutive source-node segmentation; no crossing-node invention"],"revision_id":"osm-2026-08-29-v1","source_class":"VGI","source_feature_id":"way/428892575#segment/2","source_id":"openstreetmap-overpass-arashiyama-20260829","stable_feature_id":"kyoto-arashiyama:osm-way-000428892575:nodes-004280071824-004280071825","tunnel":"UNKNOWN","tunnel_reason":"OSM way has no tunnel tag"},"type":"Feature"},{"geometry":{"coordinates":[[135.6778947,35.0119863],[135.677882,35.0119746]],"type":"LineString"},"id":"kyoto-arashiyama:osm-way-000428892575:nodes-004280071824-004280071831","properties":{"artifact_id":"arashiyama-osm-corridor-v1","bridge":"UNKNOWN","bridge_reason":"OSM way has no bridge tag","city_id":"kyoto_arashiyama","data_class":"REAL","geometry_status":"SOURCE_TRACEABLE_REAL","layer":null,"layer_reason":"OSM way has no layer tag","level":null,"level_reason":"OSM way has no level tag","lineage":["OpenStreetMap way and original node IDs","fixed-time bounded Overpass response retained as exact bytes","consecutive source-node segmentation; no crossing-node invention"],"revision_id":"osm-2026-08-29-v1","source_class":"VGI","source_feature_id":"way/428892575#segment/1","source_id":"openstreetmap-overpass-arashiyama-20260829","stable_feature_id":"kyoto-arashiyama:osm-way-000428892575:nodes-004280071824-004280071831","tunnel":"UNKNOWN","tunnel_reason":"OSM way has no tunnel tag"},"type":"Feature"},{"geometry":{"coordinates":[[135.6784442,35.0119837],[135.6784593,35.0119843]],"type":"LineString"},"id":"kyoto-arashiyama:osm-way-000428892575:nodes-004280071829-004280071830","properties":{"artifact_id":"arashiyama-osm-corridor-v1","bridge":"UNKNOWN","bridge_reason":"OSM way has no bridge tag","city_id":"kyoto_arashiyama","data_class":"REAL","geometry_status":"SOURCE_TRACEABLE_REAL","layer":null,"layer_reason":"OSM way has no layer tag","level":null,"level_reason":"OSM way has no level tag","lineage":["OpenStreetMap way and original node IDs","fixed-time bounded Overpass response retained as exact bytes","consecutive source-node segmentation; no crossing-node invention"],"revision_id":"osm-2026-08-29-v1","source_class":"VGI","source_feature_id":"way/428892575#segment/34","source_id":"openstreetmap-overpass-arashiyama-20260829","stable_feature_id":"kyoto-arashiyama:osm-way-000428892575:nodes-004280071829-004280071830","tunnel":"UNKNOWN","tunnel_reason":"OSM way has no tunnel tag"},"type":"Feature"},{"geometry":{"coordinates":[[135.6784421,35.0119988],[135.6784442,35.0119837]],"type":"LineString"},"id":"kyoto-arashiyama:osm-way-000428892575:nodes-004280071829-004280071837","properties":{"artifact_id":"arashiyama-osm-corridor-v1","bridge":"UNKNOWN","bridge_reason":"OSM way has no bridge tag","city_id":"kyoto_arashiyama","data_class":"REAL","geometry_status":"SOURCE_TRACEABLE_REAL","layer":null,"layer_reason":"OSM way has no layer tag","level":null,"level_reason":"OSM way has no level tag","lineage":["OpenStreetMap way and original node IDs","fixed-time bounded Overpass response retained as exact bytes","consecutive source-node segmentation; no crossing-node invention"],"revision_id":"osm-2026-08-29-v1","source_class":"VGI","source_feature_id":"way/428892575#segment/33","source_id":"openstreetmap-overpass-arashiyama-20260829","stable_feature_id":"kyoto-arashiyama:osm-way-000428892575:nodes-004280071829-004280071837","tunnel":"UNKNOWN","tunnel_reason":"OSM way has no tunnel tag"},"type":"Feature"},{"geometry":{"coordinates":[[135.6784593,35.0119843],[135.6786276,35.0120395]],"type":"LineString"},"id":"kyoto-arashiyama:osm-way-000428892575:nodes-004280071830-004280071848","properties":{"artifact_id":"arashiyama-osm-corridor-v1","bridge":"UNKNOWN","bridge_reason":"OSM way has no bridge tag","city_id":"kyoto_arashiyama","data_class":"REAL","geometry_status":"SOURCE_TRACEABLE_REAL","layer":null,"layer_reason":"OSM way has no layer tag","level":null,"level_reason":"OSM way has no level tag","lineage":["OpenStreetMap way and original node IDs","fixed-time bounded Overpass response retained as exact bytes","consecutive source-node segmentation; no crossing-node invention"],"revision_id":"osm-2026-08-29-v1","source_class":"VGI","source_feature_id":"way/428892575#segment/35","source_id":"openstreetmap-overpass-arashiyama-20260829","stable_feature_id":"kyoto-arashiyama:osm-way-000428892575:nodes-004280071830-004280071848","tunnel":"UNKNOWN","tunnel_reason":"OSM way has no tunnel tag"},"type":"Feature"},{"geometry":{"coordinates":[[135.6779056,35.0120025],[135.6778947,35.0119863]],"type":"LineString"},"id":"kyoto-arashiyama:osm-way-000428892575:nodes-004280071831-004280071839","properties":{"artifact_id":"arashiyama-osm-corridor-v1","bridge":"UNKNOWN","bridge_reason":"OSM way has no bridge tag","city_id":"kyoto_arashiyama","data_class":"REAL","geometry_status":"SOURCE_TRACEABLE_REAL","layer":null,"layer_reason":"OSM way has no layer tag","level":null,"level_reason":"OSM way has no level tag","lineage":["OpenStreetMap way and original node IDs","fixed-time bounded Overpass response retained as exact bytes","consecutive source-node segmentation; no crossing-node invention"],"revision_id":"osm-2026-08-29-v1","source_class":"VGI","source_feature_id":"way/428892575#segment/0","source_id":"openstreetmap-overpass-arashiyama-20260829","stable_feature_id":"kyoto-arashiyama:osm-way-000428892575:nodes-004280071831-004280071839","tunnel":"UNKNOWN","tunnel_reason":"OSM way has no tunnel tag"},"type":"Feature"},{"geometry":{"coordinates":[[135.6782939,35.0119878],[135.6783027,35.0120109]],"type":"LineString"},"id":"kyoto-arashiyama:osm-way-000428892575:nodes-004280071834-004280071840","properties":{"artifact_id":"arashiyama-osm-corridor-v1","bridge":"UNKNOWN","bridge_reason":"OSM way has no bridge tag","city_id":"kyoto_arashiyama","data_class":"REAL","geometry_status":"SOURCE_TRACEABLE_REAL","layer":null,"layer_reason":"OSM way has no layer tag","level":null,"level_reason":"OSM way has no level tag","lineage":["OpenStreetMap way and original node IDs","fixed-time bounded Overpass response retained as exact bytes","consecutive source-node segmentation; no crossing-node invention"],"revision_id":"osm-2026-08-29-v1","source_class":"VGI","source_feature_id":"way/428892575#segment/26","source_id":"openstreetmap-overpass-arashiyama-20260829","stable_feature_id":"kyoto-arashiyama:osm-way-000428892575:nodes-004280071834-004280071840","tunnel":"UNKNOWN","tunnel_reason":"OSM way has no tunnel tag"},"type":"Feature"},{"geometry":{"coordinates":[[135.6784283,35.0120203],[135.6784421,35.0119988]],"type":"LineString"},"id":"kyoto-arashiyama:osm-way-000428892575:nodes-004280071837-004280071841","properties":{"artifact_id":"arashiyama-osm-corridor-v1","bridge":"UNKNOWN","bridge_reason":"OSM way has no bridge tag","city_id":"kyoto_arashiyama","data_class":"REAL","geometry_status":"SOURCE_TRACEABLE_REAL","layer":null,"layer_reason":"OSM way has no layer tag","level":null,"level_reason":"OSM way has no level tag","lineage":["OpenStreetMap way and original node IDs","fixed-time bounded Overpass response retained as exact bytes","consecutive source-node segmentation; no crossing-node invention"],"revision_id":"osm-2026-08-29-v1","source_class":"VGI","source_feature_id":"way/428892575#segment/32","source_id":"openstreetmap-overpass-arashiyama-20260829","stable_feature_id":"kyoto-arashiyama:osm-way-000428892575:nodes-004280071837-004280071841","tunnel":"UNKNOWN","tunnel_reason":"OSM way has no tunnel tag"},"type":"Feature"},{"geometry":{"coordinates":[[135.6779185,35.0120594],[135.6779056,35.0120025]],"type":"LineString"},"id":"kyoto-arashiyama:osm-way-000428892575:nodes-004280071839-005064078694","properties":{"artifact_id":"arashiyama-osm-corridor-v1","bridge":"UNKNOWN","bridge_reason":"OSM way has no bridge tag","city_id":"kyoto_arashiyama","data_class":"REAL","geometry_status":"SOURCE_TRACEABLE_REAL","layer":null,"layer_reason":"OSM way has no layer tag","level":null,"level_reason":"OSM way has no level tag","lineage":["OpenStreetMap way and original node IDs","fixed-time bounded Overpass response retained as exact bytes","consecutive source-node segmentation; no crossing-node invention"],"revision_id":"osm-2026-08-29-v1","source_class":"VGI","source_feature_id":"way/428892575#segment/60","source_id":"openstreetmap-overpass-arashiyama-20260829","stable_feature_id":"kyoto-arashiyama:osm-way-000428892575:nodes-004280071839-005064078694","tunnel":"UNKNOWN","tunnel_reason":"OSM way has no tunnel tag"},"type":"Feature"},{"geometry":{"coordinates":[[135.6783027,35.0120109],[135.6783216,35.0120296]],"type":"LineString"},"id":"kyoto-arashiyama:osm-way-000428892575:nodes-004280071840-004280071843","properties":{"artifact_id":"arashiyama-osm-corridor-v1","bridge":"UNKNOWN","bridge_reason":"OSM way has no bridge tag","city_id":"kyoto_arashiyama","data_class":"REAL","geometry_status":"SOURCE_TRACEABLE_REAL","layer":null,"layer_reason":"OSM way has no layer tag","level":null,"level_reason":"OSM way has no level tag","lineage":["OpenStreetMap way and original node IDs","fixed-time bounded Overpass response retained as exact bytes","consecutive source-node segmentation; no crossing-node invention"],"revision_id":"osm-2026-08-29-v1","source_class":"VGI","source_feature_id":"way/428892575#segment/27","source_id":"openstreetmap-overpass-arashiyama-20260829","stable_feature_id":"kyoto-arashiyama:osm-way-000428892575:nodes-004280071840-004280071843","tunnel":"UNKNOWN","tunnel_reason":"OSM way has no tunnel tag"},"type":"Feature"},{"geometry":{"coordinates":[[135.6784056,35.0120358],[135.6784283,35.0120203]],"type":"LineString"},"id":"kyoto-arashiyama:osm-way-000428892575:nodes-004280071841-004280071847","properties":{"artifact_id":"arashiyama-osm-corridor-v1","bridge":"UNKNOWN","bridge_reason":"OSM way has no bridge tag","city_id":"kyoto_arashiyama","data_class":"REAL","geometry_status":"SOURCE_TRACEABLE_REAL","layer":null,"layer_reason":"OSM way has no layer tag","level":null,"level_reason":"OSM way has no level tag","lineage":["OpenStreetMap way and original node IDs","fixed-time bounded Overpass response retained as exact bytes","consecutive source-node segmentation; no crossing-node invention"],"revision_id":"osm-2026-08-29-v1","source_class":"VGI","source_feature_id":"way/428892575#segment/31","source_id":"openstreetmap-overpass-arashiyama-20260829","stable_feature_id":"kyoto-arashiyama:osm-way-000428892575:nodes-004280071841-004280071847","tunnel":"UNKNOWN","tunnel_reason":"OSM way has no tunnel tag"},"type":"Feature"},{"geometry":{"coordinates":[[135.6783216,35.0120296],[135.6783478,35.0120408]],"type":"LineString"},"id":"kyoto-arashiyama:osm-way-000428892575:nodes-004280071843-004280071851","properties":{"artifact_id":"arashiyama-osm-corridor-v1","bridge":"UNKNOWN","bridge_reason":"OSM way has no bridge tag","city_id":"kyoto_arashiyama","data_class":"REAL","geometry_status":"SOURCE_TRACEABLE_REAL","layer":null,"layer_reason":"OSM way has no layer tag","level":null,"level_reason":"OSM way has no level tag","lineage":["OpenStreetMap way and original node IDs","fixed-time bounded Overpass response retained as exact bytes","consecutive source-node segmentation; no crossing-node invention"],"revision_id":"osm-2026-08-29-v1","source_class":"VGI","source_feature_id":"way/428892575#segment/28","source_id":"openstreetmap-overpass-arashiyama-20260829","stable_feature_id":"kyoto-arashiyama:osm-way-000428892575:nodes-004280071843-004280071851","tunnel":"UNKNOWN","tunnel_reason":"OSM way has no tunnel tag"},"type":"Feature"},{"geometry":{"coordinates":[[135.6783773,35.012043],[135.6784056,35.0120358]],"type":"LineString"},"id":"kyoto-arashiyama:osm-way-000428892575:nodes-004280071847-004280071854","properties":{"artifact_id":"arashiyama-osm-corridor-v1","bridge":"UNKNOWN","bridge_reason":"OSM way has no bridge tag","city_id":"kyoto_arashiyama","data_class":"REAL","geometry_status":"SOURCE_TRACEABLE_REAL","layer":null,"layer_reason":"OSM way has no layer tag","level":null,"level_reason":"OSM way has no level tag","lineage":["OpenStreetMap way and original node IDs","fixed-time bounded Overpass response retained as exact bytes","consecutive source-node segmentation; no crossing-node invention"],"revision_id":"osm-2026-08-29-v1","source_class":"VGI","source_feature_id":"way/428892575#segment/30","source_id":"openstreetmap-overpass-arashiyama-20260829","stable_feature_id":"kyoto-arashiyama:osm-way-000428892575:nodes-004280071847-004280071854","tunnel":"UNKNOWN","tunnel_reason":"OSM way has no tunnel tag"},"type":"Feature"},{"geometry":{"coordinates":[[135.6786276,35.0120395],[135.6788025,35.0120935]],"type":"LineString"},"id":"kyoto-arashiyama:osm-way-000428892575:nodes-004280071848-004280071879","properties":{"artifact_id":"arashiyama-osm-corridor-v1","bridge":"UNKNOWN","bridge_reason":"OSM way has no bridge tag","city_id":"kyoto_arashiyama","data_class":"REAL","geometry_status":"SOURCE_TRACEABLE_REAL","layer":null,"layer_reason":"OSM way has no layer tag","level":null,"level_reason":"OSM way has no level tag","lineage":["OpenStreetMap way and original node IDs","fixed-time bounded Overpass response retained as exact bytes","consecutive source-node segmentation; no crossing-node invention"],"revision_id":"osm-2026-08-29-v1","source_class":"VGI","source_feature_id":"way/428892575#segment/36","source_id":"openstreetmap-overpass-arashiyama-20260829","stable_feature_id":"kyoto-arashiyama:osm-way-000428892575:nodes-004280071848-004280071879","tunnel":"UNKNOWN","tunnel_reason":"OSM way has no tunnel tag"},"type":"Feature"},{"geometry":{"coordinates":[[135.6783478,35.0120408],[135.6783773,35.012043]],"type":"LineString"},"id":"kyoto-arashiyama:osm-way-000428892575:nodes-004280071851-004280071854","properties":{"artifact_id":"arashiyama-osm-corridor-v1","bridge":"UNKNOWN","bridge_reason":"OSM way has no bridge tag","city_id":"kyoto_arashiyama","data_class":"REAL","geometry_status":"SOURCE_TRACEABLE_REAL","layer":null,"layer_reason":"OSM way has no layer tag","level":null,"level_reason":"OSM way has no level tag","lineage":["OpenStreetMap way and original node IDs","fixed-time bounded Overpass response retained as exact bytes","consecutive source-node segmentation; no crossing-node invention"],"revision_id":"osm-2026-08-29-v1","source_class":"VGI","source_feature_id":"way/428892575#segment/29","source_id":"openstreetmap-overpass-arashiyama-20260829","stable_feature_id":"kyoto-arashiyama:osm-way-000428892575:nodes-004280071851-004280071854","tunnel":"UNKNOWN","tunnel_reason":"OSM way has no tunnel tag"},"type":"Feature"},{"geometry":{"coordinates":[[135.6788025,35.0120935],[135.6790982,35.0121809]],"type":"LineString"},"id":"kyoto-arashiyama:osm-way-000428892575:nodes-004280071879-004280071930","properties":{"artifact_id":"arashiyama-osm-corridor-v1","bridge":"UNKNOWN","bridge_reason":"OSM way has no bridge tag","city_id":"kyoto_arashiyama","data_class":"REAL","geometry_status":"SOURCE_TRACEABLE_REAL","layer":null,"layer_reason":"OSM way has no layer tag","level":null,"level_reason":"OSM way has no level tag","lineage":["OpenStreetMap way and original node IDs","fixed-time bounded Overpass response retained as exact bytes","consecutive source-node segmentation; no crossing-node invention"],"revision_id":"osm-2026-08-29-v1","source_class":"VGI","source_feature_id":"way/428892575#segment/37","source_id":"openstreetmap-overpass-arashiyama-20260829","stable_feature_id":"kyoto-arashiyama:osm-way-000428892575:nodes-004280071879-004280071930","tunnel":"UNKNOWN","tunnel_reason":"OSM way has no tunnel tag"},"type":"Feature"},{"geometry":{"coordinates":[[135.6791731,35.0120996],[135.6791944,35.0121046]],"type":"LineString"},"id":"kyoto-arashiyama:osm-way-000428892575:nodes-004280071882-004280071886","properties":{"artifact_id":"arashiyama-osm-corridor-v1","bridge":"UNKNOWN","bridge_reason":"OSM way has no bridge tag","city_id":"kyoto_arashiyama","data_class":"REAL","geometry_status":"SOURCE_TRACEABLE_REAL","layer":null,"layer_reason":"OSM way has no layer tag","level":null,"level_reason":"OSM way has no level tag","lineage":["OpenStreetMap way and original node IDs","fixed-time bounded Overpass response retained as exact bytes","consecutive source-node segmentation; no crossing-node invention"],"revision_id":"osm-2026-08-29-v1","source_class":"VGI","source_feature_id":"way/428892575#segment/41","source_id":"openstreetmap-overpass-arashiyama-20260829","stable_feature_id":"kyoto-arashiyama:osm-way-000428892575:nodes-004280071882-004280071886","tunnel":"UNKNOWN","tunnel_reason":"OSM way has no tunnel tag"},"type":"Feature"},{"geometry":{"coordinates":[[135.6791586,35.0121286],[135.6791731,35.0120996]],"type":"LineString"},"id":"kyoto-arashiyama:osm-way-000428892575:nodes-004280071882-004280071910","properties":{"artifact_id":"arashiyama-osm-corridor-v1","bridge":"UNKNOWN","bridge_reason":"OSM way has no bridge tag","city_id":"kyoto_arashiyama","data_class":"REAL","geometry_status":"SOURCE_TRACEABLE_REAL","layer":null,"layer_reason":"OSM way has no layer tag","level":null,"level_reason":"OSM way has no level tag","lineage":["OpenStreetMap way and original node IDs","fixed-time bounded Overpass response retained as exact bytes","consecutive source-node segmentation; no crossing-node invention"],"revision_id":"osm-2026-08-29-v1","source_class":"VGI","source_feature_id":"way/428892575#segment/40","source_id":"openstreetmap-overpass-arashiyama-20260829","stable_feature_id":"kyoto-arashiyama:osm-way-000428892575:nodes-004280071882-004280071910","tunnel":"UNKNOWN","tunnel_reason":"OSM way has no tunnel tag"},"type":"Feature"},{"geometry":{"coordinates":[[135.6791944,35.0121046],[135.6792645,35.0121279]],"type":"LineString"},"id":"kyoto-arashiyama:osm-way-000428892575:nodes-004280071886-004280071907","properties":{"artifact_id":"arashiyama-osm-corridor-v1","bridge":"UNKNOWN","bridge_reason":"OSM way has no bridge tag","city_id":"kyoto_arashiyama","data_class":"REAL","geometry_status":"SOURCE_TRACEABLE_REAL","layer":null,"layer_reason":"OSM way has no layer tag","level":null,"level_reason":"OSM way has no level tag","lineage":["OpenStreetMap way and original node IDs","fixed-time bounded Overpass response retained as exact bytes","consecutive source-node segmentation; no crossing-node invention"],"revision_id":"osm-2026-08-29-v1","source_class":"VGI","source_feature_id":"way/428892575#segment/42","source_id":"openstreetmap-overpass-arashiyama-20260829","stable_feature_id":"kyoto-arashiyama:osm-way-000428892575:nodes-004280071886-004280071907","tunnel":"UNKNOWN","tunnel_reason":"OSM way has no tunnel tag"},"type":"Feature"},{"geometry":{"coordinates":[[135.6791305,35.0121192],[135.6791586,35.0121286]],"type":"LineString"},"id":"kyoto-arashiyama:osm-way-000428892575:nodes-004280071895-004280071910","properties":{"artifact_id":"arashiyama-osm-corridor-v1","bridge":"UNKNOWN","bridge_reason":"OSM way has no bridge tag","city_id":"kyoto_arashiyama","data_class":"REAL","geometry_status":"SOURCE_TRACEABLE_REAL","layer":null,"layer_reason":"OSM way has no layer tag","level":null,"level_reason":"OSM way has no level tag","lineage":["OpenStreetMap way and original node IDs","fixed-time bounded Overpass response retained as exact bytes","consecutive source-node segmentation; no crossing-node invention"],"revision_id":"osm-2026-08-29-v1","source_class":"VGI","source_feature_id":"way/428892575#segment/39","source_id":"openstreetmap-overpass-arashiyama-20260829","stable_feature_id":"kyoto-arashiyama:osm-way-000428892575:nodes-004280071895-004280071910","tunnel":"UNKNOWN","tunnel_reason":"OSM way has no tunnel tag"},"type":"Feature"},{"geometry":{"coordinates":[[135.6790982,35.0121809],[135.6791305,35.0121192]],"type":"LineString"},"id":"kyoto-arashiyama:osm-way-000428892575:nodes-004280071895-004280071930","properties":{"artifact_id":"arashiyama-osm-corridor-v1","bridge":"UNKNOWN","bridge_reason":"OSM way has no bridge tag","city_id":"kyoto_arashiyama","data_class":"REAL","geometry_status":"SOURCE_TRACEABLE_REAL","layer":null,"layer_reason":"OSM way has no layer tag","level":null,"level_reason":"OSM way has no level tag","lineage":["OpenStreetMap way and original node IDs","fixed-time bounded Overpass response retained as exact bytes","consecutive source-node segmentation; no crossing-node invention"],"revision_id":"osm-2026-08-29-v1","source_class":"VGI","source_feature_id":"way/428892575#segment/38","source_id":"openstreetmap-overpass-arashiyama-20260829","stable_feature_id":"kyoto-arashiyama:osm-way-000428892575:nodes-004280071895-004280071930","tunnel":"UNKNOWN","tunnel_reason":"OSM way has no tunnel tag"},"type":"Feature"},{"geometry":{"coordinates":[[135.6779834,35.0121765],[135.677932,35.0121194]],"type":"LineString"},"id":"kyoto-arashiyama:osm-way-000428892575:nodes-004280071899-004280071929","properties":{"artifact_id":"arashiyama-osm-corridor-v1","bridge":"UNKNOWN","bridge_reason":"OSM way has no bridge tag","city_id":"kyoto_arashiyama","data_class":"REAL","geometry_status":"SOURCE_TRACEABLE_REAL","layer":null,"layer_reason":"OSM way has no layer tag","level":null,"level_reason":"OSM way has no level tag","lineage":["OpenStreetMap way and original node IDs","fixed-time bounded Overpass response retained as exact bytes","consecutive source-node segmentation; no crossing-node invention"],"revision_id":"osm-2026-08-29-v1","source_class":"VGI","source_feature_id":"way/428892575#segment/58","source_id":"openstreetmap-overpass-arashiyama-20260829","stable_feature_id":"kyoto-arashiyama:osm-way-000428892575:nodes-004280071899-004280071929","tunnel":"UNKNOWN","tunnel_reason":"OSM way has no tunnel tag"},"type":"Feature"},{"geometry":{"coordinates":[[135.677932,35.0121194],[135.6779185,35.0120594]],"type":"LineString"},"id":"kyoto-arashiyama:osm-way-000428892575:nodes-004280071899-005064078694","properties":{"artifact_id":"arashiyama-osm-corridor-v1","bridge":"UNKNOWN","bridge_reason":"OSM way has no bridge tag","city_id":"kyoto_arashiyama","data_class":"REAL","geometry_status":"SOURCE_TRACEABLE_REAL","layer":null,"layer_reason":"OSM way has no layer tag","level":null,"level_reason":"OSM way has no level tag","lineage":["OpenStreetMap way and original node IDs","fixed-time bounded Overpass response retained as exact bytes","consecutive source-node segmentation; no crossing-node invention"],"revision_id":"osm-2026-08-29-v1","source_class":"VGI","source_feature_id":"way/428892575#segment/59","source_id":"openstreetmap-overpass-arashiyama-20260829","stable_feature_id":"kyoto-arashiyama:osm-way-000428892575:nodes-004280071899-005064078694","tunnel":"UNKNOWN","tunnel_reason":"OSM way has no tunnel tag"},"type":"Feature"},{"geometry":{"coordinates":[[135.6792645,35.0121279],[135.679268,35.0121813]],"type":"LineString"},"id":"kyoto-arashiyama:osm-way-000428892575:nodes-004280071907-004280071932","properties":{"artifact_id":"arashiyama-osm-corridor-v1","bridge":"UNKNOWN","bridge_reason":"OSM way has no bridge tag","city_id":"kyoto_arashiyama","data_class":"REAL","geometry_status":"SOURCE_TRACEABLE_REAL","layer":null,"layer_reason":"OSM way has no layer tag","level":null,"level_reason":"OSM way has no level tag","lineage":["OpenStreetMap way and original node IDs","fixed-time bounded Overpass response retained as exact bytes","consecutive source-node segmentation; no crossing-node invention"],"revision_id":"osm-2026-08-29-v1","source_class":"VGI","source_feature_id":"way/428892575#segment/43","source_id":"openstreetmap-overpass-arashiyama-20260829","stable_feature_id":"kyoto-arashiyama:osm-way-000428892575:nodes-004280071907-004280071932","tunnel":"UNKNOWN","tunnel_reason":"OSM way has no tunnel tag"},"type":"Feature"},{"geometry":{"coordinates":[[135.6780971,35.012196],[135.6779834,35.0121765]],"type":"LineString"},"id":"kyoto-arashiyama:osm-way-000428892575:nodes-004280071929-004280071937","properties":{"artifact_id":"arashiyama-osm-corridor-v1","bridge":"UNKNOWN","bridge_reason":"OSM way has no bridge tag","city_id":"kyoto_arashiyama","data_class":"REAL","geometry_status":"SOURCE_TRACEABLE_REAL","layer":null,"layer_reason":"OSM way has no layer tag","level":null,"level_reason":"OSM way has no level tag","lineage":["OpenStreetMap way and original node IDs","fixed-time bounded Overpass response retained as exact bytes","consecutive source-node segmentation; no crossing-node invention"],"revision_id":"osm-2026-08-29-v1","source_class":"VGI","source_feature_id":"way/428892575#segment/57","source_id":"openstreetmap-overpass-arashiyama-20260829","stable_feature_id":"kyoto-arashiyama:osm-way-000428892575:nodes-004280071929-004280071937","tunnel":"UNKNOWN","tunnel_reason":"OSM way has no tunnel tag"},"type":"Feature"},{"geometry":{"coordinates":[[135.679268,35.0121813],[135.6795047,35.0122469]],"type":"LineString"},"id":"kyoto-arashiyama:osm-way-000428892575:nodes-004280071932-004280071943","properties":{"artifact_id":"arashiyama-osm-corridor-v1","bridge":"UNKNOWN","bridge_reason":"OSM way has no bridge tag","city_id":"kyoto_arashiyama","data_class":"REAL","geometry_status":"SOURCE_TRACEABLE_REAL","layer":null,"layer_reason":"OSM way has no layer tag","level":null,"level_reason":"OSM way has no level tag","lineage":["OpenStreetMap way and original node IDs","fixed-time bounded Overpass response retained as exact bytes","consecutive source-node segmentation; no crossing-node invention"],"revision_id":"osm-2026-08-29-v1","source_class":"VGI","source_feature_id":"way/428892575#segment/44","source_id":"openstreetmap-overpass-arashiyama-20260829","stable_feature_id":"kyoto-arashiyama:osm-way-000428892575:nodes-004280071932-004280071943","tunnel":"UNKNOWN","tunnel_reason":"OSM way has no tunnel tag"},"type":"Feature"},{"geometry":{"coordinates":[[135.6785611,35.0122833],[135.6780971,35.012196]],"type":"LineString"},"id":"kyoto-arashiyama:osm-way-000428892575:nodes-004280071937-004280071945","properties":{"artifact_id":"arashiyama-osm-corridor-v1","bridge":"UNKNOWN","bridge_reason":"OSM way has no bridge tag","city_id":"kyoto_arashiyama","data_class":"REAL","geometry_status":"SOURCE_TRACEABLE_REAL","layer":null,"layer_reason":"OSM way has no layer tag","level":null,"level_reason":"OSM way has no level tag","lineage":["OpenStreetMap way and original node IDs","fixed-time bounded Overpass response retained as exact bytes","consecutive source-node segmentation; no crossing-node invention"],"revision_id":"osm-2026-08-29-v1","source_class":"VGI","source_feature_id":"way/428892575#segment/56","source_id":"openstreetmap-overpass-arashiyama-20260829","stable_feature_id":"kyoto-arashiyama:osm-way-000428892575:nodes-004280071937-004280071945","tunnel":"UNKNOWN","tunnel_reason":"OSM way has no tunnel tag"},"type":"Feature"},{"geometry":{"coordinates":[[135.6788246,35.0123471],[135.6785611,35.0122833]],"type":"LineString"},"id":"kyoto-arashiyama:osm-way-000428892575:nodes-004280071945-004280071948","properties":{"artifact_id":"arashiyama-osm-corridor-v1","bridge":"UNKNOWN","bridge_reason":"OSM way has no bridge tag","city_id":"kyoto_arashiyama","data_class":"REAL","geometry_status":"SOURCE_TRACEABLE_REAL","layer":null,"layer_reason":"OSM way has no layer tag","level":null,"level_reason":"OSM way has no level tag","lineage":["OpenStreetMap way and original node IDs","fixed-time bounded Overpass response retained as exact bytes","consecutive source-node segmentation; no crossing-node invention"],"revision_id":"osm-2026-08-29-v1","source_class":"VGI","source_feature_id":"way/428892575#segment/55","source_id":"openstreetmap-overpass-arashiyama-20260829","stable_feature_id":"kyoto-arashiyama:osm-way-000428892575:nodes-004280071945-004280071948","tunnel":"UNKNOWN","tunnel_reason":"OSM way has no tunnel tag"},"type":"Feature"},{"geometry":{"coordinates":[[135.6790975,35.012411],[135.6788246,35.0123471]],"type":"LineString"},"id":"kyoto-arashiyama:osm-way-000428892575:nodes-004280071948-004280071957","properties":{"artifact_id":"arashiyama-osm-corridor-v1","bridge":"UNKNOWN","bridge_reason":"OSM way has no bridge tag","city_id":"kyoto_arashiyama","data_class":"REAL","geometry_status":"SOURCE_TRACEABLE_REAL","layer":null,"layer_reason":"OSM way has no layer tag","level":null,"level_reason":"OSM way has no level tag","lineage":["OpenStreetMap way and original node IDs","fixed-time bounded Overpass response retained as exact bytes","consecutive source-node segmentation; no crossing-node invention"],"revision_id":"osm-2026-08-29-v1","source_class":"VGI","source_feature_id":"way/428892575#segment/54","source_id":"openstreetmap-overpass-arashiyama-20260829","stable_feature_id":"kyoto-arashiyama:osm-way-000428892575:nodes-004280071948-004280071957","tunnel":"UNKNOWN","tunnel_reason":"OSM way has no tunnel tag"},"type":"Feature"},{"geometry":{"coordinates":[[135.6799195,35.0123617],[135.6799074,35.0123806]],"type":"LineString"},"id":"kyoto-arashiyama:osm-way-000428892575:nodes-004280071949-004280071951","properties":{"artifact_id":"arashiyama-osm-corridor-v1","bridge":"UNKNOWN","bridge_reason":"OSM way has no bridge tag","city_id":"kyoto_arashiyama","data_class":"REAL","geometry_status":"SOURCE_TRACEABLE_REAL","layer":null,"layer_reason":"OSM way has no layer tag","level":null,"level_reason":"OSM way has no level tag","lineage":["OpenStreetMap way and original node IDs","fixed-time bounded Overpass response retained as exact bytes","consecutive source-node segmentation; no crossing-node invention"],"revision_id":"osm-2026-08-29-v1","source_class":"VGI","source_feature_id":"way/428892575#segment/47","source_id":"openstreetmap-overpass-arashiyama-20260829","stable_feature_id":"kyoto-arashiyama:osm-way-000428892575:nodes-004280071949-004280071951","tunnel":"UNKNOWN","tunnel_reason":"OSM way has no tunnel tag"},"type":"Feature"},{"geometry":{"coordinates":[[135.6799074,35.0123806],[135.6798958,35.012399]],"type":"LineString"},"id":"kyoto-arashiyama:osm-way-000428892575:nodes-004280071951-004280071953","properties":{"artifact_id":"arashiyama-osm-corridor-v1","bridge":"UNKNOWN","bridge_reason":"OSM way has no bridge tag","city_id":"kyoto_arashiyama","data_class":"REAL","geometry_status":"SOURCE_TRACEABLE_REAL","layer":null,"layer_reason":"OSM way has no layer tag","level":null,"level_reason":"OSM way has no level tag","lineage":["OpenStreetMap way and original node IDs","fixed-time bounded Overpass response retained as exact bytes","consecutive source-node segmentation; no crossing-node invention"],"revision_id":"osm-2026-08-29-v1","source_class":"VGI","source_feature_id":"way/428892575#segment/48","source_id":"openstreetmap-overpass-arashiyama-20260829","stable_feature_id":"kyoto-arashiyama:osm-way-000428892575:nodes-004280071951-004280071953","tunnel":"UNKNOWN","tunnel_reason":"OSM way has no tunnel tag"},"type":"Feature"},{"geometry":{"coordinates":[[135.6798958,35.012399],[135.6798205,35.0124269]],"type":"LineString"},"id":"kyoto-arashiyama:osm-way-000428892575:nodes-004280071953-004280071960","properties":{"artifact_id":"arashiyama-osm-corridor-v1","bridge":"UNKNOWN","bridge_reason":"OSM way has no bridge tag","city_id":"kyoto_arashiyama","data_class":"REAL","geometry_status":"SOURCE_TRACEABLE_REAL","layer":null,"layer_reason":"OSM way has no layer tag","level":null,"level_reason":"OSM way has no level tag","lineage":["OpenStreetMap way and original node IDs","fixed-time bounded Overpass response retained as exact bytes","consecutive source-node segmentation; no crossing-node invention"],"revision_id":"osm-2026-08-29-v1","source_class":"VGI","source_feature_id":"way/428892575#segment/49","source_id":"openstreetmap-overpass-arashiyama-20260829","stable_feature_id":"kyoto-arashiyama:osm-way-000428892575:nodes-004280071953-004280071960","tunnel":"UNKNOWN","tunnel_reason":"OSM way has no tunnel tag"},"type":"Feature"},{"geometry":{"coordinates":[[135.6798205,35.0124269],[135.6797362,35.0124027]],"type":"LineString"},"id":"kyoto-arashiyama:osm-way-000428892575:nodes-004280071956-004280071960","properties":{"artifact_id":"arashiyama-osm-corridor-v1","bridge":"UNKNOWN","bridge_reason":"OSM way has no bridge tag","city_id":"kyoto_arashiyama","data_class":"REAL","geometry_status":"SOURCE_TRACEABLE_REAL","layer":null,"layer_reason":"OSM way has no layer tag","level":null,"level_reason":"OSM way has no level tag","lineage":["OpenStreetMap way and original node IDs","fixed-time bounded Overpass response retained as exact bytes","consecutive source-node segmentation; no crossing-node invention"],"revision_id":"osm-2026-08-29-v1","source_class":"VGI","source_feature_id":"way/428892575#segment/50","source_id":"openstreetmap-overpass-arashiyama-20260829","stable_feature_id":"kyoto-arashiyama:osm-way-000428892575:nodes-004280071956-004280071960","tunnel":"UNKNOWN","tunnel_reason":"OSM way has no tunnel tag"},"type":"Feature"},{"geometry":{"coordinates":[[135.6797362,35.0124027],[135.6794583,35.0124448]],"type":"LineString"},"id":"kyoto-arashiyama:osm-way-000428892575:nodes-004280071956-004280071962","properties":{"artifact_id":"arashiyama-osm-corridor-v1","bridge":"UNKNOWN","bridge_reason":"OSM way has no bridge tag","city_id":"kyoto_arashiyama","data_class":"REAL","geometry_status":"SOURCE_TRACEABLE_REAL","layer":null,"layer_reason":"OSM way has no layer tag","level":null,"level_reason":"OSM way has no level tag","lineage":["OpenStreetMap way and original node IDs","fixed-time bounded Overpass response retained as exact bytes","consecutive source-node segmentation; no crossing-node invention"],"revision_id":"osm-2026-08-29-v1","source_class":"VGI","source_feature_id":"way/428892575#segment/51","source_id":"openstreetmap-overpass-arashiyama-20260829","stable_feature_id":"kyoto-arashiyama:osm-way-000428892575:nodes-004280071956-004280071962","tunnel":"UNKNOWN","tunnel_reason":"OSM way has no tunnel tag"},"type":"Feature"},{"geometry":{"coordinates":[[135.6793104,35.0124419],[135.6790975,35.012411]],"type":"LineString"},"id":"kyoto-arashiyama:osm-way-000428892575:nodes-004280071957-004280071961","properties":{"artifact_id":"arashiyama-osm-corridor-v1","bridge":"UNKNOWN","bridge_reason":"OSM way has no bridge tag","city_id":"kyoto_arashiyama","data_class":"REAL","geometry_status":"SOURCE_TRACEABLE_REAL","layer":null,"layer_reason":"OSM way has no layer tag","level":null,"level_reason":"OSM way has no level tag","lineage":["OpenStreetMap way and original node IDs","fixed-time bounded Overpass response retained as exact bytes","consecutive source-node segmentation; no crossing-node invention"],"revision_id":"osm-2026-08-29-v1","source_class":"VGI","source_feature_id":"way/428892575#segment/53","source_id":"openstreetmap-overpass-arashiyama-20260829","stable_feature_id":"kyoto-arashiyama:osm-way-000428892575:nodes-004280071957-004280071961","tunnel":"UNKNOWN","tunnel_reason":"OSM way has no tunnel tag"},"type":"Feature"},{"geometry":{"coordinates":[[135.6794583,35.0124448],[135.6793104,35.0124419]],"type":"LineString"},"id":"kyoto-arashiyama:osm-way-000428892575:nodes-004280071961-004280071962","properties":{"artifact_id":"arashiyama-osm-corridor-v1","bridge":"UNKNOWN","bridge_reason":"OSM way has no bridge tag","city_id":"kyoto_arashiyama","data_class":"REAL","geometry_status":"SOURCE_TRACEABLE_REAL","layer":null,"layer_reason":"OSM way has no layer tag","level":null,"level_reason":"OSM way has no level tag","lineage":["OpenStreetMap way and original node IDs","fixed-time bounded Overpass response retained as exact bytes","consecutive source-node segmentation; no crossing-node invention"],"revision_id":"osm-2026-08-29-v1","source_class":"VGI","source_feature_id":"way/428892575#segment/52","source_id":"openstreetmap-overpass-arashiyama-20260829","stable_feature_id":"kyoto-arashiyama:osm-way-000428892575:nodes-004280071961-004280071962","tunnel":"UNKNOWN","tunnel_reason":"OSM way has no tunnel tag"},"type":"Feature"},{"geometry":{"coordinates":[[135.6777269,35.0120296],[135.6779056,35.0120025]],"type":"LineString"},"id":"kyoto-arashiyama:osm-way-000428892581:nodes-004280071839-004280071844","properties":{"artifact_id":"arashiyama-osm-corridor-v1","bridge":"UNKNOWN","bridge_reason":"OSM way has no bridge tag","city_id":"kyoto_arashiyama","data_class":"REAL","geometry_status":"SOURCE_TRACEABLE_REAL","layer":null,"layer_reason":"OSM way has no layer tag","level":null,"level_reason":"OSM way has no level tag","lineage":["OpenStreetMap way and original node IDs","fixed-time bounded Overpass response retained as exact bytes","consecutive source-node segmentation; no crossing-node invention"],"revision_id":"osm-2026-08-29-v1","source_class":"VGI","source_feature_id":"way/428892581#segment/5","source_id":"openstreetmap-overpass-arashiyama-20260829","stable_feature_id":"kyoto-arashiyama:osm-way-000428892581:nodes-004280071839-004280071844","tunnel":"UNKNOWN","tunnel_reason":"OSM way has no tunnel tag"},"type":"Feature"},{"geometry":{"coordinates":[[135.6779056,35.0120025],[135.6779185,35.0120594]],"type":"LineString"},"id":"kyoto-arashiyama:osm-way-000428892581:nodes-004280071839-005064078694","properties":{"artifact_id":"arashiyama-osm-corridor-v1","bridge":"UNKNOWN","bridge_reason":"OSM way has no bridge tag","city_id":"kyoto_arashiyama","data_class":"REAL","geometry_status":"SOURCE_TRACEABLE_REAL","layer":null,"layer_reason":"OSM way has no layer tag","level":null,"level_reason":"OSM way has no level tag","lineage":["OpenStreetMap way and original node IDs","fixed-time bounded Overpass response retained as exact bytes","consecutive source-node segmentation; no crossing-node invention"],"revision_id":"osm-2026-08-29-v1","source_class":"VGI","source_feature_id":"way/428892581#segment/0","source_id":"openstreetmap-overpass-arashiyama-20260829","stable_feature_id":"kyoto-arashiyama:osm-way-000428892581:nodes-004280071839-005064078694","tunnel":"UNKNOWN","tunnel_reason":"OSM way has no tunnel tag"},"type":"Feature"},{"geometry":{"coordinates":[[135.6777398,35.0120866],[135.6777269,35.0120296]],"type":"LineString"},"id":"kyoto-arashiyama:osm-way-000428892581:nodes-004280071844-004280071875","properties":{"artifact_id":"arashiyama-osm-corridor-v1","bridge":"UNKNOWN","bridge_reason":"OSM way has no bridge tag","city_id":"kyoto_arashiyama","data_class":"REAL","geometry_status":"SOURCE_TRACEABLE_REAL","layer":null,"layer_reason":"OSM way has no layer tag","level":null,"level_reason":"OSM way has no level tag","lineage":["OpenStreetMap way and original node IDs","fixed-time bounded Overpass response retained as exact bytes","consecutive source-node segmentation; no crossing-node invention"],"revision_id":"osm-2026-08-29-v1","source_class":"VGI","source_feature_id":"way/428892581#segment/4","source_id":"openstreetmap-overpass-arashiyama-20260829","stable_feature_id":"kyoto-arashiyama:osm-way-000428892581:nodes-004280071844-004280071875","tunnel":"UNKNOWN","tunnel_reason":"OSM way has no tunnel tag"},"type":"Feature"},{"geometry":{"coordinates":[[135.6777534,35.0121465],[135.6777398,35.0120866]],"type":"LineString"},"id":"kyoto-arashiyama:osm-way-000428892581:nodes-004280071875-004280071914","properties":{"artifact_id":"arashiyama-osm-corridor-v1","bridge":"UNKNOWN","bridge_reason":"OSM way has no bridge tag","city_id":"kyoto_arashiyama","data_class":"REAL","geometry_status":"SOURCE_TRACEABLE_REAL","layer":null,"layer_reason":"OSM way has no layer tag","level":null,"level_reason":"OSM way has no level tag","lineage":["OpenStreetMap way and original node IDs","fixed-time bounded Overpass response retained as exact bytes","consecutive source-node segmentation; no crossing-node invention"],"revision_id":"osm-2026-08-29-v1","source_class":"VGI","source_feature_id":"way/428892581#segment/3","source_id":"openstreetmap-overpass-arashiyama-20260829","stable_feature_id":"kyoto-arashiyama:osm-way-000428892581:nodes-004280071875-004280071914","tunnel":"UNKNOWN","tunnel_reason":"OSM way has no tunnel tag"},"type":"Feature"},{"geometry":{"coordinates":[[135.677932,35.0121194],[135.6777534,35.0121465]],"type":"LineString"},"id":"kyoto-arashiyama:osm-way-000428892581:nodes-004280071899-004280071914","properties":{"artifact_id":"arashiyama-osm-corridor-v1","bridge":"UNKNOWN","bridge_reason":"OSM way has no bridge tag","city_id":"kyoto_arashiyama","data_class":"REAL","geometry_status":"SOURCE_TRACEABLE_REAL","layer":null,"layer_reason":"OSM way has no layer tag","level":null,"level_reason":"OSM way has no level tag","lineage":["OpenStreetMap way and original node IDs","fixed-time bounded Overpass response retained as exact bytes","consecutive source-node segmentation; no crossing-node invention"],"revision_id":"osm-2026-08-29-v1","source_class":"VGI","source_feature_id":"way/428892581#segment/2","source_id":"openstreetmap-overpass-arashiyama-20260829","stable_feature_id":"kyoto-arashiyama:osm-way-000428892581:nodes-004280071899-004280071914","tunnel":"UNKNOWN","tunnel_reason":"OSM way has no tunnel tag"},"type":"Feature"},{"geometry":{"coordinates":[[135.6779185,35.0120594],[135.677932,35.0121194]],"type":"LineString"},"id":"kyoto-arashiyama:osm-way-000428892581:nodes-004280071899-005064078694","properties":{"artifact_id":"arashiyama-osm-corridor-v1","bridge":"UNKNOWN","bridge_reason":"OSM way has no bridge tag","city_id":"kyoto_arashiyama","data_class":"REAL","geometry_status":"SOURCE_TRACEABLE_REAL","layer":null,"layer_reason":"OSM way has no layer tag","level":null,"level_reason":"OSM way has no level tag","lineage":["OpenStreetMap way and original node IDs","fixed-time bounded Overpass response retained as exact bytes","consecutive source-node segmentation; no crossing-node invention"],"revision_id":"osm-2026-08-29-v1","source_class":"VGI","source_feature_id":"way/428892581#segment/1","source_id":"openstreetmap-overpass-arashiyama-20260829","stable_feature_id":"kyoto-arashiyama:osm-way-000428892581:nodes-004280071899-005064078694","tunnel":"UNKNOWN","tunnel_reason":"OSM way has no tunnel tag"},"type":"Feature"},{"geometry":{"coordinates":[[135.6783587,35.0119042],[135.6783943,35.0119075]],"type":"LineString"},"id":"kyoto-arashiyama:osm-way-000428892584:nodes-004280069081-004280069082","properties":{"artifact_id":"arashiyama-osm-corridor-v1","bridge":"UNKNOWN","bridge_reason":"OSM way has no bridge tag","city_id":"kyoto_arashiyama","data_class":"REAL","geometry_status":"SOURCE_TRACEABLE_REAL","layer":null,"layer_reason":"OSM way has no layer tag","level":null,"level_reason":"OSM way has no level tag","lineage":["OpenStreetMap way and original node IDs","fixed-time bounded Overpass response retained as exact bytes","consecutive source-node segmentation; no crossing-node invention"],"revision_id":"osm-2026-08-29-v1","source_class":"VGI","source_feature_id":"way/428892584#segment/2","source_id":"openstreetmap-overpass-arashiyama-20260829","stable_feature_id":"kyoto-arashiyama:osm-way-000428892584:nodes-004280069081-004280069082","tunnel":"UNKNOWN","tunnel_reason":"OSM way has no tunnel tag"},"type":"Feature"},{"geometry":{"coordinates":[[135.6783269,35.0119086],[135.6783587,35.0119042]],"type":"LineString"},"id":"kyoto-arashiyama:osm-way-000428892584:nodes-004280069081-004280069083","properties":{"artifact_id":"arashiyama-osm-corridor-v1","bridge":"UNKNOWN","bridge_reason":"OSM way has no bridge tag","city_id":"kyoto_arashiyama","data_class":"REAL","geometry_status":"SOURCE_TRACEABLE_REAL","layer":null,"layer_reason":"OSM way has no layer tag","level":null,"level_reason":"OSM way has no level tag","lineage":["OpenStreetMap way and original node IDs","fixed-time bounded Overpass response retained as exact bytes","consecutive source-node segmentation; no crossing-node invention"],"revision_id":"osm-2026-08-29-v1","source_class":"VGI","source_feature_id":"way/428892584#segment/1","source_id":"openstreetmap-overpass-arashiyama-20260829","stable_feature_id":"kyoto-arashiyama:osm-way-000428892584:nodes-004280069081-004280069083","tunnel":"UNKNOWN","tunnel_reason":"OSM way has no tunnel tag"},"type":"Feature"},{"geometry":{"coordinates":[[135.6783943,35.0119075],[135.6784293,35.0119242]],"type":"LineString"},"id":"kyoto-arashiyama:osm-way-000428892584:nodes-004280069082-004280071793","properties":{"artifact_id":"arashiyama-osm-corridor-v1","bridge":"UNKNOWN","bridge_reason":"OSM way has no bridge tag","city_id":"kyoto_arashiyama","data_class":"REAL","geometry_status":"SOURCE_TRACEABLE_REAL","layer":null,"layer_reason":"OSM way has no layer tag","level":null,"level_reason":"OSM way has no level tag","lineage":["OpenStreetMap way and original node IDs","fixed-time bounded Overpass response retained as exact bytes","consecutive source-node segmentation; no crossing-node invention"],"revision_id":"osm-2026-08-29-v1","source_class":"VGI","source_feature_id":"way/428892584#segment/3","source_id":"openstreetmap-overpass-arashiyama-20260829","stable_feature_id":"kyoto-arashiyama:osm-way-000428892584:nodes-004280069082-004280071793","tunnel":"UNKNOWN","tunnel_reason":"OSM way has no tunnel tag"},"type":"Feature"},{"geometry":{"coordinates":[[135.6782989,35.0119165],[135.6783269,35.0119086]],"type":"LineString"},"id":"kyoto-arashiyama:osm-way-000428892584:nodes-004280069083-004280069087","properties":{"artifact_id":"arashiyama-osm-corridor-v1","bridge":"UNKNOWN","bridge_reason":"OSM way has no bridge tag","city_id":"kyoto_arashiyama","data_class":"REAL","geometry_status":"SOURCE_TRACEABLE_REAL","layer":null,"layer_reason":"OSM way has no layer tag","level":null,"level_reason":"OSM way has no level tag","lineage":["OpenStreetMap way and original node IDs","fixed-time bounded Overpass response retained as exact bytes","consecutive source-node segmentation; no crossing-node invention"],"revision_id":"osm-2026-08-29-v1","source_class":"VGI","source_feature_id":"way/428892584#segment/0","source_id":"openstreetmap-overpass-arashiyama-20260829","stable_feature_id":"kyoto-arashiyama:osm-way-000428892584:nodes-004280069083-004280069087","tunnel":"UNKNOWN","tunnel_reason":"OSM way has no tunnel tag"},"type":"Feature"},{"geometry":{"coordinates":[[135.6784293,35.0119242],[135.6784506,35.0119472]],"type":"LineString"},"id":"kyoto-arashiyama:osm-way-000428892584:nodes-004280071793-004280071809","properties":{"artifact_id":"arashiyama-osm-corridor-v1","bridge":"UNKNOWN","bridge_reason":"OSM way has no bridge tag","city_id":"kyoto_arashiyama","data_class":"REAL","geometry_status":"SOURCE_TRACEABLE_REAL","layer":null,"layer_reason":"OSM way has no layer tag","level":null,"level_reason":"OSM way has no level tag","lineage":["OpenStreetMap way and original node IDs","fixed-time bounded Overpass response retained as exact bytes","consecutive source-node segmentation; no crossing-node invention"],"revision_id":"osm-2026-08-29-v1","source_class":"VGI","source_feature_id":"way/428892584#segment/4","source_id":"openstreetmap-overpass-arashiyama-20260829","stable_feature_id":"kyoto-arashiyama:osm-way-000428892584:nodes-004280071793-004280071809","tunnel":"UNKNOWN","tunnel_reason":"OSM way has no tunnel tag"},"type":"Feature"},{"geometry":{"coordinates":[[135.6784506,35.0119472],[135.6784593,35.0119843]],"type":"LineString"},"id":"kyoto-arashiyama:osm-way-000428892584:nodes-004280071809-004280071830","properties":{"artifact_id":"arashiyama-osm-corridor-v1","bridge":"UNKNOWN","bridge_reason":"OSM way has no bridge tag","city_id":"kyoto_arashiyama","data_class":"REAL","geometry_status":"SOURCE_TRACEABLE_REAL","layer":null,"layer_reason":"OSM way has no layer tag","level":null,"level_reason":"OSM way has no level tag","lineage":["OpenStreetMap way and original node IDs","fixed-time bounded Overpass response retained as exact bytes","consecutive source-node segmentation; no crossing-node invention"],"revision_id":"osm-2026-08-29-v1","source_class":"VGI","source_feature_id":"way/428892584#segment/5","source_id":"openstreetmap-overpass-arashiyama-20260829","stable_feature_id":"kyoto-arashiyama:osm-way-000428892584:nodes-004280071809-004280071830","tunnel":"UNKNOWN","tunnel_reason":"OSM way has no tunnel tag"},"type":"Feature"},{"geometry":{"coordinates":[[135.6779886,35.0137447],[135.6779093,35.0137605]],"type":"LineString"},"id":"kyoto-arashiyama:osm-way-000428916292:nodes-004280313275-004280313276","properties":{"artifact_id":"arashiyama-osm-corridor-v1","bridge":"UNKNOWN","bridge_reason":"OSM way has no bridge tag","city_id":"kyoto_arashiyama","data_class":"REAL","geometry_status":"SOURCE_TRACEABLE_REAL","layer":null,"layer_reason":"OSM way has no layer tag","level":null,"level_reason":"OSM way has no level tag","lineage":["OpenStreetMap way and original node IDs","fixed-time bounded Overpass response retained as exact bytes","consecutive source-node segmentation; no crossing-node invention"],"revision_id":"osm-2026-08-29-v1","source_class":"VGI","source_feature_id":"way/428916292#segment/0","source_id":"openstreetmap-overpass-arashiyama-20260829","stable_feature_id":"kyoto-arashiyama:osm-way-000428916292:nodes-004280313275-004280313276","tunnel":"UNKNOWN","tunnel_reason":"OSM way has no tunnel tag"},"type":"Feature"},{"geometry":{"coordinates":[[135.6779093,35.0137605],[135.677877,35.0137663]],"type":"LineString"},"id":"kyoto-arashiyama:osm-way-000428916292:nodes-004280313276-009689258377","properties":{"artifact_id":"arashiyama-osm-corridor-v1","bridge":"UNKNOWN","bridge_reason":"OSM way has no bridge tag","city_id":"kyoto_arashiyama","data_class":"REAL","geometry_status":"SOURCE_TRACEABLE_REAL","layer":null,"layer_reason":"OSM way has no layer tag","level":null,"level_reason":"OSM way has no level tag","lineage":["OpenStreetMap way and original node IDs","fixed-time bounded Overpass response retained as exact bytes","consecutive source-node segmentation; no crossing-node invention"],"revision_id":"osm-2026-08-29-v1","source_class":"VGI","source_feature_id":"way/428916292#segment/1","source_id":"openstreetmap-overpass-arashiyama-20260829","stable_feature_id":"kyoto-arashiyama:osm-way-000428916292:nodes-004280313276-009689258377","tunnel":"UNKNOWN","tunnel_reason":"OSM way has no tunnel tag"},"type":"Feature"},{"geometry":{"coordinates":[[135.6778464,35.0137854],[135.6776973,35.0142888]],"type":"LineString"},"id":"kyoto-arashiyama:osm-way-000428916292:nodes-004280313278-004280313280","properties":{"artifact_id":"arashiyama-osm-corridor-v1","bridge":"UNKNOWN","bridge_reason":"OSM way has no bridge tag","city_id":"kyoto_arashiyama","data_class":"REAL","geometry_status":"SOURCE_TRACEABLE_REAL","layer":null,"layer_reason":"OSM way has no layer tag","level":null,"level_reason":"OSM way has no level tag","lineage":["OpenStreetMap way and original node IDs","fixed-time bounded Overpass response retained as exact bytes","consecutive source-node segmentation; no crossing-node invention"],"revision_id":"osm-2026-08-29-v1","source_class":"VGI","source_feature_id":"way/428916292#segment/3","source_id":"openstreetmap-overpass-arashiyama-20260829","stable_feature_id":"kyoto-arashiyama:osm-way-000428916292:nodes-004280313278-004280313280","tunnel":"UNKNOWN","tunnel_reason":"OSM way has no tunnel tag"},"type":"Feature"},{"geometry":{"coordinates":[[135.677877,35.0137663],[135.6778464,35.0137854]],"type":"LineString"},"id":"kyoto-arashiyama:osm-way-000428916292:nodes-004280313278-009689258377","properties":{"artifact_id":"arashiyama-osm-corridor-v1","bridge":"UNKNOWN","bridge_reason":"OSM way has no bridge tag","city_id":"kyoto_arashiyama","data_class":"REAL","geometry_status":"SOURCE_TRACEABLE_REAL","layer":null,"layer_reason":"OSM way has no layer tag","level":null,"level_reason":"OSM way has no level tag","lineage":["OpenStreetMap way and original node IDs","fixed-time bounded Overpass response retained as exact bytes","consecutive source-node segmentation; no crossing-node invention"],"revision_id":"osm-2026-08-29-v1","source_class":"VGI","source_feature_id":"way/428916292#segment/2","source_id":"openstreetmap-overpass-arashiyama-20260829","stable_feature_id":"kyoto-arashiyama:osm-way-000428916292:nodes-004280313278-009689258377","tunnel":"UNKNOWN","tunnel_reason":"OSM way has no tunnel tag"},"type":"Feature"},{"geometry":{"coordinates":[[135.6776973,35.0142888],[135.677626,35.0145293]],"type":"LineString"},"id":"kyoto-arashiyama:osm-way-000428916292:nodes-004280313280-004280313285","properties":{"artifact_id":"arashiyama-osm-corridor-v1","bridge":"UNKNOWN","bridge_reason":"OSM way has no bridge tag","city_id":"kyoto_arashiyama","data_class":"REAL","geometry_status":"SOURCE_TRACEABLE_REAL","layer":null,"layer_reason":"OSM way has no layer tag","level":null,"level_reason":"OSM way has no level tag","lineage":["OpenStreetMap way and original node IDs","fixed-time bounded Overpass response retained as exact bytes","consecutive source-node segmentation; no crossing-node invention"],"revision_id":"osm-2026-08-29-v1","source_class":"VGI","source_feature_id":"way/428916292#segment/4","source_id":"openstreetmap-overpass-arashiyama-20260829","stable_feature_id":"kyoto-arashiyama:osm-way-000428916292:nodes-004280313280-004280313285","tunnel":"UNKNOWN","tunnel_reason":"OSM way has no tunnel tag"},"type":"Feature"},{"geometry":{"coordinates":[[135.677626,35.0145293],[135.6774807,35.0149808]],"type":"LineString"},"id":"kyoto-arashiyama:osm-way-000428916292:nodes-004280313285-004773068052","properties":{"artifact_id":"arashiyama-osm-corridor-v1","bridge":"UNKNOWN","bridge_reason":"OSM way has no bridge tag","city_id":"kyoto_arashiyama","data_class":"REAL","geometry_status":"SOURCE_TRACEABLE_REAL","layer":null,"layer_reason":"OSM way has no layer tag","level":null,"level_reason":"OSM way has no level tag","lineage":["OpenStreetMap way and original node IDs","fixed-time bounded Overpass response retained as exact bytes","consecutive source-node segmentation; no crossing-node invention"],"revision_id":"osm-2026-08-29-v1","source_class":"VGI","source_feature_id":"way/428916292#segment/5","source_id":"openstreetmap-overpass-arashiyama-20260829","stable_feature_id":"kyoto-arashiyama:osm-way-000428916292:nodes-004280313285-004773068052","tunnel":"UNKNOWN","tunnel_reason":"OSM way has no tunnel tag"},"type":"Feature"},{"geometry":{"coordinates":[[135.6774807,35.0149808],[135.6774577,35.0150521]],"type":"LineString"},"id":"kyoto-arashiyama:osm-way-000428916292:nodes-004284012779-004773068052","properties":{"artifact_id":"arashiyama-osm-corridor-v1","bridge":"UNKNOWN","bridge_reason":"OSM way has no bridge tag","city_id":"kyoto_arashiyama","data_class":"REAL","geometry_status":"SOURCE_TRACEABLE_REAL","layer":null,"layer_reason":"OSM way has no layer tag","level":null,"level_reason":"OSM way has no level tag","lineage":["OpenStreetMap way and original node IDs","fixed-time bounded Overpass response retained as exact bytes","consecutive source-node segmentation; no crossing-node invention"],"revision_id":"osm-2026-08-29-v1","source_class":"VGI","source_feature_id":"way/428916292#segment/6","source_id":"openstreetmap-overpass-arashiyama-20260829","stable_feature_id":"kyoto-arashiyama:osm-way-000428916292:nodes-004284012779-004773068052","tunnel":"UNKNOWN","tunnel_reason":"OSM way has no tunnel tag"},"type":"Feature"},{"geometry":{"coordinates":[[135.6774577,35.0150521],[135.6774466,35.0150867]],"type":"LineString"},"id":"kyoto-arashiyama:osm-way-000428916292:nodes-004284012779-011893490639","properties":{"artifact_id":"arashiyama-osm-corridor-v1","bridge":"UNKNOWN","bridge_reason":"OSM way has no bridge tag","city_id":"kyoto_arashiyama","data_class":"REAL","geometry_status":"SOURCE_TRACEABLE_REAL","layer":null,"layer_reason":"OSM way has no layer tag","level":null,"level_reason":"OSM way has no level tag","lineage":["OpenStreetMap way and original node IDs","fixed-time bounded Overpass response retained as exact bytes","consecutive source-node segmentation; no crossing-node invention"],"revision_id":"osm-2026-08-29-v1","source_class":"VGI","source_feature_id":"way/428916292#segment/7","source_id":"openstreetmap-overpass-arashiyama-20260829","stable_feature_id":"kyoto-arashiyama:osm-way-000428916292:nodes-004284012779-011893490639","tunnel":"UNKNOWN","tunnel_reason":"OSM way has no tunnel tag"},"type":"Feature"},{"geometry":{"coordinates":[[135.6774466,35.0150867],[135.6774331,35.0151284]],"type":"LineString"},"id":"kyoto-arashiyama:osm-way-000428916292:nodes-011893490639-011893490640","properties":{"artifact_id":"arashiyama-osm-corridor-v1","bridge":"UNKNOWN","bridge_reason":"OSM way has no bridge tag","city_id":"kyoto_arashiyama","data_class":"REAL","geometry_status":"SOURCE_TRACEABLE_REAL","layer":null,"layer_reason":"OSM way has no layer tag","level":null,"level_reason":"OSM way has no level tag","lineage":["OpenStreetMap way and original node IDs","fixed-time bounded Overpass response retained as exact bytes","consecutive source-node segmentation; no crossing-node invention"],"revision_id":"osm-2026-08-29-v1","source_class":"VGI","source_feature_id":"way/428916292#segment/8","source_id":"openstreetmap-overpass-arashiyama-20260829","stable_feature_id":"kyoto-arashiyama:osm-way-000428916292:nodes-011893490639-011893490640","tunnel":"UNKNOWN","tunnel_reason":"OSM way has no tunnel tag"},"type":"Feature"},{"geometry":{"coordinates":[[135.6775673,35.0143722],[135.6774662,35.0146613]],"type":"LineString"},"id":"kyoto-arashiyama:osm-way-000428916293:nodes-003255952713-004280313284","properties":{"artifact_id":"arashiyama-osm-corridor-v1","bridge":"UNKNOWN","bridge_reason":"OSM way has no bridge tag","city_id":"kyoto_arashiyama","data_class":"REAL","geometry_status":"SOURCE_TRACEABLE_REAL","layer":null,"layer_reason":"OSM way has no layer tag","level":null,"level_reason":"OSM way has no level tag","lineage":["OpenStreetMap way and original node IDs","fixed-time bounded Overpass response retained as exact bytes","consecutive source-node segmentation; no crossing-node invention"],"revision_id":"osm-2026-08-29-v1","source_class":"VGI","source_feature_id":"way/428916293#segment/1","source_id":"openstreetmap-overpass-arashiyama-20260829","stable_feature_id":"kyoto-arashiyama:osm-way-000428916293:nodes-003255952713-004280313284","tunnel":"UNKNOWN","tunnel_reason":"OSM way has no tunnel tag"},"type":"Feature"},{"geometry":{"coordinates":[[135.6774662,35.0146613],[135.6773461,35.0150291]],"type":"LineString"},"id":"kyoto-arashiyama:osm-way-000428916293:nodes-003255952713-004280313287","properties":{"artifact_id":"arashiyama-osm-corridor-v1","bridge":"UNKNOWN","bridge_reason":"OSM way has no bridge tag","city_id":"kyoto_arashiyama","data_class":"REAL","geometry_status":"SOURCE_TRACEABLE_REAL","layer":null,"layer_reason":"OSM way has no layer tag","level":null,"level_reason":"OSM way has no level tag","lineage":["OpenStreetMap way and original node IDs","fixed-time bounded Overpass response retained as exact bytes","consecutive source-node segmentation; no crossing-node invention"],"revision_id":"osm-2026-08-29-v1","source_class":"VGI","source_feature_id":"way/428916293#segment/2","source_id":"openstreetmap-overpass-arashiyama-20260829","stable_feature_id":"kyoto-arashiyama:osm-way-000428916293:nodes-003255952713-004280313287","tunnel":"UNKNOWN","tunnel_reason":"OSM way has no tunnel tag"},"type":"Feature"},{"geometry":{"coordinates":[[135.6775571,35.0143606],[135.6775673,35.0143722]],"type":"LineString"},"id":"kyoto-arashiyama:osm-way-000428916293:nodes-004280313283-004280313284","properties":{"artifact_id":"arashiyama-osm-corridor-v1","bridge":"UNKNOWN","bridge_reason":"OSM way has no bridge tag","city_id":"kyoto_arashiyama","data_class":"REAL","geometry_status":"SOURCE_TRACEABLE_REAL","layer":null,"layer_reason":"OSM way has no layer tag","level":null,"level_reason":"OSM way has no level tag","lineage":["OpenStreetMap way and original node IDs","fixed-time bounded Overpass response retained as exact bytes","consecutive source-node segmentation; no crossing-node invention"],"revision_id":"osm-2026-08-29-v1","source_class":"VGI","source_feature_id":"way/428916293#segment/0","source_id":"openstreetmap-overpass-arashiyama-20260829","stable_feature_id":"kyoto-arashiyama:osm-way-000428916293:nodes-004280313283-004280313284","tunnel":"UNKNOWN","tunnel_reason":"OSM way has no tunnel tag"},"type":"Feature"},{"geometry":{"coordinates":[[135.6773461,35.0150291],[135.6772831,35.0152289]],"type":"LineString"},"id":"kyoto-arashiyama:osm-way-000428916293:nodes-004280313287-004280313288","properties":{"artifact_id":"arashiyama-osm-corridor-v1","bridge":"UNKNOWN","bridge_reason":"OSM way has no bridge tag","city_id":"kyoto_arashiyama","data_class":"REAL","geometry_status":"SOURCE_TRACEABLE_REAL","layer":null,"layer_reason":"OSM way has no layer tag","level":null,"level_reason":"OSM way has no level tag","lineage":["OpenStreetMap way and original node IDs","fixed-time bounded Overpass response retained as exact bytes","consecutive source-node segmentation; no crossing-node invention"],"revision_id":"osm-2026-08-29-v1","source_class":"VGI","source_feature_id":"way/428916293#segment/3","source_id":"openstreetmap-overpass-arashiyama-20260829","stable_feature_id":"kyoto-arashiyama:osm-way-000428916293:nodes-004280313287-004280313288","tunnel":"UNKNOWN","tunnel_reason":"OSM way has no tunnel tag"},"type":"Feature"},{"geometry":{"coordinates":[[135.6772831,35.0152289],[135.6772649,35.0152463]],"type":"LineString"},"id":"kyoto-arashiyama:osm-way-000428916293:nodes-004280313288-004280316589","properties":{"artifact_id":"arashiyama-osm-corridor-v1","bridge":"UNKNOWN","bridge_reason":"OSM way has no bridge tag","city_id":"kyoto_arashiyama","data_class":"REAL","geometry_status":"SOURCE_TRACEABLE_REAL","layer":null,"layer_reason":"OSM way has no layer tag","level":null,"level_reason":"OSM way has no level tag","lineage":["OpenStreetMap way and original node IDs","fixed-time bounded Overpass response retained as exact bytes","consecutive source-node segmentation; no crossing-node invention"],"revision_id":"osm-2026-08-29-v1","source_class":"VGI","source_feature_id":"way/428916293#segment/4","source_id":"openstreetmap-overpass-arashiyama-20260829","stable_feature_id":"kyoto-arashiyama:osm-way-000428916293:nodes-004280313288-004280316589","tunnel":"UNKNOWN","tunnel_reason":"OSM way has no tunnel tag"},"type":"Feature"},{"geometry":{"coordinates":[[135.6772649,35.0152463],[135.6772405,35.0152706]],"type":"LineString"},"id":"kyoto-arashiyama:osm-way-000428916293:nodes-004280316589-004280316590","properties":{"artifact_id":"arashiyama-osm-corridor-v1","bridge":"UNKNOWN","bridge_reason":"OSM way has no bridge tag","city_id":"kyoto_arashiyama","data_class":"REAL","geometry_status":"SOURCE_TRACEABLE_REAL","layer":null,"layer_reason":"OSM way has no layer tag","level":null,"level_reason":"OSM way has no level tag","lineage":["OpenStreetMap way and original node IDs","fixed-time bounded Overpass response retained as exact bytes","consecutive source-node segmentation; no crossing-node invention"],"revision_id":"osm-2026-08-29-v1","source_class":"VGI","source_feature_id":"way/428916293#segment/5","source_id":"openstreetmap-overpass-arashiyama-20260829","stable_feature_id":"kyoto-arashiyama:osm-way-000428916293:nodes-004280316589-004280316590","tunnel":"UNKNOWN","tunnel_reason":"OSM way has no tunnel tag"},"type":"Feature"},{"geometry":{"coordinates":[[135.6776285,35.0121815],[135.6778019,35.0135546]],"type":"LineString"},"id":"kyoto-arashiyama:osm-way-000428916294:nodes-004280313259-004280313261","properties":{"artifact_id":"arashiyama-osm-corridor-v1","bridge":true,"bridge_reason":null,"city_id":"kyoto_arashiyama","data_class":"REAL","geometry_status":"SOURCE_TRACEABLE_REAL","layer":1,"layer_reason":null,"level":null,"level_reason":"OSM way has no level tag","lineage":["OpenStreetMap way and original node IDs","fixed-time bounded Overpass response retained as exact bytes","consecutive source-node segmentation; no crossing-node invention"],"revision_id":"osm-2026-08-29-v1","source_class":"VGI","source_feature_id":"way/428916294#segment/0","source_id":"openstreetmap-overpass-arashiyama-20260829","stable_feature_id":"kyoto-arashiyama:osm-way-000428916294:nodes-004280313259-004280313261","tunnel":"UNKNOWN","tunnel_reason":"OSM way has no tunnel tag"},"type":"Feature"},{"geometry":{"coordinates":[[135.6777133,35.0120906],[135.6777273,35.0121933]],"type":"LineString"},"id":"kyoto-arashiyama:osm-way-000428916295:nodes-004280313257-004280313260","properties":{"artifact_id":"arashiyama-osm-corridor-v1","bridge":"UNKNOWN","bridge_reason":"OSM way has no bridge tag","city_id":"kyoto_arashiyama","data_class":"REAL","geometry_status":"SOURCE_TRACEABLE_REAL","layer":null,"layer_reason":"OSM way has no layer tag","level":null,"level_reason":"OSM way has no level tag","lineage":["OpenStreetMap way and original node IDs","fixed-time bounded Overpass response retained as exact bytes","consecutive source-node segmentation; no crossing-node invention"],"revision_id":"osm-2026-08-29-v1","source_class":"VGI","source_feature_id":"way/428916295#segment/7","source_id":"openstreetmap-overpass-arashiyama-20260829","stable_feature_id":"kyoto-arashiyama:osm-way-000428916295:nodes-004280313257-004280313260","tunnel":"UNKNOWN","tunnel_reason":"OSM way has no tunnel tag"},"type":"Feature"},{"geometry":{"coordinates":[[135.6776977,35.0120158],[135.6777133,35.0120906]],"type":"LineString"},"id":"kyoto-arashiyama:osm-way-000428916295:nodes-004280313257-005064078657","properties":{"artifact_id":"arashiyama-osm-corridor-v1","bridge":"UNKNOWN","bridge_reason":"OSM way has no bridge tag","city_id":"kyoto_arashiyama","data_class":"REAL","geometry_status":"SOURCE_TRACEABLE_REAL","layer":null,"layer_reason":"OSM way has no layer tag","level":null,"level_reason":"OSM way has no level tag","lineage":["OpenStreetMap way and original node IDs","fixed-time bounded Overpass response retained as exact bytes","consecutive source-node segmentation; no crossing-node invention"],"revision_id":"osm-2026-08-29-v1","source_class":"VGI","source_feature_id":"way/428916295#segment/6","source_id":"openstreetmap-overpass-arashiyama-20260829","stable_feature_id":"kyoto-arashiyama:osm-way-000428916295:nodes-004280313257-005064078657","tunnel":"UNKNOWN","tunnel_reason":"OSM way has no tunnel tag"},"type":"Feature"},{"geometry":{"coordinates":[[135.6774952,35.0115359],[135.6775454,35.0116203]],"type":"LineString"},"id":"kyoto-arashiyama:osm-way-000428916295:nodes-005064078651-005064078652","properties":{"artifact_id":"arashiyama-osm-corridor-v1","bridge":"UNKNOWN","bridge_reason":"OSM way has no bridge tag","city_id":"kyoto_arashiyama","data_class":"REAL","geometry_status":"SOURCE_TRACEABLE_REAL","layer":null,"layer_reason":"OSM way has no layer tag","level":null,"level_reason":"OSM way has no level tag","lineage":["OpenStreetMap way and original node IDs","fixed-time bounded Overpass response retained as exact bytes","consecutive source-node segmentation; no crossing-node invention"],"revision_id":"osm-2026-08-29-v1","source_class":"VGI","source_feature_id":"way/428916295#segment/0","source_id":"openstreetmap-overpass-arashiyama-20260829","stable_feature_id":"kyoto-arashiyama:osm-way-000428916295:nodes-005064078651-005064078652","tunnel":"UNKNOWN","tunnel_reason":"OSM way has no tunnel tag"},"type":"Feature"},{"geometry":{"coordinates":[[135.6775454,35.0116203],[135.6775901,35.0117105]],"type":"LineString"},"id":"kyoto-arashiyama:osm-way-000428916295:nodes-005064078652-005064078653","properties":{"artifact_id":"arashiyama-osm-corridor-v1","bridge":"UNKNOWN","bridge_reason":"OSM way has no bridge tag","city_id":"kyoto_arashiyama","data_class":"REAL","geometry_status":"SOURCE_TRACEABLE_REAL","layer":null,"layer_reason":"OSM way has no layer tag","level":null,"level_reason":"OSM way has no level tag","lineage":["OpenStreetMap way and original node IDs","fixed-time bounded Overpass response retained as exact bytes","consecutive source-node segmentation; no crossing-node invention"],"revision_id":"osm-2026-08-29-v1","source_class":"VGI","source_feature_id":"way/428916295#segment/1","source_id":"openstreetmap-overpass-arashiyama-20260829","stable_feature_id":"kyoto-arashiyama:osm-way-000428916295:nodes-005064078652-005064078653","tunnel":"UNKNOWN","tunnel_reason":"OSM way has no tunnel tag"},"type":"Feature"},{"geometry":{"coordinates":[[135.6775901,35.0117105],[135.6776212,35.0117681]],"type":"LineString"},"id":"kyoto-arashiyama:osm-way-000428916295:nodes-005064078653-005064078654","properties":{"artifact_id":"arashiyama-osm-corridor-v1","bridge":"UNKNOWN","bridge_reason":"OSM way has no bridge tag","city_id":"kyoto_arashiyama","data_class":"REAL","geometry_status":"SOURCE_TRACEABLE_REAL","layer":null,"layer_reason":"OSM way has no layer tag","level":null,"level_reason":"OSM way has no level tag","lineage":["OpenStreetMap way and original node IDs","fixed-time bounded Overpass response retained as exact bytes","consecutive source-node segmentation; no crossing-node invention"],"revision_id":"osm-2026-08-29-v1","source_class":"VGI","source_feature_id":"way/428916295#segment/2","source_id":"openstreetmap-overpass-arashiyama-20260829","stable_feature_id":"kyoto-arashiyama:osm-way-000428916295:nodes-005064078653-005064078654","tunnel":"UNKNOWN","tunnel_reason":"OSM way has no tunnel tag"},"type":"Feature"},{"geometry":{"coordinates":[[135.6776212,35.0117681],[135.6776521,35.0118477]],"type":"LineString"},"id":"kyoto-arashiyama:osm-way-000428916295:nodes-005064078654-005064078655","properties":{"artifact_id":"arashiyama-osm-corridor-v1","bridge":"UNKNOWN","bridge_reason":"OSM way has no bridge tag","city_id":"kyoto_arashiyama","data_class":"REAL","geometry_status":"SOURCE_TRACEABLE_REAL","layer":null,"layer_reason":"OSM way has no layer tag","level":null,"level_reason":"OSM way has no level tag","lineage":["OpenStreetMap way and original node IDs","fixed-time bounded Overpass response retained as exact bytes","consecutive source-node segmentation; no crossing-node invention"],"revision_id":"osm-2026-08-29-v1","source_class":"VGI","source_feature_id":"way/428916295#segment/3","source_id":"openstreetmap-overpass-arashiyama-20260829","stable_feature_id":"kyoto-arashiyama:osm-way-000428916295:nodes-005064078654-005064078655","tunnel":"UNKNOWN","tunnel_reason":"OSM way has no tunnel tag"},"type":"Feature"},{"geometry":{"coordinates":[[135.6776521,35.0118477],[135.6776809,35.0119411]],"type":"LineString"},"id":"kyoto-arashiyama:osm-way-000428916295:nodes-005064078655-005064078656","properties":{"artifact_id":"arashiyama-osm-corridor-v1","bridge":"UNKNOWN","bridge_reason":"OSM way has no bridge tag","city_id":"kyoto_arashiyama","data_class":"REAL","geometry_status":"SOURCE_TRACEABLE_REAL","layer":null,"layer_reason":"OSM way has no layer tag","level":null,"level_reason":"OSM way has no level tag","lineage":["OpenStreetMap way and original node IDs","fixed-time bounded Overpass response retained as exact bytes","consecutive source-node segmentation; no crossing-node invention"],"revision_id":"osm-2026-08-29-v1","source_class":"VGI","source_feature_id":"way/428916295#segment/4","source_id":"openstreetmap-overpass-arashiyama-20260829","stable_feature_id":"kyoto-arashiyama:osm-way-000428916295:nodes-005064078655-005064078656","tunnel":"UNKNOWN","tunnel_reason":"OSM way has no tunnel tag"},"type":"Feature"},{"geometry":{"coordinates":[[135.6776809,35.0119411],[135.6776977,35.0120158]],"type":"LineString"},"id":"kyoto-arashiyama:osm-way-000428916295:nodes-005064078656-005064078657","properties":{"artifact_id":"arashiyama-osm-corridor-v1","bridge":"UNKNOWN","bridge_reason":"OSM way has no bridge tag","city_id":"kyoto_arashiyama","data_class":"REAL","geometry_status":"SOURCE_TRACEABLE_REAL","layer":null,"layer_reason":"OSM way has no layer tag","level":null,"level_reason":"OSM way has no level tag","lineage":["OpenStreetMap way and original node IDs","fixed-time bounded Overpass response retained as exact bytes","consecutive source-node segmentation; no crossing-node invention"],"revision_id":"osm-2026-08-29-v1","source_class":"VGI","source_feature_id":"way/428916295#segment/5","source_id":"openstreetmap-overpass-arashiyama-20260829","stable_feature_id":"kyoto-arashiyama:osm-way-000428916295:nodes-005064078656-005064078657","tunnel":"UNKNOWN","tunnel_reason":"OSM way has no tunnel tag"},"type":"Feature"},{"geometry":{"coordinates":[[135.6778491,35.013576],[135.6778999,35.0135745]],"type":"LineString"},"id":"kyoto-arashiyama:osm-way-000428916296:nodes-000736395941-004280313264","properties":{"artifact_id":"arashiyama-osm-corridor-v1","bridge":"UNKNOWN","bridge_reason":"OSM way has no bridge tag","city_id":"kyoto_arashiyama","data_class":"REAL","geometry_status":"SOURCE_TRACEABLE_REAL","layer":null,"layer_reason":"OSM way has no layer tag","level":null,"level_reason":"OSM way has no level tag","lineage":["OpenStreetMap way and original node IDs","fixed-time bounded Overpass response retained as exact bytes","consecutive source-node segmentation; no crossing-node invention"],"revision_id":"osm-2026-08-29-v1","source_class":"VGI","source_feature_id":"way/428916296#segment/1","source_id":"openstreetmap-overpass-arashiyama-20260829","stable_feature_id":"kyoto-arashiyama:osm-way-000428916296:nodes-000736395941-004280313264","tunnel":"UNKNOWN","tunnel_reason":"OSM way has no tunnel tag"},"type":"Feature"},{"geometry":{"coordinates":[[135.6778035,35.0135764],[135.6778491,35.013576]],"type":"LineString"},"id":"kyoto-arashiyama:osm-way-000428916296:nodes-000736395941-004280313265","properties":{"artifact_id":"arashiyama-osm-corridor-v1","bridge":"UNKNOWN","bridge_reason":"OSM way has no bridge tag","city_id":"kyoto_arashiyama","data_class":"REAL","geometry_status":"SOURCE_TRACEABLE_REAL","layer":null,"layer_reason":"OSM way has no layer tag","level":null,"level_reason":"OSM way has no level tag","lineage":["OpenStreetMap way and original node IDs","fixed-time bounded Overpass response retained as exact bytes","consecutive source-node segmentation; no crossing-node invention"],"revision_id":"osm-2026-08-29-v1","source_class":"VGI","source_feature_id":"way/428916296#segment/0","source_id":"openstreetmap-overpass-arashiyama-20260829","stable_feature_id":"kyoto-arashiyama:osm-way-000428916296:nodes-000736395941-004280313265","tunnel":"UNKNOWN","tunnel_reason":"OSM way has no tunnel tag"},"type":"Feature"},{"geometry":{"coordinates":[[135.6777273,35.0121933],[135.6778974,35.0135556]],"type":"LineString"},"id":"kyoto-arashiyama:osm-way-000428916297:nodes-004280313260-004280313262","properties":{"artifact_id":"arashiyama-osm-corridor-v1","bridge":true,"bridge_reason":null,"city_id":"kyoto_arashiyama","data_class":"REAL","geometry_status":"SOURCE_TRACEABLE_REAL","layer":1,"layer_reason":null,"level":null,"level_reason":"OSM way has no level tag","lineage":["OpenStreetMap way and original node IDs","fixed-time bounded Overpass response retained as exact bytes","consecutive source-node segmentation; no crossing-node invention"],"revision_id":"osm-2026-08-29-v1","source_class":"VGI","source_feature_id":"way/428916297#segment/0","source_id":"openstreetmap-overpass-arashiyama-20260829","stable_feature_id":"kyoto-arashiyama:osm-way-000428916297:nodes-004280313260-004280313262","tunnel":"UNKNOWN","tunnel_reason":"OSM way has no tunnel tag"},"type":"Feature"},{"geometry":{"coordinates":[[135.6773905,35.0150381],[135.6773461,35.0150291]],"type":"LineString"},"id":"kyoto-arashiyama:osm-way-000428917687:nodes-003022373778-004280313287","properties":{"artifact_id":"arashiyama-osm-corridor-v1","bridge":"UNKNOWN","bridge_reason":"OSM way has no bridge tag","city_id":"kyoto_arashiyama","data_class":"REAL","geometry_status":"SOURCE_TRACEABLE_REAL","layer":null,"layer_reason":"OSM way has no layer tag","level":null,"level_reason":"OSM way has no level tag","lineage":["OpenStreetMap way and original node IDs","fixed-time bounded Overpass response retained as exact bytes","consecutive source-node segmentation; no crossing-node invention"],"revision_id":"osm-2026-08-29-v1","source_class":"VGI","source_feature_id":"way/428917687#segment/1","source_id":"openstreetmap-overpass-arashiyama-20260829","stable_feature_id":"kyoto-arashiyama:osm-way-000428917687:nodes-003022373778-004280313287","tunnel":"UNKNOWN","tunnel_reason":"OSM way has no tunnel tag"},"type":"Feature"},{"geometry":{"coordinates":[[135.6774577,35.0150521],[135.6773905,35.0150381]],"type":"LineString"},"id":"kyoto-arashiyama:osm-way-000428917687:nodes-003022373778-004284012779","properties":{"artifact_id":"arashiyama-osm-corridor-v1","bridge":"UNKNOWN","bridge_reason":"OSM way has no bridge tag","city_id":"kyoto_arashiyama","data_class":"REAL","geometry_status":"SOURCE_TRACEABLE_REAL","layer":null,"layer_reason":"OSM way has no layer tag","level":null,"level_reason":"OSM way has no level tag","lineage":["OpenStreetMap way and original node IDs","fixed-time bounded Overpass response retained as exact bytes","consecutive source-node segmentation; no crossing-node invention"],"revision_id":"osm-2026-08-29-v1","source_class":"VGI","source_feature_id":"way/428917687#segment/0","source_id":"openstreetmap-overpass-arashiyama-20260829","stable_feature_id":"kyoto-arashiyama:osm-way-000428917687:nodes-003022373778-004284012779","tunnel":"UNKNOWN","tunnel_reason":"OSM way has no tunnel tag"},"type":"Feature"},{"geometry":{"coordinates":[[135.6778039,35.0137776],[135.6777602,35.0137694]],"type":"LineString"},"id":"kyoto-arashiyama:osm-way-000428917690:nodes-003022373777-004280313277","properties":{"artifact_id":"arashiyama-osm-corridor-v1","bridge":"UNKNOWN","bridge_reason":"OSM way has no bridge tag","city_id":"kyoto_arashiyama","data_class":"REAL","geometry_status":"SOURCE_TRACEABLE_REAL","layer":null,"layer_reason":"OSM way has no layer tag","level":null,"level_reason":"OSM way has no level tag","lineage":["OpenStreetMap way and original node IDs","fixed-time bounded Overpass response retained as exact bytes","consecutive source-node segmentation; no crossing-node invention"],"revision_id":"osm-2026-08-29-v1","source_class":"VGI","source_feature_id":"way/428917690#segment/1","source_id":"openstreetmap-overpass-arashiyama-20260829","stable_feature_id":"kyoto-arashiyama:osm-way-000428917690:nodes-003022373777-004280313277","tunnel":"UNKNOWN","tunnel_reason":"OSM way has no tunnel tag"},"type":"Feature"},{"geometry":{"coordinates":[[135.6778464,35.0137854],[135.6778039,35.0137776]],"type":"LineString"},"id":"kyoto-arashiyama:osm-way-000428917690:nodes-003022373777-004280313278","properties":{"artifact_id":"arashiyama-osm-corridor-v1","bridge":"UNKNOWN","bridge_reason":"OSM way has no bridge tag","city_id":"kyoto_arashiyama","data_class":"REAL","geometry_status":"SOURCE_TRACEABLE_REAL","layer":null,"layer_reason":"OSM way has no layer tag","level":null,"level_reason":"OSM way has no level tag","lineage":["OpenStreetMap way and original node IDs","fixed-time bounded Overpass response retained as exact bytes","consecutive source-node segmentation; no crossing-node invention"],"revision_id":"osm-2026-08-29-v1","source_class":"VGI","source_feature_id":"way/428917690#segment/0","source_id":"openstreetmap-overpass-arashiyama-20260829","stable_feature_id":"kyoto-arashiyama:osm-way-000428917690:nodes-003022373777-004280313278","tunnel":"UNKNOWN","tunnel_reason":"OSM way has no tunnel tag"},"type":"Feature"},{"geometry":{"coordinates":[[135.6776096,35.0121076],[135.6776285,35.0121815]],"type":"LineString"},"id":"kyoto-arashiyama:osm-way-000429282029:nodes-004280313258-004280313259","properties":{"artifact_id":"arashiyama-osm-corridor-v1","bridge":"UNKNOWN","bridge_reason":"OSM way has no bridge tag","city_id":"kyoto_arashiyama","data_class":"REAL","geometry_status":"SOURCE_TRACEABLE_REAL","layer":null,"layer_reason":"OSM way has no layer tag","level":null,"level_reason":"OSM way has no level tag","lineage":["OpenStreetMap way and original node IDs","fixed-time bounded Overpass response retained as exact bytes","consecutive source-node segmentation; no crossing-node invention"],"revision_id":"osm-2026-08-29-v1","source_class":"VGI","source_feature_id":"way/429282029#segment/0","source_id":"openstreetmap-overpass-arashiyama-20260829","stable_feature_id":"kyoto-arashiyama:osm-way-000429282029:nodes-004280313258-004280313259","tunnel":"UNKNOWN","tunnel_reason":"OSM way has no tunnel tag"},"type":"Feature"},{"geometry":{"coordinates":[[135.6781137,35.0120061],[135.6781383,35.0119857]],"type":"LineString"},"id":"kyoto-arashiyama:osm-way-000429282030:nodes-005064078665-005064078672","properties":{"artifact_id":"arashiyama-osm-corridor-v1","bridge":"UNKNOWN","bridge_reason":"OSM way has no bridge tag","city_id":"kyoto_arashiyama","data_class":"REAL","geometry_status":"SOURCE_TRACEABLE_REAL","layer":null,"layer_reason":"OSM way has no layer tag","level":null,"level_reason":"OSM way has no level tag","lineage":["OpenStreetMap way and original node IDs","fixed-time bounded Overpass response retained as exact bytes","consecutive source-node segmentation; no crossing-node invention"],"revision_id":"osm-2026-08-29-v1","source_class":"VGI","source_feature_id":"way/429282030#segment/3","source_id":"openstreetmap-overpass-arashiyama-20260829","stable_feature_id":"kyoto-arashiyama:osm-way-000429282030:nodes-005064078665-005064078672","tunnel":"UNKNOWN","tunnel_reason":"OSM way has no tunnel tag"},"type":"Feature"},{"geometry":{"coordinates":[[135.6780854,35.0120231],[135.6781137,35.0120061]],"type":"LineString"},"id":"kyoto-arashiyama:osm-way-000429282030:nodes-005064078665-005064078688","properties":{"artifact_id":"arashiyama-osm-corridor-v1","bridge":"UNKNOWN","bridge_reason":"OSM way has no bridge tag","city_id":"kyoto_arashiyama","data_class":"REAL","geometry_status":"SOURCE_TRACEABLE_REAL","layer":null,"layer_reason":"OSM way has no layer tag","level":null,"level_reason":"OSM way has no level tag","lineage":["OpenStreetMap way and original node IDs","fixed-time bounded Overpass response retained as exact bytes","consecutive source-node segmentation; no crossing-node invention"],"revision_id":"osm-2026-08-29-v1","source_class":"VGI","source_feature_id":"way/429282030#segment/2","source_id":"openstreetmap-overpass-arashiyama-20260829","stable_feature_id":"kyoto-arashiyama:osm-way-000429282030:nodes-005064078665-005064078688","tunnel":"UNKNOWN","tunnel_reason":"OSM way has no tunnel tag"},"type":"Feature"},{"geometry":{"coordinates":[[135.6781739,35.0119364],[135.678184,35.0119089]],"type":"LineString"},"id":"kyoto-arashiyama:osm-way-000429282030:nodes-005064078671-005064078674","properties":{"artifact_id":"arashiyama-osm-corridor-v1","bridge":"UNKNOWN","bridge_reason":"OSM way has no bridge tag","city_id":"kyoto_arashiyama","data_class":"REAL","geometry_status":"SOURCE_TRACEABLE_REAL","layer":null,"layer_reason":"OSM way has no layer tag","level":null,"level_reason":"OSM way has no level tag","lineage":["OpenStreetMap way and original node IDs","fixed-time bounded Overpass response retained as exact bytes","consecutive source-node segmentation; no crossing-node invention"],"revision_id":"osm-2026-08-29-v1","source_class":"VGI","source_feature_id":"way/429282030#segment/6","source_id":"openstreetmap-overpass-arashiyama-20260829","stable_feature_id":"kyoto-arashiyama:osm-way-000429282030:nodes-005064078671-005064078674","tunnel":"UNKNOWN","tunnel_reason":"OSM way has no tunnel tag"},"type":"Feature"},{"geometry":{"coordinates":[[135.6781586,35.0119622],[135.6781739,35.0119364]],"type":"LineString"},"id":"kyoto-arashiyama:osm-way-000429282030:nodes-005064078671-005064078693","properties":{"artifact_id":"arashiyama-osm-corridor-v1","bridge":"UNKNOWN","bridge_reason":"OSM way has no bridge tag","city_id":"kyoto_arashiyama","data_class":"REAL","geometry_status":"SOURCE_TRACEABLE_REAL","layer":null,"layer_reason":"OSM way has no layer tag","level":null,"level_reason":"OSM way has no level tag","lineage":["OpenStreetMap way and original node IDs","fixed-time bounded Overpass response retained as exact bytes","consecutive source-node segmentation; no crossing-node invention"],"revision_id":"osm-2026-08-29-v1","source_class":"VGI","source_feature_id":"way/429282030#segment/5","source_id":"openstreetmap-overpass-arashiyama-20260829","stable_feature_id":"kyoto-arashiyama:osm-way-000429282030:nodes-005064078671-005064078693","tunnel":"UNKNOWN","tunnel_reason":"OSM way has no tunnel tag"},"type":"Feature"},{"geometry":{"coordinates":[[135.6781383,35.0119857],[135.6781586,35.0119622]],"type":"LineString"},"id":"kyoto-arashiyama:osm-way-000429282030:nodes-005064078672-005064078693","properties":{"artifact_id":"arashiyama-osm-corridor-v1","bridge":"UNKNOWN","bridge_reason":"OSM way has no bridge tag","city_id":"kyoto_arashiyama","data_class":"REAL","geometry_status":"SOURCE_TRACEABLE_REAL","layer":null,"layer_reason":"OSM way has no layer tag","level":null,"level_reason":"OSM way has no level tag","lineage":["OpenStreetMap way and original node IDs","fixed-time bounded Overpass response retained as exact bytes","consecutive source-node segmentation; no crossing-node invention"],"revision_id":"osm-2026-08-29-v1","source_class":"VGI","source_feature_id":"way/429282030#segment/4","source_id":"openstreetmap-overpass-arashiyama-20260829","stable_feature_id":"kyoto-arashiyama:osm-way-000429282030:nodes-005064078672-005064078693","tunnel":"UNKNOWN","tunnel_reason":"OSM way has no tunnel tag"},"type":"Feature"},{"geometry":{"coordinates":[[135.6780541,35.0120361],[135.6780854,35.0120231]],"type":"LineString"},"id":"kyoto-arashiyama:osm-way-000429282030:nodes-005064078673-005064078688","properties":{"artifact_id":"arashiyama-osm-corridor-v1","bridge":"UNKNOWN","bridge_reason":"OSM way has no bridge tag","city_id":"kyoto_arashiyama","data_class":"REAL","geometry_status":"SOURCE_TRACEABLE_REAL","layer":null,"layer_reason":"OSM way has no layer tag","level":null,"level_reason":"OSM way has no level tag","lineage":["OpenStreetMap way and original node IDs","fixed-time bounded Overpass response retained as exact bytes","consecutive source-node segmentation; no crossing-node invention"],"revision_id":"osm-2026-08-29-v1","source_class":"VGI","source_feature_id":"way/429282030#segment/1","source_id":"openstreetmap-overpass-arashiyama-20260829","stable_feature_id":"kyoto-arashiyama:osm-way-000429282030:nodes-005064078673-005064078688","tunnel":"UNKNOWN","tunnel_reason":"OSM way has no tunnel tag"},"type":"Feature"},{"geometry":{"coordinates":[[135.6780205,35.0120439],[135.6780541,35.0120361]],"type":"LineString"},"id":"kyoto-arashiyama:osm-way-000429282030:nodes-005064078673-005064078692","properties":{"artifact_id":"arashiyama-osm-corridor-v1","bridge":"UNKNOWN","bridge_reason":"OSM way has no bridge tag","city_id":"kyoto_arashiyama","data_class":"REAL","geometry_status":"SOURCE_TRACEABLE_REAL","layer":null,"layer_reason":"OSM way has no layer tag","level":null,"level_reason":"OSM way has no level tag","lineage":["OpenStreetMap way and original node IDs","fixed-time bounded Overpass response retained as exact bytes","consecutive source-node segmentation; no crossing-node invention"],"revision_id":"osm-2026-08-29-v1","source_class":"VGI","source_feature_id":"way/429282030#segment/0","source_id":"openstreetmap-overpass-arashiyama-20260829","stable_feature_id":"kyoto-arashiyama:osm-way-000429282030:nodes-005064078673-005064078692","tunnel":"UNKNOWN","tunnel_reason":"OSM way has no tunnel tag"},"type":"Feature"},{"geometry":{"coordinates":[[135.6775779,35.0142985],[135.6775662,35.0143316]],"type":"LineString"},"id":"kyoto-arashiyama:osm-way-000429282031:nodes-004280313281-004280313282","properties":{"artifact_id":"arashiyama-osm-corridor-v1","bridge":"UNKNOWN","bridge_reason":"OSM way has no bridge tag","city_id":"kyoto_arashiyama","data_class":"REAL","geometry_status":"SOURCE_TRACEABLE_REAL","layer":null,"layer_reason":"OSM way has no layer tag","level":null,"level_reason":"OSM way has no level tag","lineage":["OpenStreetMap way and original node IDs","fixed-time bounded Overpass response retained as exact bytes","consecutive source-node segmentation; no crossing-node invention"],"revision_id":"osm-2026-08-29-v1","source_class":"VGI","source_feature_id":"way/429282031#segment/0","source_id":"openstreetmap-overpass-arashiyama-20260829","stable_feature_id":"kyoto-arashiyama:osm-way-000429282031:nodes-004280313281-004280313282","tunnel":"UNKNOWN","tunnel_reason":"OSM way has no tunnel tag"},"type":"Feature"},{"geometry":{"coordinates":[[135.6775662,35.0143316],[135.6775571,35.0143606]],"type":"LineString"},"id":"kyoto-arashiyama:osm-way-000429282031:nodes-004280313282-004280313283","properties":{"artifact_id":"arashiyama-osm-corridor-v1","bridge":"UNKNOWN","bridge_reason":"OSM way has no bridge tag","city_id":"kyoto_arashiyama","data_class":"REAL","geometry_status":"SOURCE_TRACEABLE_REAL","layer":null,"layer_reason":"OSM way has no layer tag","level":null,"level_reason":"OSM way has no level tag","lineage":["OpenStreetMap way and original node IDs","fixed-time bounded Overpass response retained as exact bytes","consecutive source-node segmentation; no crossing-node invention"],"revision_id":"osm-2026-08-29-v1","source_class":"VGI","source_feature_id":"way/429282031#segment/1","source_id":"openstreetmap-overpass-arashiyama-20260829","stable_feature_id":"kyoto-arashiyama:osm-way-000429282031:nodes-004280313282-004280313283","tunnel":"UNKNOWN","tunnel_reason":"OSM way has no tunnel tag"},"type":"Feature"},{"geometry":{"coordinates":[[135.6779947,35.0136437],[135.6779938,35.0136935]],"type":"LineString"},"id":"kyoto-arashiyama:osm-way-000429282032:nodes-003255952277-004280313271","properties":{"artifact_id":"arashiyama-osm-corridor-v1","bridge":"UNKNOWN","bridge_reason":"OSM way has no bridge tag","city_id":"kyoto_arashiyama","data_class":"REAL","geometry_status":"SOURCE_TRACEABLE_REAL","layer":null,"layer_reason":"OSM way has no layer tag","level":null,"level_reason":"OSM way has no level tag","lineage":["OpenStreetMap way and original node IDs","fixed-time bounded Overpass response retained as exact bytes","consecutive source-node segmentation; no crossing-node invention"],"revision_id":"osm-2026-08-29-v1","source_class":"VGI","source_feature_id":"way/429282032#segment/0","source_id":"openstreetmap-overpass-arashiyama-20260829","stable_feature_id":"kyoto-arashiyama:osm-way-000429282032:nodes-003255952277-004280313271","tunnel":"UNKNOWN","tunnel_reason":"OSM way has no tunnel tag"},"type":"Feature"},{"geometry":{"coordinates":[[135.6779938,35.0136935],[135.6779886,35.0137447]],"type":"LineString"},"id":"kyoto-arashiyama:osm-way-000429282032:nodes-003255952277-004280313275","properties":{"artifact_id":"arashiyama-osm-corridor-v1","bridge":"UNKNOWN","bridge_reason":"OSM way has no bridge tag","city_id":"kyoto_arashiyama","data_class":"REAL","geometry_status":"SOURCE_TRACEABLE_REAL","layer":null,"layer_reason":"OSM way has no layer tag","level":null,"level_reason":"OSM way has no level tag","lineage":["OpenStreetMap way and original node IDs","fixed-time bounded Overpass response retained as exact bytes","consecutive source-node segmentation; no crossing-node invention"],"revision_id":"osm-2026-08-29-v1","source_class":"VGI","source_feature_id":"way/429282032#segment/1","source_id":"openstreetmap-overpass-arashiyama-20260829","stable_feature_id":"kyoto-arashiyama:osm-way-000429282032:nodes-003255952277-004280313275","tunnel":"UNKNOWN","tunnel_reason":"OSM way has no tunnel tag"},"type":"Feature"},{"geometry":{"coordinates":[[135.6777752,35.0135918],[135.6777643,35.0136232]],"type":"LineString"},"id":"kyoto-arashiyama:osm-way-000429282033:nodes-001215761721-004280313267","properties":{"artifact_id":"arashiyama-osm-corridor-v1","bridge":"UNKNOWN","bridge_reason":"OSM way has no bridge tag","city_id":"kyoto_arashiyama","data_class":"REAL","geometry_status":"SOURCE_TRACEABLE_REAL","layer":null,"layer_reason":"OSM way has no layer tag","level":null,"level_reason":"OSM way has no level tag","lineage":["OpenStreetMap way and original node IDs","fixed-time bounded Overpass response retained as exact bytes","consecutive source-node segmentation; no crossing-node invention"],"revision_id":"osm-2026-08-29-v1","source_class":"VGI","source_feature_id":"way/429282033#segment/0","source_id":"openstreetmap-overpass-arashiyama-20260829","stable_feature_id":"kyoto-arashiyama:osm-way-000429282033:nodes-001215761721-004280313267","tunnel":"UNKNOWN","tunnel_reason":"OSM way has no tunnel tag"},"type":"Feature"},{"geometry":{"coordinates":[[135.6777643,35.0136232],[135.6777571,35.0136572]],"type":"LineString"},"id":"kyoto-arashiyama:osm-way-000429282033:nodes-001215761721-004280313272","properties":{"artifact_id":"arashiyama-osm-corridor-v1","bridge":"UNKNOWN","bridge_reason":"OSM way has no bridge tag","city_id":"kyoto_arashiyama","data_class":"REAL","geometry_status":"SOURCE_TRACEABLE_REAL","layer":null,"layer_reason":"OSM way has no layer tag","level":null,"level_reason":"OSM way has no level tag","lineage":["OpenStreetMap way and original node IDs","fixed-time bounded Overpass response retained as exact bytes","consecutive source-node segmentation; no crossing-node invention"],"revision_id":"osm-2026-08-29-v1","source_class":"VGI","source_feature_id":"way/429282033#segment/1","source_id":"openstreetmap-overpass-arashiyama-20260829","stable_feature_id":"kyoto-arashiyama:osm-way-000429282033:nodes-001215761721-004280313272","tunnel":"UNKNOWN","tunnel_reason":"OSM way has no tunnel tag"},"type":"Feature"},{"geometry":{"coordinates":[[135.6778019,35.0135546],[135.6778035,35.0135764]],"type":"LineString"},"id":"kyoto-arashiyama:osm-way-000429282034:nodes-004280313261-004280313265","properties":{"artifact_id":"arashiyama-osm-corridor-v1","bridge":"UNKNOWN","bridge_reason":"OSM way has no bridge tag","city_id":"kyoto_arashiyama","data_class":"REAL","geometry_status":"SOURCE_TRACEABLE_REAL","layer":null,"layer_reason":"OSM way has no layer tag","level":null,"level_reason":"OSM way has no level tag","lineage":["OpenStreetMap way and original node IDs","fixed-time bounded Overpass response retained as exact bytes","consecutive source-node segmentation; no crossing-node invention"],"revision_id":"osm-2026-08-29-v1","source_class":"VGI","source_feature_id":"way/429282034#segment/0","source_id":"openstreetmap-overpass-arashiyama-20260829","stable_feature_id":"kyoto-arashiyama:osm-way-000429282034:nodes-004280313261-004280313265","tunnel":"UNKNOWN","tunnel_reason":"OSM way has no tunnel tag"},"type":"Feature"},{"geometry":{"coordinates":[[135.6778035,35.0135764],[135.677789,35.0135911]],"type":"LineString"},"id":"kyoto-arashiyama:osm-way-000429282034:nodes-004280313265-004280313266","properties":{"artifact_id":"arashiyama-osm-corridor-v1","bridge":"UNKNOWN","bridge_reason":"OSM way has no bridge tag","city_id":"kyoto_arashiyama","data_class":"REAL","geometry_status":"SOURCE_TRACEABLE_REAL","layer":null,"layer_reason":"OSM way has no layer tag","level":null,"level_reason":"OSM way has no level tag","lineage":["OpenStreetMap way and original node IDs","fixed-time bounded Overpass response retained as exact bytes","consecutive source-node segmentation; no crossing-node invention"],"revision_id":"osm-2026-08-29-v1","source_class":"VGI","source_feature_id":"way/429282034#segment/1","source_id":"openstreetmap-overpass-arashiyama-20260829","stable_feature_id":"kyoto-arashiyama:osm-way-000429282034:nodes-004280313265-004280313266","tunnel":"UNKNOWN","tunnel_reason":"OSM way has no tunnel tag"},"type":"Feature"},{"geometry":{"coordinates":[[135.677789,35.0135911],[135.6777752,35.0135918]],"type":"LineString"},"id":"kyoto-arashiyama:osm-way-000429282034:nodes-004280313266-004280313267","properties":{"artifact_id":"arashiyama-osm-corridor-v1","bridge":"UNKNOWN","bridge_reason":"OSM way has no bridge tag","city_id":"kyoto_arashiyama","data_class":"REAL","geometry_status":"SOURCE_TRACEABLE_REAL","layer":null,"layer_reason":"OSM way has no layer tag","level":null,"level_reason":"OSM way has no level tag","lineage":["OpenStreetMap way and original node IDs","fixed-time bounded Overpass response retained as exact bytes","consecutive source-node segmentation; no crossing-node invention"],"revision_id":"osm-2026-08-29-v1","source_class":"VGI","source_feature_id":"way/429282034#segment/2","source_id":"openstreetmap-overpass-arashiyama-20260829","stable_feature_id":"kyoto-arashiyama:osm-way-000429282034:nodes-004280313266-004280313267","tunnel":"UNKNOWN","tunnel_reason":"OSM way has no tunnel tag"},"type":"Feature"},{"geometry":{"coordinates":[[135.6777571,35.0136572],[135.6777788,35.0136696]],"type":"LineString"},"id":"kyoto-arashiyama:osm-way-000429282036:nodes-004280313272-004280313273","properties":{"artifact_id":"arashiyama-osm-corridor-v1","bridge":"UNKNOWN","bridge_reason":"OSM way has no bridge tag","city_id":"kyoto_arashiyama","data_class":"REAL","geometry_status":"SOURCE_TRACEABLE_REAL","layer":null,"layer_reason":"OSM way has no layer tag","level":null,"level_reason":"OSM way has no level tag","lineage":["OpenStreetMap way and original node IDs","fixed-time bounded Overpass response retained as exact bytes","consecutive source-node segmentation; no crossing-node invention"],"revision_id":"osm-2026-08-29-v1","source_class":"VGI","source_feature_id":"way/429282036#segment/0","source_id":"openstreetmap-overpass-arashiyama-20260829","stable_feature_id":"kyoto-arashiyama:osm-way-000429282036:nodes-004280313272-004280313273","tunnel":"UNKNOWN","tunnel_reason":"OSM way has no tunnel tag"},"type":"Feature"},{"geometry":{"coordinates":[[135.6777788,35.0136696],[135.6777832,35.0136881]],"type":"LineString"},"id":"kyoto-arashiyama:osm-way-000429282036:nodes-004280313273-004280313274","properties":{"artifact_id":"arashiyama-osm-corridor-v1","bridge":"UNKNOWN","bridge_reason":"OSM way has no bridge tag","city_id":"kyoto_arashiyama","data_class":"REAL","geometry_status":"SOURCE_TRACEABLE_REAL","layer":null,"layer_reason":"OSM way has no layer tag","level":null,"level_reason":"OSM way has no level tag","lineage":["OpenStreetMap way and original node IDs","fixed-time bounded Overpass response retained as exact bytes","consecutive source-node segmentation; no crossing-node invention"],"revision_id":"osm-2026-08-29-v1","source_class":"VGI","source_feature_id":"way/429282036#segment/1","source_id":"openstreetmap-overpass-arashiyama-20260829","stable_feature_id":"kyoto-arashiyama:osm-way-000429282036:nodes-004280313273-004280313274","tunnel":"UNKNOWN","tunnel_reason":"OSM way has no tunnel tag"},"type":"Feature"},{"geometry":{"coordinates":[[135.6777832,35.0136881],[135.6777602,35.0137694]],"type":"LineString"},"id":"kyoto-arashiyama:osm-way-000429282036:nodes-004280313274-004280313277","properties":{"artifact_id":"arashiyama-osm-corridor-v1","bridge":"UNKNOWN","bridge_reason":"OSM way has no bridge tag","city_id":"kyoto_arashiyama","data_class":"REAL","geometry_status":"SOURCE_TRACEABLE_REAL","layer":null,"layer_reason":"OSM way has no layer tag","level":null,"level_reason":"OSM way has no level tag","lineage":["OpenStreetMap way and original node IDs","fixed-time bounded Overpass response retained as exact bytes","consecutive source-node segmentation; no crossing-node invention"],"revision_id":"osm-2026-08-29-v1","source_class":"VGI","source_feature_id":"way/429282036#segment/2","source_id":"openstreetmap-overpass-arashiyama-20260829","stable_feature_id":"kyoto-arashiyama:osm-way-000429282036:nodes-004280313274-004280313277","tunnel":"UNKNOWN","tunnel_reason":"OSM way has no tunnel tag"},"type":"Feature"},{"geometry":{"coordinates":[[135.6777602,35.0137694],[135.6776001,35.0142873]],"type":"LineString"},"id":"kyoto-arashiyama:osm-way-000429282036:nodes-004280313277-004280313279","properties":{"artifact_id":"arashiyama-osm-corridor-v1","bridge":"UNKNOWN","bridge_reason":"OSM way has no bridge tag","city_id":"kyoto_arashiyama","data_class":"REAL","geometry_status":"SOURCE_TRACEABLE_REAL","layer":null,"layer_reason":"OSM way has no layer tag","level":null,"level_reason":"OSM way has no level tag","lineage":["OpenStreetMap way and original node IDs","fixed-time bounded Overpass response retained as exact bytes","consecutive source-node segmentation; no crossing-node invention"],"revision_id":"osm-2026-08-29-v1","source_class":"VGI","source_feature_id":"way/429282036#segment/3","source_id":"openstreetmap-overpass-arashiyama-20260829","stable_feature_id":"kyoto-arashiyama:osm-way-000429282036:nodes-004280313277-004280313279","tunnel":"UNKNOWN","tunnel_reason":"OSM way has no tunnel tag"},"type":"Feature"},{"geometry":{"coordinates":[[135.6776001,35.0142873],[135.6775779,35.0142985]],"type":"LineString"},"id":"kyoto-arashiyama:osm-way-000429282036:nodes-004280313279-004280313281","properties":{"artifact_id":"arashiyama-osm-corridor-v1","bridge":"UNKNOWN","bridge_reason":"OSM way has no bridge tag","city_id":"kyoto_arashiyama","data_class":"REAL","geometry_status":"SOURCE_TRACEABLE_REAL","layer":null,"layer_reason":"OSM way has no layer tag","level":null,"level_reason":"OSM way has no level tag","lineage":["OpenStreetMap way and original node IDs","fixed-time bounded Overpass response retained as exact bytes","consecutive source-node segmentation; no crossing-node invention"],"revision_id":"osm-2026-08-29-v1","source_class":"VGI","source_feature_id":"way/429282036#segment/4","source_id":"openstreetmap-overpass-arashiyama-20260829","stable_feature_id":"kyoto-arashiyama:osm-way-000429282036:nodes-004280313279-004280313281","tunnel":"UNKNOWN","tunnel_reason":"OSM way has no tunnel tag"},"type":"Feature"},{"geometry":{"coordinates":[[135.6778974,35.0135556],[135.6778999,35.0135745]],"type":"LineString"},"id":"kyoto-arashiyama:osm-way-000429282037:nodes-004280313262-004280313264","properties":{"artifact_id":"arashiyama-osm-corridor-v1","bridge":"UNKNOWN","bridge_reason":"OSM way has no bridge tag","city_id":"kyoto_arashiyama","data_class":"REAL","geometry_status":"SOURCE_TRACEABLE_REAL","layer":null,"layer_reason":"OSM way has no layer tag","level":null,"level_reason":"OSM way has no level tag","lineage":["OpenStreetMap way and original node IDs","fixed-time bounded Overpass response retained as exact bytes","consecutive source-node segmentation; no crossing-node invention"],"revision_id":"osm-2026-08-29-v1","source_class":"VGI","source_feature_id":"way/429282037#segment/0","source_id":"openstreetmap-overpass-arashiyama-20260829","stable_feature_id":"kyoto-arashiyama:osm-way-000429282037:nodes-004280313262-004280313264","tunnel":"UNKNOWN","tunnel_reason":"OSM way has no tunnel tag"},"type":"Feature"},{"geometry":{"coordinates":[[135.6778999,35.0135745],[135.6779031,35.0136035]],"type":"LineString"},"id":"kyoto-arashiyama:osm-way-000429282037:nodes-004280313264-004280313268","properties":{"artifact_id":"arashiyama-osm-corridor-v1","bridge":"UNKNOWN","bridge_reason":"OSM way has no bridge tag","city_id":"kyoto_arashiyama","data_class":"REAL","geometry_status":"SOURCE_TRACEABLE_REAL","layer":null,"layer_reason":"OSM way has no layer tag","level":null,"level_reason":"OSM way has no level tag","lineage":["OpenStreetMap way and original node IDs","fixed-time bounded Overpass response retained as exact bytes","consecutive source-node segmentation; no crossing-node invention"],"revision_id":"osm-2026-08-29-v1","source_class":"VGI","source_feature_id":"way/429282037#segment/1","source_id":"openstreetmap-overpass-arashiyama-20260829","stable_feature_id":"kyoto-arashiyama:osm-way-000429282037:nodes-004280313264-004280313268","tunnel":"UNKNOWN","tunnel_reason":"OSM way has no tunnel tag"},"type":"Feature"},{"geometry":{"coordinates":[[135.6779031,35.0136035],[135.6779133,35.0136176]],"type":"LineString"},"id":"kyoto-arashiyama:osm-way-000429282037:nodes-004280313268-004280313269","properties":{"artifact_id":"arashiyama-osm-corridor-v1","bridge":"UNKNOWN","bridge_reason":"OSM way has no bridge tag","city_id":"kyoto_arashiyama","data_class":"REAL","geometry_status":"SOURCE_TRACEABLE_REAL","layer":null,"layer_reason":"OSM way has no layer tag","level":null,"level_reason":"OSM way has no level tag","lineage":["OpenStreetMap way and original node IDs","fixed-time bounded Overpass response retained as exact bytes","consecutive source-node segmentation; no crossing-node invention"],"revision_id":"osm-2026-08-29-v1","source_class":"VGI","source_feature_id":"way/429282037#segment/2","source_id":"openstreetmap-overpass-arashiyama-20260829","stable_feature_id":"kyoto-arashiyama:osm-way-000429282037:nodes-004280313268-004280313269","tunnel":"UNKNOWN","tunnel_reason":"OSM way has no tunnel tag"},"type":"Feature"},{"geometry":{"coordinates":[[135.6779133,35.0136176],[135.6779759,35.0136432]],"type":"LineString"},"id":"kyoto-arashiyama:osm-way-000429282037:nodes-004280313269-004280313270","properties":{"artifact_id":"arashiyama-osm-corridor-v1","bridge":"UNKNOWN","bridge_reason":"OSM way has no bridge tag","city_id":"kyoto_arashiyama","data_class":"REAL","geometry_status":"SOURCE_TRACEABLE_REAL","layer":null,"layer_reason":"OSM way has no layer tag","level":null,"level_reason":"OSM way has no level tag","lineage":["OpenStreetMap way and original node IDs","fixed-time bounded Overpass response retained as exact bytes","consecutive source-node segmentation; no crossing-node invention"],"revision_id":"osm-2026-08-29-v1","source_class":"VGI","source_feature_id":"way/429282037#segment/3","source_id":"openstreetmap-overpass-arashiyama-20260829","stable_feature_id":"kyoto-arashiyama:osm-way-000429282037:nodes-004280313269-004280313270","tunnel":"UNKNOWN","tunnel_reason":"OSM way has no tunnel tag"},"type":"Feature"},{"geometry":{"coordinates":[[135.6779759,35.0136432],[135.6779947,35.0136437]],"type":"LineString"},"id":"kyoto-arashiyama:osm-way-000429282037:nodes-004280313270-004280313271","properties":{"artifact_id":"arashiyama-osm-corridor-v1","bridge":"UNKNOWN","bridge_reason":"OSM way has no bridge tag","city_id":"kyoto_arashiyama","data_class":"REAL","geometry_status":"SOURCE_TRACEABLE_REAL","layer":null,"layer_reason":"OSM way has no layer tag","level":null,"level_reason":"OSM way has no level tag","lineage":["OpenStreetMap way and original node IDs","fixed-time bounded Overpass response retained as exact bytes","consecutive source-node segmentation; no crossing-node invention"],"revision_id":"osm-2026-08-29-v1","source_class":"VGI","source_feature_id":"way/429282037#segment/4","source_id":"openstreetmap-overpass-arashiyama-20260829","stable_feature_id":"kyoto-arashiyama:osm-way-000429282037:nodes-004280313270-004280313271","tunnel":"UNKNOWN","tunnel_reason":"OSM way has no tunnel tag"},"type":"Feature"},{"geometry":{"coordinates":[[135.6774807,35.0149808],[135.677882,35.0150781]],"type":"LineString"},"id":"kyoto-arashiyama:osm-way-000484557619:nodes-004773068051-004773068052","properties":{"artifact_id":"arashiyama-osm-corridor-v1","bridge":"UNKNOWN","bridge_reason":"OSM way has no bridge tag","city_id":"kyoto_arashiyama","data_class":"REAL","geometry_status":"SOURCE_TRACEABLE_REAL","layer":null,"layer_reason":"OSM way has no layer tag","level":null,"level_reason":"OSM way has no level tag","lineage":["OpenStreetMap way and original node IDs","fixed-time bounded Overpass response retained as exact bytes","consecutive source-node segmentation; no crossing-node invention"],"revision_id":"osm-2026-08-29-v1","source_class":"VGI","source_feature_id":"way/484557619#segment/0","source_id":"openstreetmap-overpass-arashiyama-20260829","stable_feature_id":"kyoto-arashiyama:osm-way-000484557619:nodes-004773068051-004773068052","tunnel":"UNKNOWN","tunnel_reason":"OSM way has no tunnel tag"},"type":"Feature"},{"geometry":{"coordinates":[[135.6772991,35.0113428],[135.6773195,35.0113592]],"type":"LineString"},"id":"kyoto-arashiyama:osm-way-000519319707:nodes-005064078635-005064078636","properties":{"artifact_id":"arashiyama-osm-corridor-v1","bridge":"UNKNOWN","bridge_reason":"OSM way has no bridge tag","city_id":"kyoto_arashiyama","data_class":"REAL","geometry_status":"SOURCE_TRACEABLE_REAL","layer":null,"layer_reason":"OSM way has no layer tag","level":null,"level_reason":"OSM way has no level tag","lineage":["OpenStreetMap way and original node IDs","fixed-time bounded Overpass response retained as exact bytes","consecutive source-node segmentation; no crossing-node invention"],"revision_id":"osm-2026-08-29-v1","source_class":"VGI","source_feature_id":"way/519319707#segment/0","source_id":"openstreetmap-overpass-arashiyama-20260829","stable_feature_id":"kyoto-arashiyama:osm-way-000519319707:nodes-005064078635-005064078636","tunnel":"UNKNOWN","tunnel_reason":"OSM way has no tunnel tag"},"type":"Feature"},{"geometry":{"coordinates":[[135.6773195,35.0113592],[135.6773412,35.0113936]],"type":"LineString"},"id":"kyoto-arashiyama:osm-way-000519319707:nodes-005064078635-005064078643","properties":{"artifact_id":"arashiyama-osm-corridor-v1","bridge":"UNKNOWN","bridge_reason":"OSM way has no bridge tag","city_id":"kyoto_arashiyama","data_class":"REAL","geometry_status":"SOURCE_TRACEABLE_REAL","layer":null,"layer_reason":"OSM way has no layer tag","level":null,"level_reason":"OSM way has no level tag","lineage":["OpenStreetMap way and original node IDs","fixed-time bounded Overpass response retained as exact bytes","consecutive source-node segmentation; no crossing-node invention"],"revision_id":"osm-2026-08-29-v1","source_class":"VGI","source_feature_id":"way/519319707#segment/1","source_id":"openstreetmap-overpass-arashiyama-20260829","stable_feature_id":"kyoto-arashiyama:osm-way-000519319707:nodes-005064078635-005064078643","tunnel":"UNKNOWN","tunnel_reason":"OSM way has no tunnel tag"},"type":"Feature"},{"geometry":{"coordinates":[[135.6773412,35.0113936],[135.6774059,35.0115592]],"type":"LineString"},"id":"kyoto-arashiyama:osm-way-000519319709:nodes-005064078642-005064078643","properties":{"artifact_id":"arashiyama-osm-corridor-v1","bridge":true,"bridge_reason":null,"city_id":"kyoto_arashiyama","data_class":"REAL","geometry_status":"SOURCE_TRACEABLE_REAL","layer":1,"layer_reason":null,"level":null,"level_reason":"OSM way has no level tag","lineage":["OpenStreetMap way and original node IDs","fixed-time bounded Overpass response retained as exact bytes","consecutive source-node segmentation; no crossing-node invention"],"revision_id":"osm-2026-08-29-v1","source_class":"VGI","source_feature_id":"way/519319709#segment/0","source_id":"openstreetmap-overpass-arashiyama-20260829","stable_feature_id":"kyoto-arashiyama:osm-way-000519319709:nodes-005064078642-005064078643","tunnel":"UNKNOWN","tunnel_reason":"OSM way has no tunnel tag"},"type":"Feature"},{"geometry":{"coordinates":[[135.677518,35.0118546],[135.6776096,35.0121076]],"type":"LineString"},"id":"kyoto-arashiyama:osm-way-000519319711:nodes-004280313258-005064078641","properties":{"artifact_id":"arashiyama-osm-corridor-v1","bridge":"UNKNOWN","bridge_reason":"OSM way has no bridge tag","city_id":"kyoto_arashiyama","data_class":"REAL","geometry_status":"SOURCE_TRACEABLE_REAL","layer":null,"layer_reason":"OSM way has no layer tag","level":null,"level_reason":"OSM way has no level tag","lineage":["OpenStreetMap way and original node IDs","fixed-time bounded Overpass response retained as exact bytes","consecutive source-node segmentation; no crossing-node invention"],"revision_id":"osm-2026-08-29-v1","source_class":"VGI","source_feature_id":"way/519319711#segment/3","source_id":"openstreetmap-overpass-arashiyama-20260829","stable_feature_id":"kyoto-arashiyama:osm-way-000519319711:nodes-004280313258-005064078641","tunnel":"UNKNOWN","tunnel_reason":"OSM way has no tunnel tag"},"type":"Feature"},{"geometry":{"coordinates":[[135.6774059,35.0115592],[135.677411,35.0115932]],"type":"LineString"},"id":"kyoto-arashiyama:osm-way-000519319711:nodes-005064078640-005064078642","properties":{"artifact_id":"arashiyama-osm-corridor-v1","bridge":"UNKNOWN","bridge_reason":"OSM way has no bridge tag","city_id":"kyoto_arashiyama","data_class":"REAL","geometry_status":"SOURCE_TRACEABLE_REAL","layer":null,"layer_reason":"OSM way has no layer tag","level":null,"level_reason":"OSM way has no level tag","lineage":["OpenStreetMap way and original node IDs","fixed-time bounded Overpass response retained as exact bytes","consecutive source-node segmentation; no crossing-node invention"],"revision_id":"osm-2026-08-29-v1","source_class":"VGI","source_feature_id":"way/519319711#segment/0","source_id":"openstreetmap-overpass-arashiyama-20260829","stable_feature_id":"kyoto-arashiyama:osm-way-000519319711:nodes-005064078640-005064078642","tunnel":"UNKNOWN","tunnel_reason":"OSM way has no tunnel tag"},"type":"Feature"},{"geometry":{"coordinates":[[135.677411,35.0115932],[135.6774653,35.0117214]],"type":"LineString"},"id":"kyoto-arashiyama:osm-way-000519319711:nodes-005064078640-011177913906","properties":{"artifact_id":"arashiyama-osm-corridor-v1","bridge":"UNKNOWN","bridge_reason":"OSM way has no bridge tag","city_id":"kyoto_arashiyama","data_class":"REAL","geometry_status":"SOURCE_TRACEABLE_REAL","layer":null,"layer_reason":"OSM way has no layer tag","level":null,"level_reason":"OSM way has no level tag","lineage":["OpenStreetMap way and original node IDs","fixed-time bounded Overpass response retained as exact bytes","consecutive source-node segmentation; no crossing-node invention"],"revision_id":"osm-2026-08-29-v1","source_class":"VGI","source_feature_id":"way/519319711#segment/1","source_id":"openstreetmap-overpass-arashiyama-20260829","stable_feature_id":"kyoto-arashiyama:osm-way-000519319711:nodes-005064078640-011177913906","tunnel":"UNKNOWN","tunnel_reason":"OSM way has no tunnel tag"},"type":"Feature"},{"geometry":{"coordinates":[[135.6774653,35.0117214],[135.677518,35.0118546]],"type":"LineString"},"id":"kyoto-arashiyama:osm-way-000519319711:nodes-005064078641-011177913906","properties":{"artifact_id":"arashiyama-osm-corridor-v1","bridge":"UNKNOWN","bridge_reason":"OSM way has no bridge tag","city_id":"kyoto_arashiyama","data_class":"REAL","geometry_status":"SOURCE_TRACEABLE_REAL","layer":null,"layer_reason":"OSM way has no layer tag","level":null,"level_reason":"OSM way has no level tag","lineage":["OpenStreetMap way and original node IDs","fixed-time bounded Overpass response retained as exact bytes","consecutive source-node segmentation; no crossing-node invention"],"revision_id":"osm-2026-08-29-v1","source_class":"VGI","source_feature_id":"way/519319711#segment/2","source_id":"openstreetmap-overpass-arashiyama-20260829","stable_feature_id":"kyoto-arashiyama:osm-way-000519319711:nodes-005064078641-011177913906","tunnel":"UNKNOWN","tunnel_reason":"OSM way has no tunnel tag"},"type":"Feature"},{"geometry":{"coordinates":[[135.6774305,35.0113702],[135.6774952,35.0115359]],"type":"LineString"},"id":"kyoto-arashiyama:osm-way-000519319713:nodes-005064078650-005064078651","properties":{"artifact_id":"arashiyama-osm-corridor-v1","bridge":true,"bridge_reason":null,"city_id":"kyoto_arashiyama","data_class":"REAL","geometry_status":"SOURCE_TRACEABLE_REAL","layer":1,"layer_reason":null,"level":null,"level_reason":"OSM way has no level tag","lineage":["OpenStreetMap way and original node IDs","fixed-time bounded Overpass response retained as exact bytes","consecutive source-node segmentation; no crossing-node invention"],"revision_id":"osm-2026-08-29-v1","source_class":"VGI","source_feature_id":"way/519319713#segment/0","source_id":"openstreetmap-overpass-arashiyama-20260829","stable_feature_id":"kyoto-arashiyama:osm-way-000519319713:nodes-005064078650-005064078651","tunnel":"UNKNOWN","tunnel_reason":"OSM way has no tunnel tag"},"type":"Feature"},{"geometry":{"coordinates":[[135.6775078,35.0111614],[135.677474,35.0112211]],"type":"LineString"},"id":"kyoto-arashiyama:osm-way-000519319714:nodes-005064078644-005064078645","properties":{"artifact_id":"arashiyama-osm-corridor-v1","bridge":"UNKNOWN","bridge_reason":"OSM way has no bridge tag","city_id":"kyoto_arashiyama","data_class":"REAL","geometry_status":"SOURCE_TRACEABLE_REAL","layer":null,"layer_reason":"OSM way has no layer tag","level":null,"level_reason":"OSM way has no level tag","lineage":["OpenStreetMap way and original node IDs","fixed-time bounded Overpass response retained as exact bytes","consecutive source-node segmentation; no crossing-node invention"],"revision_id":"osm-2026-08-29-v1","source_class":"VGI","source_feature_id":"way/519319714#segment/0","source_id":"openstreetmap-overpass-arashiyama-20260829","stable_feature_id":"kyoto-arashiyama:osm-way-000519319714:nodes-005064078644-005064078645","tunnel":"UNKNOWN","tunnel_reason":"OSM way has no tunnel tag"},"type":"Feature"},{"geometry":{"coordinates":[[135.677474,35.0112211],[135.6774479,35.0112609]],"type":"LineString"},"id":"kyoto-arashiyama:osm-way-000519319714:nodes-005064078645-005064078646","properties":{"artifact_id":"arashiyama-osm-corridor-v1","bridge":"UNKNOWN","bridge_reason":"OSM way has no bridge tag","city_id":"kyoto_arashiyama","data_class":"REAL","geometry_status":"SOURCE_TRACEABLE_REAL","layer":null,"layer_reason":"OSM way has no layer tag","level":null,"level_reason":"OSM way has no level tag","lineage":["OpenStreetMap way and original node IDs","fixed-time bounded Overpass response retained as exact bytes","consecutive source-node segmentation; no crossing-node invention"],"revision_id":"osm-2026-08-29-v1","source_class":"VGI","source_feature_id":"way/519319714#segment/1","source_id":"openstreetmap-overpass-arashiyama-20260829","stable_feature_id":"kyoto-arashiyama:osm-way-000519319714:nodes-005064078645-005064078646","tunnel":"UNKNOWN","tunnel_reason":"OSM way has no tunnel tag"},"type":"Feature"},{"geometry":{"coordinates":[[135.6774479,35.0112609],[135.6774371,35.011287]],"type":"LineString"},"id":"kyoto-arashiyama:osm-way-000519319714:nodes-005064078646-005064078647","properties":{"artifact_id":"arashiyama-osm-corridor-v1","bridge":"UNKNOWN","bridge_reason":"OSM way has no bridge tag","city_id":"kyoto_arashiyama","data_class":"REAL","geometry_status":"SOURCE_TRACEABLE_REAL","layer":null,"layer_reason":"OSM way has no layer tag","level":null,"level_reason":"OSM way has no level tag","lineage":["OpenStreetMap way and original node IDs","fixed-time bounded Overpass response retained as exact bytes","consecutive source-node segmentation; no crossing-node invention"],"revision_id":"osm-2026-08-29-v1","source_class":"VGI","source_feature_id":"way/519319714#segment/2","source_id":"openstreetmap-overpass-arashiyama-20260829","stable_feature_id":"kyoto-arashiyama:osm-way-000519319714:nodes-005064078646-005064078647","tunnel":"UNKNOWN","tunnel_reason":"OSM way has no tunnel tag"},"type":"Feature"},{"geometry":{"coordinates":[[135.6774371,35.011287],[135.6774304,35.0113158]],"type":"LineString"},"id":"kyoto-arashiyama:osm-way-000519319714:nodes-005064078647-005064078648","properties":{"artifact_id":"arashiyama-osm-corridor-v1","bridge":"UNKNOWN","bridge_reason":"OSM way has no bridge tag","city_id":"kyoto_arashiyama","data_class":"REAL","geometry_status":"SOURCE_TRACEABLE_REAL","layer":null,"layer_reason":"OSM way has no layer tag","level":null,"level_reason":"OSM way has no level tag","lineage":["OpenStreetMap way and original node IDs","fixed-time bounded Overpass response retained as exact bytes","consecutive source-node segmentation; no crossing-node invention"],"revision_id":"osm-2026-08-29-v1","source_class":"VGI","source_feature_id":"way/519319714#segment/3","source_id":"openstreetmap-overpass-arashiyama-20260829","stable_feature_id":"kyoto-arashiyama:osm-way-000519319714:nodes-005064078647-005064078648","tunnel":"UNKNOWN","tunnel_reason":"OSM way has no tunnel tag"},"type":"Feature"},{"geometry":{"coordinates":[[135.6774304,35.0113158],[135.6774301,35.0113482]],"type":"LineString"},"id":"kyoto-arashiyama:osm-way-000519319714:nodes-005064078648-005064078649","properties":{"artifact_id":"arashiyama-osm-corridor-v1","bridge":"UNKNOWN","bridge_reason":"OSM way has no bridge tag","city_id":"kyoto_arashiyama","data_class":"REAL","geometry_status":"SOURCE_TRACEABLE_REAL","layer":null,"layer_reason":"OSM way has no layer tag","level":null,"level_reason":"OSM way has no level tag","lineage":["OpenStreetMap way and original node IDs","fixed-time bounded Overpass response retained as exact bytes","consecutive source-node segmentation; no crossing-node invention"],"revision_id":"osm-2026-08-29-v1","source_class":"VGI","source_feature_id":"way/519319714#segment/4","source_id":"openstreetmap-overpass-arashiyama-20260829","stable_feature_id":"kyoto-arashiyama:osm-way-000519319714:nodes-005064078648-005064078649","tunnel":"UNKNOWN","tunnel_reason":"OSM way has no tunnel tag"},"type":"Feature"},{"geometry":{"coordinates":[[135.6774301,35.0113482],[135.6774305,35.0113702]],"type":"LineString"},"id":"kyoto-arashiyama:osm-way-000519319714:nodes-005064078649-005064078650","properties":{"artifact_id":"arashiyama-osm-corridor-v1","bridge":"UNKNOWN","bridge_reason":"OSM way has no bridge tag","city_id":"kyoto_arashiyama","data_class":"REAL","geometry_status":"SOURCE_TRACEABLE_REAL","layer":null,"layer_reason":"OSM way has no layer tag","level":null,"level_reason":"OSM way has no level tag","lineage":["OpenStreetMap way and original node IDs","fixed-time bounded Overpass response retained as exact bytes","consecutive source-node segmentation; no crossing-node invention"],"revision_id":"osm-2026-08-29-v1","source_class":"VGI","source_feature_id":"way/519319714#segment/5","source_id":"openstreetmap-overpass-arashiyama-20260829","stable_feature_id":"kyoto-arashiyama:osm-way-000519319714:nodes-005064078649-005064078650","tunnel":"UNKNOWN","tunnel_reason":"OSM way has no tunnel tag"},"type":"Feature"},{"geometry":{"coordinates":[[135.6798699,35.012348],[135.6798421,35.0123655]],"type":"LineString"},"id":"kyoto-arashiyama:osm-way-000519319716:nodes-002200792895-005064078690","properties":{"artifact_id":"arashiyama-osm-corridor-v1","bridge":"UNKNOWN","bridge_reason":"OSM way has no bridge tag","city_id":"kyoto_arashiyama","data_class":"REAL","geometry_status":"SOURCE_TRACEABLE_REAL","layer":null,"layer_reason":"OSM way has no layer tag","level":null,"level_reason":"OSM way has no level tag","lineage":["OpenStreetMap way and original node IDs","fixed-time bounded Overpass response retained as exact bytes","consecutive source-node segmentation; no crossing-node invention"],"revision_id":"osm-2026-08-29-v1","source_class":"VGI","source_feature_id":"way/519319716#segment/0","source_id":"openstreetmap-overpass-arashiyama-20260829","stable_feature_id":"kyoto-arashiyama:osm-way-000519319716:nodes-002200792895-005064078690","tunnel":"UNKNOWN","tunnel_reason":"OSM way has no tunnel tag"},"type":"Feature"},{"geometry":{"coordinates":[[135.6798421,35.0123655],[135.6797716,35.0123482]],"type":"LineString"},"id":"kyoto-arashiyama:osm-way-000519319716:nodes-005064078663-005064078690","properties":{"artifact_id":"arashiyama-osm-corridor-v1","bridge":"UNKNOWN","bridge_reason":"OSM way has no bridge tag","city_id":"kyoto_arashiyama","data_class":"REAL","geometry_status":"SOURCE_TRACEABLE_REAL","layer":null,"layer_reason":"OSM way has no layer tag","level":null,"level_reason":"OSM way has no level tag","lineage":["OpenStreetMap way and original node IDs","fixed-time bounded Overpass response retained as exact bytes","consecutive source-node segmentation; no crossing-node invention"],"revision_id":"osm-2026-08-29-v1","source_class":"VGI","source_feature_id":"way/519319716#segment/1","source_id":"openstreetmap-overpass-arashiyama-20260829","stable_feature_id":"kyoto-arashiyama:osm-way-000519319716:nodes-005064078663-005064078690","tunnel":"UNKNOWN","tunnel_reason":"OSM way has no tunnel tag"},"type":"Feature"},{"geometry":{"coordinates":[[135.6780736,35.0120611],[135.6785486,35.0121815]],"type":"LineString"},"id":"kyoto-arashiyama:osm-way-000519319717:nodes-005064078664-005064078687","properties":{"artifact_id":"arashiyama-osm-corridor-v1","bridge":"UNKNOWN","bridge_reason":"OSM way has no bridge tag","city_id":"kyoto_arashiyama","data_class":"REAL","geometry_status":"SOURCE_TRACEABLE_REAL","layer":null,"layer_reason":"OSM way has no layer tag","level":null,"level_reason":"OSM way has no level tag","lineage":["OpenStreetMap way and original node IDs","fixed-time bounded Overpass response retained as exact bytes","consecutive source-node segmentation; no crossing-node invention"],"revision_id":"osm-2026-08-29-v1","source_class":"VGI","source_feature_id":"way/519319717#segment/0","source_id":"openstreetmap-overpass-arashiyama-20260829","stable_feature_id":"kyoto-arashiyama:osm-way-000519319717:nodes-005064078664-005064078687","tunnel":"UNKNOWN","tunnel_reason":"OSM way has no tunnel tag"},"type":"Feature"},{"geometry":{"coordinates":[[135.6785486,35.0121815],[135.6787472,35.0122319]],"type":"LineString"},"id":"kyoto-arashiyama:osm-way-000519319717:nodes-005064078686-005064078687","properties":{"artifact_id":"arashiyama-osm-corridor-v1","bridge":"UNKNOWN","bridge_reason":"OSM way has no bridge tag","city_id":"kyoto_arashiyama","data_class":"REAL","geometry_status":"SOURCE_TRACEABLE_REAL","layer":null,"layer_reason":"OSM way has no layer tag","level":null,"level_reason":"OSM way has no level tag","lineage":["OpenStreetMap way and original node IDs","fixed-time bounded Overpass response retained as exact bytes","consecutive source-node segmentation; no crossing-node invention"],"revision_id":"osm-2026-08-29-v1","source_class":"VGI","source_feature_id":"way/519319717#segment/1","source_id":"openstreetmap-overpass-arashiyama-20260829","stable_feature_id":"kyoto-arashiyama:osm-way-000519319717:nodes-005064078686-005064078687","tunnel":"UNKNOWN","tunnel_reason":"OSM way has no tunnel tag"},"type":"Feature"},{"geometry":{"coordinates":[[135.6787472,35.0122319],[135.6790886,35.0123174]],"type":"LineString"},"id":"kyoto-arashiyama:osm-way-000519319717:nodes-005064078686-005064078691","properties":{"artifact_id":"arashiyama-osm-corridor-v1","bridge":"UNKNOWN","bridge_reason":"OSM way has no bridge tag","city_id":"kyoto_arashiyama","data_class":"REAL","geometry_status":"SOURCE_TRACEABLE_REAL","layer":null,"layer_reason":"OSM way has no layer tag","level":null,"level_reason":"OSM way has no level tag","lineage":["OpenStreetMap way and original node IDs","fixed-time bounded Overpass response retained as exact bytes","consecutive source-node segmentation; no crossing-node invention"],"revision_id":"osm-2026-08-29-v1","source_class":"VGI","source_feature_id":"way/519319717#segment/2","source_id":"openstreetmap-overpass-arashiyama-20260829","stable_feature_id":"kyoto-arashiyama:osm-way-000519319717:nodes-005064078686-005064078691","tunnel":"UNKNOWN","tunnel_reason":"OSM way has no tunnel tag"},"type":"Feature"},{"geometry":{"coordinates":[[135.6777133,35.0120906],[135.6777398,35.0120866]],"type":"LineString"},"id":"kyoto-arashiyama:osm-way-000519319719:nodes-004280071875-004280313257","properties":{"artifact_id":"arashiyama-osm-corridor-v1","bridge":"UNKNOWN","bridge_reason":"OSM way has no bridge tag","city_id":"kyoto_arashiyama","data_class":"REAL","geometry_status":"SOURCE_TRACEABLE_REAL","layer":null,"layer_reason":"OSM way has no layer tag","level":null,"level_reason":"OSM way has no level tag","lineage":["OpenStreetMap way and original node IDs","fixed-time bounded Overpass response retained as exact bytes","consecutive source-node segmentation; no crossing-node invention"],"revision_id":"osm-2026-08-29-v1","source_class":"VGI","source_feature_id":"way/519319719#segment/0","source_id":"openstreetmap-overpass-arashiyama-20260829","stable_feature_id":"kyoto-arashiyama:osm-way-000519319719:nodes-004280071875-004280313257","tunnel":"UNKNOWN","tunnel_reason":"OSM way has no tunnel tag"},"type":"Feature"},{"geometry":{"coordinates":[[135.6777398,35.0120866],[135.6779185,35.0120594]],"type":"LineString"},"id":"kyoto-arashiyama:osm-way-000519319719:nodes-004280071875-005064078694","properties":{"artifact_id":"arashiyama-osm-corridor-v1","bridge":"UNKNOWN","bridge_reason":"OSM way has no bridge tag","city_id":"kyoto_arashiyama","data_class":"REAL","geometry_status":"SOURCE_TRACEABLE_REAL","layer":null,"layer_reason":"OSM way has no layer tag","level":null,"level_reason":"OSM way has no level tag","lineage":["OpenStreetMap way and original node IDs","fixed-time bounded Overpass response retained as exact bytes","consecutive source-node segmentation; no crossing-node invention"],"revision_id":"osm-2026-08-29-v1","source_class":"VGI","source_feature_id":"way/519319719#segment/1","source_id":"openstreetmap-overpass-arashiyama-20260829","stable_feature_id":"kyoto-arashiyama:osm-way-000519319719:nodes-004280071875-005064078694","tunnel":"UNKNOWN","tunnel_reason":"OSM way has no tunnel tag"},"type":"Feature"},{"geometry":{"coordinates":[[135.6779185,35.0120594],[135.6780205,35.0120439]],"type":"LineString"},"id":"kyoto-arashiyama:osm-way-000519319719:nodes-005064078692-005064078694","properties":{"artifact_id":"arashiyama-osm-corridor-v1","bridge":"UNKNOWN","bridge_reason":"OSM way has no bridge tag","city_id":"kyoto_arashiyama","data_class":"REAL","geometry_status":"SOURCE_TRACEABLE_REAL","layer":null,"layer_reason":"OSM way has no layer tag","level":null,"level_reason":"OSM way has no level tag","lineage":["OpenStreetMap way and original node IDs","fixed-time bounded Overpass response retained as exact bytes","consecutive source-node segmentation; no crossing-node invention"],"revision_id":"osm-2026-08-29-v1","source_class":"VGI","source_feature_id":"way/519319719#segment/2","source_id":"openstreetmap-overpass-arashiyama-20260829","stable_feature_id":"kyoto-arashiyama:osm-way-000519319719:nodes-005064078692-005064078694","tunnel":"UNKNOWN","tunnel_reason":"OSM way has no tunnel tag"},"type":"Feature"},{"geometry":{"coordinates":[[135.6790886,35.0123174],[135.6791944,35.0121046]],"type":"LineString"},"id":"kyoto-arashiyama:osm-way-000519319720:nodes-004280071886-005064078691","properties":{"artifact_id":"arashiyama-osm-corridor-v1","bridge":"UNKNOWN","bridge_reason":"OSM way has no bridge tag","city_id":"kyoto_arashiyama","data_class":"REAL","geometry_status":"SOURCE_TRACEABLE_REAL","layer":null,"layer_reason":"OSM way has no layer tag","level":null,"level_reason":"OSM way has no level tag","lineage":["OpenStreetMap way and original node IDs","fixed-time bounded Overpass response retained as exact bytes","consecutive source-node segmentation; no crossing-node invention"],"revision_id":"osm-2026-08-29-v1","source_class":"VGI","source_feature_id":"way/519319720#segment/0","source_id":"openstreetmap-overpass-arashiyama-20260829","stable_feature_id":"kyoto-arashiyama:osm-way-000519319720:nodes-004280071886-005064078691","tunnel":"UNKNOWN","tunnel_reason":"OSM way has no tunnel tag"},"type":"Feature"},{"geometry":{"coordinates":[[135.6796641,35.0123519],[135.6795566,35.0123524]],"type":"LineString"},"id":"kyoto-arashiyama:osm-way-000519319722:nodes-005064078658-005064078662","properties":{"artifact_id":"arashiyama-osm-corridor-v1","bridge":"UNKNOWN","bridge_reason":"OSM way has no bridge tag","city_id":"kyoto_arashiyama","data_class":"REAL","geometry_status":"SOURCE_TRACEABLE_REAL","layer":null,"layer_reason":"OSM way has no layer tag","level":null,"level_reason":"OSM way has no level tag","lineage":["OpenStreetMap way and original node IDs","fixed-time bounded Overpass response retained as exact bytes","consecutive source-node segmentation; no crossing-node invention"],"revision_id":"osm-2026-08-29-v1","source_class":"VGI","source_feature_id":"way/519319722#segment/1","source_id":"openstreetmap-overpass-arashiyama-20260829","stable_feature_id":"kyoto-arashiyama:osm-way-000519319722:nodes-005064078658-005064078662","tunnel":"UNKNOWN","tunnel_reason":"OSM way has no tunnel tag"},"type":"Feature"},{"geometry":{"coordinates":[[135.6797716,35.0123482],[135.6796641,35.0123519]],"type":"LineString"},"id":"kyoto-arashiyama:osm-way-000519319722:nodes-005064078658-005064078663","properties":{"artifact_id":"arashiyama-osm-corridor-v1","bridge":"UNKNOWN","bridge_reason":"OSM way has no bridge tag","city_id":"kyoto_arashiyama","data_class":"REAL","geometry_status":"SOURCE_TRACEABLE_REAL","layer":null,"layer_reason":"OSM way has no layer tag","level":null,"level_reason":"OSM way has no level tag","lineage":["OpenStreetMap way and original node IDs","fixed-time bounded Overpass response retained as exact bytes","consecutive source-node segmentation; no crossing-node invention"],"revision_id":"osm-2026-08-29-v1","source_class":"VGI","source_feature_id":"way/519319722#segment/0","source_id":"openstreetmap-overpass-arashiyama-20260829","stable_feature_id":"kyoto-arashiyama:osm-way-000519319722:nodes-005064078658-005064078663","tunnel":"UNKNOWN","tunnel_reason":"OSM way has no tunnel tag"},"type":"Feature"},{"geometry":{"coordinates":[[135.679257,35.012337],[135.6791726,35.0123282]],"type":"LineString"},"id":"kyoto-arashiyama:osm-way-000519319722:nodes-005064078659-005064078661","properties":{"artifact_id":"arashiyama-osm-corridor-v1","bridge":"UNKNOWN","bridge_reason":"OSM way has no bridge tag","city_id":"kyoto_arashiyama","data_class":"REAL","geometry_status":"SOURCE_TRACEABLE_REAL","layer":null,"layer_reason":"OSM way has no layer tag","level":null,"level_reason":"OSM way has no level tag","lineage":["OpenStreetMap way and original node IDs","fixed-time bounded Overpass response retained as exact bytes","consecutive source-node segmentation; no crossing-node invention"],"revision_id":"osm-2026-08-29-v1","source_class":"VGI","source_feature_id":"way/519319722#segment/5","source_id":"openstreetmap-overpass-arashiyama-20260829","stable_feature_id":"kyoto-arashiyama:osm-way-000519319722:nodes-005064078659-005064078661","tunnel":"UNKNOWN","tunnel_reason":"OSM way has no tunnel tag"},"type":"Feature"},{"geometry":{"coordinates":[[135.6791726,35.0123282],[135.6790886,35.0123174]],"type":"LineString"},"id":"kyoto-arashiyama:osm-way-000519319722:nodes-005064078659-005064078691","properties":{"artifact_id":"arashiyama-osm-corridor-v1","bridge":"UNKNOWN","bridge_reason":"OSM way has no bridge tag","city_id":"kyoto_arashiyama","data_class":"REAL","geometry_status":"SOURCE_TRACEABLE_REAL","layer":null,"layer_reason":"OSM way has no layer tag","level":null,"level_reason":"OSM way has no level tag","lineage":["OpenStreetMap way and original node IDs","fixed-time bounded Overpass response retained as exact bytes","consecutive source-node segmentation; no crossing-node invention"],"revision_id":"osm-2026-08-29-v1","source_class":"VGI","source_feature_id":"way/519319722#segment/6","source_id":"openstreetmap-overpass-arashiyama-20260829","stable_feature_id":"kyoto-arashiyama:osm-way-000519319722:nodes-005064078659-005064078691","tunnel":"UNKNOWN","tunnel_reason":"OSM way has no tunnel tag"},"type":"Feature"},{"geometry":{"coordinates":[[135.6793417,35.0123439],[135.679257,35.012337]],"type":"LineString"},"id":"kyoto-arashiyama:osm-way-000519319722:nodes-005064078660-005064078661","properties":{"artifact_id":"arashiyama-osm-corridor-v1","bridge":"UNKNOWN","bridge_reason":"OSM way has no bridge tag","city_id":"kyoto_arashiyama","data_class":"REAL","geometry_status":"SOURCE_TRACEABLE_REAL","layer":null,"layer_reason":"OSM way has no layer tag","level":null,"level_reason":"OSM way has no level tag","lineage":["OpenStreetMap way and original node IDs","fixed-time bounded Overpass response retained as exact bytes","consecutive source-node segmentation; no crossing-node invention"],"revision_id":"osm-2026-08-29-v1","source_class":"VGI","source_feature_id":"way/519319722#segment/4","source_id":"openstreetmap-overpass-arashiyama-20260829","stable_feature_id":"kyoto-arashiyama:osm-way-000519319722:nodes-005064078660-005064078661","tunnel":"UNKNOWN","tunnel_reason":"OSM way has no tunnel tag"},"type":"Feature"},{"geometry":{"coordinates":[[135.679449,35.0123497],[135.6793417,35.0123439]],"type":"LineString"},"id":"kyoto-arashiyama:osm-way-000519319722:nodes-005064078660-005064078689","properties":{"artifact_id":"arashiyama-osm-corridor-v1","bridge":"UNKNOWN","bridge_reason":"OSM way has no bridge tag","city_id":"kyoto_arashiyama","data_class":"REAL","geometry_status":"SOURCE_TRACEABLE_REAL","layer":null,"layer_reason":"OSM way has no layer tag","level":null,"level_reason":"OSM way has no level tag","lineage":["OpenStreetMap way and original node IDs","fixed-time bounded Overpass response retained as exact bytes","consecutive source-node segmentation; no crossing-node invention"],"revision_id":"osm-2026-08-29-v1","source_class":"VGI","source_feature_id":"way/519319722#segment/3","source_id":"openstreetmap-overpass-arashiyama-20260829","stable_feature_id":"kyoto-arashiyama:osm-way-000519319722:nodes-005064078660-005064078689","tunnel":"UNKNOWN","tunnel_reason":"OSM way has no tunnel tag"},"type":"Feature"},{"geometry":{"coordinates":[[135.6795566,35.0123524],[135.679449,35.0123497]],"type":"LineString"},"id":"kyoto-arashiyama:osm-way-000519319722:nodes-005064078662-005064078689","properties":{"artifact_id":"arashiyama-osm-corridor-v1","bridge":"UNKNOWN","bridge_reason":"OSM way has no bridge tag","city_id":"kyoto_arashiyama","data_class":"REAL","geometry_status":"SOURCE_TRACEABLE_REAL","layer":null,"layer_reason":"OSM way has no layer tag","level":null,"level_reason":"OSM way has no level tag","lineage":["OpenStreetMap way and original node IDs","fixed-time bounded Overpass response retained as exact bytes","consecutive source-node segmentation; no crossing-node invention"],"revision_id":"osm-2026-08-29-v1","source_class":"VGI","source_feature_id":"way/519319722#segment/2","source_id":"openstreetmap-overpass-arashiyama-20260829","stable_feature_id":"kyoto-arashiyama:osm-way-000519319722:nodes-005064078662-005064078689","tunnel":"UNKNOWN","tunnel_reason":"OSM way has no tunnel tag"},"type":"Feature"},{"geometry":{"coordinates":[[135.6780205,35.0120439],[135.6780736,35.0120611]],"type":"LineString"},"id":"kyoto-arashiyama:osm-way-000519319723:nodes-005064078664-005064078692","properties":{"artifact_id":"arashiyama-osm-corridor-v1","bridge":"UNKNOWN","bridge_reason":"OSM way has no bridge tag","city_id":"kyoto_arashiyama","data_class":"REAL","geometry_status":"SOURCE_TRACEABLE_REAL","layer":null,"layer_reason":"OSM way has no layer tag","level":null,"level_reason":"OSM way has no level tag","lineage":["OpenStreetMap way and original node IDs","fixed-time bounded Overpass response retained as exact bytes","consecutive source-node segmentation; no crossing-node invention"],"revision_id":"osm-2026-08-29-v1","source_class":"VGI","source_feature_id":"way/519319723#segment/16","source_id":"openstreetmap-overpass-arashiyama-20260829","stable_feature_id":"kyoto-arashiyama:osm-way-000519319723:nodes-005064078664-005064078692","tunnel":"UNKNOWN","tunnel_reason":"OSM way has no tunnel tag"},"type":"Feature"},{"geometry":{"coordinates":[[135.6778551,35.0118377],[135.6778602,35.0118747]],"type":"LineString"},"id":"kyoto-arashiyama:osm-way-000519319723:nodes-005064078666-005064078668","properties":{"artifact_id":"arashiyama-osm-corridor-v1","bridge":"UNKNOWN","bridge_reason":"OSM way has no bridge tag","city_id":"kyoto_arashiyama","data_class":"REAL","geometry_status":"SOURCE_TRACEABLE_REAL","layer":null,"layer_reason":"OSM way has no layer tag","level":null,"level_reason":"OSM way has no level tag","lineage":["OpenStreetMap way and original node IDs","fixed-time bounded Overpass response retained as exact bytes","consecutive source-node segmentation; no crossing-node invention"],"revision_id":"osm-2026-08-29-v1","source_class":"VGI","source_feature_id":"way/519319723#segment/9","source_id":"openstreetmap-overpass-arashiyama-20260829","stable_feature_id":"kyoto-arashiyama:osm-way-000519319723:nodes-005064078666-005064078668","tunnel":"UNKNOWN","tunnel_reason":"OSM way has no tunnel tag"},"type":"Feature"},{"geometry":{"coordinates":[[135.677857,35.0118005],[135.6778551,35.0118377]],"type":"LineString"},"id":"kyoto-arashiyama:osm-way-000519319723:nodes-005064078666-005064078685","properties":{"artifact_id":"arashiyama-osm-corridor-v1","bridge":"UNKNOWN","bridge_reason":"OSM way has no bridge tag","city_id":"kyoto_arashiyama","data_class":"REAL","geometry_status":"SOURCE_TRACEABLE_REAL","layer":null,"layer_reason":"OSM way has no layer tag","level":null,"level_reason":"OSM way has no level tag","lineage":["OpenStreetMap way and original node IDs","fixed-time bounded Overpass response retained as exact bytes","consecutive source-node segmentation; no crossing-node invention"],"revision_id":"osm-2026-08-29-v1","source_class":"VGI","source_feature_id":"way/519319723#segment/8","source_id":"openstreetmap-overpass-arashiyama-20260829","stable_feature_id":"kyoto-arashiyama:osm-way-000519319723:nodes-005064078666-005064078685","tunnel":"UNKNOWN","tunnel_reason":"OSM way has no tunnel tag"},"type":"Feature"},{"geometry":{"coordinates":[[135.6778602,35.0118747],[135.6778723,35.0119105]],"type":"LineString"},"id":"kyoto-arashiyama:osm-way-000519319723:nodes-005064078667-005064078668","properties":{"artifact_id":"arashiyama-osm-corridor-v1","bridge":"UNKNOWN","bridge_reason":"OSM way has no bridge tag","city_id":"kyoto_arashiyama","data_class":"REAL","geometry_status":"SOURCE_TRACEABLE_REAL","layer":null,"layer_reason":"OSM way has no layer tag","level":null,"level_reason":"OSM way has no level tag","lineage":["OpenStreetMap way and original node IDs","fixed-time bounded Overpass response retained as exact bytes","consecutive source-node segmentation; no crossing-node invention"],"revision_id":"osm-2026-08-29-v1","source_class":"VGI","source_feature_id":"way/519319723#segment/10","source_id":"openstreetmap-overpass-arashiyama-20260829","stable_feature_id":"kyoto-arashiyama:osm-way-000519319723:nodes-005064078667-005064078668","tunnel":"UNKNOWN","tunnel_reason":"OSM way has no tunnel tag"},"type":"Feature"},{"geometry":{"coordinates":[[135.6778723,35.0119105],[135.677891,35.0119444]],"type":"LineString"},"id":"kyoto-arashiyama:osm-way-000519319723:nodes-005064078667-005064078676","properties":{"artifact_id":"arashiyama-osm-corridor-v1","bridge":"UNKNOWN","bridge_reason":"OSM way has no bridge tag","city_id":"kyoto_arashiyama","data_class":"REAL","geometry_status":"SOURCE_TRACEABLE_REAL","layer":null,"layer_reason":"OSM way has no layer tag","level":null,"level_reason":"OSM way has no level tag","lineage":["OpenStreetMap way and original node IDs","fixed-time bounded Overpass response retained as exact bytes","consecutive source-node segmentation; no crossing-node invention"],"revision_id":"osm-2026-08-29-v1","source_class":"VGI","source_feature_id":"way/519319723#segment/11","source_id":"openstreetmap-overpass-arashiyama-20260829","stable_feature_id":"kyoto-arashiyama:osm-way-000519319723:nodes-005064078667-005064078676","tunnel":"UNKNOWN","tunnel_reason":"OSM way has no tunnel tag"},"type":"Feature"},{"geometry":{"coordinates":[[135.6779158,35.0119756],[135.6779463,35.0120032]],"type":"LineString"},"id":"kyoto-arashiyama:osm-way-000519319723:nodes-005064078669-005064078675","properties":{"artifact_id":"arashiyama-osm-corridor-v1","bridge":"UNKNOWN","bridge_reason":"OSM way has no bridge tag","city_id":"kyoto_arashiyama","data_class":"REAL","geometry_status":"SOURCE_TRACEABLE_REAL","layer":null,"layer_reason":"OSM way has no layer tag","level":null,"level_reason":"OSM way has no level tag","lineage":["OpenStreetMap way and original node IDs","fixed-time bounded Overpass response retained as exact bytes","consecutive source-node segmentation; no crossing-node invention"],"revision_id":"osm-2026-08-29-v1","source_class":"VGI","source_feature_id":"way/519319723#segment/13","source_id":"openstreetmap-overpass-arashiyama-20260829","stable_feature_id":"kyoto-arashiyama:osm-way-000519319723:nodes-005064078669-005064078675","tunnel":"UNKNOWN","tunnel_reason":"OSM way has no tunnel tag"},"type":"Feature"},{"geometry":{"coordinates":[[135.677891,35.0119444],[135.6779158,35.0119756]],"type":"LineString"},"id":"kyoto-arashiyama:osm-way-000519319723:nodes-005064078669-005064078676","properties":{"artifact_id":"arashiyama-osm-corridor-v1","bridge":"UNKNOWN","bridge_reason":"OSM way has no bridge tag","city_id":"kyoto_arashiyama","data_class":"REAL","geometry_status":"SOURCE_TRACEABLE_REAL","layer":null,"layer_reason":"OSM way has no layer tag","level":null,"level_reason":"OSM way has no level tag","lineage":["OpenStreetMap way and original node IDs","fixed-time bounded Overpass response retained as exact bytes","consecutive source-node segmentation; no crossing-node invention"],"revision_id":"osm-2026-08-29-v1","source_class":"VGI","source_feature_id":"way/519319723#segment/12","source_id":"openstreetmap-overpass-arashiyama-20260829","stable_feature_id":"kyoto-arashiyama:osm-way-000519319723:nodes-005064078669-005064078676","tunnel":"UNKNOWN","tunnel_reason":"OSM way has no tunnel tag"},"type":"Feature"},{"geometry":{"coordinates":[[135.6779463,35.0120032],[135.6779816,35.0120266]],"type":"LineString"},"id":"kyoto-arashiyama:osm-way-000519319723:nodes-005064078670-005064078675","properties":{"artifact_id":"arashiyama-osm-corridor-v1","bridge":"UNKNOWN","bridge_reason":"OSM way has no bridge tag","city_id":"kyoto_arashiyama","data_class":"REAL","geometry_status":"SOURCE_TRACEABLE_REAL","layer":null,"layer_reason":"OSM way has no layer tag","level":null,"level_reason":"OSM way has no level tag","lineage":["OpenStreetMap way and original node IDs","fixed-time bounded Overpass response retained as exact bytes","consecutive source-node segmentation; no crossing-node invention"],"revision_id":"osm-2026-08-29-v1","source_class":"VGI","source_feature_id":"way/519319723#segment/14","source_id":"openstreetmap-overpass-arashiyama-20260829","stable_feature_id":"kyoto-arashiyama:osm-way-000519319723:nodes-005064078670-005064078675","tunnel":"UNKNOWN","tunnel_reason":"OSM way has no tunnel tag"},"type":"Feature"},{"geometry":{"coordinates":[[135.6779816,35.0120266],[135.6780205,35.0120439]],"type":"LineString"},"id":"kyoto-arashiyama:osm-way-000519319723:nodes-005064078670-005064078692","properties":{"artifact_id":"arashiyama-osm-corridor-v1","bridge":"UNKNOWN","bridge_reason":"OSM way has no bridge tag","city_id":"kyoto_arashiyama","data_class":"REAL","geometry_status":"SOURCE_TRACEABLE_REAL","layer":null,"layer_reason":"OSM way has no layer tag","level":null,"level_reason":"OSM way has no level tag","lineage":["OpenStreetMap way and original node IDs","fixed-time bounded Overpass response retained as exact bytes","consecutive source-node segmentation; no crossing-node invention"],"revision_id":"osm-2026-08-29-v1","source_class":"VGI","source_feature_id":"way/519319723#segment/15","source_id":"openstreetmap-overpass-arashiyama-20260829","stable_feature_id":"kyoto-arashiyama:osm-way-000519319723:nodes-005064078670-005064078692","tunnel":"UNKNOWN","tunnel_reason":"OSM way has no tunnel tag"},"type":"Feature"},{"geometry":{"coordinates":[[135.6779095,35.0116898],[135.677898,35.0117041]],"type":"LineString"},"id":"kyoto-arashiyama:osm-way-000519319723:nodes-005064078677-005064078681","properties":{"artifact_id":"arashiyama-osm-corridor-v1","bridge":"UNKNOWN","bridge_reason":"OSM way has no bridge tag","city_id":"kyoto_arashiyama","data_class":"REAL","geometry_status":"SOURCE_TRACEABLE_REAL","layer":null,"layer_reason":"OSM way has no layer tag","level":null,"level_reason":"OSM way has no level tag","lineage":["OpenStreetMap way and original node IDs","fixed-time bounded Overpass response retained as exact bytes","consecutive source-node segmentation; no crossing-node invention"],"revision_id":"osm-2026-08-29-v1","source_class":"VGI","source_feature_id":"way/519319723#segment/1","source_id":"openstreetmap-overpass-arashiyama-20260829","stable_feature_id":"kyoto-arashiyama:osm-way-000519319723:nodes-005064078677-005064078681","tunnel":"UNKNOWN","tunnel_reason":"OSM way has no tunnel tag"},"type":"Feature"},{"geometry":{"coordinates":[[135.6779223,35.0116762],[135.6779095,35.0116898]],"type":"LineString"},"id":"kyoto-arashiyama:osm-way-000519319723:nodes-005064078677-005064078684","properties":{"artifact_id":"arashiyama-osm-corridor-v1","bridge":"UNKNOWN","bridge_reason":"OSM way has no bridge tag","city_id":"kyoto_arashiyama","data_class":"REAL","geometry_status":"SOURCE_TRACEABLE_REAL","layer":null,"layer_reason":"OSM way has no layer tag","level":null,"level_reason":"OSM way has no level tag","lineage":["OpenStreetMap way and original node IDs","fixed-time bounded Overpass response retained as exact bytes","consecutive source-node segmentation; no crossing-node invention"],"revision_id":"osm-2026-08-29-v1","source_class":"VGI","source_feature_id":"way/519319723#segment/0","source_id":"openstreetmap-overpass-arashiyama-20260829","stable_feature_id":"kyoto-arashiyama:osm-way-000519319723:nodes-005064078677-005064078684","tunnel":"UNKNOWN","tunnel_reason":"OSM way has no tunnel tag"},"type":"Feature"},{"geometry":{"coordinates":[[135.677898,35.0117041],[135.6778877,35.011719]],"type":"LineString"},"id":"kyoto-arashiyama:osm-way-000519319723:nodes-005064078678-005064078681","properties":{"artifact_id":"arashiyama-osm-corridor-v1","bridge":"UNKNOWN","bridge_reason":"OSM way has no bridge tag","city_id":"kyoto_arashiyama","data_class":"REAL","geometry_status":"SOURCE_TRACEABLE_REAL","layer":null,"layer_reason":"OSM way has no layer tag","level":null,"level_reason":"OSM way has no level tag","lineage":["OpenStreetMap way and original node IDs","fixed-time bounded Overpass response retained as exact bytes","consecutive source-node segmentation; no crossing-node invention"],"revision_id":"osm-2026-08-29-v1","source_class":"VGI","source_feature_id":"way/519319723#segment/2","source_id":"openstreetmap-overpass-arashiyama-20260829","stable_feature_id":"kyoto-arashiyama:osm-way-000519319723:nodes-005064078678-005064078681","tunnel":"UNKNOWN","tunnel_reason":"OSM way has no tunnel tag"},"type":"Feature"},{"geometry":{"coordinates":[[135.6778877,35.011719],[135.6778787,35.0117345]],"type":"LineString"},"id":"kyoto-arashiyama:osm-way-000519319723:nodes-005064078678-005064078683","properties":{"artifact_id":"arashiyama-osm-corridor-v1","bridge":"UNKNOWN","bridge_reason":"OSM way has no bridge tag","city_id":"kyoto_arashiyama","data_class":"REAL","geometry_status":"SOURCE_TRACEABLE_REAL","layer":null,"layer_reason":"OSM way has no layer tag","level":null,"level_reason":"OSM way has no level tag","lineage":["OpenStreetMap way and original node IDs","fixed-time bounded Overpass response retained as exact bytes","consecutive source-node segmentation; no crossing-node invention"],"revision_id":"osm-2026-08-29-v1","source_class":"VGI","source_feature_id":"way/519319723#segment/3","source_id":"openstreetmap-overpass-arashiyama-20260829","stable_feature_id":"kyoto-arashiyama:osm-way-000519319723:nodes-005064078678-005064078683","tunnel":"UNKNOWN","tunnel_reason":"OSM way has no tunnel tag"},"type":"Feature"},{"geometry":{"coordinates":[[135.6778712,35.0117505],[135.677865,35.0117669]],"type":"LineString"},"id":"kyoto-arashiyama:osm-way-000519319723:nodes-005064078679-005064078682","properties":{"artifact_id":"arashiyama-osm-corridor-v1","bridge":"UNKNOWN","bridge_reason":"OSM way has no bridge tag","city_id":"kyoto_arashiyama","data_class":"REAL","geometry_status":"SOURCE_TRACEABLE_REAL","layer":null,"layer_reason":"OSM way has no layer tag","level":null,"level_reason":"OSM way has no level tag","lineage":["OpenStreetMap way and original node IDs","fixed-time bounded Overpass response retained as exact bytes","consecutive source-node segmentation; no crossing-node invention"],"revision_id":"osm-2026-08-29-v1","source_class":"VGI","source_feature_id":"way/519319723#segment/5","source_id":"openstreetmap-overpass-arashiyama-20260829","stable_feature_id":"kyoto-arashiyama:osm-way-000519319723:nodes-005064078679-005064078682","tunnel":"UNKNOWN","tunnel_reason":"OSM way has no tunnel tag"},"type":"Feature"},{"geometry":{"coordinates":[[135.6778787,35.0117345],[135.6778712,35.0117505]],"type":"LineString"},"id":"kyoto-arashiyama:osm-way-000519319723:nodes-005064078679-005064078683","properties":{"artifact_id":"arashiyama-osm-corridor-v1","bridge":"UNKNOWN","bridge_reason":"OSM way has no bridge tag","city_id":"kyoto_arashiyama","data_class":"REAL","geometry_status":"SOURCE_TRACEABLE_REAL","layer":null,"layer_reason":"OSM way has no layer tag","level":null,"level_reason":"OSM way has no level tag","lineage":["OpenStreetMap way and original node IDs","fixed-time bounded Overpass response retained as exact bytes","consecutive source-node segmentation; no crossing-node invention"],"revision_id":"osm-2026-08-29-v1","source_class":"VGI","source_feature_id":"way/519319723#segment/4","source_id":"openstreetmap-overpass-arashiyama-20260829","stable_feature_id":"kyoto-arashiyama:osm-way-000519319723:nodes-005064078679-005064078683","tunnel":"UNKNOWN","tunnel_reason":"OSM way has no tunnel tag"},"type":"Feature"},{"geometry":{"coordinates":[[135.677865,35.0117669],[135.6778603,35.0117836]],"type":"LineString"},"id":"kyoto-arashiyama:osm-way-000519319723:nodes-005064078680-005064078682","properties":{"artifact_id":"arashiyama-osm-corridor-v1","bridge":"UNKNOWN","bridge_reason":"OSM way has no bridge tag","city_id":"kyoto_arashiyama","data_class":"REAL","geometry_status":"SOURCE_TRACEABLE_REAL","layer":null,"layer_reason":"OSM way has no layer tag","level":null,"level_reason":"OSM way has no level tag","lineage":["OpenStreetMap way and original node IDs","fixed-time bounded Overpass response retained as exact bytes","consecutive source-node segmentation; no crossing-node invention"],"revision_id":"osm-2026-08-29-v1","source_class":"VGI","source_feature_id":"way/519319723#segment/6","source_id":"openstreetmap-overpass-arashiyama-20260829","stable_feature_id":"kyoto-arashiyama:osm-way-000519319723:nodes-005064078680-005064078682","tunnel":"UNKNOWN","tunnel_reason":"OSM way has no tunnel tag"},"type":"Feature"},{"geometry":{"coordinates":[[135.6778603,35.0117836],[135.677857,35.0118005]],"type":"LineString"},"id":"kyoto-arashiyama:osm-way-000519319723:nodes-005064078680-005064078685","properties":{"artifact_id":"arashiyama-osm-corridor-v1","bridge":"UNKNOWN","bridge_reason":"OSM way has no bridge tag","city_id":"kyoto_arashiyama","data_class":"REAL","geometry_status":"SOURCE_TRACEABLE_REAL","layer":null,"layer_reason":"OSM way has no layer tag","level":null,"level_reason":"OSM way has no level tag","lineage":["OpenStreetMap way and original node IDs","fixed-time bounded Overpass response retained as exact bytes","consecutive source-node segmentation; no crossing-node invention"],"revision_id":"osm-2026-08-29-v1","source_class":"VGI","source_feature_id":"way/519319723#segment/7","source_id":"openstreetmap-overpass-arashiyama-20260829","stable_feature_id":"kyoto-arashiyama:osm-way-000519319723:nodes-005064078680-005064078685","tunnel":"UNKNOWN","tunnel_reason":"OSM way has no tunnel tag"},"type":"Feature"},{"geometry":{"coordinates":[[135.6801685,35.0105339],[135.6801108,35.0104296]],"type":"LineString"},"id":"kyoto-arashiyama:osm-way-000519319747:nodes-003256136849-003256136922","properties":{"artifact_id":"arashiyama-osm-corridor-v1","bridge":"UNKNOWN","bridge_reason":"OSM way has no bridge tag","city_id":"kyoto_arashiyama","data_class":"REAL","geometry_status":"SOURCE_TRACEABLE_REAL","layer":null,"layer_reason":"OSM way has no layer tag","level":null,"level_reason":"OSM way has no level tag","lineage":["OpenStreetMap way and original node IDs","fixed-time bounded Overpass response retained as exact bytes","consecutive source-node segmentation; no crossing-node invention"],"revision_id":"osm-2026-08-29-v1","source_class":"VGI","source_feature_id":"way/519319747#segment/3","source_id":"openstreetmap-overpass-arashiyama-20260829","stable_feature_id":"kyoto-arashiyama:osm-way-000519319747:nodes-003256136849-003256136922","tunnel":"UNKNOWN","tunnel_reason":"OSM way has no tunnel tag"},"type":"Feature"},{"geometry":{"coordinates":[[135.6797722,35.010708],[135.6801685,35.0105339]],"type":"LineString"},"id":"kyoto-arashiyama:osm-way-000519319747:nodes-003256136922-003256137001","properties":{"artifact_id":"arashiyama-osm-corridor-v1","bridge":"UNKNOWN","bridge_reason":"OSM way has no bridge tag","city_id":"kyoto_arashiyama","data_class":"REAL","geometry_status":"SOURCE_TRACEABLE_REAL","layer":null,"layer_reason":"OSM way has no layer tag","level":null,"level_reason":"OSM way has no level tag","lineage":["OpenStreetMap way and original node IDs","fixed-time bounded Overpass response retained as exact bytes","consecutive source-node segmentation; no crossing-node invention"],"revision_id":"osm-2026-08-29-v1","source_class":"VGI","source_feature_id":"way/519319747#segment/2","source_id":"openstreetmap-overpass-arashiyama-20260829","stable_feature_id":"kyoto-arashiyama:osm-way-000519319747:nodes-003256136922-003256137001","tunnel":"UNKNOWN","tunnel_reason":"OSM way has no tunnel tag"},"type":"Feature"},{"geometry":{"coordinates":[[135.6797223,35.0106414],[135.6797722,35.010708]],"type":"LineString"},"id":"kyoto-arashiyama:osm-way-000519319747:nodes-003256136973-003256137001","properties":{"artifact_id":"arashiyama-osm-corridor-v1","bridge":"UNKNOWN","bridge_reason":"OSM way has no bridge tag","city_id":"kyoto_arashiyama","data_class":"REAL","geometry_status":"SOURCE_TRACEABLE_REAL","layer":null,"layer_reason":"OSM way has no layer tag","level":null,"level_reason":"OSM way has no level tag","lineage":["OpenStreetMap way and original node IDs","fixed-time bounded Overpass response retained as exact bytes","consecutive source-node segmentation; no crossing-node invention"],"revision_id":"osm-2026-08-29-v1","source_class":"VGI","source_feature_id":"way/519319747#segment/1","source_id":"openstreetmap-overpass-arashiyama-20260829","stable_feature_id":"kyoto-arashiyama:osm-way-000519319747:nodes-003256136973-003256137001","tunnel":"UNKNOWN","tunnel_reason":"OSM way has no tunnel tag"},"type":"Feature"},{"geometry":{"coordinates":[[135.6797019,35.0105881],[135.6797223,35.0106414]],"type":"LineString"},"id":"kyoto-arashiyama:osm-way-000519319747:nodes-003256136973-005064078741","properties":{"artifact_id":"arashiyama-osm-corridor-v1","bridge":"UNKNOWN","bridge_reason":"OSM way has no bridge tag","city_id":"kyoto_arashiyama","data_class":"REAL","geometry_status":"SOURCE_TRACEABLE_REAL","layer":null,"layer_reason":"OSM way has no layer tag","level":null,"level_reason":"OSM way has no level tag","lineage":["OpenStreetMap way and original node IDs","fixed-time bounded Overpass response retained as exact bytes","consecutive source-node segmentation; no crossing-node invention"],"revision_id":"osm-2026-08-29-v1","source_class":"VGI","source_feature_id":"way/519319747#segment/0","source_id":"openstreetmap-overpass-arashiyama-20260829","stable_feature_id":"kyoto-arashiyama:osm-way-000519319747:nodes-003256136973-005064078741","tunnel":"UNKNOWN","tunnel_reason":"OSM way has no tunnel tag"},"type":"Feature"},{"geometry":{"coordinates":[[135.6796848,35.0105389],[135.6797019,35.0105881]],"type":"LineString"},"id":"kyoto-arashiyama:osm-way-000519319749:nodes-003256136910-005064078741","properties":{"artifact_id":"arashiyama-osm-corridor-v1","bridge":true,"bridge_reason":null,"city_id":"kyoto_arashiyama","data_class":"REAL","geometry_status":"SOURCE_TRACEABLE_REAL","layer":null,"layer_reason":"OSM way has no layer tag","level":null,"level_reason":"OSM way has no level tag","lineage":["OpenStreetMap way and original node IDs","fixed-time bounded Overpass response retained as exact bytes","consecutive source-node segmentation; no crossing-node invention"],"revision_id":"osm-2026-08-29-v1","source_class":"VGI","source_feature_id":"way/519319749#segment/0","source_id":"openstreetmap-overpass-arashiyama-20260829","stable_feature_id":"kyoto-arashiyama:osm-way-000519319749:nodes-003256136910-005064078741","tunnel":"UNKNOWN","tunnel_reason":"OSM way has no tunnel tag"},"type":"Feature"},{"geometry":{"coordinates":[[135.6801113,35.0103621],[135.6800587,35.0102151]],"type":"LineString"},"id":"kyoto-arashiyama:osm-way-000519319750:nodes-003256136783-005064078742","properties":{"artifact_id":"arashiyama-osm-corridor-v1","bridge":"UNKNOWN","bridge_reason":"OSM way has no bridge tag","city_id":"kyoto_arashiyama","data_class":"REAL","geometry_status":"SOURCE_TRACEABLE_REAL","layer":null,"layer_reason":"OSM way has no layer tag","level":null,"level_reason":"OSM way has no level tag","lineage":["OpenStreetMap way and original node IDs","fixed-time bounded Overpass response retained as exact bytes","consecutive source-node segmentation; no crossing-node invention"],"revision_id":"osm-2026-08-29-v1","source_class":"VGI","source_feature_id":"way/519319750#segment/0","source_id":"openstreetmap-overpass-arashiyama-20260829","stable_feature_id":"kyoto-arashiyama:osm-way-000519319750:nodes-003256136783-005064078742","tunnel":"UNKNOWN","tunnel_reason":"OSM way has no tunnel tag"},"type":"Feature"},{"geometry":{"coordinates":[[135.6801108,35.0104296],[135.6801113,35.0103621]],"type":"LineString"},"id":"kyoto-arashiyama:osm-way-000519319751:nodes-003256136849-005064078742","properties":{"artifact_id":"arashiyama-osm-corridor-v1","bridge":true,"bridge_reason":null,"city_id":"kyoto_arashiyama","data_class":"REAL","geometry_status":"SOURCE_TRACEABLE_REAL","layer":null,"layer_reason":"OSM way has no layer tag","level":null,"level_reason":"OSM way has no level tag","lineage":["OpenStreetMap way and original node IDs","fixed-time bounded Overpass response retained as exact bytes","consecutive source-node segmentation; no crossing-node invention"],"revision_id":"osm-2026-08-29-v1","source_class":"VGI","source_feature_id":"way/519319751#segment/0","source_id":"openstreetmap-overpass-arashiyama-20260829","stable_feature_id":"kyoto-arashiyama:osm-way-000519319751:nodes-003256136849-005064078742","tunnel":"UNKNOWN","tunnel_reason":"OSM way has no tunnel tag"},"type":"Feature"},{"geometry":{"coordinates":[[135.6801665,35.0090019],[135.6800409,35.0088765]],"type":"LineString"},"id":"kyoto-arashiyama:osm-way-000645341271:nodes-006066662689-006066662690","properties":{"artifact_id":"arashiyama-osm-corridor-v1","bridge":"UNKNOWN","bridge_reason":"OSM way has no bridge tag","city_id":"kyoto_arashiyama","data_class":"REAL","geometry_status":"SOURCE_TRACEABLE_REAL","layer":null,"layer_reason":"OSM way has no layer tag","level":null,"level_reason":"OSM way has no level tag","lineage":["OpenStreetMap way and original node IDs","fixed-time bounded Overpass response retained as exact bytes","consecutive source-node segmentation; no crossing-node invention"],"revision_id":"osm-2026-08-29-v1","source_class":"VGI","source_feature_id":"way/645341271#segment/1","source_id":"openstreetmap-overpass-arashiyama-20260829","stable_feature_id":"kyoto-arashiyama:osm-way-000645341271:nodes-006066662689-006066662690","tunnel":"UNKNOWN","tunnel_reason":"OSM way has no tunnel tag"},"type":"Feature"},{"geometry":{"coordinates":[[135.6800409,35.0088765],[135.6799736,35.0088243]],"type":"LineString"},"id":"kyoto-arashiyama:osm-way-000645341271:nodes-006066662690-006066662691","properties":{"artifact_id":"arashiyama-osm-corridor-v1","bridge":"UNKNOWN","bridge_reason":"OSM way has no bridge tag","city_id":"kyoto_arashiyama","data_class":"REAL","geometry_status":"SOURCE_TRACEABLE_REAL","layer":null,"layer_reason":"OSM way has no layer tag","level":null,"level_reason":"OSM way has no level tag","lineage":["OpenStreetMap way and original node IDs","fixed-time bounded Overpass response retained as exact bytes","consecutive source-node segmentation; no crossing-node invention"],"revision_id":"osm-2026-08-29-v1","source_class":"VGI","source_feature_id":"way/645341271#segment/2","source_id":"openstreetmap-overpass-arashiyama-20260829","stable_feature_id":"kyoto-arashiyama:osm-way-000645341271:nodes-006066662690-006066662691","tunnel":"UNKNOWN","tunnel_reason":"OSM way has no tunnel tag"},"type":"Feature"},{"geometry":{"coordinates":[[135.6799736,35.0088243],[135.6798727,35.0088171]],"type":"LineString"},"id":"kyoto-arashiyama:osm-way-000645341271:nodes-006066662691-006066662692","properties":{"artifact_id":"arashiyama-osm-corridor-v1","bridge":"UNKNOWN","bridge_reason":"OSM way has no bridge tag","city_id":"kyoto_arashiyama","data_class":"REAL","geometry_status":"SOURCE_TRACEABLE_REAL","layer":null,"layer_reason":"OSM way has no layer tag","level":null,"level_reason":"OSM way has no level tag","lineage":["OpenStreetMap way and original node IDs","fixed-time bounded Overpass response retained as exact bytes","consecutive source-node segmentation; no crossing-node invention"],"revision_id":"osm-2026-08-29-v1","source_class":"VGI","source_feature_id":"way/645341271#segment/3","source_id":"openstreetmap-overpass-arashiyama-20260829","stable_feature_id":"kyoto-arashiyama:osm-way-000645341271:nodes-006066662691-006066662692","tunnel":"UNKNOWN","tunnel_reason":"OSM way has no tunnel tag"},"type":"Feature"},{"geometry":{"coordinates":[[135.6798727,35.0088171],[135.679725,35.0087743]],"type":"LineString"},"id":"kyoto-arashiyama:osm-way-000645341271:nodes-006066662692-006066662693","properties":{"artifact_id":"arashiyama-osm-corridor-v1","bridge":"UNKNOWN","bridge_reason":"OSM way has no bridge tag","city_id":"kyoto_arashiyama","data_class":"REAL","geometry_status":"SOURCE_TRACEABLE_REAL","layer":null,"layer_reason":"OSM way has no layer tag","level":null,"level_reason":"OSM way has no level tag","lineage":["OpenStreetMap way and original node IDs","fixed-time bounded Overpass response retained as exact bytes","consecutive source-node segmentation; no crossing-node invention"],"revision_id":"osm-2026-08-29-v1","source_class":"VGI","source_feature_id":"way/645341271#segment/4","source_id":"openstreetmap-overpass-arashiyama-20260829","stable_feature_id":"kyoto-arashiyama:osm-way-000645341271:nodes-006066662692-006066662693","tunnel":"UNKNOWN","tunnel_reason":"OSM way has no tunnel tag"},"type":"Feature"},{"geometry":{"coordinates":[[135.679725,35.0087743],[135.6796354,35.0087069]],"type":"LineString"},"id":"kyoto-arashiyama:osm-way-000645341271:nodes-006066662693-006066662696","properties":{"artifact_id":"arashiyama-osm-corridor-v1","bridge":"UNKNOWN","bridge_reason":"OSM way has no bridge tag","city_id":"kyoto_arashiyama","data_class":"REAL","geometry_status":"SOURCE_TRACEABLE_REAL","layer":null,"layer_reason":"OSM way has no layer tag","level":null,"level_reason":"OSM way has no level tag","lineage":["OpenStreetMap way and original node IDs","fixed-time bounded Overpass response retained as exact bytes","consecutive source-node segmentation; no crossing-node invention"],"revision_id":"osm-2026-08-29-v1","source_class":"VGI","source_feature_id":"way/645341271#segment/5","source_id":"openstreetmap-overpass-arashiyama-20260829","stable_feature_id":"kyoto-arashiyama:osm-way-000645341271:nodes-006066662693-006066662696","tunnel":"UNKNOWN","tunnel_reason":"OSM way has no tunnel tag"},"type":"Feature"},{"geometry":{"coordinates":[[135.6766858,35.0148524],[135.6765785,35.0148331]],"type":"LineString"},"id":"kyoto-arashiyama:osm-way-000671772096:nodes-006290653518-006290653519","properties":{"artifact_id":"arashiyama-osm-corridor-v1","bridge":"UNKNOWN","bridge_reason":"OSM way has no bridge tag","city_id":"kyoto_arashiyama","data_class":"REAL","geometry_status":"SOURCE_TRACEABLE_REAL","layer":null,"layer_reason":"OSM way has no layer tag","level":null,"level_reason":"OSM way has no level tag","lineage":["OpenStreetMap way and original node IDs","fixed-time bounded Overpass response retained as exact bytes","consecutive source-node segmentation; no crossing-node invention"],"revision_id":"osm-2026-08-29-v1","source_class":"VGI","source_feature_id":"way/671772096#segment/2","source_id":"openstreetmap-overpass-arashiyama-20260829","stable_feature_id":"kyoto-arashiyama:osm-way-000671772096:nodes-006290653518-006290653519","tunnel":"UNKNOWN","tunnel_reason":"OSM way has no tunnel tag"},"type":"Feature"},{"geometry":{"coordinates":[[135.6768045,35.014859],[135.6766858,35.0148524]],"type":"LineString"},"id":"kyoto-arashiyama:osm-way-000671772096:nodes-006290653519-006290653520","properties":{"artifact_id":"arashiyama-osm-corridor-v1","bridge":"UNKNOWN","bridge_reason":"OSM way has no bridge tag","city_id":"kyoto_arashiyama","data_class":"REAL","geometry_status":"SOURCE_TRACEABLE_REAL","layer":null,"layer_reason":"OSM way has no layer tag","level":null,"level_reason":"OSM way has no level tag","lineage":["OpenStreetMap way and original node IDs","fixed-time bounded Overpass response retained as exact bytes","consecutive source-node segmentation; no crossing-node invention"],"revision_id":"osm-2026-08-29-v1","source_class":"VGI","source_feature_id":"way/671772096#segment/1","source_id":"openstreetmap-overpass-arashiyama-20260829","stable_feature_id":"kyoto-arashiyama:osm-way-000671772096:nodes-006290653519-006290653520","tunnel":"UNKNOWN","tunnel_reason":"OSM way has no tunnel tag"},"type":"Feature"},{"geometry":{"coordinates":[[135.6768746,35.0145696],[135.6768045,35.014859]],"type":"LineString"},"id":"kyoto-arashiyama:osm-way-000671772096:nodes-006290653520-006290653521","properties":{"artifact_id":"arashiyama-osm-corridor-v1","bridge":"UNKNOWN","bridge_reason":"OSM way has no bridge tag","city_id":"kyoto_arashiyama","data_class":"REAL","geometry_status":"SOURCE_TRACEABLE_REAL","layer":null,"layer_reason":"OSM way has no layer tag","level":null,"level_reason":"OSM way has no level tag","lineage":["OpenStreetMap way and original node IDs","fixed-time bounded Overpass response retained as exact bytes","consecutive source-node segmentation; no crossing-node invention"],"revision_id":"osm-2026-08-29-v1","source_class":"VGI","source_feature_id":"way/671772096#segment/0","source_id":"openstreetmap-overpass-arashiyama-20260829","stable_feature_id":"kyoto-arashiyama:osm-way-000671772096:nodes-006290653520-006290653521","tunnel":"UNKNOWN","tunnel_reason":"OSM way has no tunnel tag"},"type":"Feature"},{"geometry":{"coordinates":[[135.6752085,35.0089895],[135.6751278,35.0091381]],"type":"LineString"},"id":"kyoto-arashiyama:osm-way-000779011013:nodes-007273598741-007273598756","properties":{"artifact_id":"arashiyama-osm-corridor-v1","bridge":"UNKNOWN","bridge_reason":"OSM way has no bridge tag","city_id":"kyoto_arashiyama","data_class":"REAL","geometry_status":"SOURCE_TRACEABLE_REAL","layer":null,"layer_reason":"OSM way has no layer tag","level":null,"level_reason":"OSM way has no level tag","lineage":["OpenStreetMap way and original node IDs","fixed-time bounded Overpass response retained as exact bytes","consecutive source-node segmentation; no crossing-node invention"],"revision_id":"osm-2026-08-29-v1","source_class":"VGI","source_feature_id":"way/779011013#segment/0","source_id":"openstreetmap-overpass-arashiyama-20260829","stable_feature_id":"kyoto-arashiyama:osm-way-000779011013:nodes-007273598741-007273598756","tunnel":"UNKNOWN","tunnel_reason":"OSM way has no tunnel tag"},"type":"Feature"},{"geometry":{"coordinates":[[135.6751278,35.0091381],[135.6750581,35.00919]],"type":"LineString"},"id":"kyoto-arashiyama:osm-way-000779011013:nodes-007273598756-007273598772","properties":{"artifact_id":"arashiyama-osm-corridor-v1","bridge":"UNKNOWN","bridge_reason":"OSM way has no bridge tag","city_id":"kyoto_arashiyama","data_class":"REAL","geometry_status":"SOURCE_TRACEABLE_REAL","layer":null,"layer_reason":"OSM way has no layer tag","level":null,"level_reason":"OSM way has no level tag","lineage":["OpenStreetMap way and original node IDs","fixed-time bounded Overpass response retained as exact bytes","consecutive source-node segmentation; no crossing-node invention"],"revision_id":"osm-2026-08-29-v1","source_class":"VGI","source_feature_id":"way/779011013#segment/1","source_id":"openstreetmap-overpass-arashiyama-20260829","stable_feature_id":"kyoto-arashiyama:osm-way-000779011013:nodes-007273598756-007273598772","tunnel":"UNKNOWN","tunnel_reason":"OSM way has no tunnel tag"},"type":"Feature"},{"geometry":{"coordinates":[[135.6749722,35.0092132],[135.6749561,35.0092271]],"type":"LineString"},"id":"kyoto-arashiyama:osm-way-000779011013:nodes-007273598757-007273598758","properties":{"artifact_id":"arashiyama-osm-corridor-v1","bridge":"UNKNOWN","bridge_reason":"OSM way has no bridge tag","city_id":"kyoto_arashiyama","data_class":"REAL","geometry_status":"SOURCE_TRACEABLE_REAL","layer":null,"layer_reason":"OSM way has no layer tag","level":null,"level_reason":"OSM way has no level tag","lineage":["OpenStreetMap way and original node IDs","fixed-time bounded Overpass response retained as exact bytes","consecutive source-node segmentation; no crossing-node invention"],"revision_id":"osm-2026-08-29-v1","source_class":"VGI","source_feature_id":"way/779011013#segment/3","source_id":"openstreetmap-overpass-arashiyama-20260829","stable_feature_id":"kyoto-arashiyama:osm-way-000779011013:nodes-007273598757-007273598758","tunnel":"UNKNOWN","tunnel_reason":"OSM way has no tunnel tag"},"type":"Feature"},{"geometry":{"coordinates":[[135.6750581,35.00919],[135.6749722,35.0092132]],"type":"LineString"},"id":"kyoto-arashiyama:osm-way-000779011013:nodes-007273598757-007273598772","properties":{"artifact_id":"arashiyama-osm-corridor-v1","bridge":"UNKNOWN","bridge_reason":"OSM way has no bridge tag","city_id":"kyoto_arashiyama","data_class":"REAL","geometry_status":"SOURCE_TRACEABLE_REAL","layer":null,"layer_reason":"OSM way has no layer tag","level":null,"level_reason":"OSM way has no level tag","lineage":["OpenStreetMap way and original node IDs","fixed-time bounded Overpass response retained as exact bytes","consecutive source-node segmentation; no crossing-node invention"],"revision_id":"osm-2026-08-29-v1","source_class":"VGI","source_feature_id":"way/779011013#segment/2","source_id":"openstreetmap-overpass-arashiyama-20260829","stable_feature_id":"kyoto-arashiyama:osm-way-000779011013:nodes-007273598757-007273598772","tunnel":"UNKNOWN","tunnel_reason":"OSM way has no tunnel tag"},"type":"Feature"},{"geometry":{"coordinates":[[135.6749561,35.0092271],[135.6748658,35.0092648]],"type":"LineString"},"id":"kyoto-arashiyama:osm-way-000779011013:nodes-007273598758-007273598759","properties":{"artifact_id":"arashiyama-osm-corridor-v1","bridge":"UNKNOWN","bridge_reason":"OSM way has no bridge tag","city_id":"kyoto_arashiyama","data_class":"REAL","geometry_status":"SOURCE_TRACEABLE_REAL","layer":null,"layer_reason":"OSM way has no layer tag","level":null,"level_reason":"OSM way has no level tag","lineage":["OpenStreetMap way and original node IDs","fixed-time bounded Overpass response retained as exact bytes","consecutive source-node segmentation; no crossing-node invention"],"revision_id":"osm-2026-08-29-v1","source_class":"VGI","source_feature_id":"way/779011013#segment/4","source_id":"openstreetmap-overpass-arashiyama-20260829","stable_feature_id":"kyoto-arashiyama:osm-way-000779011013:nodes-007273598758-007273598759","tunnel":"UNKNOWN","tunnel_reason":"OSM way has no tunnel tag"},"type":"Feature"},{"geometry":{"coordinates":[[135.6768524,35.0115616],[135.6767324,35.0116255]],"type":"LineString"},"id":"kyoto-arashiyama:osm-way-000779011016:nodes-000736396161-007273598567","properties":{"artifact_id":"arashiyama-osm-corridor-v1","bridge":"UNKNOWN","bridge_reason":"OSM way has no bridge tag","city_id":"kyoto_arashiyama","data_class":"REAL","geometry_status":"SOURCE_TRACEABLE_REAL","layer":null,"layer_reason":"OSM way has no layer tag","level":null,"level_reason":"OSM way has no level tag","lineage":["OpenStreetMap way and original node IDs","fixed-time bounded Overpass response retained as exact bytes","consecutive source-node segmentation; no crossing-node invention"],"revision_id":"osm-2026-08-29-v1","source_class":"VGI","source_feature_id":"way/779011016#segment/1","source_id":"openstreetmap-overpass-arashiyama-20260829","stable_feature_id":"kyoto-arashiyama:osm-way-000779011016:nodes-000736396161-007273598567","tunnel":"UNKNOWN","tunnel_reason":"OSM way has no tunnel tag"},"type":"Feature"},{"geometry":{"coordinates":[[135.676858,35.0115598],[135.6768524,35.0115616]],"type":"LineString"},"id":"kyoto-arashiyama:osm-way-000779011016:nodes-000736396161-007273598773","properties":{"artifact_id":"arashiyama-osm-corridor-v1","bridge":"UNKNOWN","bridge_reason":"OSM way has no bridge tag","city_id":"kyoto_arashiyama","data_class":"REAL","geometry_status":"SOURCE_TRACEABLE_REAL","layer":null,"layer_reason":"OSM way has no layer tag","level":null,"level_reason":"OSM way has no level tag","lineage":["OpenStreetMap way and original node IDs","fixed-time bounded Overpass response retained as exact bytes","consecutive source-node segmentation; no crossing-node invention"],"revision_id":"osm-2026-08-29-v1","source_class":"VGI","source_feature_id":"way/779011016#segment/0","source_id":"openstreetmap-overpass-arashiyama-20260829","stable_feature_id":"kyoto-arashiyama:osm-way-000779011016:nodes-000736396161-007273598773","tunnel":"UNKNOWN","tunnel_reason":"OSM way has no tunnel tag"},"type":"Feature"},{"geometry":{"coordinates":[[135.6763228,35.0118213],[135.6760736,35.0119005]],"type":"LineString"},"id":"kyoto-arashiyama:osm-way-000779011016:nodes-000736396162-007273599762","properties":{"artifact_id":"arashiyama-osm-corridor-v1","bridge":"UNKNOWN","bridge_reason":"OSM way has no bridge tag","city_id":"kyoto_arashiyama","data_class":"REAL","geometry_status":"SOURCE_TRACEABLE_REAL","layer":null,"layer_reason":"OSM way has no layer tag","level":null,"level_reason":"OSM way has no level tag","lineage":["OpenStreetMap way and original node IDs","fixed-time bounded Overpass response retained as exact bytes","consecutive source-node segmentation; no crossing-node invention"],"revision_id":"osm-2026-08-29-v1","source_class":"VGI","source_feature_id":"way/779011016#segment/6","source_id":"openstreetmap-overpass-arashiyama-20260829","stable_feature_id":"kyoto-arashiyama:osm-way-000779011016:nodes-000736396162-007273599762","tunnel":"UNKNOWN","tunnel_reason":"OSM way has no tunnel tag"},"type":"Feature"},{"geometry":{"coordinates":[[135.6767324,35.0116255],[135.6766063,35.0116818]],"type":"LineString"},"id":"kyoto-arashiyama:osm-way-000779011016:nodes-007273598566-007273598567","properties":{"artifact_id":"arashiyama-osm-corridor-v1","bridge":"UNKNOWN","bridge_reason":"OSM way has no bridge tag","city_id":"kyoto_arashiyama","data_class":"REAL","geometry_status":"SOURCE_TRACEABLE_REAL","layer":null,"layer_reason":"OSM way has no layer tag","level":null,"level_reason":"OSM way has no level tag","lineage":["OpenStreetMap way and original node IDs","fixed-time bounded Overpass response retained as exact bytes","consecutive source-node segmentation; no crossing-node invention"],"revision_id":"osm-2026-08-29-v1","source_class":"VGI","source_feature_id":"way/779011016#segment/2","source_id":"openstreetmap-overpass-arashiyama-20260829","stable_feature_id":"kyoto-arashiyama:osm-way-000779011016:nodes-007273598566-007273598567","tunnel":"UNKNOWN","tunnel_reason":"OSM way has no tunnel tag"},"type":"Feature"},{"geometry":{"coordinates":[[135.6766063,35.0116818],[135.676489,35.0117432]],"type":"LineString"},"id":"kyoto-arashiyama:osm-way-000779011016:nodes-007273598566-007273599764","properties":{"artifact_id":"arashiyama-osm-corridor-v1","bridge":"UNKNOWN","bridge_reason":"OSM way has no bridge tag","city_id":"kyoto_arashiyama","data_class":"REAL","geometry_status":"SOURCE_TRACEABLE_REAL","layer":null,"layer_reason":"OSM way has no layer tag","level":null,"level_reason":"OSM way has no level tag","lineage":["OpenStreetMap way and original node IDs","fixed-time bounded Overpass response retained as exact bytes","consecutive source-node segmentation; no crossing-node invention"],"revision_id":"osm-2026-08-29-v1","source_class":"VGI","source_feature_id":"way/779011016#segment/3","source_id":"openstreetmap-overpass-arashiyama-20260829","stable_feature_id":"kyoto-arashiyama:osm-way-000779011016:nodes-007273598566-007273599764","tunnel":"UNKNOWN","tunnel_reason":"OSM way has no tunnel tag"},"type":"Feature"},{"geometry":{"coordinates":[[135.6763661,35.0118076],[135.6763228,35.0118213]],"type":"LineString"},"id":"kyoto-arashiyama:osm-way-000779011016:nodes-007273598568-007273599762","properties":{"artifact_id":"arashiyama-osm-corridor-v1","bridge":"UNKNOWN","bridge_reason":"OSM way has no bridge tag","city_id":"kyoto_arashiyama","data_class":"REAL","geometry_status":"SOURCE_TRACEABLE_REAL","layer":null,"layer_reason":"OSM way has no layer tag","level":null,"level_reason":"OSM way has no level tag","lineage":["OpenStreetMap way and original node IDs","fixed-time bounded Overpass response retained as exact bytes","consecutive source-node segmentation; no crossing-node invention"],"revision_id":"osm-2026-08-29-v1","source_class":"VGI","source_feature_id":"way/779011016#segment/5","source_id":"openstreetmap-overpass-arashiyama-20260829","stable_feature_id":"kyoto-arashiyama:osm-way-000779011016:nodes-007273598568-007273599762","tunnel":"UNKNOWN","tunnel_reason":"OSM way has no tunnel tag"},"type":"Feature"},{"geometry":{"coordinates":[[135.676489,35.0117432],[135.6763661,35.0118076]],"type":"LineString"},"id":"kyoto-arashiyama:osm-way-000779011016:nodes-007273598568-007273599764","properties":{"artifact_id":"arashiyama-osm-corridor-v1","bridge":"UNKNOWN","bridge_reason":"OSM way has no bridge tag","city_id":"kyoto_arashiyama","data_class":"REAL","geometry_status":"SOURCE_TRACEABLE_REAL","layer":null,"layer_reason":"OSM way has no layer tag","level":null,"level_reason":"OSM way has no level tag","lineage":["OpenStreetMap way and original node IDs","fixed-time bounded Overpass response retained as exact bytes","consecutive source-node segmentation; no crossing-node invention"],"revision_id":"osm-2026-08-29-v1","source_class":"VGI","source_feature_id":"way/779011016#segment/4","source_id":"openstreetmap-overpass-arashiyama-20260829","stable_feature_id":"kyoto-arashiyama:osm-way-000779011016:nodes-007273598568-007273599764","tunnel":"UNKNOWN","tunnel_reason":"OSM way has no tunnel tag"},"type":"Feature"},{"geometry":{"coordinates":[[135.6769451,35.0115303],[135.676858,35.0115598]],"type":"LineString"},"id":"kyoto-arashiyama:osm-way-000779011017:nodes-007273598705-007273598773","properties":{"artifact_id":"arashiyama-osm-corridor-v1","bridge":true,"bridge_reason":null,"city_id":"kyoto_arashiyama","data_class":"REAL","geometry_status":"SOURCE_TRACEABLE_REAL","layer":1,"layer_reason":null,"level":null,"level_reason":"OSM way has no level tag","lineage":["OpenStreetMap way and original node IDs","fixed-time bounded Overpass response retained as exact bytes","consecutive source-node segmentation; no crossing-node invention"],"revision_id":"osm-2026-08-29-v1","source_class":"VGI","source_feature_id":"way/779011017#segment/0","source_id":"openstreetmap-overpass-arashiyama-20260829","stable_feature_id":"kyoto-arashiyama:osm-way-000779011017:nodes-007273598705-007273598773","tunnel":"UNKNOWN","tunnel_reason":"OSM way has no tunnel tag"},"type":"Feature"},{"geometry":{"coordinates":[[135.6765225,35.0115722],[135.6764351,35.0116678]],"type":"LineString"},"id":"kyoto-arashiyama:osm-way-000779017396:nodes-007273599760-007273599763","properties":{"artifact_id":"arashiyama-osm-corridor-v1","bridge":"UNKNOWN","bridge_reason":"OSM way has no bridge tag","city_id":"kyoto_arashiyama","data_class":"REAL","geometry_status":"SOURCE_TRACEABLE_REAL","layer":null,"layer_reason":"OSM way has no layer tag","level":null,"level_reason":"OSM way has no level tag","lineage":["OpenStreetMap way and original node IDs","fixed-time bounded Overpass response retained as exact bytes","consecutive source-node segmentation; no crossing-node invention"],"revision_id":"osm-2026-08-29-v1","source_class":"VGI","source_feature_id":"way/779017396#segment/0","source_id":"openstreetmap-overpass-arashiyama-20260829","stable_feature_id":"kyoto-arashiyama:osm-way-000779017396:nodes-007273599760-007273599763","tunnel":"UNKNOWN","tunnel_reason":"OSM way has no tunnel tag"},"type":"Feature"},{"geometry":{"coordinates":[[135.6763594,35.0117512],[135.6763228,35.0118213]],"type":"LineString"},"id":"kyoto-arashiyama:osm-way-000779017396:nodes-007273599761-007273599762","properties":{"artifact_id":"arashiyama-osm-corridor-v1","bridge":"UNKNOWN","bridge_reason":"OSM way has no bridge tag","city_id":"kyoto_arashiyama","data_class":"REAL","geometry_status":"SOURCE_TRACEABLE_REAL","layer":null,"layer_reason":"OSM way has no layer tag","level":null,"level_reason":"OSM way has no level tag","lineage":["OpenStreetMap way and original node IDs","fixed-time bounded Overpass response retained as exact bytes","consecutive source-node segmentation; no crossing-node invention"],"revision_id":"osm-2026-08-29-v1","source_class":"VGI","source_feature_id":"way/779017396#segment/2","source_id":"openstreetmap-overpass-arashiyama-20260829","stable_feature_id":"kyoto-arashiyama:osm-way-000779017396:nodes-007273599761-007273599762","tunnel":"UNKNOWN","tunnel_reason":"OSM way has no tunnel tag"},"type":"Feature"},{"geometry":{"coordinates":[[135.6764351,35.0116678],[135.6763594,35.0117512]],"type":"LineString"},"id":"kyoto-arashiyama:osm-way-000779017396:nodes-007273599761-007273599763","properties":{"artifact_id":"arashiyama-osm-corridor-v1","bridge":"UNKNOWN","bridge_reason":"OSM way has no bridge tag","city_id":"kyoto_arashiyama","data_class":"REAL","geometry_status":"SOURCE_TRACEABLE_REAL","layer":null,"layer_reason":"OSM way has no layer tag","level":null,"level_reason":"OSM way has no level tag","lineage":["OpenStreetMap way and original node IDs","fixed-time bounded Overpass response retained as exact bytes","consecutive source-node segmentation; no crossing-node invention"],"revision_id":"osm-2026-08-29-v1","source_class":"VGI","source_feature_id":"way/779017396#segment/1","source_id":"openstreetmap-overpass-arashiyama-20260829","stable_feature_id":"kyoto-arashiyama:osm-way-000779017396:nodes-007273599761-007273599763","tunnel":"UNKNOWN","tunnel_reason":"OSM way has no tunnel tag"},"type":"Feature"},{"geometry":{"coordinates":[[135.6764351,35.0116678],[135.676489,35.0117432]],"type":"LineString"},"id":"kyoto-arashiyama:osm-way-000779017397:nodes-007273599763-007273599764","properties":{"artifact_id":"arashiyama-osm-corridor-v1","bridge":"UNKNOWN","bridge_reason":"OSM way has no bridge tag","city_id":"kyoto_arashiyama","data_class":"REAL","geometry_status":"SOURCE_TRACEABLE_REAL","layer":null,"layer_reason":"OSM way has no layer tag","level":null,"level_reason":"OSM way has no level tag","lineage":["OpenStreetMap way and original node IDs","fixed-time bounded Overpass response retained as exact bytes","consecutive source-node segmentation; no crossing-node invention"],"revision_id":"osm-2026-08-29-v1","source_class":"VGI","source_feature_id":"way/779017397#segment/0","source_id":"openstreetmap-overpass-arashiyama-20260829","stable_feature_id":"kyoto-arashiyama:osm-way-000779017397:nodes-007273599763-007273599764","tunnel":"UNKNOWN","tunnel_reason":"OSM way has no tunnel tag"},"type":"Feature"},{"geometry":{"coordinates":[[135.676584,35.0114814],[135.6765225,35.0115722]],"type":"LineString"},"id":"kyoto-arashiyama:osm-way-000779025480:nodes-007273599760-007273698122","properties":{"artifact_id":"arashiyama-osm-corridor-v1","bridge":"UNKNOWN","bridge_reason":"OSM way has no bridge tag","city_id":"kyoto_arashiyama","data_class":"REAL","geometry_status":"SOURCE_TRACEABLE_REAL","layer":null,"layer_reason":"OSM way has no layer tag","level":null,"level_reason":"OSM way has no level tag","lineage":["OpenStreetMap way and original node IDs","fixed-time bounded Overpass response retained as exact bytes","consecutive source-node segmentation; no crossing-node invention"],"revision_id":"osm-2026-08-29-v1","source_class":"VGI","source_feature_id":"way/779025480#segment/1","source_id":"openstreetmap-overpass-arashiyama-20260829","stable_feature_id":"kyoto-arashiyama:osm-way-000779025480:nodes-007273599760-007273698122","tunnel":"UNKNOWN","tunnel_reason":"OSM way has no tunnel tag"},"type":"Feature"},{"geometry":{"coordinates":[[135.6766222,35.011425],[135.676584,35.0114814]],"type":"LineString"},"id":"kyoto-arashiyama:osm-way-000779025480:nodes-007273698121-007273698122","properties":{"artifact_id":"arashiyama-osm-corridor-v1","bridge":"UNKNOWN","bridge_reason":"OSM way has no bridge tag","city_id":"kyoto_arashiyama","data_class":"REAL","geometry_status":"SOURCE_TRACEABLE_REAL","layer":null,"layer_reason":"OSM way has no layer tag","level":null,"level_reason":"OSM way has no level tag","lineage":["OpenStreetMap way and original node IDs","fixed-time bounded Overpass response retained as exact bytes","consecutive source-node segmentation; no crossing-node invention"],"revision_id":"osm-2026-08-29-v1","source_class":"VGI","source_feature_id":"way/779025480#segment/0","source_id":"openstreetmap-overpass-arashiyama-20260829","stable_feature_id":"kyoto-arashiyama:osm-way-000779025480:nodes-007273698121-007273698122","tunnel":"UNKNOWN","tunnel_reason":"OSM way has no tunnel tag"},"type":"Feature"},{"geometry":{"coordinates":[[135.6766427,35.0115093],[135.676584,35.0114814]],"type":"LineString"},"id":"kyoto-arashiyama:osm-way-000779025481:nodes-001212123892-007273698122","properties":{"artifact_id":"arashiyama-osm-corridor-v1","bridge":"UNKNOWN","bridge_reason":"OSM way has no bridge tag","city_id":"kyoto_arashiyama","data_class":"REAL","geometry_status":"SOURCE_TRACEABLE_REAL","layer":null,"layer_reason":"OSM way has no layer tag","level":null,"level_reason":"OSM way has no level tag","lineage":["OpenStreetMap way and original node IDs","fixed-time bounded Overpass response retained as exact bytes","consecutive source-node segmentation; no crossing-node invention"],"revision_id":"osm-2026-08-29-v1","source_class":"VGI","source_feature_id":"way/779025481#segment/0","source_id":"openstreetmap-overpass-arashiyama-20260829","stable_feature_id":"kyoto-arashiyama:osm-way-000779025481:nodes-001212123892-007273698122","tunnel":"UNKNOWN","tunnel_reason":"OSM way has no tunnel tag"},"type":"Feature"},{"geometry":{"coordinates":[[135.676584,35.0114814],[135.6765338,35.0114574]],"type":"LineString"},"id":"kyoto-arashiyama:osm-way-000779025481:nodes-007273698122-007273698123","properties":{"artifact_id":"arashiyama-osm-corridor-v1","bridge":"UNKNOWN","bridge_reason":"OSM way has no bridge tag","city_id":"kyoto_arashiyama","data_class":"REAL","geometry_status":"SOURCE_TRACEABLE_REAL","layer":null,"layer_reason":"OSM way has no layer tag","level":null,"level_reason":"OSM way has no level tag","lineage":["OpenStreetMap way and original node IDs","fixed-time bounded Overpass response retained as exact bytes","consecutive source-node segmentation; no crossing-node invention"],"revision_id":"osm-2026-08-29-v1","source_class":"VGI","source_feature_id":"way/779025481#segment/1","source_id":"openstreetmap-overpass-arashiyama-20260829","stable_feature_id":"kyoto-arashiyama:osm-way-000779025481:nodes-007273698122-007273698123","tunnel":"UNKNOWN","tunnel_reason":"OSM way has no tunnel tag"},"type":"Feature"},{"geometry":{"coordinates":[[135.6795733,35.0137449],[135.6796743,35.0137506]],"type":"LineString"},"id":"kyoto-arashiyama:osm-way-000804237620:nodes-001943229963-003255952300","properties":{"artifact_id":"arashiyama-osm-corridor-v1","bridge":"UNKNOWN","bridge_reason":"OSM way has no bridge tag","city_id":"kyoto_arashiyama","data_class":"REAL","geometry_status":"SOURCE_TRACEABLE_REAL","layer":null,"layer_reason":"OSM way has no layer tag","level":null,"level_reason":"OSM way has no level tag","lineage":["OpenStreetMap way and original node IDs","fixed-time bounded Overpass response retained as exact bytes","consecutive source-node segmentation; no crossing-node invention"],"revision_id":"osm-2026-08-29-v1","source_class":"VGI","source_feature_id":"way/804237620#segment/0","source_id":"openstreetmap-overpass-arashiyama-20260829","stable_feature_id":"kyoto-arashiyama:osm-way-000804237620:nodes-001943229963-003255952300","tunnel":"UNKNOWN","tunnel_reason":"OSM way has no tunnel tag"},"type":"Feature"},{"geometry":{"coordinates":[[135.6796743,35.0137506],[135.6799126,35.013764]],"type":"LineString"},"id":"kyoto-arashiyama:osm-way-000804237620:nodes-001943229963-009690929859","properties":{"artifact_id":"arashiyama-osm-corridor-v1","bridge":"UNKNOWN","bridge_reason":"OSM way has no bridge tag","city_id":"kyoto_arashiyama","data_class":"REAL","geometry_status":"SOURCE_TRACEABLE_REAL","layer":null,"layer_reason":"OSM way has no layer tag","level":null,"level_reason":"OSM way has no level tag","lineage":["OpenStreetMap way and original node IDs","fixed-time bounded Overpass response retained as exact bytes","consecutive source-node segmentation; no crossing-node invention"],"revision_id":"osm-2026-08-29-v1","source_class":"VGI","source_feature_id":"way/804237620#segment/1","source_id":"openstreetmap-overpass-arashiyama-20260829","stable_feature_id":"kyoto-arashiyama:osm-way-000804237620:nodes-001943229963-009690929859","tunnel":"UNKNOWN","tunnel_reason":"OSM way has no tunnel tag"},"type":"Feature"},{"geometry":{"coordinates":[[135.6799126,35.013764],[135.680089,35.0137739]],"type":"LineString"},"id":"kyoto-arashiyama:osm-way-000804237620:nodes-003255952320-009690929859","properties":{"artifact_id":"arashiyama-osm-corridor-v1","bridge":"UNKNOWN","bridge_reason":"OSM way has no bridge tag","city_id":"kyoto_arashiyama","data_class":"REAL","geometry_status":"SOURCE_TRACEABLE_REAL","layer":null,"layer_reason":"OSM way has no layer tag","level":null,"level_reason":"OSM way has no level tag","lineage":["OpenStreetMap way and original node IDs","fixed-time bounded Overpass response retained as exact bytes","consecutive source-node segmentation; no crossing-node invention"],"revision_id":"osm-2026-08-29-v1","source_class":"VGI","source_feature_id":"way/804237620#segment/2","source_id":"openstreetmap-overpass-arashiyama-20260829","stable_feature_id":"kyoto-arashiyama:osm-way-000804237620:nodes-003255952320-009690929859","tunnel":"UNKNOWN","tunnel_reason":"OSM way has no tunnel tag"},"type":"Feature"},{"geometry":{"coordinates":[[135.6773859,35.0113819],[135.677363,35.0113338]],"type":"LineString"},"id":"kyoto-arashiyama:osm-way-001017092062:nodes-000310718799-000736395986","properties":{"artifact_id":"arashiyama-osm-corridor-v1","bridge":"UNKNOWN","bridge_reason":"OSM way has no bridge tag","city_id":"kyoto_arashiyama","data_class":"REAL","geometry_status":"SOURCE_TRACEABLE_REAL","layer":null,"layer_reason":"OSM way has no layer tag","level":null,"level_reason":"OSM way has no level tag","lineage":["OpenStreetMap way and original node IDs","fixed-time bounded Overpass response retained as exact bytes","consecutive source-node segmentation; no crossing-node invention"],"revision_id":"osm-2026-08-29-v1","source_class":"VGI","source_feature_id":"way/1017092062#segment/0","source_id":"openstreetmap-overpass-arashiyama-20260829","stable_feature_id":"kyoto-arashiyama:osm-way-001017092062:nodes-000310718799-000736395986","tunnel":"UNKNOWN","tunnel_reason":"OSM way has no tunnel tag"},"type":"Feature"},{"geometry":{"coordinates":[[135.677363,35.0113338],[135.6773741,35.0112615]],"type":"LineString"},"id":"kyoto-arashiyama:osm-way-001017092062:nodes-000310718799-003832850896","properties":{"artifact_id":"arashiyama-osm-corridor-v1","bridge":"UNKNOWN","bridge_reason":"OSM way has no bridge tag","city_id":"kyoto_arashiyama","data_class":"REAL","geometry_status":"SOURCE_TRACEABLE_REAL","layer":null,"layer_reason":"OSM way has no layer tag","level":null,"level_reason":"OSM way has no level tag","lineage":["OpenStreetMap way and original node IDs","fixed-time bounded Overpass response retained as exact bytes","consecutive source-node segmentation; no crossing-node invention"],"revision_id":"osm-2026-08-29-v1","source_class":"VGI","source_feature_id":"way/1017092062#segment/1","source_id":"openstreetmap-overpass-arashiyama-20260829","stable_feature_id":"kyoto-arashiyama:osm-way-001017092062:nodes-000310718799-003832850896","tunnel":"UNKNOWN","tunnel_reason":"OSM way has no tunnel tag"},"type":"Feature"},{"geometry":{"coordinates":[[135.6796483,35.0096132],[135.6797256,35.0096273]],"type":"LineString"},"id":"kyoto-arashiyama:osm-way-001017092062:nodes-000310718800-003832850892","properties":{"artifact_id":"arashiyama-osm-corridor-v1","bridge":"UNKNOWN","bridge_reason":"OSM way has no bridge tag","city_id":"kyoto_arashiyama","data_class":"REAL","geometry_status":"SOURCE_TRACEABLE_REAL","layer":null,"layer_reason":"OSM way has no layer tag","level":null,"level_reason":"OSM way has no level tag","lineage":["OpenStreetMap way and original node IDs","fixed-time bounded Overpass response retained as exact bytes","consecutive source-node segmentation; no crossing-node invention"],"revision_id":"osm-2026-08-29-v1","source_class":"VGI","source_feature_id":"way/1017092062#segment/12","source_id":"openstreetmap-overpass-arashiyama-20260829","stable_feature_id":"kyoto-arashiyama:osm-way-001017092062:nodes-000310718800-003832850892","tunnel":"UNKNOWN","tunnel_reason":"OSM way has no tunnel tag"},"type":"Feature"},{"geometry":{"coordinates":[[135.6796047,35.0096286],[135.6796483,35.0096132]],"type":"LineString"},"id":"kyoto-arashiyama:osm-way-001017092062:nodes-000310718800-003832850893","properties":{"artifact_id":"arashiyama-osm-corridor-v1","bridge":"UNKNOWN","bridge_reason":"OSM way has no bridge tag","city_id":"kyoto_arashiyama","data_class":"REAL","geometry_status":"SOURCE_TRACEABLE_REAL","layer":null,"layer_reason":"OSM way has no layer tag","level":null,"level_reason":"OSM way has no level tag","lineage":["OpenStreetMap way and original node IDs","fixed-time bounded Overpass response retained as exact bytes","consecutive source-node segmentation; no crossing-node invention"],"revision_id":"osm-2026-08-29-v1","source_class":"VGI","source_feature_id":"way/1017092062#segment/11","source_id":"openstreetmap-overpass-arashiyama-20260829","stable_feature_id":"kyoto-arashiyama:osm-way-001017092062:nodes-000310718800-003832850893","tunnel":"UNKNOWN","tunnel_reason":"OSM way has no tunnel tag"},"type":"Feature"},{"geometry":{"coordinates":[[135.677804,35.0109395],[135.6784172,35.0104002]],"type":"LineString"},"id":"kyoto-arashiyama:osm-way-001017092062:nodes-000605405498-003256136833","properties":{"artifact_id":"arashiyama-osm-corridor-v1","bridge":"UNKNOWN","bridge_reason":"OSM way has no bridge tag","city_id":"kyoto_arashiyama","data_class":"REAL","geometry_status":"SOURCE_TRACEABLE_REAL","layer":null,"layer_reason":"OSM way has no layer tag","level":null,"level_reason":"OSM way has no level tag","lineage":["OpenStreetMap way and original node IDs","fixed-time bounded Overpass response retained as exact bytes","consecutive source-node segmentation; no crossing-node invention"],"revision_id":"osm-2026-08-29-v1","source_class":"VGI","source_feature_id":"way/1017092062#segment/4","source_id":"openstreetmap-overpass-arashiyama-20260829","stable_feature_id":"kyoto-arashiyama:osm-way-001017092062:nodes-000605405498-003256136833","tunnel":"UNKNOWN","tunnel_reason":"OSM way has no tunnel tag"},"type":"Feature"},{"geometry":{"coordinates":[[135.6775078,35.0111614],[135.677804,35.0109395]],"type":"LineString"},"id":"kyoto-arashiyama:osm-way-001017092062:nodes-000605405498-005064078644","properties":{"artifact_id":"arashiyama-osm-corridor-v1","bridge":"UNKNOWN","bridge_reason":"OSM way has no bridge tag","city_id":"kyoto_arashiyama","data_class":"REAL","geometry_status":"SOURCE_TRACEABLE_REAL","layer":null,"layer_reason":"OSM way has no layer tag","level":null,"level_reason":"OSM way has no level tag","lineage":["OpenStreetMap way and original node IDs","fixed-time bounded Overpass response retained as exact bytes","consecutive source-node segmentation; no crossing-node invention"],"revision_id":"osm-2026-08-29-v1","source_class":"VGI","source_feature_id":"way/1017092062#segment/3","source_id":"openstreetmap-overpass-arashiyama-20260829","stable_feature_id":"kyoto-arashiyama:osm-way-001017092062:nodes-000605405498-005064078644","tunnel":"UNKNOWN","tunnel_reason":"OSM way has no tunnel tag"},"type":"Feature"},{"geometry":{"coordinates":[[135.6787104,35.0102571],[135.6787791,35.0102209]],"type":"LineString"},"id":"kyoto-arashiyama:osm-way-001017092062:nodes-001411953186-001412234504","properties":{"artifact_id":"arashiyama-osm-corridor-v1","bridge":"UNKNOWN","bridge_reason":"OSM way has no bridge tag","city_id":"kyoto_arashiyama","data_class":"REAL","geometry_status":"SOURCE_TRACEABLE_REAL","layer":null,"layer_reason":"OSM way has no layer tag","level":null,"level_reason":"OSM way has no level tag","lineage":["OpenStreetMap way and original node IDs","fixed-time bounded Overpass response retained as exact bytes","consecutive source-node segmentation; no crossing-node invention"],"revision_id":"osm-2026-08-29-v1","source_class":"VGI","source_feature_id":"way/1017092062#segment/6","source_id":"openstreetmap-overpass-arashiyama-20260829","stable_feature_id":"kyoto-arashiyama:osm-way-001017092062:nodes-001411953186-001412234504","tunnel":"UNKNOWN","tunnel_reason":"OSM way has no tunnel tag"},"type":"Feature"},{"geometry":{"coordinates":[[135.6787791,35.0102209],[135.6790386,35.0100617]],"type":"LineString"},"id":"kyoto-arashiyama:osm-way-001017092062:nodes-001411953186-003832850895","properties":{"artifact_id":"arashiyama-osm-corridor-v1","bridge":"UNKNOWN","bridge_reason":"OSM way has no bridge tag","city_id":"kyoto_arashiyama","data_class":"REAL","geometry_status":"SOURCE_TRACEABLE_REAL","layer":null,"layer_reason":"OSM way has no layer tag","level":null,"level_reason":"OSM way has no level tag","lineage":["OpenStreetMap way and original node IDs","fixed-time bounded Overpass response retained as exact bytes","consecutive source-node segmentation; no crossing-node invention"],"revision_id":"osm-2026-08-29-v1","source_class":"VGI","source_feature_id":"way/1017092062#segment/7","source_id":"openstreetmap-overpass-arashiyama-20260829","stable_feature_id":"kyoto-arashiyama:osm-way-001017092062:nodes-001411953186-003832850895","tunnel":"UNKNOWN","tunnel_reason":"OSM way has no tunnel tag"},"type":"Feature"},{"geometry":{"coordinates":[[135.6793688,35.0098347],[135.6796047,35.0096286]],"type":"LineString"},"id":"kyoto-arashiyama:osm-way-001017092062:nodes-001412234429-003832850893","properties":{"artifact_id":"arashiyama-osm-corridor-v1","bridge":"UNKNOWN","bridge_reason":"OSM way has no bridge tag","city_id":"kyoto_arashiyama","data_class":"REAL","geometry_status":"SOURCE_TRACEABLE_REAL","layer":null,"layer_reason":"OSM way has no layer tag","level":null,"level_reason":"OSM way has no level tag","lineage":["OpenStreetMap way and original node IDs","fixed-time bounded Overpass response retained as exact bytes","consecutive source-node segmentation; no crossing-node invention"],"revision_id":"osm-2026-08-29-v1","source_class":"VGI","source_feature_id":"way/1017092062#segment/10","source_id":"openstreetmap-overpass-arashiyama-20260829","stable_feature_id":"kyoto-arashiyama:osm-way-001017092062:nodes-001412234429-003832850893","tunnel":"UNKNOWN","tunnel_reason":"OSM way has no tunnel tag"},"type":"Feature"},{"geometry":{"coordinates":[[135.6792982,35.0098913],[135.6793688,35.0098347]],"type":"LineString"},"id":"kyoto-arashiyama:osm-way-001017092062:nodes-001412234429-003832850894","properties":{"artifact_id":"arashiyama-osm-corridor-v1","bridge":"UNKNOWN","bridge_reason":"OSM way has no bridge tag","city_id":"kyoto_arashiyama","data_class":"REAL","geometry_status":"SOURCE_TRACEABLE_REAL","layer":null,"layer_reason":"OSM way has no layer tag","level":null,"level_reason":"OSM way has no level tag","lineage":["OpenStreetMap way and original node IDs","fixed-time bounded Overpass response retained as exact bytes","consecutive source-node segmentation; no crossing-node invention"],"revision_id":"osm-2026-08-29-v1","source_class":"VGI","source_feature_id":"way/1017092062#segment/9","source_id":"openstreetmap-overpass-arashiyama-20260829","stable_feature_id":"kyoto-arashiyama:osm-way-001017092062:nodes-001412234429-003832850894","tunnel":"UNKNOWN","tunnel_reason":"OSM way has no tunnel tag"},"type":"Feature"},{"geometry":{"coordinates":[[135.6784172,35.0104002],[135.6787104,35.0102571]],"type":"LineString"},"id":"kyoto-arashiyama:osm-way-001017092062:nodes-001412234504-003256136833","properties":{"artifact_id":"arashiyama-osm-corridor-v1","bridge":"UNKNOWN","bridge_reason":"OSM way has no bridge tag","city_id":"kyoto_arashiyama","data_class":"REAL","geometry_status":"SOURCE_TRACEABLE_REAL","layer":null,"layer_reason":"OSM way has no layer tag","level":null,"level_reason":"OSM way has no level tag","lineage":["OpenStreetMap way and original node IDs","fixed-time bounded Overpass response retained as exact bytes","consecutive source-node segmentation; no crossing-node invention"],"revision_id":"osm-2026-08-29-v1","source_class":"VGI","source_feature_id":"way/1017092062#segment/5","source_id":"openstreetmap-overpass-arashiyama-20260829","stable_feature_id":"kyoto-arashiyama:osm-way-001017092062:nodes-001412234504-003256136833","tunnel":"UNKNOWN","tunnel_reason":"OSM way has no tunnel tag"},"type":"Feature"},{"geometry":{"coordinates":[[135.6790386,35.0100617],[135.6792982,35.0098913]],"type":"LineString"},"id":"kyoto-arashiyama:osm-way-001017092062:nodes-003832850894-003832850895","properties":{"artifact_id":"arashiyama-osm-corridor-v1","bridge":"UNKNOWN","bridge_reason":"OSM way has no bridge tag","city_id":"kyoto_arashiyama","data_class":"REAL","geometry_status":"SOURCE_TRACEABLE_REAL","layer":null,"layer_reason":"OSM way has no layer tag","level":null,"level_reason":"OSM way has no level tag","lineage":["OpenStreetMap way and original node IDs","fixed-time bounded Overpass response retained as exact bytes","consecutive source-node segmentation; no crossing-node invention"],"revision_id":"osm-2026-08-29-v1","source_class":"VGI","source_feature_id":"way/1017092062#segment/8","source_id":"openstreetmap-overpass-arashiyama-20260829","stable_feature_id":"kyoto-arashiyama:osm-way-001017092062:nodes-003832850894-003832850895","tunnel":"UNKNOWN","tunnel_reason":"OSM way has no tunnel tag"},"type":"Feature"},{"geometry":{"coordinates":[[135.6773741,35.0112615],[135.6775078,35.0111614]],"type":"LineString"},"id":"kyoto-arashiyama:osm-way-001017092062:nodes-003832850896-005064078644","properties":{"artifact_id":"arashiyama-osm-corridor-v1","bridge":"UNKNOWN","bridge_reason":"OSM way has no bridge tag","city_id":"kyoto_arashiyama","data_class":"REAL","geometry_status":"SOURCE_TRACEABLE_REAL","layer":null,"layer_reason":"OSM way has no layer tag","level":null,"level_reason":"OSM way has no level tag","lineage":["OpenStreetMap way and original node IDs","fixed-time bounded Overpass response retained as exact bytes","consecutive source-node segmentation; no crossing-node invention"],"revision_id":"osm-2026-08-29-v1","source_class":"VGI","source_feature_id":"way/1017092062#segment/2","source_id":"openstreetmap-overpass-arashiyama-20260829","stable_feature_id":"kyoto-arashiyama:osm-way-001017092062:nodes-003832850896-005064078644","tunnel":"UNKNOWN","tunnel_reason":"OSM way has no tunnel tag"},"type":"Feature"},{"geometry":{"coordinates":[[135.6795733,35.0137449],[135.6795691,35.0137929]],"type":"LineString"},"id":"kyoto-arashiyama:osm-way-001054340956:nodes-003255952300-009689258375","properties":{"artifact_id":"arashiyama-osm-corridor-v1","bridge":"UNKNOWN","bridge_reason":"OSM way has no bridge tag","city_id":"kyoto_arashiyama","data_class":"REAL","geometry_status":"SOURCE_TRACEABLE_REAL","layer":null,"layer_reason":"OSM way has no layer tag","level":null,"level_reason":"OSM way has no level tag","lineage":["OpenStreetMap way and original node IDs","fixed-time bounded Overpass response retained as exact bytes","consecutive source-node segmentation; no crossing-node invention"],"revision_id":"osm-2026-08-29-v1","source_class":"VGI","source_feature_id":"way/1054340956#segment/1","source_id":"openstreetmap-overpass-arashiyama-20260829","stable_feature_id":"kyoto-arashiyama:osm-way-001054340956:nodes-003255952300-009689258375","tunnel":"UNKNOWN","tunnel_reason":"OSM way has no tunnel tag"},"type":"Feature"},{"geometry":{"coordinates":[[135.6795759,35.0136996],[135.6795733,35.0137449]],"type":"LineString"},"id":"kyoto-arashiyama:osm-way-001054340956:nodes-003255952300-009689258376","properties":{"artifact_id":"arashiyama-osm-corridor-v1","bridge":"UNKNOWN","bridge_reason":"OSM way has no bridge tag","city_id":"kyoto_arashiyama","data_class":"REAL","geometry_status":"SOURCE_TRACEABLE_REAL","layer":null,"layer_reason":"OSM way has no layer tag","level":null,"level_reason":"OSM way has no level tag","lineage":["OpenStreetMap way and original node IDs","fixed-time bounded Overpass response retained as exact bytes","consecutive source-node segmentation; no crossing-node invention"],"revision_id":"osm-2026-08-29-v1","source_class":"VGI","source_feature_id":"way/1054340956#segment/0","source_id":"openstreetmap-overpass-arashiyama-20260829","stable_feature_id":"kyoto-arashiyama:osm-way-001054340956:nodes-003255952300-009689258376","tunnel":"UNKNOWN","tunnel_reason":"OSM way has no tunnel tag"},"type":"Feature"},{"geometry":{"coordinates":[[135.6780701,35.01374],[135.6779886,35.0137447]],"type":"LineString"},"id":"kyoto-arashiyama:osm-way-001054340957:nodes-004280313275-009689258378","properties":{"artifact_id":"arashiyama-osm-corridor-v1","bridge":"UNKNOWN","bridge_reason":"OSM way has no bridge tag","city_id":"kyoto_arashiyama","data_class":"REAL","geometry_status":"SOURCE_TRACEABLE_REAL","layer":null,"layer_reason":"OSM way has no layer tag","level":null,"level_reason":"OSM way has no level tag","lineage":["OpenStreetMap way and original node IDs","fixed-time bounded Overpass response retained as exact bytes","consecutive source-node segmentation; no crossing-node invention"],"revision_id":"osm-2026-08-29-v1","source_class":"VGI","source_feature_id":"way/1054340957#segment/8","source_id":"openstreetmap-overpass-arashiyama-20260829","stable_feature_id":"kyoto-arashiyama:osm-way-001054340957:nodes-004280313275-009689258378","tunnel":"UNKNOWN","tunnel_reason":"OSM way has no tunnel tag"},"type":"Feature"},{"geometry":{"coordinates":[[135.6795691,35.0137929],[135.6788912,35.0137529]],"type":"LineString"},"id":"kyoto-arashiyama:osm-way-001054340957:nodes-009689258375-009689258380","properties":{"artifact_id":"arashiyama-osm-corridor-v1","bridge":"UNKNOWN","bridge_reason":"OSM way has no bridge tag","city_id":"kyoto_arashiyama","data_class":"REAL","geometry_status":"SOURCE_TRACEABLE_REAL","layer":null,"layer_reason":"OSM way has no layer tag","level":null,"level_reason":"OSM way has no level tag","lineage":["OpenStreetMap way and original node IDs","fixed-time bounded Overpass response retained as exact bytes","consecutive source-node segmentation; no crossing-node invention"],"revision_id":"osm-2026-08-29-v1","source_class":"VGI","source_feature_id":"way/1054340957#segment/5","source_id":"openstreetmap-overpass-arashiyama-20260829","stable_feature_id":"kyoto-arashiyama:osm-way-001054340957:nodes-009689258375-009689258380","tunnel":"UNKNOWN","tunnel_reason":"OSM way has no tunnel tag"},"type":"Feature"},{"geometry":{"coordinates":[[135.6796734,35.0137991],[135.6795691,35.0137929]],"type":"LineString"},"id":"kyoto-arashiyama:osm-way-001054340957:nodes-009689258375-009690929867","properties":{"artifact_id":"arashiyama-osm-corridor-v1","bridge":"UNKNOWN","bridge_reason":"OSM way has no bridge tag","city_id":"kyoto_arashiyama","data_class":"REAL","geometry_status":"SOURCE_TRACEABLE_REAL","layer":null,"layer_reason":"OSM way has no layer tag","level":null,"level_reason":"OSM way has no level tag","lineage":["OpenStreetMap way and original node IDs","fixed-time bounded Overpass response retained as exact bytes","consecutive source-node segmentation; no crossing-node invention"],"revision_id":"osm-2026-08-29-v1","source_class":"VGI","source_feature_id":"way/1054340957#segment/4","source_id":"openstreetmap-overpass-arashiyama-20260829","stable_feature_id":"kyoto-arashiyama:osm-way-001054340957:nodes-009689258375-009690929867","tunnel":"UNKNOWN","tunnel_reason":"OSM way has no tunnel tag"},"type":"Feature"},{"geometry":{"coordinates":[[135.6785623,35.01374],[135.6780701,35.01374]],"type":"LineString"},"id":"kyoto-arashiyama:osm-way-001054340957:nodes-009689258378-009689258379","properties":{"artifact_id":"arashiyama-osm-corridor-v1","bridge":"UNKNOWN","bridge_reason":"OSM way has no bridge tag","city_id":"kyoto_arashiyama","data_class":"REAL","geometry_status":"SOURCE_TRACEABLE_REAL","layer":null,"layer_reason":"OSM way has no layer tag","level":null,"level_reason":"OSM way has no level tag","lineage":["OpenStreetMap way and original node IDs","fixed-time bounded Overpass response retained as exact bytes","consecutive source-node segmentation; no crossing-node invention"],"revision_id":"osm-2026-08-29-v1","source_class":"VGI","source_feature_id":"way/1054340957#segment/7","source_id":"openstreetmap-overpass-arashiyama-20260829","stable_feature_id":"kyoto-arashiyama:osm-way-001054340957:nodes-009689258378-009689258379","tunnel":"UNKNOWN","tunnel_reason":"OSM way has no tunnel tag"},"type":"Feature"},{"geometry":{"coordinates":[[135.6788912,35.0137529],[135.6785623,35.01374]],"type":"LineString"},"id":"kyoto-arashiyama:osm-way-001054340957:nodes-009689258379-009689258380","properties":{"artifact_id":"arashiyama-osm-corridor-v1","bridge":"UNKNOWN","bridge_reason":"OSM way has no bridge tag","city_id":"kyoto_arashiyama","data_class":"REAL","geometry_status":"SOURCE_TRACEABLE_REAL","layer":null,"layer_reason":"OSM way has no layer tag","level":null,"level_reason":"OSM way has no level tag","lineage":["OpenStreetMap way and original node IDs","fixed-time bounded Overpass response retained as exact bytes","consecutive source-node segmentation; no crossing-node invention"],"revision_id":"osm-2026-08-29-v1","source_class":"VGI","source_feature_id":"way/1054340957#segment/6","source_id":"openstreetmap-overpass-arashiyama-20260829","stable_feature_id":"kyoto-arashiyama:osm-way-001054340957:nodes-009689258379-009689258380","tunnel":"UNKNOWN","tunnel_reason":"OSM way has no tunnel tag"},"type":"Feature"},{"geometry":{"coordinates":[[135.6801505,35.0138528],[135.6801318,35.0138298]],"type":"LineString"},"id":"kyoto-arashiyama:osm-way-001054340957:nodes-009689258381-009689258382","properties":{"artifact_id":"arashiyama-osm-corridor-v1","bridge":"UNKNOWN","bridge_reason":"OSM way has no bridge tag","city_id":"kyoto_arashiyama","data_class":"REAL","geometry_status":"SOURCE_TRACEABLE_REAL","layer":null,"layer_reason":"OSM way has no layer tag","level":null,"level_reason":"OSM way has no level tag","lineage":["OpenStreetMap way and original node IDs","fixed-time bounded Overpass response retained as exact bytes","consecutive source-node segmentation; no crossing-node invention"],"revision_id":"osm-2026-08-29-v1","source_class":"VGI","source_feature_id":"way/1054340957#segment/0","source_id":"openstreetmap-overpass-arashiyama-20260829","stable_feature_id":"kyoto-arashiyama:osm-way-001054340957:nodes-009689258381-009689258382","tunnel":"UNKNOWN","tunnel_reason":"OSM way has no tunnel tag"},"type":"Feature"},{"geometry":{"coordinates":[[135.6801318,35.0138298],[135.6800821,35.0138232]],"type":"LineString"},"id":"kyoto-arashiyama:osm-way-001054340957:nodes-009689258381-009689258385","properties":{"artifact_id":"arashiyama-osm-corridor-v1","bridge":"UNKNOWN","bridge_reason":"OSM way has no bridge tag","city_id":"kyoto_arashiyama","data_class":"REAL","geometry_status":"SOURCE_TRACEABLE_REAL","layer":null,"layer_reason":"OSM way has no layer tag","level":null,"level_reason":"OSM way has no level tag","lineage":["OpenStreetMap way and original node IDs","fixed-time bounded Overpass response retained as exact bytes","consecutive source-node segmentation; no crossing-node invention"],"revision_id":"osm-2026-08-29-v1","source_class":"VGI","source_feature_id":"way/1054340957#segment/1","source_id":"openstreetmap-overpass-arashiyama-20260829","stable_feature_id":"kyoto-arashiyama:osm-way-001054340957:nodes-009689258381-009689258385","tunnel":"UNKNOWN","tunnel_reason":"OSM way has no tunnel tag"},"type":"Feature"},{"geometry":{"coordinates":[[135.6800821,35.0138232],[135.6799085,35.0138129]],"type":"LineString"},"id":"kyoto-arashiyama:osm-way-001054340957:nodes-009689258385-009690929860","properties":{"artifact_id":"arashiyama-osm-corridor-v1","bridge":"UNKNOWN","bridge_reason":"OSM way has no bridge tag","city_id":"kyoto_arashiyama","data_class":"REAL","geometry_status":"SOURCE_TRACEABLE_REAL","layer":null,"layer_reason":"OSM way has no layer tag","level":null,"level_reason":"OSM way has no level tag","lineage":["OpenStreetMap way and original node IDs","fixed-time bounded Overpass response retained as exact bytes","consecutive source-node segmentation; no crossing-node invention"],"revision_id":"osm-2026-08-29-v1","source_class":"VGI","source_feature_id":"way/1054340957#segment/2","source_id":"openstreetmap-overpass-arashiyama-20260829","stable_feature_id":"kyoto-arashiyama:osm-way-001054340957:nodes-009689258385-009690929860","tunnel":"UNKNOWN","tunnel_reason":"OSM way has no tunnel tag"},"type":"Feature"},{"geometry":{"coordinates":[[135.6799085,35.0138129],[135.6796734,35.0137991]],"type":"LineString"},"id":"kyoto-arashiyama:osm-way-001054340957:nodes-009690929860-009690929867","properties":{"artifact_id":"arashiyama-osm-corridor-v1","bridge":"UNKNOWN","bridge_reason":"OSM way has no bridge tag","city_id":"kyoto_arashiyama","data_class":"REAL","geometry_status":"SOURCE_TRACEABLE_REAL","layer":null,"layer_reason":"OSM way has no layer tag","level":null,"level_reason":"OSM way has no level tag","lineage":["OpenStreetMap way and original node IDs","fixed-time bounded Overpass response retained as exact bytes","consecutive source-node segmentation; no crossing-node invention"],"revision_id":"osm-2026-08-29-v1","source_class":"VGI","source_feature_id":"way/1054340957#segment/3","source_id":"openstreetmap-overpass-arashiyama-20260829","stable_feature_id":"kyoto-arashiyama:osm-way-001054340957:nodes-009690929860-009690929867","tunnel":"UNKNOWN","tunnel_reason":"OSM way has no tunnel tag"},"type":"Feature"},{"geometry":{"coordinates":[[135.680089,35.0137739],[135.6800956,35.013732]],"type":"LineString"},"id":"kyoto-arashiyama:osm-way-001054340959:nodes-003255952320-009689258384","properties":{"artifact_id":"arashiyama-osm-corridor-v1","bridge":"UNKNOWN","bridge_reason":"OSM way has no bridge tag","city_id":"kyoto_arashiyama","data_class":"REAL","geometry_status":"SOURCE_TRACEABLE_REAL","layer":null,"layer_reason":"OSM way has no layer tag","level":null,"level_reason":"OSM way has no level tag","lineage":["OpenStreetMap way and original node IDs","fixed-time bounded Overpass response retained as exact bytes","consecutive source-node segmentation; no crossing-node invention"],"revision_id":"osm-2026-08-29-v1","source_class":"VGI","source_feature_id":"way/1054340959#segment/1","source_id":"openstreetmap-overpass-arashiyama-20260829","stable_feature_id":"kyoto-arashiyama:osm-way-001054340959:nodes-003255952320-009689258384","tunnel":"UNKNOWN","tunnel_reason":"OSM way has no tunnel tag"},"type":"Feature"},{"geometry":{"coordinates":[[135.6800821,35.0138232],[135.680089,35.0137739]],"type":"LineString"},"id":"kyoto-arashiyama:osm-way-001054340959:nodes-003255952320-009689258385","properties":{"artifact_id":"arashiyama-osm-corridor-v1","bridge":"UNKNOWN","bridge_reason":"OSM way has no bridge tag","city_id":"kyoto_arashiyama","data_class":"REAL","geometry_status":"SOURCE_TRACEABLE_REAL","layer":null,"layer_reason":"OSM way has no layer tag","level":null,"level_reason":"OSM way has no level tag","lineage":["OpenStreetMap way and original node IDs","fixed-time bounded Overpass response retained as exact bytes","consecutive source-node segmentation; no crossing-node invention"],"revision_id":"osm-2026-08-29-v1","source_class":"VGI","source_feature_id":"way/1054340959#segment/0","source_id":"openstreetmap-overpass-arashiyama-20260829","stable_feature_id":"kyoto-arashiyama:osm-way-001054340959:nodes-003255952320-009689258385","tunnel":"UNKNOWN","tunnel_reason":"OSM way has no tunnel tag"},"type":"Feature"},{"geometry":{"coordinates":[[135.6796743,35.0137506],[135.6796734,35.0137991]],"type":"LineString"},"id":"kyoto-arashiyama:osm-way-001054561732:nodes-001943229963-009690929867","properties":{"artifact_id":"arashiyama-osm-corridor-v1","bridge":"UNKNOWN","bridge_reason":"OSM way has no bridge tag","city_id":"kyoto_arashiyama","data_class":"REAL","geometry_status":"SOURCE_TRACEABLE_REAL","layer":null,"layer_reason":"OSM way has no layer tag","level":null,"level_reason":"OSM way has no level tag","lineage":["OpenStreetMap way and original node IDs","fixed-time bounded Overpass response retained as exact bytes","consecutive source-node segmentation; no crossing-node invention"],"revision_id":"osm-2026-08-29-v1","source_class":"VGI","source_feature_id":"way/1054561732#segment/0","source_id":"openstreetmap-overpass-arashiyama-20260829","stable_feature_id":"kyoto-arashiyama:osm-way-001054561732:nodes-001943229963-009690929867","tunnel":"UNKNOWN","tunnel_reason":"OSM way has no tunnel tag"},"type":"Feature"},{"geometry":{"coordinates":[[135.6796637,35.0143087],[135.679661,35.0144536]],"type":"LineString"},"id":"kyoto-arashiyama:osm-way-001054561732:nodes-001943230027-009690929864","properties":{"artifact_id":"arashiyama-osm-corridor-v1","bridge":"UNKNOWN","bridge_reason":"OSM way has no bridge tag","city_id":"kyoto_arashiyama","data_class":"REAL","geometry_status":"SOURCE_TRACEABLE_REAL","layer":null,"layer_reason":"OSM way has no layer tag","level":null,"level_reason":"OSM way has no level tag","lineage":["OpenStreetMap way and original node IDs","fixed-time bounded Overpass response retained as exact bytes","consecutive source-node segmentation; no crossing-node invention"],"revision_id":"osm-2026-08-29-v1","source_class":"VGI","source_feature_id":"way/1054561732#segment/3","source_id":"openstreetmap-overpass-arashiyama-20260829","stable_feature_id":"kyoto-arashiyama:osm-way-001054561732:nodes-001943230027-009690929864","tunnel":"UNKNOWN","tunnel_reason":"OSM way has no tunnel tag"},"type":"Feature"},{"geometry":{"coordinates":[[135.6796729,35.0138233],[135.6796637,35.0143087]],"type":"LineString"},"id":"kyoto-arashiyama:osm-way-001054561732:nodes-001943230027-009690929866","properties":{"artifact_id":"arashiyama-osm-corridor-v1","bridge":"UNKNOWN","bridge_reason":"OSM way has no bridge tag","city_id":"kyoto_arashiyama","data_class":"REAL","geometry_status":"SOURCE_TRACEABLE_REAL","layer":null,"layer_reason":"OSM way has no layer tag","level":null,"level_reason":"OSM way has no level tag","lineage":["OpenStreetMap way and original node IDs","fixed-time bounded Overpass response retained as exact bytes","consecutive source-node segmentation; no crossing-node invention"],"revision_id":"osm-2026-08-29-v1","source_class":"VGI","source_feature_id":"way/1054561732#segment/2","source_id":"openstreetmap-overpass-arashiyama-20260829","stable_feature_id":"kyoto-arashiyama:osm-way-001054561732:nodes-001943230027-009690929866","tunnel":"UNKNOWN","tunnel_reason":"OSM way has no tunnel tag"},"type":"Feature"},{"geometry":{"coordinates":[[135.6796734,35.0137991],[135.6796729,35.0138233]],"type":"LineString"},"id":"kyoto-arashiyama:osm-way-001054561732:nodes-009690929866-009690929867","properties":{"artifact_id":"arashiyama-osm-corridor-v1","bridge":"UNKNOWN","bridge_reason":"OSM way has no bridge tag","city_id":"kyoto_arashiyama","data_class":"REAL","geometry_status":"SOURCE_TRACEABLE_REAL","layer":null,"layer_reason":"OSM way has no layer tag","level":null,"level_reason":"OSM way has no level tag","lineage":["OpenStreetMap way and original node IDs","fixed-time bounded Overpass response retained as exact bytes","consecutive source-node segmentation; no crossing-node invention"],"revision_id":"osm-2026-08-29-v1","source_class":"VGI","source_feature_id":"way/1054561732#segment/1","source_id":"openstreetmap-overpass-arashiyama-20260829","stable_feature_id":"kyoto-arashiyama:osm-way-001054561732:nodes-009690929866-009690929867","tunnel":"UNKNOWN","tunnel_reason":"OSM way has no tunnel tag"},"type":"Feature"},{"geometry":{"coordinates":[[135.6799085,35.0138129],[135.6799126,35.013764]],"type":"LineString"},"id":"kyoto-arashiyama:osm-way-001054561733:nodes-009690929859-009690929860","properties":{"artifact_id":"arashiyama-osm-corridor-v1","bridge":"UNKNOWN","bridge_reason":"OSM way has no bridge tag","city_id":"kyoto_arashiyama","data_class":"REAL","geometry_status":"SOURCE_TRACEABLE_REAL","layer":null,"layer_reason":"OSM way has no layer tag","level":null,"level_reason":"OSM way has no level tag","lineage":["OpenStreetMap way and original node IDs","fixed-time bounded Overpass response retained as exact bytes","consecutive source-node segmentation; no crossing-node invention"],"revision_id":"osm-2026-08-29-v1","source_class":"VGI","source_feature_id":"way/1054561733#segment/4","source_id":"openstreetmap-overpass-arashiyama-20260829","stable_feature_id":"kyoto-arashiyama:osm-way-001054561733:nodes-009690929859-009690929860","tunnel":"UNKNOWN","tunnel_reason":"OSM way has no tunnel tag"},"type":"Feature"},{"geometry":{"coordinates":[[135.6799068,35.0138338],[135.6799085,35.0138129]],"type":"LineString"},"id":"kyoto-arashiyama:osm-way-001054561733:nodes-009690929860-009690929861","properties":{"artifact_id":"arashiyama-osm-corridor-v1","bridge":"UNKNOWN","bridge_reason":"OSM way has no bridge tag","city_id":"kyoto_arashiyama","data_class":"REAL","geometry_status":"SOURCE_TRACEABLE_REAL","layer":null,"layer_reason":"OSM way has no layer tag","level":null,"level_reason":"OSM way has no level tag","lineage":["OpenStreetMap way and original node IDs","fixed-time bounded Overpass response retained as exact bytes","consecutive source-node segmentation; no crossing-node invention"],"revision_id":"osm-2026-08-29-v1","source_class":"VGI","source_feature_id":"way/1054561733#segment/3","source_id":"openstreetmap-overpass-arashiyama-20260829","stable_feature_id":"kyoto-arashiyama:osm-way-001054561733:nodes-009690929860-009690929861","tunnel":"UNKNOWN","tunnel_reason":"OSM way has no tunnel tag"},"type":"Feature"},{"geometry":{"coordinates":[[135.6799038,35.0139396],[135.6799068,35.0138338]],"type":"LineString"},"id":"kyoto-arashiyama:osm-way-001054561733:nodes-009690929861-009690929862","properties":{"artifact_id":"arashiyama-osm-corridor-v1","bridge":"UNKNOWN","bridge_reason":"OSM way has no bridge tag","city_id":"kyoto_arashiyama","data_class":"REAL","geometry_status":"SOURCE_TRACEABLE_REAL","layer":null,"layer_reason":"OSM way has no layer tag","level":null,"level_reason":"OSM way has no level tag","lineage":["OpenStreetMap way and original node IDs","fixed-time bounded Overpass response retained as exact bytes","consecutive source-node segmentation; no crossing-node invention"],"revision_id":"osm-2026-08-29-v1","source_class":"VGI","source_feature_id":"way/1054561733#segment/2","source_id":"openstreetmap-overpass-arashiyama-20260829","stable_feature_id":"kyoto-arashiyama:osm-way-001054561733:nodes-009690929861-009690929862","tunnel":"UNKNOWN","tunnel_reason":"OSM way has no tunnel tag"},"type":"Feature"},{"geometry":{"coordinates":[[135.679877,35.0140242],[135.6799038,35.0139396]],"type":"LineString"},"id":"kyoto-arashiyama:osm-way-001054561733:nodes-009690929862-009690929863","properties":{"artifact_id":"arashiyama-osm-corridor-v1","bridge":"UNKNOWN","bridge_reason":"OSM way has no bridge tag","city_id":"kyoto_arashiyama","data_class":"REAL","geometry_status":"SOURCE_TRACEABLE_REAL","layer":null,"layer_reason":"OSM way has no layer tag","level":null,"level_reason":"OSM way has no level tag","lineage":["OpenStreetMap way and original node IDs","fixed-time bounded Overpass response retained as exact bytes","consecutive source-node segmentation; no crossing-node invention"],"revision_id":"osm-2026-08-29-v1","source_class":"VGI","source_feature_id":"way/1054561733#segment/1","source_id":"openstreetmap-overpass-arashiyama-20260829","stable_feature_id":"kyoto-arashiyama:osm-way-001054561733:nodes-009690929862-009690929863","tunnel":"UNKNOWN","tunnel_reason":"OSM way has no tunnel tag"},"type":"Feature"},{"geometry":{"coordinates":[[135.679661,35.0144536],[135.679877,35.0140242]],"type":"LineString"},"id":"kyoto-arashiyama:osm-way-001054561733:nodes-009690929863-009690929864","properties":{"artifact_id":"arashiyama-osm-corridor-v1","bridge":"UNKNOWN","bridge_reason":"OSM way has no bridge tag","city_id":"kyoto_arashiyama","data_class":"REAL","geometry_status":"SOURCE_TRACEABLE_REAL","layer":null,"layer_reason":"OSM way has no layer tag","level":null,"level_reason":"OSM way has no level tag","lineage":["OpenStreetMap way and original node IDs","fixed-time bounded Overpass response retained as exact bytes","consecutive source-node segmentation; no crossing-node invention"],"revision_id":"osm-2026-08-29-v1","source_class":"VGI","source_feature_id":"way/1054561733#segment/0","source_id":"openstreetmap-overpass-arashiyama-20260829","stable_feature_id":"kyoto-arashiyama:osm-way-001054561733:nodes-009690929863-009690929864","tunnel":"UNKNOWN","tunnel_reason":"OSM way has no tunnel tag"},"type":"Feature"},{"geometry":{"coordinates":[[135.6795832,35.014803],[135.6795296,35.0149919]],"type":"LineString"},"id":"kyoto-arashiyama:osm-way-001054561734:nodes-001943230037-001943230179","properties":{"artifact_id":"arashiyama-osm-corridor-v1","bridge":"UNKNOWN","bridge_reason":"OSM way has no bridge tag","city_id":"kyoto_arashiyama","data_class":"REAL","geometry_status":"SOURCE_TRACEABLE_REAL","layer":null,"layer_reason":"OSM way has no layer tag","level":null,"level_reason":"OSM way has no level tag","lineage":["OpenStreetMap way and original node IDs","fixed-time bounded Overpass response retained as exact bytes","consecutive source-node segmentation; no crossing-node invention"],"revision_id":"osm-2026-08-29-v1","source_class":"VGI","source_feature_id":"way/1054561734#segment/2","source_id":"openstreetmap-overpass-arashiyama-20260829","stable_feature_id":"kyoto-arashiyama:osm-way-001054561734:nodes-001943230037-001943230179","tunnel":"UNKNOWN","tunnel_reason":"OSM way has no tunnel tag"},"type":"Feature"},{"geometry":{"coordinates":[[135.6796583,35.0146031],[135.6795832,35.014803]],"type":"LineString"},"id":"kyoto-arashiyama:osm-way-001054561734:nodes-001943230037-001943230223","properties":{"artifact_id":"arashiyama-osm-corridor-v1","bridge":"UNKNOWN","bridge_reason":"OSM way has no bridge tag","city_id":"kyoto_arashiyama","data_class":"REAL","geometry_status":"SOURCE_TRACEABLE_REAL","layer":null,"layer_reason":"OSM way has no layer tag","level":null,"level_reason":"OSM way has no level tag","lineage":["OpenStreetMap way and original node IDs","fixed-time bounded Overpass response retained as exact bytes","consecutive source-node segmentation; no crossing-node invention"],"revision_id":"osm-2026-08-29-v1","source_class":"VGI","source_feature_id":"way/1054561734#segment/1","source_id":"openstreetmap-overpass-arashiyama-20260829","stable_feature_id":"kyoto-arashiyama:osm-way-001054561734:nodes-001943230037-001943230223","tunnel":"UNKNOWN","tunnel_reason":"OSM way has no tunnel tag"},"type":"Feature"},{"geometry":{"coordinates":[[135.6795296,35.0149919],[135.6793847,35.0152665]],"type":"LineString"},"id":"kyoto-arashiyama:osm-way-001054561734:nodes-001943230179-001943230330","properties":{"artifact_id":"arashiyama-osm-corridor-v1","bridge":"UNKNOWN","bridge_reason":"OSM way has no bridge tag","city_id":"kyoto_arashiyama","data_class":"REAL","geometry_status":"SOURCE_TRACEABLE_REAL","layer":null,"layer_reason":"OSM way has no layer tag","level":null,"level_reason":"OSM way has no level tag","lineage":["OpenStreetMap way and original node IDs","fixed-time bounded Overpass response retained as exact bytes","consecutive source-node segmentation; no crossing-node invention"],"revision_id":"osm-2026-08-29-v1","source_class":"VGI","source_feature_id":"way/1054561734#segment/3","source_id":"openstreetmap-overpass-arashiyama-20260829","stable_feature_id":"kyoto-arashiyama:osm-way-001054561734:nodes-001943230179-001943230330","tunnel":"UNKNOWN","tunnel_reason":"OSM way has no tunnel tag"},"type":"Feature"},{"geometry":{"coordinates":[[135.679661,35.0144536],[135.6796583,35.0146031]],"type":"LineString"},"id":"kyoto-arashiyama:osm-way-001054561734:nodes-001943230223-009690929864","properties":{"artifact_id":"arashiyama-osm-corridor-v1","bridge":"UNKNOWN","bridge_reason":"OSM way has no bridge tag","city_id":"kyoto_arashiyama","data_class":"REAL","geometry_status":"SOURCE_TRACEABLE_REAL","layer":null,"layer_reason":"OSM way has no layer tag","level":null,"level_reason":"OSM way has no level tag","lineage":["OpenStreetMap way and original node IDs","fixed-time bounded Overpass response retained as exact bytes","consecutive source-node segmentation; no crossing-node invention"],"revision_id":"osm-2026-08-29-v1","source_class":"VGI","source_feature_id":"way/1054561734#segment/0","source_id":"openstreetmap-overpass-arashiyama-20260829","stable_feature_id":"kyoto-arashiyama:osm-way-001054561734:nodes-001943230223-009690929864","tunnel":"UNKNOWN","tunnel_reason":"OSM way has no tunnel tag"},"type":"Feature"},{"geometry":{"coordinates":[[135.6778265,35.0109854],[135.6778568,35.0109564]],"type":"LineString"},"id":"kyoto-arashiyama:osm-way-001104524788:nodes-003256137075-010107286722","properties":{"artifact_id":"arashiyama-osm-corridor-v1","bridge":"UNKNOWN","bridge_reason":"OSM way has no bridge tag","city_id":"kyoto_arashiyama","data_class":"REAL","geometry_status":"SOURCE_TRACEABLE_REAL","layer":null,"layer_reason":"OSM way has no layer tag","level":null,"level_reason":"OSM way has no level tag","lineage":["OpenStreetMap way and original node IDs","fixed-time bounded Overpass response retained as exact bytes","consecutive source-node segmentation; no crossing-node invention"],"revision_id":"osm-2026-08-29-v1","source_class":"VGI","source_feature_id":"way/1104524788#segment/0","source_id":"openstreetmap-overpass-arashiyama-20260829","stable_feature_id":"kyoto-arashiyama:osm-way-001104524788:nodes-003256137075-010107286722","tunnel":"UNKNOWN","tunnel_reason":"OSM way has no tunnel tag"},"type":"Feature"},{"geometry":{"coordinates":[[135.6778568,35.0109564],[135.6778814,35.0109328]],"type":"LineString"},"id":"kyoto-arashiyama:osm-way-001104524788:nodes-003256137075-010107286723","properties":{"artifact_id":"arashiyama-osm-corridor-v1","bridge":"UNKNOWN","bridge_reason":"OSM way has no bridge tag","city_id":"kyoto_arashiyama","data_class":"REAL","geometry_status":"SOURCE_TRACEABLE_REAL","layer":null,"layer_reason":"OSM way has no layer tag","level":null,"level_reason":"OSM way has no level tag","lineage":["OpenStreetMap way and original node IDs","fixed-time bounded Overpass response retained as exact bytes","consecutive source-node segmentation; no crossing-node invention"],"revision_id":"osm-2026-08-29-v1","source_class":"VGI","source_feature_id":"way/1104524788#segment/1","source_id":"openstreetmap-overpass-arashiyama-20260829","stable_feature_id":"kyoto-arashiyama:osm-way-001104524788:nodes-003256137075-010107286723","tunnel":"UNKNOWN","tunnel_reason":"OSM way has no tunnel tag"},"type":"Feature"},{"geometry":{"coordinates":[[135.6767485,35.0142307],[135.6767903,35.0139487]],"type":"LineString"},"id":"kyoto-arashiyama:osm-way-001150077267:nodes-010698628302-010698628303","properties":{"artifact_id":"arashiyama-osm-corridor-v1","bridge":"UNKNOWN","bridge_reason":"OSM way has no bridge tag","city_id":"kyoto_arashiyama","data_class":"REAL","geometry_status":"SOURCE_TRACEABLE_REAL","layer":null,"layer_reason":"OSM way has no layer tag","level":null,"level_reason":"OSM way has no level tag","lineage":["OpenStreetMap way and original node IDs","fixed-time bounded Overpass response retained as exact bytes","consecutive source-node segmentation; no crossing-node invention"],"revision_id":"osm-2026-08-29-v1","source_class":"VGI","source_feature_id":"way/1150077267#segment/0","source_id":"openstreetmap-overpass-arashiyama-20260829","stable_feature_id":"kyoto-arashiyama:osm-way-001150077267:nodes-010698628302-010698628303","tunnel":"UNKNOWN","tunnel_reason":"OSM way has no tunnel tag"},"type":"Feature"},{"geometry":{"coordinates":[[135.6764793,35.0135046],[135.6770667,35.0135632]],"type":"LineString"},"id":"kyoto-arashiyama:osm-way-001150077269:nodes-010698690515-010698690516","properties":{"artifact_id":"arashiyama-osm-corridor-v1","bridge":"UNKNOWN","bridge_reason":"OSM way has no bridge tag","city_id":"kyoto_arashiyama","data_class":"REAL","geometry_status":"SOURCE_TRACEABLE_REAL","layer":null,"layer_reason":"OSM way has no layer tag","level":null,"level_reason":"OSM way has no level tag","lineage":["OpenStreetMap way and original node IDs","fixed-time bounded Overpass response retained as exact bytes","consecutive source-node segmentation; no crossing-node invention"],"revision_id":"osm-2026-08-29-v1","source_class":"VGI","source_feature_id":"way/1150077269#segment/0","source_id":"openstreetmap-overpass-arashiyama-20260829","stable_feature_id":"kyoto-arashiyama:osm-way-001150077269:nodes-010698690515-010698690516","tunnel":"UNKNOWN","tunnel_reason":"OSM way has no tunnel tag"},"type":"Feature"},{"geometry":{"coordinates":[[135.6770667,35.0135632],[135.6770595,35.0136127]],"type":"LineString"},"id":"kyoto-arashiyama:osm-way-001150077270:nodes-010698690516-010698690517","properties":{"artifact_id":"arashiyama-osm-corridor-v1","bridge":"UNKNOWN","bridge_reason":"OSM way has no bridge tag","city_id":"kyoto_arashiyama","data_class":"REAL","geometry_status":"SOURCE_TRACEABLE_REAL","layer":null,"layer_reason":"OSM way has no layer tag","level":null,"level_reason":"OSM way has no level tag","lineage":["OpenStreetMap way and original node IDs","fixed-time bounded Overpass response retained as exact bytes","consecutive source-node segmentation; no crossing-node invention"],"revision_id":"osm-2026-08-29-v1","source_class":"VGI","source_feature_id":"way/1150077270#segment/0","source_id":"openstreetmap-overpass-arashiyama-20260829","stable_feature_id":"kyoto-arashiyama:osm-way-001150077270:nodes-010698690516-010698690517","tunnel":"UNKNOWN","tunnel_reason":"OSM way has no tunnel tag"},"type":"Feature"},{"geometry":{"coordinates":[[135.6770595,35.0136127],[135.6770545,35.0136475]],"type":"LineString"},"id":"kyoto-arashiyama:osm-way-001150077271:nodes-010698690517-010698690518","properties":{"artifact_id":"arashiyama-osm-corridor-v1","bridge":"UNKNOWN","bridge_reason":"OSM way has no bridge tag","city_id":"kyoto_arashiyama","data_class":"REAL","geometry_status":"SOURCE_TRACEABLE_REAL","layer":null,"layer_reason":"OSM way has no layer tag","level":null,"level_reason":"OSM way has no level tag","lineage":["OpenStreetMap way and original node IDs","fixed-time bounded Overpass response retained as exact bytes","consecutive source-node segmentation; no crossing-node invention"],"revision_id":"osm-2026-08-29-v1","source_class":"VGI","source_feature_id":"way/1150077271#segment/0","source_id":"openstreetmap-overpass-arashiyama-20260829","stable_feature_id":"kyoto-arashiyama:osm-way-001150077271:nodes-010698690517-010698690518","tunnel":"UNKNOWN","tunnel_reason":"OSM way has no tunnel tag"},"type":"Feature"},{"geometry":{"coordinates":[[135.6770545,35.0136475],[135.6767866,35.0136268]],"type":"LineString"},"id":"kyoto-arashiyama:osm-way-001150077271:nodes-010698690518-010698690519","properties":{"artifact_id":"arashiyama-osm-corridor-v1","bridge":"UNKNOWN","bridge_reason":"OSM way has no bridge tag","city_id":"kyoto_arashiyama","data_class":"REAL","geometry_status":"SOURCE_TRACEABLE_REAL","layer":null,"layer_reason":"OSM way has no layer tag","level":null,"level_reason":"OSM way has no level tag","lineage":["OpenStreetMap way and original node IDs","fixed-time bounded Overpass response retained as exact bytes","consecutive source-node segmentation; no crossing-node invention"],"revision_id":"osm-2026-08-29-v1","source_class":"VGI","source_feature_id":"way/1150077271#segment/1","source_id":"openstreetmap-overpass-arashiyama-20260829","stable_feature_id":"kyoto-arashiyama:osm-way-001150077271:nodes-010698690518-010698690519","tunnel":"UNKNOWN","tunnel_reason":"OSM way has no tunnel tag"},"type":"Feature"},{"geometry":{"coordinates":[[135.6752991,35.0138781],[135.6753882,35.0133498]],"type":"LineString"},"id":"kyoto-arashiyama:osm-way-001208523333:nodes-000605415031-002854305022","properties":{"artifact_id":"arashiyama-osm-corridor-v1","bridge":"UNKNOWN","bridge_reason":"OSM way has no bridge tag","city_id":"kyoto_arashiyama","data_class":"REAL","geometry_status":"SOURCE_TRACEABLE_REAL","layer":null,"layer_reason":"OSM way has no layer tag","level":null,"level_reason":"OSM way has no level tag","lineage":["OpenStreetMap way and original node IDs","fixed-time bounded Overpass response retained as exact bytes","consecutive source-node segmentation; no crossing-node invention"],"revision_id":"osm-2026-08-29-v1","source_class":"VGI","source_feature_id":"way/1208523333#segment/0","source_id":"openstreetmap-overpass-arashiyama-20260829","stable_feature_id":"kyoto-arashiyama:osm-way-001208523333:nodes-000605415031-002854305022","tunnel":"UNKNOWN","tunnel_reason":"OSM way has no tunnel tag"},"type":"Feature"},{"geometry":{"coordinates":[[135.675665,35.0133795],[135.6756281,35.0135857]],"type":"LineString"},"id":"kyoto-arashiyama:osm-way-001217359199:nodes-011279693964-011279693965","properties":{"artifact_id":"arashiyama-osm-corridor-v1","bridge":"UNKNOWN","bridge_reason":"OSM way has no bridge tag","city_id":"kyoto_arashiyama","data_class":"REAL","geometry_status":"SOURCE_TRACEABLE_REAL","layer":null,"layer_reason":"OSM way has no layer tag","level":null,"level_reason":"OSM way has no level tag","lineage":["OpenStreetMap way and original node IDs","fixed-time bounded Overpass response retained as exact bytes","consecutive source-node segmentation; no crossing-node invention"],"revision_id":"osm-2026-08-29-v1","source_class":"VGI","source_feature_id":"way/1217359199#segment/0","source_id":"openstreetmap-overpass-arashiyama-20260829","stable_feature_id":"kyoto-arashiyama:osm-way-001217359199:nodes-011279693964-011279693965","tunnel":"UNKNOWN","tunnel_reason":"OSM way has no tunnel tag"},"type":"Feature"},{"geometry":{"coordinates":[[135.6756281,35.0135857],[135.6756304,35.0136335]],"type":"LineString"},"id":"kyoto-arashiyama:osm-way-001217359199:nodes-011279693965-011279693966","properties":{"artifact_id":"arashiyama-osm-corridor-v1","bridge":"UNKNOWN","bridge_reason":"OSM way has no bridge tag","city_id":"kyoto_arashiyama","data_class":"REAL","geometry_status":"SOURCE_TRACEABLE_REAL","layer":null,"layer_reason":"OSM way has no layer tag","level":null,"level_reason":"OSM way has no level tag","lineage":["OpenStreetMap way and original node IDs","fixed-time bounded Overpass response retained as exact bytes","consecutive source-node segmentation; no crossing-node invention"],"revision_id":"osm-2026-08-29-v1","source_class":"VGI","source_feature_id":"way/1217359199#segment/1","source_id":"openstreetmap-overpass-arashiyama-20260829","stable_feature_id":"kyoto-arashiyama:osm-way-001217359199:nodes-011279693965-011279693966","tunnel":"UNKNOWN","tunnel_reason":"OSM way has no tunnel tag"},"type":"Feature"},{"geometry":{"coordinates":[[135.6756304,35.0136335],[135.6756775,35.0137476]],"type":"LineString"},"id":"kyoto-arashiyama:osm-way-001217359199:nodes-011279693966-011279693967","properties":{"artifact_id":"arashiyama-osm-corridor-v1","bridge":"UNKNOWN","bridge_reason":"OSM way has no bridge tag","city_id":"kyoto_arashiyama","data_class":"REAL","geometry_status":"SOURCE_TRACEABLE_REAL","layer":null,"layer_reason":"OSM way has no layer tag","level":null,"level_reason":"OSM way has no level tag","lineage":["OpenStreetMap way and original node IDs","fixed-time bounded Overpass response retained as exact bytes","consecutive source-node segmentation; no crossing-node invention"],"revision_id":"osm-2026-08-29-v1","source_class":"VGI","source_feature_id":"way/1217359199#segment/2","source_id":"openstreetmap-overpass-arashiyama-20260829","stable_feature_id":"kyoto-arashiyama:osm-way-001217359199:nodes-011279693966-011279693967","tunnel":"UNKNOWN","tunnel_reason":"OSM way has no tunnel tag"},"type":"Feature"},{"geometry":{"coordinates":[[135.6757555,35.0095144],[135.6757949,35.0092601]],"type":"LineString"},"id":"kyoto-arashiyama:osm-way-001231218081:nodes-001212123709-001212123765","properties":{"artifact_id":"arashiyama-osm-corridor-v1","bridge":"UNKNOWN","bridge_reason":"OSM way has no bridge tag","city_id":"kyoto_arashiyama","data_class":"REAL","geometry_status":"SOURCE_TRACEABLE_REAL","layer":null,"layer_reason":"OSM way has no layer tag","level":null,"level_reason":"OSM way has no level tag","lineage":["OpenStreetMap way and original node IDs","fixed-time bounded Overpass response retained as exact bytes","consecutive source-node segmentation; no crossing-node invention"],"revision_id":"osm-2026-08-29-v1","source_class":"VGI","source_feature_id":"way/1231218081#segment/25","source_id":"openstreetmap-overpass-arashiyama-20260829","stable_feature_id":"kyoto-arashiyama:osm-way-001231218081:nodes-001212123709-001212123765","tunnel":"UNKNOWN","tunnel_reason":"OSM way has no tunnel tag"},"type":"Feature"},{"geometry":{"coordinates":[[135.675682,35.0096568],[135.6757555,35.0095144]],"type":"LineString"},"id":"kyoto-arashiyama:osm-way-001231218081:nodes-001212123709-001212123905","properties":{"artifact_id":"arashiyama-osm-corridor-v1","bridge":"UNKNOWN","bridge_reason":"OSM way has no bridge tag","city_id":"kyoto_arashiyama","data_class":"REAL","geometry_status":"SOURCE_TRACEABLE_REAL","layer":null,"layer_reason":"OSM way has no layer tag","level":null,"level_reason":"OSM way has no level tag","lineage":["OpenStreetMap way and original node IDs","fixed-time bounded Overpass response retained as exact bytes","consecutive source-node segmentation; no crossing-node invention"],"revision_id":"osm-2026-08-29-v1","source_class":"VGI","source_feature_id":"way/1231218081#segment/24","source_id":"openstreetmap-overpass-arashiyama-20260829","stable_feature_id":"kyoto-arashiyama:osm-way-001231218081:nodes-001212123709-001212123905","tunnel":"UNKNOWN","tunnel_reason":"OSM way has no tunnel tag"},"type":"Feature"},{"geometry":{"coordinates":[[135.6755803,35.0091867],[135.6756259,35.0092094]],"type":"LineString"},"id":"kyoto-arashiyama:osm-way-001231218081:nodes-001212123726-001212123910","properties":{"artifact_id":"arashiyama-osm-corridor-v1","bridge":"UNKNOWN","bridge_reason":"OSM way has no bridge tag","city_id":"kyoto_arashiyama","data_class":"REAL","geometry_status":"SOURCE_TRACEABLE_REAL","layer":null,"layer_reason":"OSM way has no layer tag","level":null,"level_reason":"OSM way has no level tag","lineage":["OpenStreetMap way and original node IDs","fixed-time bounded Overpass response retained as exact bytes","consecutive source-node segmentation; no crossing-node invention"],"revision_id":"osm-2026-08-29-v1","source_class":"VGI","source_feature_id":"way/1231218081#segment/16","source_id":"openstreetmap-overpass-arashiyama-20260829","stable_feature_id":"kyoto-arashiyama:osm-way-001231218081:nodes-001212123726-001212123910","tunnel":"UNKNOWN","tunnel_reason":"OSM way has no tunnel tag"},"type":"Feature"},{"geometry":{"coordinates":[[135.6756259,35.0092094],[135.6756562,35.0093408]],"type":"LineString"},"id":"kyoto-arashiyama:osm-way-001231218081:nodes-001212123726-007273598749","properties":{"artifact_id":"arashiyama-osm-corridor-v1","bridge":"UNKNOWN","bridge_reason":"OSM way has no bridge tag","city_id":"kyoto_arashiyama","data_class":"REAL","geometry_status":"SOURCE_TRACEABLE_REAL","layer":null,"layer_reason":"OSM way has no layer tag","level":null,"level_reason":"OSM way has no level tag","lineage":["OpenStreetMap way and original node IDs","fixed-time bounded Overpass response retained as exact bytes","consecutive source-node segmentation; no crossing-node invention"],"revision_id":"osm-2026-08-29-v1","source_class":"VGI","source_feature_id":"way/1231218081#segment/17","source_id":"openstreetmap-overpass-arashiyama-20260829","stable_feature_id":"kyoto-arashiyama:osm-way-001231218081:nodes-001212123726-007273598749","tunnel":"UNKNOWN","tunnel_reason":"OSM way has no tunnel tag"},"type":"Feature"},{"geometry":{"coordinates":[[135.6757949,35.0092601],[135.6757911,35.0091551]],"type":"LineString"},"id":"kyoto-arashiyama:osm-way-001231218081:nodes-001212123765-007273598746","properties":{"artifact_id":"arashiyama-osm-corridor-v1","bridge":"UNKNOWN","bridge_reason":"OSM way has no bridge tag","city_id":"kyoto_arashiyama","data_class":"REAL","geometry_status":"SOURCE_TRACEABLE_REAL","layer":null,"layer_reason":"OSM way has no layer tag","level":null,"level_reason":"OSM way has no level tag","lineage":["OpenStreetMap way and original node IDs","fixed-time bounded Overpass response retained as exact bytes","consecutive source-node segmentation; no crossing-node invention"],"revision_id":"osm-2026-08-29-v1","source_class":"VGI","source_feature_id":"way/1231218081#segment/26","source_id":"openstreetmap-overpass-arashiyama-20260829","stable_feature_id":"kyoto-arashiyama:osm-way-001231218081:nodes-001212123765-007273598746","tunnel":"UNKNOWN","tunnel_reason":"OSM way has no tunnel tag"},"type":"Feature"},{"geometry":{"coordinates":[[135.6756487,35.0094925],[135.6756143,35.009622]],"type":"LineString"},"id":"kyoto-arashiyama:osm-way-001231218081:nodes-001212123771-001212123798","properties":{"artifact_id":"arashiyama-osm-corridor-v1","bridge":"UNKNOWN","bridge_reason":"OSM way has no bridge tag","city_id":"kyoto_arashiyama","data_class":"REAL","geometry_status":"SOURCE_TRACEABLE_REAL","layer":null,"layer_reason":"OSM way has no layer tag","level":null,"level_reason":"OSM way has no level tag","lineage":["OpenStreetMap way and original node IDs","fixed-time bounded Overpass response retained as exact bytes","consecutive source-node segmentation; no crossing-node invention"],"revision_id":"osm-2026-08-29-v1","source_class":"VGI","source_feature_id":"way/1231218081#segment/19","source_id":"openstreetmap-overpass-arashiyama-20260829","stable_feature_id":"kyoto-arashiyama:osm-way-001231218081:nodes-001212123771-001212123798","tunnel":"UNKNOWN","tunnel_reason":"OSM way has no tunnel tag"},"type":"Feature"},{"geometry":{"coordinates":[[135.6756562,35.0093408],[135.6756487,35.0094925]],"type":"LineString"},"id":"kyoto-arashiyama:osm-way-001231218081:nodes-001212123771-007273598749","properties":{"artifact_id":"arashiyama-osm-corridor-v1","bridge":"UNKNOWN","bridge_reason":"OSM way has no bridge tag","city_id":"kyoto_arashiyama","data_class":"REAL","geometry_status":"SOURCE_TRACEABLE_REAL","layer":null,"layer_reason":"OSM way has no layer tag","level":null,"level_reason":"OSM way has no level tag","lineage":["OpenStreetMap way and original node IDs","fixed-time bounded Overpass response retained as exact bytes","consecutive source-node segmentation; no crossing-node invention"],"revision_id":"osm-2026-08-29-v1","source_class":"VGI","source_feature_id":"way/1231218081#segment/18","source_id":"openstreetmap-overpass-arashiyama-20260829","stable_feature_id":"kyoto-arashiyama:osm-way-001231218081:nodes-001212123771-007273598749","tunnel":"UNKNOWN","tunnel_reason":"OSM way has no tunnel tag"},"type":"Feature"},{"geometry":{"coordinates":[[135.6756143,35.009622],[135.6755659,35.0096778]],"type":"LineString"},"id":"kyoto-arashiyama:osm-way-001231218081:nodes-001212123798-007273598748","properties":{"artifact_id":"arashiyama-osm-corridor-v1","bridge":"UNKNOWN","bridge_reason":"OSM way has no bridge tag","city_id":"kyoto_arashiyama","data_class":"REAL","geometry_status":"SOURCE_TRACEABLE_REAL","layer":null,"layer_reason":"OSM way has no layer tag","level":null,"level_reason":"OSM way has no level tag","lineage":["OpenStreetMap way and original node IDs","fixed-time bounded Overpass response retained as exact bytes","consecutive source-node segmentation; no crossing-node invention"],"revision_id":"osm-2026-08-29-v1","source_class":"VGI","source_feature_id":"way/1231218081#segment/20","source_id":"openstreetmap-overpass-arashiyama-20260829","stable_feature_id":"kyoto-arashiyama:osm-way-001231218081:nodes-001212123798-007273598748","tunnel":"UNKNOWN","tunnel_reason":"OSM way has no tunnel tag"},"type":"Feature"},{"geometry":{"coordinates":[[135.675353,35.0095272],[135.6754711,35.0095139]],"type":"LineString"},"id":"kyoto-arashiyama:osm-way-001231218081:nodes-001212123806-001212123854","properties":{"artifact_id":"arashiyama-osm-corridor-v1","bridge":"UNKNOWN","bridge_reason":"OSM way has no bridge tag","city_id":"kyoto_arashiyama","data_class":"REAL","geometry_status":"SOURCE_TRACEABLE_REAL","layer":null,"layer_reason":"OSM way has no layer tag","level":null,"level_reason":"OSM way has no level tag","lineage":["OpenStreetMap way and original node IDs","fixed-time bounded Overpass response retained as exact bytes","consecutive source-node segmentation; no crossing-node invention"],"revision_id":"osm-2026-08-29-v1","source_class":"VGI","source_feature_id":"way/1231218081#segment/12","source_id":"openstreetmap-overpass-arashiyama-20260829","stable_feature_id":"kyoto-arashiyama:osm-way-001231218081:nodes-001212123806-001212123854","tunnel":"UNKNOWN","tunnel_reason":"OSM way has no tunnel tag"},"type":"Feature"},{"geometry":{"coordinates":[[135.675103,35.0095314],[135.675353,35.0095272]],"type":"LineString"},"id":"kyoto-arashiyama:osm-way-001231218081:nodes-001212123806-004115946858","properties":{"artifact_id":"arashiyama-osm-corridor-v1","bridge":"UNKNOWN","bridge_reason":"OSM way has no bridge tag","city_id":"kyoto_arashiyama","data_class":"REAL","geometry_status":"SOURCE_TRACEABLE_REAL","layer":null,"layer_reason":"OSM way has no layer tag","level":null,"level_reason":"OSM way has no level tag","lineage":["OpenStreetMap way and original node IDs","fixed-time bounded Overpass response retained as exact bytes","consecutive source-node segmentation; no crossing-node invention"],"revision_id":"osm-2026-08-29-v1","source_class":"VGI","source_feature_id":"way/1231218081#segment/11","source_id":"openstreetmap-overpass-arashiyama-20260829","stable_feature_id":"kyoto-arashiyama:osm-way-001231218081:nodes-001212123806-004115946858","tunnel":"UNKNOWN","tunnel_reason":"OSM way has no tunnel tag"},"type":"Feature"},{"geometry":{"coordinates":[[135.6756255,35.0097205],[135.675682,35.0096568]],"type":"LineString"},"id":"kyoto-arashiyama:osm-way-001231218081:nodes-001212123850-001212123905","properties":{"artifact_id":"arashiyama-osm-corridor-v1","bridge":"UNKNOWN","bridge_reason":"OSM way has no bridge tag","city_id":"kyoto_arashiyama","data_class":"REAL","geometry_status":"SOURCE_TRACEABLE_REAL","layer":null,"layer_reason":"OSM way has no layer tag","level":null,"level_reason":"OSM way has no level tag","lineage":["OpenStreetMap way and original node IDs","fixed-time bounded Overpass response retained as exact bytes","consecutive source-node segmentation; no crossing-node invention"],"revision_id":"osm-2026-08-29-v1","source_class":"VGI","source_feature_id":"way/1231218081#segment/23","source_id":"openstreetmap-overpass-arashiyama-20260829","stable_feature_id":"kyoto-arashiyama:osm-way-001231218081:nodes-001212123850-001212123905","tunnel":"UNKNOWN","tunnel_reason":"OSM way has no tunnel tag"},"type":"Feature"},{"geometry":{"coordinates":[[135.6755756,35.0097181],[135.6756255,35.0097205]],"type":"LineString"},"id":"kyoto-arashiyama:osm-way-001231218081:nodes-001212123850-007273598747","properties":{"artifact_id":"arashiyama-osm-corridor-v1","bridge":"UNKNOWN","bridge_reason":"OSM way has no bridge tag","city_id":"kyoto_arashiyama","data_class":"REAL","geometry_status":"SOURCE_TRACEABLE_REAL","layer":null,"layer_reason":"OSM way has no layer tag","level":null,"level_reason":"OSM way has no level tag","lineage":["OpenStreetMap way and original node IDs","fixed-time bounded Overpass response retained as exact bytes","consecutive source-node segmentation; no crossing-node invention"],"revision_id":"osm-2026-08-29-v1","source_class":"VGI","source_feature_id":"way/1231218081#segment/22","source_id":"openstreetmap-overpass-arashiyama-20260829","stable_feature_id":"kyoto-arashiyama:osm-way-001231218081:nodes-001212123850-007273598747","tunnel":"UNKNOWN","tunnel_reason":"OSM way has no tunnel tag"},"type":"Feature"},{"geometry":{"coordinates":[[135.6754711,35.0095139],[135.6755134,35.0094734]],"type":"LineString"},"id":"kyoto-arashiyama:osm-way-001231218081:nodes-001212123854-007273598751","properties":{"artifact_id":"arashiyama-osm-corridor-v1","bridge":"UNKNOWN","bridge_reason":"OSM way has no bridge tag","city_id":"kyoto_arashiyama","data_class":"REAL","geometry_status":"SOURCE_TRACEABLE_REAL","layer":null,"layer_reason":"OSM way has no layer tag","level":null,"level_reason":"OSM way has no level tag","lineage":["OpenStreetMap way and original node IDs","fixed-time bounded Overpass response retained as exact bytes","consecutive source-node segmentation; no crossing-node invention"],"revision_id":"osm-2026-08-29-v1","source_class":"VGI","source_feature_id":"way/1231218081#segment/13","source_id":"openstreetmap-overpass-arashiyama-20260829","stable_feature_id":"kyoto-arashiyama:osm-way-001231218081:nodes-001212123854-007273598751","tunnel":"UNKNOWN","tunnel_reason":"OSM way has no tunnel tag"},"type":"Feature"},{"geometry":{"coordinates":[[135.6755452,35.0092208],[135.6755803,35.0091867]],"type":"LineString"},"id":"kyoto-arashiyama:osm-way-001231218081:nodes-001212123910-007273598750","properties":{"artifact_id":"arashiyama-osm-corridor-v1","bridge":"UNKNOWN","bridge_reason":"OSM way has no bridge tag","city_id":"kyoto_arashiyama","data_class":"REAL","geometry_status":"SOURCE_TRACEABLE_REAL","layer":null,"layer_reason":"OSM way has no layer tag","level":null,"level_reason":"OSM way has no level tag","lineage":["OpenStreetMap way and original node IDs","fixed-time bounded Overpass response retained as exact bytes","consecutive source-node segmentation; no crossing-node invention"],"revision_id":"osm-2026-08-29-v1","source_class":"VGI","source_feature_id":"way/1231218081#segment/15","source_id":"openstreetmap-overpass-arashiyama-20260829","stable_feature_id":"kyoto-arashiyama:osm-way-001231218081:nodes-001212123910-007273598750","tunnel":"UNKNOWN","tunnel_reason":"OSM way has no tunnel tag"},"type":"Feature"},{"geometry":{"coordinates":[[135.6752661,35.0094666],[135.6750988,35.0094687]],"type":"LineString"},"id":"kyoto-arashiyama:osm-way-001231218081:nodes-004115946855-004115946856","properties":{"artifact_id":"arashiyama-osm-corridor-v1","bridge":"UNKNOWN","bridge_reason":"OSM way has no bridge tag","city_id":"kyoto_arashiyama","data_class":"REAL","geometry_status":"SOURCE_TRACEABLE_REAL","layer":null,"layer_reason":"OSM way has no layer tag","level":null,"level_reason":"OSM way has no level tag","lineage":["OpenStreetMap way and original node IDs","fixed-time bounded Overpass response retained as exact bytes","consecutive source-node segmentation; no crossing-node invention"],"revision_id":"osm-2026-08-29-v1","source_class":"VGI","source_feature_id":"way/1231218081#segment/8","source_id":"openstreetmap-overpass-arashiyama-20260829","stable_feature_id":"kyoto-arashiyama:osm-way-001231218081:nodes-004115946855-004115946856","tunnel":"UNKNOWN","tunnel_reason":"OSM way has no tunnel tag"},"type":"Feature"},{"geometry":{"coordinates":[[135.6752911,35.0094328],[135.6752661,35.0094666]],"type":"LineString"},"id":"kyoto-arashiyama:osm-way-001231218081:nodes-004115946855-007273598752","properties":{"artifact_id":"arashiyama-osm-corridor-v1","bridge":"UNKNOWN","bridge_reason":"OSM way has no bridge tag","city_id":"kyoto_arashiyama","data_class":"REAL","geometry_status":"SOURCE_TRACEABLE_REAL","layer":null,"layer_reason":"OSM way has no layer tag","level":null,"level_reason":"OSM way has no level tag","lineage":["OpenStreetMap way and original node IDs","fixed-time bounded Overpass response retained as exact bytes","consecutive source-node segmentation; no crossing-node invention"],"revision_id":"osm-2026-08-29-v1","source_class":"VGI","source_feature_id":"way/1231218081#segment/7","source_id":"openstreetmap-overpass-arashiyama-20260829","stable_feature_id":"kyoto-arashiyama:osm-way-001231218081:nodes-004115946855-007273598752","tunnel":"UNKNOWN","tunnel_reason":"OSM way has no tunnel tag"},"type":"Feature"},{"geometry":{"coordinates":[[135.6750988,35.0094687],[135.6750666,35.0095004]],"type":"LineString"},"id":"kyoto-arashiyama:osm-way-001231218081:nodes-004115946856-004115946857","properties":{"artifact_id":"arashiyama-osm-corridor-v1","bridge":"UNKNOWN","bridge_reason":"OSM way has no bridge tag","city_id":"kyoto_arashiyama","data_class":"REAL","geometry_status":"SOURCE_TRACEABLE_REAL","layer":null,"layer_reason":"OSM way has no layer tag","level":null,"level_reason":"OSM way has no level tag","lineage":["OpenStreetMap way and original node IDs","fixed-time bounded Overpass response retained as exact bytes","consecutive source-node segmentation; no crossing-node invention"],"revision_id":"osm-2026-08-29-v1","source_class":"VGI","source_feature_id":"way/1231218081#segment/9","source_id":"openstreetmap-overpass-arashiyama-20260829","stable_feature_id":"kyoto-arashiyama:osm-way-001231218081:nodes-004115946856-004115946857","tunnel":"UNKNOWN","tunnel_reason":"OSM way has no tunnel tag"},"type":"Feature"},{"geometry":{"coordinates":[[135.6750666,35.0095004],[135.675103,35.0095314]],"type":"LineString"},"id":"kyoto-arashiyama:osm-way-001231218081:nodes-004115946857-004115946858","properties":{"artifact_id":"arashiyama-osm-corridor-v1","bridge":"UNKNOWN","bridge_reason":"OSM way has no bridge tag","city_id":"kyoto_arashiyama","data_class":"REAL","geometry_status":"SOURCE_TRACEABLE_REAL","layer":null,"layer_reason":"OSM way has no layer tag","level":null,"level_reason":"OSM way has no level tag","lineage":["OpenStreetMap way and original node IDs","fixed-time bounded Overpass response retained as exact bytes","consecutive source-node segmentation; no crossing-node invention"],"revision_id":"osm-2026-08-29-v1","source_class":"VGI","source_feature_id":"way/1231218081#segment/10","source_id":"openstreetmap-overpass-arashiyama-20260829","stable_feature_id":"kyoto-arashiyama:osm-way-001231218081:nodes-004115946857-004115946858","tunnel":"UNKNOWN","tunnel_reason":"OSM way has no tunnel tag"},"type":"Feature"},{"geometry":{"coordinates":[[135.6752612,35.0094037],[135.6752911,35.0094328]],"type":"LineString"},"id":"kyoto-arashiyama:osm-way-001231218081:nodes-004115946859-007273598752","properties":{"artifact_id":"arashiyama-osm-corridor-v1","bridge":"UNKNOWN","bridge_reason":"OSM way has no bridge tag","city_id":"kyoto_arashiyama","data_class":"REAL","geometry_status":"SOURCE_TRACEABLE_REAL","layer":null,"layer_reason":"OSM way has no layer tag","level":null,"level_reason":"OSM way has no level tag","lineage":["OpenStreetMap way and original node IDs","fixed-time bounded Overpass response retained as exact bytes","consecutive source-node segmentation; no crossing-node invention"],"revision_id":"osm-2026-08-29-v1","source_class":"VGI","source_feature_id":"way/1231218081#segment/6","source_id":"openstreetmap-overpass-arashiyama-20260829","stable_feature_id":"kyoto-arashiyama:osm-way-001231218081:nodes-004115946859-007273598752","tunnel":"UNKNOWN","tunnel_reason":"OSM way has no tunnel tag"},"type":"Feature"},{"geometry":{"coordinates":[[135.6750541,35.0094083],[135.6752612,35.0094037]],"type":"LineString"},"id":"kyoto-arashiyama:osm-way-001231218081:nodes-004115946859-007273598753","properties":{"artifact_id":"arashiyama-osm-corridor-v1","bridge":"UNKNOWN","bridge_reason":"OSM way has no bridge tag","city_id":"kyoto_arashiyama","data_class":"REAL","geometry_status":"SOURCE_TRACEABLE_REAL","layer":null,"layer_reason":"OSM way has no layer tag","level":null,"level_reason":"OSM way has no level tag","lineage":["OpenStreetMap way and original node IDs","fixed-time bounded Overpass response retained as exact bytes","consecutive source-node segmentation; no crossing-node invention"],"revision_id":"osm-2026-08-29-v1","source_class":"VGI","source_feature_id":"way/1231218081#segment/5","source_id":"openstreetmap-overpass-arashiyama-20260829","stable_feature_id":"kyoto-arashiyama:osm-way-001231218081:nodes-004115946859-007273598753","tunnel":"UNKNOWN","tunnel_reason":"OSM way has no tunnel tag"},"type":"Feature"},{"geometry":{"coordinates":[[135.6757533,35.0089768],[135.6757481,35.0087897]],"type":"LineString"},"id":"kyoto-arashiyama:osm-way-001231218081:nodes-007273598717-007273598718","properties":{"artifact_id":"arashiyama-osm-corridor-v1","bridge":"UNKNOWN","bridge_reason":"OSM way has no bridge tag","city_id":"kyoto_arashiyama","data_class":"REAL","geometry_status":"SOURCE_TRACEABLE_REAL","layer":null,"layer_reason":"OSM way has no layer tag","level":null,"level_reason":"OSM way has no level tag","lineage":["OpenStreetMap way and original node IDs","fixed-time bounded Overpass response retained as exact bytes","consecutive source-node segmentation; no crossing-node invention"],"revision_id":"osm-2026-08-29-v1","source_class":"VGI","source_feature_id":"way/1231218081#segment/28","source_id":"openstreetmap-overpass-arashiyama-20260829","stable_feature_id":"kyoto-arashiyama:osm-way-001231218081:nodes-007273598717-007273598718","tunnel":"UNKNOWN","tunnel_reason":"OSM way has no tunnel tag"},"type":"Feature"},{"geometry":{"coordinates":[[135.6757911,35.0091551],[135.6757533,35.0089768]],"type":"LineString"},"id":"kyoto-arashiyama:osm-way-001231218081:nodes-007273598717-007273598746","properties":{"artifact_id":"arashiyama-osm-corridor-v1","bridge":"UNKNOWN","bridge_reason":"OSM way has no bridge tag","city_id":"kyoto_arashiyama","data_class":"REAL","geometry_status":"SOURCE_TRACEABLE_REAL","layer":null,"layer_reason":"OSM way has no layer tag","level":null,"level_reason":"OSM way has no level tag","lineage":["OpenStreetMap way and original node IDs","fixed-time bounded Overpass response retained as exact bytes","consecutive source-node segmentation; no crossing-node invention"],"revision_id":"osm-2026-08-29-v1","source_class":"VGI","source_feature_id":"way/1231218081#segment/27","source_id":"openstreetmap-overpass-arashiyama-20260829","stable_feature_id":"kyoto-arashiyama:osm-way-001231218081:nodes-007273598717-007273598746","tunnel":"UNKNOWN","tunnel_reason":"OSM way has no tunnel tag"},"type":"Feature"},{"geometry":{"coordinates":[[135.6755659,35.0096778],[135.6755756,35.0097181]],"type":"LineString"},"id":"kyoto-arashiyama:osm-way-001231218081:nodes-007273598747-007273598748","properties":{"artifact_id":"arashiyama-osm-corridor-v1","bridge":"UNKNOWN","bridge_reason":"OSM way has no bridge tag","city_id":"kyoto_arashiyama","data_class":"REAL","geometry_status":"SOURCE_TRACEABLE_REAL","layer":null,"layer_reason":"OSM way has no layer tag","level":null,"level_reason":"OSM way has no level tag","lineage":["OpenStreetMap way and original node IDs","fixed-time bounded Overpass response retained as exact bytes","consecutive source-node segmentation; no crossing-node invention"],"revision_id":"osm-2026-08-29-v1","source_class":"VGI","source_feature_id":"way/1231218081#segment/21","source_id":"openstreetmap-overpass-arashiyama-20260829","stable_feature_id":"kyoto-arashiyama:osm-way-001231218081:nodes-007273598747-007273598748","tunnel":"UNKNOWN","tunnel_reason":"OSM way has no tunnel tag"},"type":"Feature"},{"geometry":{"coordinates":[[135.6755134,35.0094734],[135.6755452,35.0092208]],"type":"LineString"},"id":"kyoto-arashiyama:osm-way-001231218081:nodes-007273598750-007273598751","properties":{"artifact_id":"arashiyama-osm-corridor-v1","bridge":"UNKNOWN","bridge_reason":"OSM way has no bridge tag","city_id":"kyoto_arashiyama","data_class":"REAL","geometry_status":"SOURCE_TRACEABLE_REAL","layer":null,"layer_reason":"OSM way has no layer tag","level":null,"level_reason":"OSM way has no level tag","lineage":["OpenStreetMap way and original node IDs","fixed-time bounded Overpass response retained as exact bytes","consecutive source-node segmentation; no crossing-node invention"],"revision_id":"osm-2026-08-29-v1","source_class":"VGI","source_feature_id":"way/1231218081#segment/14","source_id":"openstreetmap-overpass-arashiyama-20260829","stable_feature_id":"kyoto-arashiyama:osm-way-001231218081:nodes-007273598750-007273598751","tunnel":"UNKNOWN","tunnel_reason":"OSM way has no tunnel tag"},"type":"Feature"},{"geometry":{"coordinates":[[135.6768524,35.0115616],[135.6766957,35.0115263]],"type":"LineString"},"id":"kyoto-arashiyama:osm-way-001231218083:nodes-000736396161-007273599755","properties":{"artifact_id":"arashiyama-osm-corridor-v1","bridge":"UNKNOWN","bridge_reason":"OSM way has no bridge tag","city_id":"kyoto_arashiyama","data_class":"REAL","geometry_status":"SOURCE_TRACEABLE_REAL","layer":null,"layer_reason":"OSM way has no layer tag","level":null,"level_reason":"OSM way has no level tag","lineage":["OpenStreetMap way and original node IDs","fixed-time bounded Overpass response retained as exact bytes","consecutive source-node segmentation; no crossing-node invention"],"revision_id":"osm-2026-08-29-v1","source_class":"VGI","source_feature_id":"way/1231218083#segment/0","source_id":"openstreetmap-overpass-arashiyama-20260829","stable_feature_id":"kyoto-arashiyama:osm-way-001231218083:nodes-000736396161-007273599755","tunnel":"UNKNOWN","tunnel_reason":"OSM way has no tunnel tag"},"type":"Feature"},{"geometry":{"coordinates":[[135.6766957,35.0115263],[135.6766427,35.0115093]],"type":"LineString"},"id":"kyoto-arashiyama:osm-way-001231218083:nodes-001212123892-007273599755","properties":{"artifact_id":"arashiyama-osm-corridor-v1","bridge":"UNKNOWN","bridge_reason":"OSM way has no bridge tag","city_id":"kyoto_arashiyama","data_class":"REAL","geometry_status":"SOURCE_TRACEABLE_REAL","layer":null,"layer_reason":"OSM way has no layer tag","level":null,"level_reason":"OSM way has no level tag","lineage":["OpenStreetMap way and original node IDs","fixed-time bounded Overpass response retained as exact bytes","consecutive source-node segmentation; no crossing-node invention"],"revision_id":"osm-2026-08-29-v1","source_class":"VGI","source_feature_id":"way/1231218083#segment/1","source_id":"openstreetmap-overpass-arashiyama-20260829","stable_feature_id":"kyoto-arashiyama:osm-way-001231218083:nodes-001212123892-007273599755","tunnel":"UNKNOWN","tunnel_reason":"OSM way has no tunnel tag"},"type":"Feature"},{"geometry":{"coordinates":[[135.6774466,35.0150867],[135.6775881,35.0151241]],"type":"LineString"},"id":"kyoto-arashiyama:osm-way-001281420028:nodes-011893490639-011893490646","properties":{"artifact_id":"arashiyama-osm-corridor-v1","bridge":"UNKNOWN","bridge_reason":"OSM way has no bridge tag","city_id":"kyoto_arashiyama","data_class":"REAL","geometry_status":"SOURCE_TRACEABLE_REAL","layer":null,"layer_reason":"OSM way has no layer tag","level":null,"level_reason":"OSM way has no level tag","lineage":["OpenStreetMap way and original node IDs","fixed-time bounded Overpass response retained as exact bytes","consecutive source-node segmentation; no crossing-node invention"],"revision_id":"osm-2026-08-29-v1","source_class":"VGI","source_feature_id":"way/1281420028#segment/0","source_id":"openstreetmap-overpass-arashiyama-20260829","stable_feature_id":"kyoto-arashiyama:osm-way-001281420028:nodes-011893490639-011893490646","tunnel":"UNKNOWN","tunnel_reason":"OSM way has no tunnel tag"},"type":"Feature"},{"geometry":{"coordinates":[[135.6775881,35.0151241],[135.6778386,35.0151927]],"type":"LineString"},"id":"kyoto-arashiyama:osm-way-001281420028:nodes-011893490645-011893490646","properties":{"artifact_id":"arashiyama-osm-corridor-v1","bridge":"UNKNOWN","bridge_reason":"OSM way has no bridge tag","city_id":"kyoto_arashiyama","data_class":"REAL","geometry_status":"SOURCE_TRACEABLE_REAL","layer":null,"layer_reason":"OSM way has no layer tag","level":null,"level_reason":"OSM way has no level tag","lineage":["OpenStreetMap way and original node IDs","fixed-time bounded Overpass response retained as exact bytes","consecutive source-node segmentation; no crossing-node invention"],"revision_id":"osm-2026-08-29-v1","source_class":"VGI","source_feature_id":"way/1281420028#segment/1","source_id":"openstreetmap-overpass-arashiyama-20260829","stable_feature_id":"kyoto-arashiyama:osm-way-001281420028:nodes-011893490645-011893490646","tunnel":"UNKNOWN","tunnel_reason":"OSM way has no tunnel tag"},"type":"Feature"},{"geometry":{"coordinates":[[135.6774331,35.0151284],[135.6775727,35.015165]],"type":"LineString"},"id":"kyoto-arashiyama:osm-way-001281420029:nodes-011893490640-011893490648","properties":{"artifact_id":"arashiyama-osm-corridor-v1","bridge":"UNKNOWN","bridge_reason":"OSM way has no bridge tag","city_id":"kyoto_arashiyama","data_class":"REAL","geometry_status":"SOURCE_TRACEABLE_REAL","layer":null,"layer_reason":"OSM way has no layer tag","level":null,"level_reason":"OSM way has no level tag","lineage":["OpenStreetMap way and original node IDs","fixed-time bounded Overpass response retained as exact bytes","consecutive source-node segmentation; no crossing-node invention"],"revision_id":"osm-2026-08-29-v1","source_class":"VGI","source_feature_id":"way/1281420029#segment/0","source_id":"openstreetmap-overpass-arashiyama-20260829","stable_feature_id":"kyoto-arashiyama:osm-way-001281420029:nodes-011893490640-011893490648","tunnel":"UNKNOWN","tunnel_reason":"OSM way has no tunnel tag"},"type":"Feature"},{"geometry":{"coordinates":[[135.6775727,35.015165],[135.6778222,35.0152364]],"type":"LineString"},"id":"kyoto-arashiyama:osm-way-001281420029:nodes-011893490647-011893490648","properties":{"artifact_id":"arashiyama-osm-corridor-v1","bridge":"UNKNOWN","bridge_reason":"OSM way has no bridge tag","city_id":"kyoto_arashiyama","data_class":"REAL","geometry_status":"SOURCE_TRACEABLE_REAL","layer":null,"layer_reason":"OSM way has no layer tag","level":null,"level_reason":"OSM way has no level tag","lineage":["OpenStreetMap way and original node IDs","fixed-time bounded Overpass response retained as exact bytes","consecutive source-node segmentation; no crossing-node invention"],"revision_id":"osm-2026-08-29-v1","source_class":"VGI","source_feature_id":"way/1281420029#segment/1","source_id":"openstreetmap-overpass-arashiyama-20260829","stable_feature_id":"kyoto-arashiyama:osm-way-001281420029:nodes-011893490647-011893490648","tunnel":"UNKNOWN","tunnel_reason":"OSM way has no tunnel tag"},"type":"Feature"},{"geometry":{"coordinates":[[135.6762431,35.0099471],[135.6761456,35.0097175]],"type":"LineString"},"id":"kyoto-arashiyama:osm-way-001316960922:nodes-001212123824-007273598714","properties":{"artifact_id":"arashiyama-osm-corridor-v1","bridge":"UNKNOWN","bridge_reason":"OSM way has no bridge tag","city_id":"kyoto_arashiyama","data_class":"REAL","geometry_status":"SOURCE_TRACEABLE_REAL","layer":null,"layer_reason":"OSM way has no layer tag","level":null,"level_reason":"OSM way has no level tag","lineage":["OpenStreetMap way and original node IDs","fixed-time bounded Overpass response retained as exact bytes","consecutive source-node segmentation; no crossing-node invention"],"revision_id":"osm-2026-08-29-v1","source_class":"VGI","source_feature_id":"way/1316960922#segment/7","source_id":"openstreetmap-overpass-arashiyama-20260829","stable_feature_id":"kyoto-arashiyama:osm-way-001316960922:nodes-001212123824-007273598714","tunnel":"UNKNOWN","tunnel_reason":"OSM way has no tunnel tag"},"type":"Feature"},{"geometry":{"coordinates":[[135.6761456,35.0097175],[135.6761395,35.0093132]],"type":"LineString"},"id":"kyoto-arashiyama:osm-way-001316960922:nodes-001212123824-007273598715","properties":{"artifact_id":"arashiyama-osm-corridor-v1","bridge":"UNKNOWN","bridge_reason":"OSM way has no bridge tag","city_id":"kyoto_arashiyama","data_class":"REAL","geometry_status":"SOURCE_TRACEABLE_REAL","layer":null,"layer_reason":"OSM way has no layer tag","level":null,"level_reason":"OSM way has no level tag","lineage":["OpenStreetMap way and original node IDs","fixed-time bounded Overpass response retained as exact bytes","consecutive source-node segmentation; no crossing-node invention"],"revision_id":"osm-2026-08-29-v1","source_class":"VGI","source_feature_id":"way/1316960922#segment/8","source_id":"openstreetmap-overpass-arashiyama-20260829","stable_feature_id":"kyoto-arashiyama:osm-way-001316960922:nodes-001212123824-007273598715","tunnel":"UNKNOWN","tunnel_reason":"OSM way has no tunnel tag"},"type":"Feature"},{"geometry":{"coordinates":[[135.6767156,35.0113565],[135.6766294,35.0112076]],"type":"LineString"},"id":"kyoto-arashiyama:osm-way-001316960922:nodes-007273598707-007273598708","properties":{"artifact_id":"arashiyama-osm-corridor-v1","bridge":"UNKNOWN","bridge_reason":"OSM way has no bridge tag","city_id":"kyoto_arashiyama","data_class":"REAL","geometry_status":"SOURCE_TRACEABLE_REAL","layer":null,"layer_reason":"OSM way has no layer tag","level":null,"level_reason":"OSM way has no level tag","lineage":["OpenStreetMap way and original node IDs","fixed-time bounded Overpass response retained as exact bytes","consecutive source-node segmentation; no crossing-node invention"],"revision_id":"osm-2026-08-29-v1","source_class":"VGI","source_feature_id":"way/1316960922#segment/0","source_id":"openstreetmap-overpass-arashiyama-20260829","stable_feature_id":"kyoto-arashiyama:osm-way-001316960922:nodes-007273598707-007273598708","tunnel":"UNKNOWN","tunnel_reason":"OSM way has no tunnel tag"},"type":"Feature"},{"geometry":{"coordinates":[[135.6766294,35.0112076],[135.6765731,35.0110687]],"type":"LineString"},"id":"kyoto-arashiyama:osm-way-001316960922:nodes-007273598708-007273598709","properties":{"artifact_id":"arashiyama-osm-corridor-v1","bridge":"UNKNOWN","bridge_reason":"OSM way has no bridge tag","city_id":"kyoto_arashiyama","data_class":"REAL","geometry_status":"SOURCE_TRACEABLE_REAL","layer":null,"layer_reason":"OSM way has no layer tag","level":null,"level_reason":"OSM way has no level tag","lineage":["OpenStreetMap way and original node IDs","fixed-time bounded Overpass response retained as exact bytes","consecutive source-node segmentation; no crossing-node invention"],"revision_id":"osm-2026-08-29-v1","source_class":"VGI","source_feature_id":"way/1316960922#segment/1","source_id":"openstreetmap-overpass-arashiyama-20260829","stable_feature_id":"kyoto-arashiyama:osm-way-001316960922:nodes-007273598708-007273598709","tunnel":"UNKNOWN","tunnel_reason":"OSM way has no tunnel tag"},"type":"Feature"},{"geometry":{"coordinates":[[135.6765731,35.0110687],[135.6765505,35.0109174]],"type":"LineString"},"id":"kyoto-arashiyama:osm-way-001316960922:nodes-007273598709-007273598710","properties":{"artifact_id":"arashiyama-osm-corridor-v1","bridge":"UNKNOWN","bridge_reason":"OSM way has no bridge tag","city_id":"kyoto_arashiyama","data_class":"REAL","geometry_status":"SOURCE_TRACEABLE_REAL","layer":null,"layer_reason":"OSM way has no layer tag","level":null,"level_reason":"OSM way has no level tag","lineage":["OpenStreetMap way and original node IDs","fixed-time bounded Overpass response retained as exact bytes","consecutive source-node segmentation; no crossing-node invention"],"revision_id":"osm-2026-08-29-v1","source_class":"VGI","source_feature_id":"way/1316960922#segment/2","source_id":"openstreetmap-overpass-arashiyama-20260829","stable_feature_id":"kyoto-arashiyama:osm-way-001316960922:nodes-007273598709-007273598710","tunnel":"UNKNOWN","tunnel_reason":"OSM way has no tunnel tag"},"type":"Feature"},{"geometry":{"coordinates":[[135.6765505,35.0109174],[135.6765494,35.0106035]],"type":"LineString"},"id":"kyoto-arashiyama:osm-way-001316960922:nodes-007273598710-007273598711","properties":{"artifact_id":"arashiyama-osm-corridor-v1","bridge":"UNKNOWN","bridge_reason":"OSM way has no bridge tag","city_id":"kyoto_arashiyama","data_class":"REAL","geometry_status":"SOURCE_TRACEABLE_REAL","layer":null,"layer_reason":"OSM way has no layer tag","level":null,"level_reason":"OSM way has no level tag","lineage":["OpenStreetMap way and original node IDs","fixed-time bounded Overpass response retained as exact bytes","consecutive source-node segmentation; no crossing-node invention"],"revision_id":"osm-2026-08-29-v1","source_class":"VGI","source_feature_id":"way/1316960922#segment/3","source_id":"openstreetmap-overpass-arashiyama-20260829","stable_feature_id":"kyoto-arashiyama:osm-way-001316960922:nodes-007273598710-007273598711","tunnel":"UNKNOWN","tunnel_reason":"OSM way has no tunnel tag"},"type":"Feature"},{"geometry":{"coordinates":[[135.6765494,35.0106035],[135.6765571,35.0103654]],"type":"LineString"},"id":"kyoto-arashiyama:osm-way-001316960922:nodes-007273598711-007273598712","properties":{"artifact_id":"arashiyama-osm-corridor-v1","bridge":"UNKNOWN","bridge_reason":"OSM way has no bridge tag","city_id":"kyoto_arashiyama","data_class":"REAL","geometry_status":"SOURCE_TRACEABLE_REAL","layer":null,"layer_reason":"OSM way has no layer tag","level":null,"level_reason":"OSM way has no level tag","lineage":["OpenStreetMap way and original node IDs","fixed-time bounded Overpass response retained as exact bytes","consecutive source-node segmentation; no crossing-node invention"],"revision_id":"osm-2026-08-29-v1","source_class":"VGI","source_feature_id":"way/1316960922#segment/4","source_id":"openstreetmap-overpass-arashiyama-20260829","stable_feature_id":"kyoto-arashiyama:osm-way-001316960922:nodes-007273598711-007273598712","tunnel":"UNKNOWN","tunnel_reason":"OSM way has no tunnel tag"},"type":"Feature"},{"geometry":{"coordinates":[[135.6765571,35.0103654],[135.67643,35.0101628]],"type":"LineString"},"id":"kyoto-arashiyama:osm-way-001316960922:nodes-007273598712-007273598713","properties":{"artifact_id":"arashiyama-osm-corridor-v1","bridge":"UNKNOWN","bridge_reason":"OSM way has no bridge tag","city_id":"kyoto_arashiyama","data_class":"REAL","geometry_status":"SOURCE_TRACEABLE_REAL","layer":null,"layer_reason":"OSM way has no layer tag","level":null,"level_reason":"OSM way has no level tag","lineage":["OpenStreetMap way and original node IDs","fixed-time bounded Overpass response retained as exact bytes","consecutive source-node segmentation; no crossing-node invention"],"revision_id":"osm-2026-08-29-v1","source_class":"VGI","source_feature_id":"way/1316960922#segment/5","source_id":"openstreetmap-overpass-arashiyama-20260829","stable_feature_id":"kyoto-arashiyama:osm-way-001316960922:nodes-007273598712-007273598713","tunnel":"UNKNOWN","tunnel_reason":"OSM way has no tunnel tag"},"type":"Feature"},{"geometry":{"coordinates":[[135.67643,35.0101628],[135.6762431,35.0099471]],"type":"LineString"},"id":"kyoto-arashiyama:osm-way-001316960922:nodes-007273598713-007273598714","properties":{"artifact_id":"arashiyama-osm-corridor-v1","bridge":"UNKNOWN","bridge_reason":"OSM way has no bridge tag","city_id":"kyoto_arashiyama","data_class":"REAL","geometry_status":"SOURCE_TRACEABLE_REAL","layer":null,"layer_reason":"OSM way has no layer tag","level":null,"level_reason":"OSM way has no level tag","lineage":["OpenStreetMap way and original node IDs","fixed-time bounded Overpass response retained as exact bytes","consecutive source-node segmentation; no crossing-node invention"],"revision_id":"osm-2026-08-29-v1","source_class":"VGI","source_feature_id":"way/1316960922#segment/6","source_id":"openstreetmap-overpass-arashiyama-20260829","stable_feature_id":"kyoto-arashiyama:osm-way-001316960922:nodes-007273598713-007273598714","tunnel":"UNKNOWN","tunnel_reason":"OSM way has no tunnel tag"},"type":"Feature"},{"geometry":{"coordinates":[[135.6761395,35.0093132],[135.6760276,35.0089734]],"type":"LineString"},"id":"kyoto-arashiyama:osm-way-001316960922:nodes-007273598715-007273598716","properties":{"artifact_id":"arashiyama-osm-corridor-v1","bridge":"UNKNOWN","bridge_reason":"OSM way has no bridge tag","city_id":"kyoto_arashiyama","data_class":"REAL","geometry_status":"SOURCE_TRACEABLE_REAL","layer":null,"layer_reason":"OSM way has no layer tag","level":null,"level_reason":"OSM way has no level tag","lineage":["OpenStreetMap way and original node IDs","fixed-time bounded Overpass response retained as exact bytes","consecutive source-node segmentation; no crossing-node invention"],"revision_id":"osm-2026-08-29-v1","source_class":"VGI","source_feature_id":"way/1316960922#segment/9","source_id":"openstreetmap-overpass-arashiyama-20260829","stable_feature_id":"kyoto-arashiyama:osm-way-001316960922:nodes-007273598715-007273598716","tunnel":"UNKNOWN","tunnel_reason":"OSM way has no tunnel tag"},"type":"Feature"},{"geometry":{"coordinates":[[135.6748512,35.0090854],[135.6748136,35.0091818]],"type":"LineString"},"id":"kyoto-arashiyama:osm-way-001316960923:nodes-001212123732-001212123913","properties":{"artifact_id":"arashiyama-osm-corridor-v1","bridge":"UNKNOWN","bridge_reason":"OSM way has no bridge tag","city_id":"kyoto_arashiyama","data_class":"REAL","geometry_status":"SOURCE_TRACEABLE_REAL","layer":null,"layer_reason":"OSM way has no layer tag","level":null,"level_reason":"OSM way has no level tag","lineage":["OpenStreetMap way and original node IDs","fixed-time bounded Overpass response retained as exact bytes","consecutive source-node segmentation; no crossing-node invention"],"revision_id":"osm-2026-08-29-v1","source_class":"VGI","source_feature_id":"way/1316960923#segment/1","source_id":"openstreetmap-overpass-arashiyama-20260829","stable_feature_id":"kyoto-arashiyama:osm-way-001316960923:nodes-001212123732-001212123913","tunnel":"UNKNOWN","tunnel_reason":"OSM way has no tunnel tag"},"type":"Feature"},{"geometry":{"coordinates":[[135.6748556,35.0089521],[135.6748512,35.0090854]],"type":"LineString"},"id":"kyoto-arashiyama:osm-way-001316960923:nodes-001212123885-001212123913","properties":{"artifact_id":"arashiyama-osm-corridor-v1","bridge":"UNKNOWN","bridge_reason":"OSM way has no bridge tag","city_id":"kyoto_arashiyama","data_class":"REAL","geometry_status":"SOURCE_TRACEABLE_REAL","layer":null,"layer_reason":"OSM way has no layer tag","level":null,"level_reason":"OSM way has no level tag","lineage":["OpenStreetMap way and original node IDs","fixed-time bounded Overpass response retained as exact bytes","consecutive source-node segmentation; no crossing-node invention"],"revision_id":"osm-2026-08-29-v1","source_class":"VGI","source_feature_id":"way/1316960923#segment/0","source_id":"openstreetmap-overpass-arashiyama-20260829","stable_feature_id":"kyoto-arashiyama:osm-way-001316960923:nodes-001212123885-001212123913","tunnel":"UNKNOWN","tunnel_reason":"OSM way has no tunnel tag"},"type":"Feature"},{"geometry":{"coordinates":[[135.6766427,35.0115093],[135.6766527,35.0114839]],"type":"LineString"},"id":"kyoto-arashiyama:osm-way-001316960926:nodes-001212123707-001212123892","properties":{"artifact_id":"arashiyama-osm-corridor-v1","bridge":"UNKNOWN","bridge_reason":"OSM way has no bridge tag","city_id":"kyoto_arashiyama","data_class":"REAL","geometry_status":"SOURCE_TRACEABLE_REAL","layer":null,"layer_reason":"OSM way has no layer tag","level":null,"level_reason":"OSM way has no level tag","lineage":["OpenStreetMap way and original node IDs","fixed-time bounded Overpass response retained as exact bytes","consecutive source-node segmentation; no crossing-node invention"],"revision_id":"osm-2026-08-29-v1","source_class":"VGI","source_feature_id":"way/1316960926#segment/0","source_id":"openstreetmap-overpass-arashiyama-20260829","stable_feature_id":"kyoto-arashiyama:osm-way-001316960926:nodes-001212123707-001212123892","tunnel":"UNKNOWN","tunnel_reason":"OSM way has no tunnel tag"},"type":"Feature"},{"geometry":{"coordinates":[[135.6766527,35.0114839],[135.6767156,35.0113565]],"type":"LineString"},"id":"kyoto-arashiyama:osm-way-001316960926:nodes-001212123707-007273598707","properties":{"artifact_id":"arashiyama-osm-corridor-v1","bridge":"UNKNOWN","bridge_reason":"OSM way has no bridge tag","city_id":"kyoto_arashiyama","data_class":"REAL","geometry_status":"SOURCE_TRACEABLE_REAL","layer":null,"layer_reason":"OSM way has no layer tag","level":null,"level_reason":"OSM way has no level tag","lineage":["OpenStreetMap way and original node IDs","fixed-time bounded Overpass response retained as exact bytes","consecutive source-node segmentation; no crossing-node invention"],"revision_id":"osm-2026-08-29-v1","source_class":"VGI","source_feature_id":"way/1316960926#segment/1","source_id":"openstreetmap-overpass-arashiyama-20260829","stable_feature_id":"kyoto-arashiyama:osm-way-001316960926:nodes-001212123707-007273598707","tunnel":"UNKNOWN","tunnel_reason":"OSM way has no tunnel tag"},"type":"Feature"},{"geometry":{"coordinates":[[135.6797057,35.0104384],[135.6796734,35.0104428]],"type":"LineString"},"id":"kyoto-arashiyama:osm-way-001380835945:nodes-012783555040-012783555047","properties":{"artifact_id":"arashiyama-osm-corridor-v1","bridge":"UNKNOWN","bridge_reason":"OSM way has no bridge tag","city_id":"kyoto_arashiyama","data_class":"REAL","geometry_status":"SOURCE_TRACEABLE_REAL","layer":null,"layer_reason":"OSM way has no layer tag","level":null,"level_reason":"OSM way has no level tag","lineage":["OpenStreetMap way and original node IDs","fixed-time bounded Overpass response retained as exact bytes","consecutive source-node segmentation; no crossing-node invention"],"revision_id":"osm-2026-08-29-v1","source_class":"VGI","source_feature_id":"way/1380835945#segment/0","source_id":"openstreetmap-overpass-arashiyama-20260829","stable_feature_id":"kyoto-arashiyama:osm-way-001380835945:nodes-012783555040-012783555047","tunnel":"UNKNOWN","tunnel_reason":"OSM way has no tunnel tag"},"type":"Feature"},{"geometry":{"coordinates":[[135.6789326,35.0108025],[135.6786139,35.011022]],"type":"LineString"},"id":"kyoto-arashiyama:osm-way-001380835945:nodes-012783555041-012783555042","properties":{"artifact_id":"arashiyama-osm-corridor-v1","bridge":"UNKNOWN","bridge_reason":"OSM way has no bridge tag","city_id":"kyoto_arashiyama","data_class":"REAL","geometry_status":"SOURCE_TRACEABLE_REAL","layer":null,"layer_reason":"OSM way has no layer tag","level":null,"level_reason":"OSM way has no level tag","lineage":["OpenStreetMap way and original node IDs","fixed-time bounded Overpass response retained as exact bytes","consecutive source-node segmentation; no crossing-node invention"],"revision_id":"osm-2026-08-29-v1","source_class":"VGI","source_feature_id":"way/1380835945#segment/4","source_id":"openstreetmap-overpass-arashiyama-20260829","stable_feature_id":"kyoto-arashiyama:osm-way-001380835945:nodes-012783555041-012783555042","tunnel":"UNKNOWN","tunnel_reason":"OSM way has no tunnel tag"},"type":"Feature"},{"geometry":{"coordinates":[[135.6789659,35.0107785],[135.6789326,35.0108025]],"type":"LineString"},"id":"kyoto-arashiyama:osm-way-001380835945:nodes-012783555041-012783555050","properties":{"artifact_id":"arashiyama-osm-corridor-v1","bridge":"UNKNOWN","bridge_reason":"OSM way has no bridge tag","city_id":"kyoto_arashiyama","data_class":"REAL","geometry_status":"SOURCE_TRACEABLE_REAL","layer":null,"layer_reason":"OSM way has no layer tag","level":null,"level_reason":"OSM way has no level tag","lineage":["OpenStreetMap way and original node IDs","fixed-time bounded Overpass response retained as exact bytes","consecutive source-node segmentation; no crossing-node invention"],"revision_id":"osm-2026-08-29-v1","source_class":"VGI","source_feature_id":"way/1380835945#segment/3","source_id":"openstreetmap-overpass-arashiyama-20260829","stable_feature_id":"kyoto-arashiyama:osm-way-001380835945:nodes-012783555041-012783555050","tunnel":"UNKNOWN","tunnel_reason":"OSM way has no tunnel tag"},"type":"Feature"},{"geometry":{"coordinates":[[135.6796734,35.0104428],[135.6796475,35.0104533]],"type":"LineString"},"id":"kyoto-arashiyama:osm-way-001380835945:nodes-012783555046-012783555047","properties":{"artifact_id":"arashiyama-osm-corridor-v1","bridge":"UNKNOWN","bridge_reason":"OSM way has no bridge tag","city_id":"kyoto_arashiyama","data_class":"REAL","geometry_status":"SOURCE_TRACEABLE_REAL","layer":null,"layer_reason":"OSM way has no layer tag","level":null,"level_reason":"OSM way has no level tag","lineage":["OpenStreetMap way and original node IDs","fixed-time bounded Overpass response retained as exact bytes","consecutive source-node segmentation; no crossing-node invention"],"revision_id":"osm-2026-08-29-v1","source_class":"VGI","source_feature_id":"way/1380835945#segment/1","source_id":"openstreetmap-overpass-arashiyama-20260829","stable_feature_id":"kyoto-arashiyama:osm-way-001380835945:nodes-012783555046-012783555047","tunnel":"UNKNOWN","tunnel_reason":"OSM way has no tunnel tag"},"type":"Feature"},{"geometry":{"coordinates":[[135.6796475,35.0104533],[135.6789659,35.0107785]],"type":"LineString"},"id":"kyoto-arashiyama:osm-way-001380835945:nodes-012783555046-012783555050","properties":{"artifact_id":"arashiyama-osm-corridor-v1","bridge":"UNKNOWN","bridge_reason":"OSM way has no bridge tag","city_id":"kyoto_arashiyama","data_class":"REAL","geometry_status":"SOURCE_TRACEABLE_REAL","layer":null,"layer_reason":"OSM way has no layer tag","level":null,"level_reason":"OSM way has no level tag","lineage":["OpenStreetMap way and original node IDs","fixed-time bounded Overpass response retained as exact bytes","consecutive source-node segmentation; no crossing-node invention"],"revision_id":"osm-2026-08-29-v1","source_class":"VGI","source_feature_id":"way/1380835945#segment/2","source_id":"openstreetmap-overpass-arashiyama-20260829","stable_feature_id":"kyoto-arashiyama:osm-way-001380835945:nodes-012783555046-012783555050","tunnel":"UNKNOWN","tunnel_reason":"OSM way has no tunnel tag"},"type":"Feature"},{"geometry":{"coordinates":[[135.6785825,35.0110026],[135.678421,35.0110959]],"type":"LineString"},"id":"kyoto-arashiyama:osm-way-001380835946:nodes-012783555043-012783555044","properties":{"artifact_id":"arashiyama-osm-corridor-v1","bridge":"UNKNOWN","bridge_reason":"OSM way has no bridge tag","city_id":"kyoto_arashiyama","data_class":"REAL","geometry_status":"SOURCE_TRACEABLE_REAL","layer":null,"layer_reason":"OSM way has no layer tag","level":null,"level_reason":"OSM way has no level tag","lineage":["OpenStreetMap way and original node IDs","fixed-time bounded Overpass response retained as exact bytes","consecutive source-node segmentation; no crossing-node invention"],"revision_id":"osm-2026-08-29-v1","source_class":"VGI","source_feature_id":"way/1380835946#segment/0","source_id":"openstreetmap-overpass-arashiyama-20260829","stable_feature_id":"kyoto-arashiyama:osm-way-001380835946:nodes-012783555043-012783555044","tunnel":"UNKNOWN","tunnel_reason":"OSM way has no tunnel tag"},"type":"Feature"},{"geometry":{"coordinates":[[135.678421,35.0110959],[135.6783761,35.0111287]],"type":"LineString"},"id":"kyoto-arashiyama:osm-way-001380835946:nodes-012783555044-012783555045","properties":{"artifact_id":"arashiyama-osm-corridor-v1","bridge":"UNKNOWN","bridge_reason":"OSM way has no bridge tag","city_id":"kyoto_arashiyama","data_class":"REAL","geometry_status":"SOURCE_TRACEABLE_REAL","layer":null,"layer_reason":"OSM way has no layer tag","level":null,"level_reason":"OSM way has no level tag","lineage":["OpenStreetMap way and original node IDs","fixed-time bounded Overpass response retained as exact bytes","consecutive source-node segmentation; no crossing-node invention"],"revision_id":"osm-2026-08-29-v1","source_class":"VGI","source_feature_id":"way/1380835946#segment/1","source_id":"openstreetmap-overpass-arashiyama-20260829","stable_feature_id":"kyoto-arashiyama:osm-way-001380835946:nodes-012783555044-012783555045","tunnel":"UNKNOWN","tunnel_reason":"OSM way has no tunnel tag"},"type":"Feature"},{"geometry":{"coordinates":[[135.6786139,35.011022],[135.6785825,35.0110026]],"type":"LineString"},"id":"kyoto-arashiyama:osm-way-001380835947:nodes-012783555042-012783555043","properties":{"artifact_id":"arashiyama-osm-corridor-v1","bridge":true,"bridge_reason":null,"city_id":"kyoto_arashiyama","data_class":"REAL","geometry_status":"SOURCE_TRACEABLE_REAL","layer":1,"layer_reason":null,"level":null,"level_reason":"OSM way has no level tag","lineage":["OpenStreetMap way and original node IDs","fixed-time bounded Overpass response retained as exact bytes","consecutive source-node segmentation; no crossing-node invention"],"revision_id":"osm-2026-08-29-v1","source_class":"VGI","source_feature_id":"way/1380835947#segment/0","source_id":"openstreetmap-overpass-arashiyama-20260829","stable_feature_id":"kyoto-arashiyama:osm-way-001380835947:nodes-012783555042-012783555043","tunnel":"UNKNOWN","tunnel_reason":"OSM way has no tunnel tag"},"type":"Feature"},{"geometry":{"coordinates":[[135.6789348,35.0107375],[135.6788002,35.0106279]],"type":"LineString"},"id":"kyoto-arashiyama:osm-way-001380835948:nodes-012783555048-013019086939","properties":{"artifact_id":"arashiyama-osm-corridor-v1","bridge":"UNKNOWN","bridge_reason":"OSM way has no bridge tag","city_id":"kyoto_arashiyama","data_class":"REAL","geometry_status":"SOURCE_TRACEABLE_REAL","layer":null,"layer_reason":"OSM way has no layer tag","level":null,"level_reason":"OSM way has no level tag","lineage":["OpenStreetMap way and original node IDs","fixed-time bounded Overpass response retained as exact bytes","consecutive source-node segmentation; no crossing-node invention"],"revision_id":"osm-2026-08-29-v1","source_class":"VGI","source_feature_id":"way/1380835948#segment/0","source_id":"openstreetmap-overpass-arashiyama-20260829","stable_feature_id":"kyoto-arashiyama:osm-way-001380835948:nodes-012783555048-013019086939","tunnel":"UNKNOWN","tunnel_reason":"OSM way has no tunnel tag"},"type":"Feature"},{"geometry":{"coordinates":[[135.6784433,35.0107108],[135.678268,35.0105767]],"type":"LineString"},"id":"kyoto-arashiyama:osm-way-001380835948:nodes-012783555049-013019086940","properties":{"artifact_id":"arashiyama-osm-corridor-v1","bridge":"UNKNOWN","bridge_reason":"OSM way has no bridge tag","city_id":"kyoto_arashiyama","data_class":"REAL","geometry_status":"SOURCE_TRACEABLE_REAL","layer":null,"layer_reason":"OSM way has no layer tag","level":null,"level_reason":"OSM way has no level tag","lineage":["OpenStreetMap way and original node IDs","fixed-time bounded Overpass response retained as exact bytes","consecutive source-node segmentation; no crossing-node invention"],"revision_id":"osm-2026-08-29-v1","source_class":"VGI","source_feature_id":"way/1380835948#segment/5","source_id":"openstreetmap-overpass-arashiyama-20260829","stable_feature_id":"kyoto-arashiyama:osm-way-001380835948:nodes-012783555049-013019086940","tunnel":"UNKNOWN","tunnel_reason":"OSM way has no tunnel tag"},"type":"Feature"},{"geometry":{"coordinates":[[135.6788002,35.0106279],[135.678682,35.0105523]],"type":"LineString"},"id":"kyoto-arashiyama:osm-way-001380835948:nodes-013019086939-013019086942","properties":{"artifact_id":"arashiyama-osm-corridor-v1","bridge":"UNKNOWN","bridge_reason":"OSM way has no bridge tag","city_id":"kyoto_arashiyama","data_class":"REAL","geometry_status":"SOURCE_TRACEABLE_REAL","layer":null,"layer_reason":"OSM way has no layer tag","level":null,"level_reason":"OSM way has no level tag","lineage":["OpenStreetMap way and original node IDs","fixed-time bounded Overpass response retained as exact bytes","consecutive source-node segmentation; no crossing-node invention"],"revision_id":"osm-2026-08-29-v1","source_class":"VGI","source_feature_id":"way/1380835948#segment/1","source_id":"openstreetmap-overpass-arashiyama-20260829","stable_feature_id":"kyoto-arashiyama:osm-way-001380835948:nodes-013019086939-013019086942","tunnel":"UNKNOWN","tunnel_reason":"OSM way has no tunnel tag"},"type":"Feature"},{"geometry":{"coordinates":[[135.6786558,35.0105514],[135.6784433,35.0107108]],"type":"LineString"},"id":"kyoto-arashiyama:osm-way-001380835948:nodes-013019086940-013019086941","properties":{"artifact_id":"arashiyama-osm-corridor-v1","bridge":"UNKNOWN","bridge_reason":"OSM way has no bridge tag","city_id":"kyoto_arashiyama","data_class":"REAL","geometry_status":"SOURCE_TRACEABLE_REAL","layer":null,"layer_reason":"OSM way has no layer tag","level":null,"level_reason":"OSM way has no level tag","lineage":["OpenStreetMap way and original node IDs","fixed-time bounded Overpass response retained as exact bytes","consecutive source-node segmentation; no crossing-node invention"],"revision_id":"osm-2026-08-29-v1","source_class":"VGI","source_feature_id":"way/1380835948#segment/4","source_id":"openstreetmap-overpass-arashiyama-20260829","stable_feature_id":"kyoto-arashiyama:osm-way-001380835948:nodes-013019086940-013019086941","tunnel":"UNKNOWN","tunnel_reason":"OSM way has no tunnel tag"},"type":"Feature"},{"geometry":{"coordinates":[[135.6786705,35.0105461],[135.6786558,35.0105514]],"type":"LineString"},"id":"kyoto-arashiyama:osm-way-001380835948:nodes-013019086941-013019086943","properties":{"artifact_id":"arashiyama-osm-corridor-v1","bridge":"UNKNOWN","bridge_reason":"OSM way has no bridge tag","city_id":"kyoto_arashiyama","data_class":"REAL","geometry_status":"SOURCE_TRACEABLE_REAL","layer":null,"layer_reason":"OSM way has no layer tag","level":null,"level_reason":"OSM way has no level tag","lineage":["OpenStreetMap way and original node IDs","fixed-time bounded Overpass response retained as exact bytes","consecutive source-node segmentation; no crossing-node invention"],"revision_id":"osm-2026-08-29-v1","source_class":"VGI","source_feature_id":"way/1380835948#segment/3","source_id":"openstreetmap-overpass-arashiyama-20260829","stable_feature_id":"kyoto-arashiyama:osm-way-001380835948:nodes-013019086941-013019086943","tunnel":"UNKNOWN","tunnel_reason":"OSM way has no tunnel tag"},"type":"Feature"},{"geometry":{"coordinates":[[135.678682,35.0105523],[135.6786705,35.0105461]],"type":"LineString"},"id":"kyoto-arashiyama:osm-way-001380835948:nodes-013019086942-013019086943","properties":{"artifact_id":"arashiyama-osm-corridor-v1","bridge":"UNKNOWN","bridge_reason":"OSM way has no bridge tag","city_id":"kyoto_arashiyama","data_class":"REAL","geometry_status":"SOURCE_TRACEABLE_REAL","layer":null,"layer_reason":"OSM way has no layer tag","level":null,"level_reason":"OSM way has no level tag","lineage":["OpenStreetMap way and original node IDs","fixed-time bounded Overpass response retained as exact bytes","consecutive source-node segmentation; no crossing-node invention"],"revision_id":"osm-2026-08-29-v1","source_class":"VGI","source_feature_id":"way/1380835948#segment/2","source_id":"openstreetmap-overpass-arashiyama-20260829","stable_feature_id":"kyoto-arashiyama:osm-way-001380835948:nodes-013019086942-013019086943","tunnel":"UNKNOWN","tunnel_reason":"OSM way has no tunnel tag"},"type":"Feature"},{"geometry":{"coordinates":[[135.6789659,35.0107785],[135.6789348,35.0107375]],"type":"LineString"},"id":"kyoto-arashiyama:osm-way-001380835949:nodes-012783555048-012783555050","properties":{"artifact_id":"arashiyama-osm-corridor-v1","bridge":true,"bridge_reason":null,"city_id":"kyoto_arashiyama","data_class":"REAL","geometry_status":"SOURCE_TRACEABLE_REAL","layer":1,"layer_reason":null,"level":null,"level_reason":"OSM way has no level tag","lineage":["OpenStreetMap way and original node IDs","fixed-time bounded Overpass response retained as exact bytes","consecutive source-node segmentation; no crossing-node invention"],"revision_id":"osm-2026-08-29-v1","source_class":"VGI","source_feature_id":"way/1380835949#segment/0","source_id":"openstreetmap-overpass-arashiyama-20260829","stable_feature_id":"kyoto-arashiyama:osm-way-001380835949:nodes-012783555048-012783555050","tunnel":"UNKNOWN","tunnel_reason":"OSM way has no tunnel tag"},"type":"Feature"},{"geometry":{"coordinates":[[135.6801845,35.0116094],[135.6801578,35.0116004]],"type":"LineString"},"id":"kyoto-arashiyama:osm-way-001396547452:nodes-012925548231-012925548237","properties":{"artifact_id":"arashiyama-osm-corridor-v1","bridge":"UNKNOWN","bridge_reason":"OSM way has no bridge tag","city_id":"kyoto_arashiyama","data_class":"REAL","geometry_status":"SOURCE_TRACEABLE_REAL","layer":null,"layer_reason":"OSM way has no layer tag","level":null,"level_reason":"OSM way has no level tag","lineage":["OpenStreetMap way and original node IDs","fixed-time bounded Overpass response retained as exact bytes","consecutive source-node segmentation; no crossing-node invention"],"revision_id":"osm-2026-08-29-v1","source_class":"VGI","source_feature_id":"way/1396547452#segment/2","source_id":"openstreetmap-overpass-arashiyama-20260829","stable_feature_id":"kyoto-arashiyama:osm-way-001396547452:nodes-012925548231-012925548237","tunnel":"UNKNOWN","tunnel_reason":"OSM way has no tunnel tag"},"type":"Feature"},{"geometry":{"coordinates":[[135.6801578,35.0116004],[135.6801366,35.0116409]],"type":"LineString"},"id":"kyoto-arashiyama:osm-way-001396547452:nodes-012925548231-012925548239","properties":{"artifact_id":"arashiyama-osm-corridor-v1","bridge":"UNKNOWN","bridge_reason":"OSM way has no bridge tag","city_id":"kyoto_arashiyama","data_class":"REAL","geometry_status":"SOURCE_TRACEABLE_REAL","layer":null,"layer_reason":"OSM way has no layer tag","level":null,"level_reason":"OSM way has no level tag","lineage":["OpenStreetMap way and original node IDs","fixed-time bounded Overpass response retained as exact bytes","consecutive source-node segmentation; no crossing-node invention"],"revision_id":"osm-2026-08-29-v1","source_class":"VGI","source_feature_id":"way/1396547452#segment/3","source_id":"openstreetmap-overpass-arashiyama-20260829","stable_feature_id":"kyoto-arashiyama:osm-way-001396547452:nodes-012925548231-012925548239","tunnel":"UNKNOWN","tunnel_reason":"OSM way has no tunnel tag"},"type":"Feature"},{"geometry":{"coordinates":[[135.6800955,35.011721],[135.6797947,35.0116265]],"type":"LineString"},"id":"kyoto-arashiyama:osm-way-001396547452:nodes-012925548232-012925548233","properties":{"artifact_id":"arashiyama-osm-corridor-v1","bridge":"UNKNOWN","bridge_reason":"OSM way has no bridge tag","city_id":"kyoto_arashiyama","data_class":"REAL","geometry_status":"SOURCE_TRACEABLE_REAL","layer":null,"layer_reason":"OSM way has no layer tag","level":null,"level_reason":"OSM way has no level tag","lineage":["OpenStreetMap way and original node IDs","fixed-time bounded Overpass response retained as exact bytes","consecutive source-node segmentation; no crossing-node invention"],"revision_id":"osm-2026-08-29-v1","source_class":"VGI","source_feature_id":"way/1396547452#segment/7","source_id":"openstreetmap-overpass-arashiyama-20260829","stable_feature_id":"kyoto-arashiyama:osm-way-001396547452:nodes-012925548232-012925548233","tunnel":"UNKNOWN","tunnel_reason":"OSM way has no tunnel tag"},"type":"Feature"},{"geometry":{"coordinates":[[135.6801097,35.0116936],[135.6800955,35.011721]],"type":"LineString"},"id":"kyoto-arashiyama:osm-way-001396547452:nodes-012925548232-012925548241","properties":{"artifact_id":"arashiyama-osm-corridor-v1","bridge":"UNKNOWN","bridge_reason":"OSM way has no bridge tag","city_id":"kyoto_arashiyama","data_class":"REAL","geometry_status":"SOURCE_TRACEABLE_REAL","layer":null,"layer_reason":"OSM way has no layer tag","level":null,"level_reason":"OSM way has no level tag","lineage":["OpenStreetMap way and original node IDs","fixed-time bounded Overpass response retained as exact bytes","consecutive source-node segmentation; no crossing-node invention"],"revision_id":"osm-2026-08-29-v1","source_class":"VGI","source_feature_id":"way/1396547452#segment/6","source_id":"openstreetmap-overpass-arashiyama-20260829","stable_feature_id":"kyoto-arashiyama:osm-way-001396547452:nodes-012925548232-012925548241","tunnel":"UNKNOWN","tunnel_reason":"OSM way has no tunnel tag"},"type":"Feature"},{"geometry":{"coordinates":[[135.6801366,35.0116409],[135.6801216,35.0116705]],"type":"LineString"},"id":"kyoto-arashiyama:osm-way-001396547452:nodes-012925548239-012925548242","properties":{"artifact_id":"arashiyama-osm-corridor-v1","bridge":"UNKNOWN","bridge_reason":"OSM way has no bridge tag","city_id":"kyoto_arashiyama","data_class":"REAL","geometry_status":"SOURCE_TRACEABLE_REAL","layer":null,"layer_reason":"OSM way has no layer tag","level":null,"level_reason":"OSM way has no level tag","lineage":["OpenStreetMap way and original node IDs","fixed-time bounded Overpass response retained as exact bytes","consecutive source-node segmentation; no crossing-node invention"],"revision_id":"osm-2026-08-29-v1","source_class":"VGI","source_feature_id":"way/1396547452#segment/4","source_id":"openstreetmap-overpass-arashiyama-20260829","stable_feature_id":"kyoto-arashiyama:osm-way-001396547452:nodes-012925548239-012925548242","tunnel":"UNKNOWN","tunnel_reason":"OSM way has no tunnel tag"},"type":"Feature"},{"geometry":{"coordinates":[[135.6801216,35.0116705],[135.6801097,35.0116936]],"type":"LineString"},"id":"kyoto-arashiyama:osm-way-001396547452:nodes-012925548241-012925548242","properties":{"artifact_id":"arashiyama-osm-corridor-v1","bridge":"UNKNOWN","bridge_reason":"OSM way has no bridge tag","city_id":"kyoto_arashiyama","data_class":"REAL","geometry_status":"SOURCE_TRACEABLE_REAL","layer":null,"layer_reason":"OSM way has no layer tag","level":null,"level_reason":"OSM way has no level tag","lineage":["OpenStreetMap way and original node IDs","fixed-time bounded Overpass response retained as exact bytes","consecutive source-node segmentation; no crossing-node invention"],"revision_id":"osm-2026-08-29-v1","source_class":"VGI","source_feature_id":"way/1396547452#segment/5","source_id":"openstreetmap-overpass-arashiyama-20260829","stable_feature_id":"kyoto-arashiyama:osm-way-001396547452:nodes-012925548241-012925548242","tunnel":"UNKNOWN","tunnel_reason":"OSM way has no tunnel tag"},"type":"Feature"},{"geometry":{"coordinates":[[135.6800955,35.011721],[135.6800444,35.011821]],"type":"LineString"},"id":"kyoto-arashiyama:osm-way-001396547453:nodes-012925548232-012925548240","properties":{"artifact_id":"arashiyama-osm-corridor-v1","bridge":"UNKNOWN","bridge_reason":"OSM way has no bridge tag","city_id":"kyoto_arashiyama","data_class":"REAL","geometry_status":"SOURCE_TRACEABLE_REAL","layer":null,"layer_reason":"OSM way has no layer tag","level":null,"level_reason":"OSM way has no level tag","lineage":["OpenStreetMap way and original node IDs","fixed-time bounded Overpass response retained as exact bytes","consecutive source-node segmentation; no crossing-node invention"],"revision_id":"osm-2026-08-29-v1","source_class":"VGI","source_feature_id":"way/1396547453#segment/5","source_id":"openstreetmap-overpass-arashiyama-20260829","stable_feature_id":"kyoto-arashiyama:osm-way-001396547453:nodes-012925548232-012925548240","tunnel":"UNKNOWN","tunnel_reason":"OSM way has no tunnel tag"},"type":"Feature"},{"geometry":{"coordinates":[[135.6801097,35.0116936],[135.6800955,35.011721]],"type":"LineString"},"id":"kyoto-arashiyama:osm-way-001396547453:nodes-012925548232-012925548241","properties":{"artifact_id":"arashiyama-osm-corridor-v1","bridge":"UNKNOWN","bridge_reason":"OSM way has no bridge tag","city_id":"kyoto_arashiyama","data_class":"REAL","geometry_status":"SOURCE_TRACEABLE_REAL","layer":null,"layer_reason":"OSM way has no layer tag","level":null,"level_reason":"OSM way has no level tag","lineage":["OpenStreetMap way and original node IDs","fixed-time bounded Overpass response retained as exact bytes","consecutive source-node segmentation; no crossing-node invention"],"revision_id":"osm-2026-08-29-v1","source_class":"VGI","source_feature_id":"way/1396547453#segment/4","source_id":"openstreetmap-overpass-arashiyama-20260829","stable_feature_id":"kyoto-arashiyama:osm-way-001396547453:nodes-012925548232-012925548241","tunnel":"UNKNOWN","tunnel_reason":"OSM way has no tunnel tag"},"type":"Feature"},{"geometry":{"coordinates":[[135.6801845,35.0116094],[135.6801624,35.0116508]],"type":"LineString"},"id":"kyoto-arashiyama:osm-way-001396547453:nodes-012925548237-012925548238","properties":{"artifact_id":"arashiyama-osm-corridor-v1","bridge":"UNKNOWN","bridge_reason":"OSM way has no bridge tag","city_id":"kyoto_arashiyama","data_class":"REAL","geometry_status":"SOURCE_TRACEABLE_REAL","layer":null,"layer_reason":"OSM way has no layer tag","level":null,"level_reason":"OSM way has no level tag","lineage":["OpenStreetMap way and original node IDs","fixed-time bounded Overpass response retained as exact bytes","consecutive source-node segmentation; no crossing-node invention"],"revision_id":"osm-2026-08-29-v1","source_class":"VGI","source_feature_id":"way/1396547453#segment/0","source_id":"openstreetmap-overpass-arashiyama-20260829","stable_feature_id":"kyoto-arashiyama:osm-way-001396547453:nodes-012925548237-012925548238","tunnel":"UNKNOWN","tunnel_reason":"OSM way has no tunnel tag"},"type":"Feature"},{"geometry":{"coordinates":[[135.6801624,35.0116508],[135.6801366,35.0116409]],"type":"LineString"},"id":"kyoto-arashiyama:osm-way-001396547453:nodes-012925548238-012925548239","properties":{"artifact_id":"arashiyama-osm-corridor-v1","bridge":"UNKNOWN","bridge_reason":"OSM way has no bridge tag","city_id":"kyoto_arashiyama","data_class":"REAL","geometry_status":"SOURCE_TRACEABLE_REAL","layer":null,"layer_reason":"OSM way has no layer tag","level":null,"level_reason":"OSM way has no level tag","lineage":["OpenStreetMap way and original node IDs","fixed-time bounded Overpass response retained as exact bytes","consecutive source-node segmentation; no crossing-node invention"],"revision_id":"osm-2026-08-29-v1","source_class":"VGI","source_feature_id":"way/1396547453#segment/1","source_id":"openstreetmap-overpass-arashiyama-20260829","stable_feature_id":"kyoto-arashiyama:osm-way-001396547453:nodes-012925548238-012925548239","tunnel":"UNKNOWN","tunnel_reason":"OSM way has no tunnel tag"},"type":"Feature"},{"geometry":{"coordinates":[[135.6801366,35.0116409],[135.6801216,35.0116705]],"type":"LineString"},"id":"kyoto-arashiyama:osm-way-001396547453:nodes-012925548239-012925548242","properties":{"artifact_id":"arashiyama-osm-corridor-v1","bridge":"UNKNOWN","bridge_reason":"OSM way has no bridge tag","city_id":"kyoto_arashiyama","data_class":"REAL","geometry_status":"SOURCE_TRACEABLE_REAL","layer":null,"layer_reason":"OSM way has no layer tag","level":null,"level_reason":"OSM way has no level tag","lineage":["OpenStreetMap way and original node IDs","fixed-time bounded Overpass response retained as exact bytes","consecutive source-node segmentation; no crossing-node invention"],"revision_id":"osm-2026-08-29-v1","source_class":"VGI","source_feature_id":"way/1396547453#segment/2","source_id":"openstreetmap-overpass-arashiyama-20260829","stable_feature_id":"kyoto-arashiyama:osm-way-001396547453:nodes-012925548239-012925548242","tunnel":"UNKNOWN","tunnel_reason":"OSM way has no tunnel tag"},"type":"Feature"},{"geometry":{"coordinates":[[135.6801216,35.0116705],[135.6801097,35.0116936]],"type":"LineString"},"id":"kyoto-arashiyama:osm-way-001396547453:nodes-012925548241-012925548242","properties":{"artifact_id":"arashiyama-osm-corridor-v1","bridge":"UNKNOWN","bridge_reason":"OSM way has no bridge tag","city_id":"kyoto_arashiyama","data_class":"REAL","geometry_status":"SOURCE_TRACEABLE_REAL","layer":null,"layer_reason":"OSM way has no layer tag","level":null,"level_reason":"OSM way has no level tag","lineage":["OpenStreetMap way and original node IDs","fixed-time bounded Overpass response retained as exact bytes","consecutive source-node segmentation; no crossing-node invention"],"revision_id":"osm-2026-08-29-v1","source_class":"VGI","source_feature_id":"way/1396547453#segment/3","source_id":"openstreetmap-overpass-arashiyama-20260829","stable_feature_id":"kyoto-arashiyama:osm-way-001396547453:nodes-012925548241-012925548242","tunnel":"UNKNOWN","tunnel_reason":"OSM way has no tunnel tag"},"type":"Feature"},{"geometry":{"coordinates":[[135.6793472,35.0137326],[135.6795733,35.0137449]],"type":"LineString"},"id":"kyoto-arashiyama:osm-way-001510251261:nodes-003255952300-013805963837","properties":{"artifact_id":"arashiyama-osm-corridor-v1","bridge":"UNKNOWN","bridge_reason":"OSM way has no bridge tag","city_id":"kyoto_arashiyama","data_class":"REAL","geometry_status":"SOURCE_TRACEABLE_REAL","layer":null,"layer_reason":"OSM way has no layer tag","level":null,"level_reason":"OSM way has no level tag","lineage":["OpenStreetMap way and original node IDs","fixed-time bounded Overpass response retained as exact bytes","consecutive source-node segmentation; no crossing-node invention"],"revision_id":"osm-2026-08-29-v1","source_class":"VGI","source_feature_id":"way/1510251261#segment/0","source_id":"openstreetmap-overpass-arashiyama-20260829","stable_feature_id":"kyoto-arashiyama:osm-way-001510251261:nodes-003255952300-013805963837","tunnel":"UNKNOWN","tunnel_reason":"OSM way has no tunnel tag"},"type":"Feature"},{"geometry":{"coordinates":[[135.6790113,35.0137123],[135.6789502,35.0144002]],"type":"LineString"},"id":"kyoto-arashiyama:osm-way-001550559956:nodes-014102818766-014102818767","properties":{"artifact_id":"arashiyama-osm-corridor-v1","bridge":"UNKNOWN","bridge_reason":"OSM way has no bridge tag","city_id":"kyoto_arashiyama","data_class":"REAL","geometry_status":"SOURCE_TRACEABLE_REAL","layer":null,"layer_reason":"OSM way has no layer tag","level":null,"level_reason":"OSM way has no level tag","lineage":["OpenStreetMap way and original node IDs","fixed-time bounded Overpass response retained as exact bytes","consecutive source-node segmentation; no crossing-node invention"],"revision_id":"osm-2026-08-29-v1","source_class":"VGI","source_feature_id":"way/1550559956#segment/0","source_id":"openstreetmap-overpass-arashiyama-20260829","stable_feature_id":"kyoto-arashiyama:osm-way-001550559956:nodes-014102818766-014102818767","tunnel":"UNKNOWN","tunnel_reason":"OSM way has no tunnel tag"},"type":"Feature"},{"geometry":{"coordinates":[[135.6789502,35.0144002],[135.678705,35.0143868]],"type":"LineString"},"id":"kyoto-arashiyama:osm-way-001550559956:nodes-014102818767-014102818768","properties":{"artifact_id":"arashiyama-osm-corridor-v1","bridge":"UNKNOWN","bridge_reason":"OSM way has no bridge tag","city_id":"kyoto_arashiyama","data_class":"REAL","geometry_status":"SOURCE_TRACEABLE_REAL","layer":null,"layer_reason":"OSM way has no layer tag","level":null,"level_reason":"OSM way has no level tag","lineage":["OpenStreetMap way and original node IDs","fixed-time bounded Overpass response retained as exact bytes","consecutive source-node segmentation; no crossing-node invention"],"revision_id":"osm-2026-08-29-v1","source_class":"VGI","source_feature_id":"way/1550559956#segment/1","source_id":"openstreetmap-overpass-arashiyama-20260829","stable_feature_id":"kyoto-arashiyama:osm-way-001550559956:nodes-014102818767-014102818768","tunnel":"UNKNOWN","tunnel_reason":"OSM way has no tunnel tag"},"type":"Feature"}],"type":"FeatureCollection"}
