{
  "features": [
    {
      "geometry": {
        "coordinates": [
          [
            [
              135.6859375,
              35.0
            ],
            [
              135.685625,
              35.0
            ],
            [
              135.685625,
              35.00020833
            ],
            [
              135.6859375,
              35.00020833
            ],
            [
              135.6859375,
              35.0
            ]
          ]
        ],
        "type": "Polygon"
      },
      "properties": {
        "A31b_101": 1,
        "_ablepath_aoi_id": "arashiyama",
        "_ablepath_display_only": true,
        "_ablepath_geometry_transform": "NONE_WHOLE_SOURCE_FEATURE_INTERSECTION_SELECTION",
        "_ablepath_layer_id": "A31b-10",
        "_ablepath_source_feature_index": 72098,
        "_ablepath_source_member": "10_計画規模/A31b-10-25_10_5235.geojson"
      },
      "type": "Feature"
    },
    {
      "geometry": {
        "coordinates": [
          [
            [
              135.6853125,
              35.00083333
            ],
            [
              135.685625,
              35.00083333
            ],
            [
              135.685625,
              35.000625
            ],
            [
              135.6853125,
              35.000625
            ],
            [
              135.6853125,
              35.00083333
            ]
          ]
        ],
        "type": "Polygon"
      },
      "properties": {
        "A31b_101": 1,
        "_ablepath_aoi_id": "arashiyama",
        "_ablepath_display_only": true,
        "_ablepath_geometry_transform": "NONE_WHOLE_SOURCE_FEATURE_INTERSECTION_SELECTION",
        "_ablepath_layer_id": "A31b-10",
        "_ablepath_source_feature_index": 72150,
        "_ablepath_source_member": "10_計画規模/A31b-10-25_10_5235.geojson"
      },
      "type": "Feature"
    },
    {
      "geometry": {
        "coordinates": [
          [
            [
              135.6853125,
              35.00083333
            ],
            [
              135.685,
              35.00083333
            ],
            [
              135.685,
              35.00104167
            ],
            [
              135.6853125,
              35.00104167
            ],
            [
              135.6853125,
              35.00083333
            ]
          ]
        ],
        "type": "Polygon"
      },
      "properties": {
        "A31b_101": 1,
        "_ablepath_aoi_id": "arashiyama",
        "_ablepath_display_only": true,
        "_ablepath_geometry_transform": "NONE_WHOLE_SOURCE_FEATURE_INTERSECTION_SELECTION",
        "_ablepath_layer_id": "A31b-10",
        "_ablepath_source_feature_index": 72170,
        "_ablepath_source_member": "10_計画規模/A31b-10-25_10_5235.geojson"
      },
      "type": "Feature"
    },
    {
      "geometry": {
        "coordinates": [
          [
            [
              135.6884375,
              35.00104167
            ],
            [
              135.6884375,
              35.00083333
            ],
            [
              135.68875,
              35.00083333
            ],
            [
              135.68875,
              35.000625
            ],
            [
              135.68875,
              35.00041667
            ],
            [
              135.6884375,
              35.00041667
            ],
            [
              135.6884375,
              35.00020833
            ],
            [
              135.688125,
              35.00020833
            ],
            [
              135.688125,
              35.00041667
            ],
            [
              135.688125,
              35.000625
            ],
            [
              135.688125,
              35.00083333
            ],
            [
              135.688125,
              35.00104167
            ],
            [
              135.6884375,
              35.00104167
            ]
          ]
        ],
        "type": "Polygon"
      },
      "properties": {
        "A31b_101": 1,
        "_ablepath_aoi_id": "arashiyama",
        "_ablepath_display_only": true,
        "_ablepath_geometry_transform": "NONE_WHOLE_SOURCE_FEATURE_INTERSECTION_SELECTION",
        "_ablepath_layer_id": "A31b-10",
        "_ablepath_source_feature_index": 72171,
        "_ablepath_source_member": "10_計画規模/A31b-10-25_10_5235.geojson"
      },
      "type": "Feature"
    },
    {
      "geometry": {
        "coordinates": [
          [
            [
              135.684375,
              35.00125
            ],
            [
              135.6840625,
              35.00125
            ],
            [
              135.6840625,
              35.00145833
            ],
            [
              135.684375,
              35.00145833
            ],
            [
              135.684375,
              35.00125
            ]
          ]
        ],
        "type": "Polygon"
      },
      "properties": {
        "A31b_101": 1,
        "_ablepath_aoi_id": "arashiyama",
        "_ablepath_display_only": true,
        "_ablepath_geometry_transform": "NONE_WHOLE_SOURCE_FEATURE_INTERSECTION_SELECTION",
        "_ablepath_layer_id": "A31b-10",
        "_ablepath_source_feature_index": 72205,
        "_ablepath_source_member": "10_計画規模/A31b-10-25_10_5235.geojson"
      },
      "type": "Feature"
    },
    {
      "geometry": {
        "coordinates": [
          [
            [
              135.6840625,
              35.001875
            ],
            [
              135.68375,
              35.001875
            ],
            [
              135.68375,
              35.00208333
            ],
            [
              135.6840625,
              35.00208333
            ],
            [
              135.6840625,
              35.001875
            ]
          ]
        ],
        "type": "Polygon"
      },
      "properties": {
        "A31b_101": 1,
        "_ablepath_aoi_id": "arashiyama",
        "_ablepath_display_only": true,
        "_ablepath_geometry_transform": "NONE_WHOLE_SOURCE_FEATURE_INTERSECTION_SELECTION",
        "_ablepath_layer_id": "A31b-10",
        "_ablepath_source_feature_index": 72267,
        "_ablepath_source_member": "10_計画規模/A31b-10-25_10_5235.geojson"
      },
      "type": "Feature"
    },
    {
      "geometry": {
        "coordinates": [
          [
            [
              135.6834375,
              35.00270833
            ],
            [
              135.683125,
              35.00270833
            ],
            [
              135.683125,
              35.00291667
            ],
            [
              135.683125,
              35.003125
            ],
            [
              135.6834375,
              35.003125
            ],
            [
              135.6834375,
              35.00291667
            ],
            [
              135.6834375,
              35.00270833
            ]
          ]
        ],
        "type": "Polygon"
      },
      "properties": {
        "A31b_101": 1,
        "_ablepath_aoi_id": "arashiyama",
        "_ablepath_display_only": true,
        "_ablepath_geometry_transform": "NONE_WHOLE_SOURCE_FEATURE_INTERSECTION_SELECTION",
        "_ablepath_layer_id": "A31b-10",
        "_ablepath_source_feature_index": 72399,
        "_ablepath_source_member": "10_計画規模/A31b-10-25_10_5235.geojson"
      },
      "type": "Feature"
    },
    {
      "geometry": {
        "coordinates": [
          [
            [
              135.6875,
              35.00333333
            ],
            [
              135.6871875,
              35.00333333
            ],
            [
              135.6871875,
              35.00354167
            ],
            [
              135.6871875,
              35.00375
            ],
            [
              135.6875,
              35.00375
            ],
            [
              135.6875,
              35.00354167
            ],
            [
              135.6875,
              35.00333333
            ]
          ]
        ],
        "type": "Polygon"
      },
      "properties": {
        "A31b_101": 1,
        "_ablepath_aoi_id": "arashiyama",
        "_ablepath_display_only": true,
        "_ablepath_geometry_transform": "NONE_WHOLE_SOURCE_FEATURE_INTERSECTION_SELECTION",
        "_ablepath_layer_id": "A31b-10",
        "_ablepath_source_feature_index": 72471,
        "_ablepath_source_member": "10_計画規模/A31b-10-25_10_5235.geojson"
      },
      "type": "Feature"
    },
    {
      "geometry": {
        "coordinates": [
          [
            [
              135.68375,
              35.00354167
            ],
            [
              135.6834375,
              35.00354167
            ],
            [
              135.6834375,
              35.00375
            ],
            [
              135.6834375,
              35.00395833
            ],
            [
              135.68375,
              35.00395833
            ],
            [
              135.68375,
              35.00375
            ],
            [
              135.68375,
              35.00354167
            ]
          ]
        ],
        "type": "Polygon"
      },
      "properties": {
        "A31b_101": 1,
        "_ablepath_aoi_id": "arashiyama",
        "_ablepath_display_only": true,
        "_ablepath_geometry_transform": "NONE_WHOLE_SOURCE_FEATURE_INTERSECTION_SELECTION",
        "_ablepath_layer_id": "A31b-10",
        "_ablepath_source_feature_index": 72487,
        "_ablepath_source_member": "10_計画規模/A31b-10-25_10_5235.geojson"
      },
      "type": "Feature"
    },
    {
      "geometry": {
        "coordinates": [
          [
            [
              135.6834375,
              35.00416667
            ],
            [
              135.683125,
              35.00416667
            ],
            [
              135.683125,
              35.004375
            ],
            [
              135.6834375,
              35.004375
            ],
            [
              135.6834375,
              35.00416667
            ]
          ]
        ],
        "type": "Polygon"
      },
      "properties": {
        "A31b_101": 1,
        "_ablepath_aoi_id": "arashiyama",
        "_ablepath_display_only": true,
        "_ablepath_geometry_transform": "NONE_WHOLE_SOURCE_FEATURE_INTERSECTION_SELECTION",
        "_ablepath_layer_id": "A31b-10",
        "_ablepath_source_feature_index": 72522,
        "_ablepath_source_member": "10_計画規模/A31b-10-25_10_5235.geojson"
      },
      "type": "Feature"
    },
    {
      "geometry": {
        "coordinates": [
          [
            [
              135.6875,
              35.00458333
            ],
            [
              135.6871875,
              35.00458333
            ],
            [
              135.6871875,
              35.00479167
            ],
            [
              135.6875,
              35.00479167
            ],
            [
              135.6875,
              35.00458333
            ]
          ]
        ],
        "type": "Polygon"
      },
      "properties": {
        "A31b_101": 1,
        "_ablepath_aoi_id": "arashiyama",
        "_ablepath_display_only": true,
        "_ablepath_geometry_transform": "NONE_WHOLE_SOURCE_FEATURE_INTERSECTION_SELECTION",
        "_ablepath_layer_id": "A31b-10",
        "_ablepath_source_feature_index": 72571,
        "_ablepath_source_member": "10_計画規模/A31b-10-25_10_5235.geojson"
      },
      "type": "Feature"
    },
    {
      "geometry": {
        "coordinates": [
          [
            [
              135.6828125,
              35.005
            ],
            [
              135.6828125,
              35.00479167
            ],
            [
              135.683125,
              35.00479167
            ],
            [
              135.683125,
              35.00458333
            ],
            [
              135.6828125,
              35.00458333
            ],
            [
              135.6825,
              35.00458333
            ],
            [
              135.6825,
              35.00479167
            ],
            [
              135.6825,
              35.005
            ],
            [
              135.6828125,
              35.005
            ]
          ]
        ],
        "type": "Polygon"
      },
      "properties": {
        "A31b_101": 1,
        "_ablepath_aoi_id": "arashiyama",
        "_ablepath_display_only": true,
        "_ablepath_geometry_transform": "NONE_WHOLE_SOURCE_FEATURE_INTERSECTION_SELECTION",
        "_ablepath_layer_id": "A31b-10",
        "_ablepath_source_feature_index": 72605,
        "_ablepath_source_member": "10_計画規模/A31b-10-25_10_5235.geojson"
      },
      "type": "Feature"
    },
    {
      "geometry": {
        "coordinates": [
          [
            [
              135.6828125,
              35.005
            ],
            [
              135.6828125,
              35.00520833
            ],
            [
              135.6828125,
              35.00541667
            ],
            [
              135.683125,
              35.00541667
            ],
            [
              135.683125,
              35.00520833
            ],
            [
              135.683125,
              35.005
            ],
            [
              135.6828125,
              35.005
            ]
          ]
        ],
        "type": "Polygon"
      },
      "properties": {
        "A31b_101": 1,
        "_ablepath_aoi_id": "arashiyama",
        "_ablepath_display_only": true,
        "_ablepath_geometry_transform": "NONE_WHOLE_SOURCE_FEATURE_INTERSECTION_SELECTION",
        "_ablepath_layer_id": "A31b-10",
        "_ablepath_source_feature_index": 72652,
        "_ablepath_source_member": "10_計画規模/A31b-10-25_10_5235.geojson"
      },
      "type": "Feature"
    },
    {
      "geometry": {
        "coordinates": [
          [
            [
              135.6828125,
              35.00541667
            ],
            [
              135.6825,
              35.00541667
            ],
            [
              135.6825,
              35.005625
            ],
            [
              135.6828125,
              35.005625
            ],
            [
              135.6828125,
              35.00541667
            ]
          ]
        ],
        "type": "Polygon"
      },
      "properties": {
        "A31b_101": 1,
        "_ablepath_aoi_id": "arashiyama",
        "_ablepath_display_only": true,
        "_ablepath_geometry_transform": "NONE_WHOLE_SOURCE_FEATURE_INTERSECTION_SELECTION",
        "_ablepath_layer_id": "A31b-10",
        "_ablepath_source_feature_index": 72679,
        "_ablepath_source_member": "10_計画規模/A31b-10-25_10_5235.geojson"
      },
      "type": "Feature"
    },
    {
      "geometry": {
        "coordinates": [
          [
            [
              135.6875,
              35.00625
            ],
            [
              135.6875,
              35.00604167
            ],
            [
              135.6875,
              35.00583333
            ],
            [
              135.6875,
              35.005625
            ],
            [
              135.6871875,
              35.005625
            ],
            [
              135.6871875,
              35.00583333
            ],
            [
              135.6871875,
              35.00604167
            ],
            [
              135.6871875,
              35.00625
            ],
            [
              135.686875,
              35.00625
            ],
            [
              135.686875,
              35.00645833
            ],
            [
              135.6871875,
              35.00645833
            ],
            [
              135.6875,
              35.00645833
            ],
            [
              135.6875,
              35.00625
            ]
          ]
        ],
        "type": "Polygon"
      },
      "properties": {
        "A31b_101": 1,
        "_ablepath_aoi_id": "arashiyama",
        "_ablepath_display_only": true,
        "_ablepath_geometry_transform": "NONE_WHOLE_SOURCE_FEATURE_INTERSECTION_SELECTION",
        "_ablepath_layer_id": "A31b-10",
        "_ablepath_source_feature_index": 72776,
        "_ablepath_source_member": "10_計画規模/A31b-10-25_10_5235.geojson"
      },
      "type": "Feature"
    },
    {
      "geometry": {
        "coordinates": [
          [
            [
              135.6853125,
              35.008125
            ],
            [
              135.685,
              35.008125
            ],
            [
              135.685,
              35.00833333
            ],
            [
              135.6853125,
              35.00833333
            ],
            [
              135.6853125,
              35.008125
            ]
          ]
        ],
        "type": "Polygon"
      },
      "properties": {
        "A31b_101": 1,
        "_ablepath_aoi_id": "arashiyama",
        "_ablepath_display_only": true,
        "_ablepath_geometry_transform": "NONE_WHOLE_SOURCE_FEATURE_INTERSECTION_SELECTION",
        "_ablepath_layer_id": "A31b-10",
        "_ablepath_source_feature_index": 73002,
        "_ablepath_source_member": "10_計画規模/A31b-10-25_10_5235.geojson"
      },
      "type": "Feature"
    },
    {
      "geometry": {
        "coordinates": [
          [
            [
              135.680625,
              35.00875
            ],
            [
              135.6809375,
              35.00875
            ],
            [
              135.6809375,
              35.00854167
            ],
            [
              135.6809375,
              35.00833333
            ],
            [
              135.68125,
              35.00833333
            ],
            [
              135.68125,
              35.00854167
            ],
            [
              135.68125,
              35.00875
            ],
            [
              135.6815625,
              35.00875
            ],
            [
              135.6815625,
              35.00854167
            ],
            [
              135.681875,
              35.00854167
            ],
            [
              135.681875,
              35.00833333
            ],
            [
              135.6815625,
              35.00833333
            ],
            [
              135.6815625,
              35.008125
            ],
            [
              135.681875,
              35.008125
            ],
            [
              135.6821875,
              35.008125
            ],
            [
              135.6821875,
              35.00791667
            ],
            [
              135.6821875,
              35.00770833
            ],
            [
              135.6825,
              35.00770833
            ],
            [
              135.6828125,
              35.00770833
            ],
            [
              135.683125,
              35.00770833
            ],
            [
              135.683125,
              35.0075
            ],
            [
              135.6828125,
              35.0075
            ],
            [
              135.6825,
              35.0075
            ],
            [
              135.6825,
              35.00729167
            ],
            [
              135.6828125,
              35.00729167
            ],
            [
              135.6828125,
              35.00708333
            ],
            [
              135.6828125,
              35.006875
            ],
            [
              135.6828125,
              35.00666667
            ],
            [
              135.683125,
              35.00666667
            ],
            [
              135.683125,
              35.00645833
            ],
            [
              135.683125,
              35.00625
            ],
            [
              135.683125,
              35.00604167
            ],
            [
              135.6828125,
              35.00604167
            ],
            [
              135.6828125,
              35.00625
            ],
            [
              135.6825,
              35.00625
            ],
            [
              135.6825,
              35.00604167
            ],
            [
              135.6825,
              35.00583333
            ],
            [
              135.6821875,
              35.00583333
            ],
            [
              135.681875,
              35.00583333
            ],
            [
              135.681875,
              35.00604167
            ],
            [
              135.681875,
              35.00625
            ],
            [
              135.6821875,
              35.00625
            ],
            [
              135.6821875,
              35.00645833
            ],
            [
              135.6821875,
              35.00666667
            ],
            [
              135.681875,
              35.00666667
            ],
            [
              135.681875,
              35.006875
            ],
            [
              135.6821875,
              35.006875
            ],
            [
              135.6821875,
              35.00708333
            ],
            [
              135.681875,
              35.00708333
            ],
            [
              135.681875,
              35.00729167
            ],
            [
              135.6815625,
              35.00729167
            ],
            [
              135.6815625,
              35.0075
            ],
            [
              135.68125,
              35.0075
            ],
            [
              135.68125,
              35.00770833
            ],
            [
              135.68125,
              35.00791667
            ],
            [
              135.68125,
              35.008125
            ],
            [
              135.6809375,
              35.008125
            ],
            [
              135.680625,
              35.008125
            ],
            [
              135.680625,
              35.00833333
            ],
            [
              135.680625,
              35.00854167
            ],
            [
              135.680625,
              35.00875
            ]
          ]
        ],
        "type": "Polygon"
      },
      "properties": {
        "A31b_101": 1,
        "_ablepath_aoi_id": "arashiyama",
        "_ablepath_display_only": true,
        "_ablepath_geometry_transform": "NONE_WHOLE_SOURCE_FEATURE_INTERSECTION_SELECTION",
        "_ablepath_layer_id": "A31b-10",
        "_ablepath_source_feature_index": 73067,
        "_ablepath_source_member": "10_計画規模/A31b-10-25_10_5235.geojson"
      },
      "type": "Feature"
    },
    {
      "geometry": {
        "coordinates": [
          [
            [
              135.68125,
              35.00875
            ],
            [
              135.6809375,
              35.00875
            ],
            [
              135.6809375,
              35.00895833
            ],
            [
              135.68125,
              35.00895833
            ],
            [
              135.68125,
              35.00875
            ]
          ]
        ],
        "type": "Polygon"
      },
      "properties": {
        "A31b_101": 1,
        "_ablepath_aoi_id": "arashiyama",
        "_ablepath_display_only": true,
        "_ablepath_geometry_transform": "NONE_WHOLE_SOURCE_FEATURE_INTERSECTION_SELECTION",
        "_ablepath_layer_id": "A31b-10",
        "_ablepath_source_feature_index": 73093,
        "_ablepath_source_member": "10_計画規模/A31b-10-25_10_5235.geojson"
      },
      "type": "Feature"
    },
    {
      "geometry": {
        "coordinates": [
          [
            [
              135.680625,
              35.00875
            ],
            [
              135.6803125,
              35.00875
            ],
            [
              135.6803125,
              35.00895833
            ],
            [
              135.6803125,
              35.00916667
            ],
            [
              135.6803125,
              35.009375
            ],
            [
              135.680625,
              35.009375
            ],
            [
              135.680625,
              35.00916667
            ],
            [
              135.680625,
              35.00895833
            ],
            [
              135.680625,
              35.00875
            ]
          ]
        ],
        "type": "Polygon"
      },
      "properties": {
        "A31b_101": 1,
        "_ablepath_aoi_id": "arashiyama",
        "_ablepath_display_only": true,
        "_ablepath_geometry_transform": "NONE_WHOLE_SOURCE_FEATURE_INTERSECTION_SELECTION",
        "_ablepath_layer_id": "A31b-10",
        "_ablepath_source_feature_index": 73164,
        "_ablepath_source_member": "10_計画規模/A31b-10-25_10_5235.geojson"
      },
      "type": "Feature"
    },
    {
      "geometry": {
        "coordinates": [
          [
            [
              135.680625,
              35.009375
            ],
            [
              135.680625,
              35.00958333
            ],
            [
              135.6809375,
              35.00958333
            ],
            [
              135.6809375,
              35.009375
            ],
            [
              135.680625,
              35.009375
            ]
          ]
        ],
        "type": "Polygon"
      },
      "properties": {
        "A31b_101": 1,
        "_ablepath_aoi_id": "arashiyama",
        "_ablepath_display_only": true,
        "_ablepath_geometry_transform": "NONE_WHOLE_SOURCE_FEATURE_INTERSECTION_SELECTION",
        "_ablepath_layer_id": "A31b-10",
        "_ablepath_source_feature_index": 73199,
        "_ablepath_source_member": "10_計画規模/A31b-10-25_10_5235.geojson"
      },
      "type": "Feature"
    },
    {
      "geometry": {
        "coordinates": [
          [
            [
              135.680625,
              35.00958333
            ],
            [
              135.6803125,
              35.00958333
            ],
            [
              135.6803125,
              35.00979167
            ],
            [
              135.6803125,
              35.01
            ],
            [
              135.680625,
              35.01
            ],
            [
              135.680625,
              35.00979167
            ],
            [
              135.680625,
              35.00958333
            ]
          ]
        ],
        "type": "Polygon"
      },
      "properties": {
        "A31b_101": 1,
        "_ablepath_aoi_id": "arashiyama",
        "_ablepath_display_only": true,
        "_ablepath_geometry_transform": "NONE_WHOLE_SOURCE_FEATURE_INTERSECTION_SELECTION",
        "_ablepath_layer_id": "A31b-10",
        "_ablepath_source_feature_index": 73293,
        "_ablepath_source_member": "10_計画規模/A31b-10-25_10_5235.geojson"
      },
      "type": "Feature"
    },
    {
      "geometry": {
        "coordinates": [
          [
            [
              135.685,
              35.01
            ],
            [
              135.6853125,
              35.01
            ],
            [
              135.6853125,
              35.00979167
            ],
            [
              135.685,
              35.00979167
            ],
            [
              135.685,
              35.01
            ]
          ]
        ],
        "type": "Polygon"
      },
      "properties": {
        "A31b_101": 1,
        "_ablepath_aoi_id": "arashiyama",
        "_ablepath_display_only": true,
        "_ablepath_geometry_transform": "NONE_WHOLE_SOURCE_FEATURE_INTERSECTION_SELECTION",
        "_ablepath_layer_id": "A31b-10",
        "_ablepath_source_feature_index": 73294,
        "_ablepath_source_member": "10_計画規模/A31b-10-25_10_5235.geojson"
      },
      "type": "Feature"
    },
    {
      "geometry": {
        "coordinates": [
          [
            [
              135.6803125,
              35.01
            ],
            [
              135.68,
              35.01
            ],
            [
              135.68,
              35.01020833
            ],
            [
              135.6803125,
              35.01020833
            ],
            [
              135.6803125,
              35.01
            ]
          ]
        ],
        "type": "Polygon"
      },
      "properties": {
        "A31b_101": 1,
        "_ablepath_aoi_id": "arashiyama",
        "_ablepath_display_only": true,
        "_ablepath_geometry_transform": "NONE_WHOLE_SOURCE_FEATURE_INTERSECTION_SELECTION",
        "_ablepath_layer_id": "A31b-10",
        "_ablepath_source_feature_index": 73330,
        "_ablepath_source_member": "10_計画規模/A31b-10-25_10_5235.geojson"
      },
      "type": "Feature"
    },
    {
      "geometry": {
        "coordinates": [
          [
            [
              135.685,
              35.01
            ],
            [
              135.6846875,
              35.01
            ],
            [
              135.6846875,
              35.01020833
            ],
            [
              135.685,
              35.01020833
            ],
            [
              135.685,
              35.01
            ]
          ]
        ],
        "type": "Polygon"
      },
      "properties": {
        "A31b_101": 1,
        "_ablepath_aoi_id": "arashiyama",
        "_ablepath_display_only": true,
        "_ablepath_geometry_transform": "NONE_WHOLE_SOURCE_FEATURE_INTERSECTION_SELECTION",
        "_ablepath_layer_id": "A31b-10",
        "_ablepath_source_feature_index": 73331,
        "_ablepath_source_member": "10_計画規模/A31b-10-25_10_5235.geojson"
      },
      "type": "Feature"
    },
    {
      "geometry": {
        "coordinates": [
          [
            [
              135.685,
              35.01041667
            ],
            [
              135.6846875,
              35.01041667
            ],
            [
              135.6846875,
              35.010625
            ],
            [
              135.685,
              35.010625
            ],
            [
              135.685,
              35.01041667
            ]
          ]
        ],
        "type": "Polygon"
      },
      "properties": {
        "A31b_101": 1,
        "_ablepath_aoi_id": "arashiyama",
        "_ablepath_display_only": true,
        "_ablepath_geometry_transform": "NONE_WHOLE_SOURCE_FEATURE_INTERSECTION_SELECTION",
        "_ablepath_layer_id": "A31b-10",
        "_ablepath_source_feature_index": 73391,
        "_ablepath_source_member": "10_計画規模/A31b-10-25_10_5235.geojson"
      },
      "type": "Feature"
    },
    {
      "geometry": {
        "coordinates": [
          [
            [
              135.678125,
              35.010625
            ],
            [
              135.6778125,
              35.010625
            ],
            [
              135.6778125,
              35.01083333
            ],
            [
              135.678125,
              35.01083333
            ],
            [
              135.678125,
              35.010625
            ]
          ]
        ],
        "type": "Polygon"
      },
      "properties": {
        "A31b_101": 1,
        "_ablepath_aoi_id": "arashiyama",
        "_ablepath_display_only": true,
        "_ablepath_geometry_transform": "NONE_WHOLE_SOURCE_FEATURE_INTERSECTION_SELECTION",
        "_ablepath_layer_id": "A31b-10",
        "_ablepath_source_feature_index": 73403,
        "_ablepath_source_member": "10_計画規模/A31b-10-25_10_5235.geojson"
      },
      "type": "Feature"
    },
    {
      "geometry": {
        "coordinates": [
          [
            [
              135.67875,
              35.01083333
            ],
            [
              135.6790625,
              35.01083333
            ],
            [
              135.679375,
              35.01083333
            ],
            [
              135.679375,
              35.010625
            ],
            [
              135.6790625,
              35.010625
            ],
            [
              135.67875,
              35.010625
            ],
            [
              135.67875,
              35.01083333
            ]
          ]
        ],
        "type": "Polygon"
      },
      "properties": {
        "A31b_101": 1,
        "_ablepath_aoi_id": "arashiyama",
        "_ablepath_display_only": true,
        "_ablepath_geometry_transform": "NONE_WHOLE_SOURCE_FEATURE_INTERSECTION_SELECTION",
        "_ablepath_layer_id": "A31b-10",
        "_ablepath_source_feature_index": 73404,
        "_ablepath_source_member": "10_計画規模/A31b-10-25_10_5235.geojson"
      },
      "type": "Feature"
    },
    {
      "geometry": {
        "coordinates": [
          [
            [
              135.67875,
              35.01083333
            ],
            [
              135.6784375,
              35.01083333
            ],
            [
              135.6784375,
              35.01104167
            ],
            [
              135.6784375,
              35.01125
            ],
            [
              135.67875,
              35.01125
            ],
            [
              135.6790625,
              35.01125
            ],
            [
              135.679375,
              35.01125
            ],
            [
              135.679375,
              35.01104167
            ],
            [
              135.6790625,
              35.01104167
            ],
            [
              135.67875,
              35.01104167
            ],
            [
              135.67875,
              35.01083333
            ]
          ]
        ],
        "type": "Polygon"
      },
      "properties": {
        "A31b_101": 1,
        "_ablepath_aoi_id": "arashiyama",
        "_ablepath_display_only": true,
        "_ablepath_geometry_transform": "NONE_WHOLE_SOURCE_FEATURE_INTERSECTION_SELECTION",
        "_ablepath_layer_id": "A31b-10",
        "_ablepath_source_feature_index": 73437,
        "_ablepath_source_member": "10_計画規模/A31b-10-25_10_5235.geojson"
      },
      "type": "Feature"
    },
    {
      "geometry": {
        "coordinates": [
          [
            [
              135.681875,
              35.01104167
            ],
            [
              135.6815625,
              35.01104167
            ],
            [
              135.6815625,
              35.01125
            ],
            [
              135.681875,
              35.01125
            ],
            [
              135.681875,
              35.01104167
            ]
          ]
        ],
        "type": "Polygon"
      },
      "properties": {
        "A31b_101": 1,
        "_ablepath_aoi_id": "arashiyama",
        "_ablepath_display_only": true,
        "_ablepath_geometry_transform": "NONE_WHOLE_SOURCE_FEATURE_INTERSECTION_SELECTION",
        "_ablepath_layer_id": "A31b-10",
        "_ablepath_source_feature_index": 73438,
        "_ablepath_source_member": "10_計画規模/A31b-10-25_10_5235.geojson"
      },
      "type": "Feature"
    },
    {
      "geometry": {
        "coordinates": [
          [
            [
              135.6840625,
              35.01104167
            ],
            [
              135.68375,
              35.01104167
            ],
            [
              135.68375,
              35.01125
            ],
            [
              135.6840625,
              35.01125
            ],
            [
              135.6840625,
              35.01104167
            ]
          ]
        ],
        "type": "Polygon"
      },
      "properties": {
        "A31b_101": 1,
        "_ablepath_aoi_id": "arashiyama",
        "_ablepath_display_only": true,
        "_ablepath_geometry_transform": "NONE_WHOLE_SOURCE_FEATURE_INTERSECTION_SELECTION",
        "_ablepath_layer_id": "A31b-10",
        "_ablepath_source_feature_index": 73439,
        "_ablepath_source_member": "10_計画規模/A31b-10-25_10_5235.geojson"
      },
      "type": "Feature"
    },
    {
      "geometry": {
        "coordinates": [
          [
            [
              135.679375,
              35.01125
            ],
            [
              135.679375,
              35.01145833
            ],
            [
              135.6796875,
              35.01145833
            ],
            [
              135.6796875,
              35.01125
            ],
            [
              135.679375,
              35.01125
            ]
          ]
        ],
        "type": "Polygon"
      },
      "properties": {
        "A31b_101": 1,
        "_ablepath_aoi_id": "arashiyama",
        "_ablepath_display_only": true,
        "_ablepath_geometry_transform": "NONE_WHOLE_SOURCE_FEATURE_INTERSECTION_SELECTION",
        "_ablepath_layer_id": "A31b-10",
        "_ablepath_source_feature_index": 73467,
        "_ablepath_source_member": "10_計画規模/A31b-10-25_10_5235.geojson"
      },
      "type": "Feature"
    },
    {
      "geometry": {
        "coordinates": [
          [
            [
              135.6746875,
              35.01354167
            ],
            [
              135.6746875,
              35.01333333
            ],
            [
              135.674375,
              35.01333333
            ],
            [
              135.674375,
              35.01354167
            ],
            [
              135.6746875,
              35.01354167
            ]
          ]
        ],
        "type": "Polygon"
      },
      "properties": {
        "A31b_101": 1,
        "_ablepath_aoi_id": "arashiyama",
        "_ablepath_display_only": true,
        "_ablepath_geometry_transform": "NONE_WHOLE_SOURCE_FEATURE_INTERSECTION_SELECTION",
        "_ablepath_layer_id": "A31b-10",
        "_ablepath_source_feature_index": 73616,
        "_ablepath_source_member": "10_計画規模/A31b-10-25_10_5235.geojson"
      },
      "type": "Feature"
    },
    {
      "geometry": {
        "coordinates": [
          [
            [
              135.6746875,
              35.01354167
            ],
            [
              135.6746875,
              35.01375
            ],
            [
              135.675,
              35.01375
            ],
            [
              135.675,
              35.01354167
            ],
            [
              135.6746875,
              35.01354167
            ]
          ]
        ],
        "type": "Polygon"
      },
      "properties": {
        "A31b_101": 1,
        "_ablepath_aoi_id": "arashiyama",
        "_ablepath_display_only": true,
        "_ablepath_geometry_transform": "NONE_WHOLE_SOURCE_FEATURE_INTERSECTION_SELECTION",
        "_ablepath_layer_id": "A31b-10",
        "_ablepath_source_feature_index": 73636,
        "_ablepath_source_member": "10_計画規模/A31b-10-25_10_5235.geojson"
      },
      "type": "Feature"
    },
    {
      "geometry": {
        "coordinates": [
          [
            [
              135.680625,
              35.01416667
            ],
            [
              135.6809375,
              35.01416667
            ],
            [
              135.6809375,
              35.014375
            ],
            [
              135.680625,
              35.014375
            ],
            [
              135.680625,
              35.01416667
            ],
            [
              135.6803125,
              35.01416667
            ],
            [
              135.6803125,
              35.014375
            ],
            [
              135.68,
              35.014375
            ],
            [
              135.6796875,
              35.014375
            ],
            [
              135.6796875,
              35.01458333
            ],
            [
              135.679375,
              35.01458333
            ],
            [
              135.679375,
              35.01479167
            ],
            [
              135.6796875,
              35.01479167
            ],
            [
              135.68,
              35.01479167
            ],
            [
              135.68,
              35.015
            ],
            [
              135.6803125,
              35.015
            ],
            [
              135.680625,
              35.015
            ],
            [
              135.6809375,
              35.015
            ],
            [
              135.68125,
              35.015
            ],
            [
              135.6815625,
              35.015
            ],
            [
              135.681875,
              35.015
            ],
            [
              135.6821875,
              35.015
            ],
            [
              135.6821875,
              35.01479167
            ],
            [
              135.6821875,
              35.01458333
            ],
            [
              135.6825,
              35.01458333
            ],
            [
              135.6825,
              35.014375
            ],
            [
              135.6828125,
              35.014375
            ],
            [
              135.683125,
              35.014375
            ],
            [
              135.683125,
              35.01458333
            ],
            [
              135.6834375,
              35.01458333
            ],
            [
              135.6834375,
              35.014375
            ],
            [
              135.68375,
              35.014375
            ],
            [
              135.6840625,
              35.014375
            ],
            [
              135.684375,
              35.014375
            ],
            [
              135.6846875,
              35.014375
            ],
            [
              135.6846875,
              35.01458333
            ],
            [
              135.685,
              35.01458333
            ],
            [
              135.685,
              35.014375
            ],
            [
              135.6853125,
              35.014375
            ],
            [
              135.685625,
              35.014375
            ],
            [
              135.6859375,
              35.014375
            ],
            [
              135.68625,
              35.014375
            ],
            [
              135.68625,
              35.01416667
            ],
            [
              135.6859375,
              35.01416667
            ],
            [
              135.6859375,
              35.01395833
            ],
            [
              135.68625,
              35.01395833
            ],
            [
              135.6865625,
              35.01395833
            ],
            [
              135.6865625,
              35.01375
            ],
            [
              135.68625,
              35.01375
            ],
            [
              135.68625,
              35.01354167
            ],
            [
              135.6859375,
              35.01354167
            ],
            [
              135.685625,
              35.01354167
            ],
            [
              135.685625,
              35.01375
            ],
            [
              135.6853125,
              35.01375
            ],
            [
              135.6853125,
              35.01395833
            ],
            [
              135.6853125,
              35.01416667
            ],
            [
              135.685,
              35.01416667
            ],
            [
              135.685,
              35.01395833
            ],
            [
              135.6846875,
              35.01395833
            ],
            [
              135.684375,
              35.01395833
            ],
            [
              135.6840625,
              35.01395833
            ],
            [
              135.6840625,
              35.01375
            ],
            [
              135.68375,
              35.01375
            ],
            [
              135.68375,
              35.01395833
            ],
            [
              135.68375,
              35.01416667
            ],
            [
              135.6834375,
              35.01416667
            ],
            [
              135.6834375,
              35.01395833
            ],
            [
              135.683125,
              35.01395833
            ],
            [
              135.683125,
              35.01416667
            ],
            [
              135.6828125,
              35.01416667
            ],
            [
              135.6828125,
              35.01395833
            ],
            [
              135.6825,
              35.01395833
            ],
            [
              135.6821875,
              35.01395833
            ],
            [
              135.681875,
              35.01395833
            ],
            [
              135.6815625,
              35.01395833
            ],
            [
              135.6815625,
              35.01375
            ],
            [
              135.68125,
              35.01375
            ],
            [
              135.6809375,
              35.01375
            ],
            [
              135.6809375,
              35.01395833
            ],
            [
              135.680625,
              35.01395833
            ],
            [
              135.680625,
              35.01416667
            ]
          ]
        ],
        "type": "Polygon"
      },
      "properties": {
        "A31b_101": 1,
        "_ablepath_aoi_id": "arashiyama",
        "_ablepath_display_only": true,
        "_ablepath_geometry_transform": "NONE_WHOLE_SOURCE_FEATURE_INTERSECTION_SELECTION",
        "_ablepath_layer_id": "A31b-10",
        "_ablepath_source_feature_index": 73737,
        "_ablepath_source_member": "10_計画規模/A31b-10-25_10_5235.geojson"
      },
      "type": "Feature"
    },
    {
      "geometry": {
        "coordinates": [
          [
            [
              135.6790625,
              35.015
            ],
            [
              135.6790625,
              35.01479167
            ],
            [
              135.6790625,
              35.01458333
            ],
            [
              135.67875,
              35.01458333
            ],
            [
              135.6784375,
              35.01458333
            ],
            [
              135.6784375,
              35.014375
            ],
            [
              135.678125,
              35.014375
            ],
            [
              135.678125,
              35.01458333
            ],
            [
              135.678125,
              35.01479167
            ],
            [
              135.6778125,
              35.01479167
            ],
            [
              135.6775,
              35.01479167
            ],
            [
              135.6775,
              35.01458333
            ],
            [
              135.6775,
              35.014375
            ],
            [
              135.6771875,
              35.014375
            ],
            [
              135.676875,
              35.014375
            ],
            [
              135.676875,
              35.01458333
            ],
            [
              135.6771875,
              35.01458333
            ],
            [
              135.6771875,
              35.01479167
            ],
            [
              135.6771875,
              35.015
            ],
            [
              135.6771875,
              35.01520833
            ],
            [
              135.6775,
              35.01520833
            ],
            [
              135.6775,
              35.015
            ],
            [
              135.6778125,
              35.015
            ],
            [
              135.678125,
              35.015
            ],
            [
              135.6784375,
              35.015
            ],
            [
              135.67875,
              35.015
            ],
            [
              135.6790625,
              35.015
            ]
          ]
        ],
        "type": "Polygon"
      },
      "properties": {
        "A31b_101": 1,
        "_ablepath_aoi_id": "arashiyama",
        "_ablepath_display_only": true,
        "_ablepath_geometry_transform": "NONE_WHOLE_SOURCE_FEATURE_INTERSECTION_SELECTION",
        "_ablepath_layer_id": "A31b-10",
        "_ablepath_source_feature_index": 73764,
        "_ablepath_source_member": "10_計画規模/A31b-10-25_10_5235.geojson"
      },
      "type": "Feature"
    },
    {
      "geometry": {
        "coordinates": [
          [
            [
              135.6790625,
              35.015
            ],
            [
              135.6790625,
              35.01520833
            ],
            [
              135.679375,
              35.01520833
            ],
            [
              135.679375,
              35.015
            ],
            [
              135.6790625,
              35.015
            ]
          ]
        ],
        "type": "Polygon"
      },
      "properties": {
        "A31b_101": 1,
        "_ablepath_aoi_id": "arashiyama",
        "_ablepath_display_only": true,
        "_ablepath_geometry_transform": "NONE_WHOLE_SOURCE_FEATURE_INTERSECTION_SELECTION",
        "_ablepath_layer_id": "A31b-10",
        "_ablepath_source_feature_index": 73765,
        "_ablepath_source_member": "10_計画規模/A31b-10-25_10_5235.geojson"
      },
      "type": "Feature"
    },
    {
      "geometry": {
        "coordinates": [
          [
            [
              135.6809375,
              35.00875
            ],
            [
              135.68125,
              35.00875
            ],
            [
              135.68125,
              35.00854167
            ],
            [
              135.68125,
              35.00833333
            ],
            [
              135.6809375,
              35.00833333
            ],
            [
              135.6809375,
              35.00854167
            ],
            [
              135.6809375,
              35.00875
            ]
          ]
        ],
        "type": "Polygon"
      },
      "properties": {
        "A31b_101": 2,
        "_ablepath_aoi_id": "arashiyama",
        "_ablepath_display_only": true,
        "_ablepath_geometry_transform": "NONE_WHOLE_SOURCE_FEATURE_INTERSECTION_SELECTION",
        "_ablepath_layer_id": "A31b-10",
        "_ablepath_source_feature_index": 149234,
        "_ablepath_source_member": "10_計画規模/A31b-10-25_10_5235.geojson"
      },
      "type": "Feature"
    },
    {
      "geometry": {
        "coordinates": [
          [
            [
              135.680625,
              35.009375
            ],
            [
              135.6803125,
              35.009375
            ],
            [
              135.6803125,
              35.00958333
            ],
            [
              135.680625,
              35.00958333
            ],
            [
              135.680625,
              35.009375
            ]
          ]
        ],
        "type": "Polygon"
      },
      "properties": {
        "A31b_101": 2,
        "_ablepath_aoi_id": "arashiyama",
        "_ablepath_display_only": true,
        "_ablepath_geometry_transform": "NONE_WHOLE_SOURCE_FEATURE_INTERSECTION_SELECTION",
        "_ablepath_layer_id": "A31b-10",
        "_ablepath_source_feature_index": 149311,
        "_ablepath_source_member": "10_計画規模/A31b-10-25_10_5235.geojson"
      },
      "type": "Feature"
    },
    {
      "geometry": {
        "coordinates": [
          [
            [
              135.67875,
              35.01083333
            ],
            [
              135.67875,
              35.010625
            ],
            [
              135.67875,
              35.01041667
            ],
            [
              135.6784375,
              35.01041667
            ],
            [
              135.678125,
              35.01041667
            ],
            [
              135.678125,
              35.010625
            ],
            [
              135.678125,
              35.01083333
            ],
            [
              135.6778125,
              35.01083333
            ],
            [
              135.6778125,
              35.01104167
            ],
            [
              135.6775,
              35.01104167
            ],
            [
              135.6775,
              35.01125
            ],
            [
              135.6778125,
              35.01125
            ],
            [
              135.678125,
              35.01125
            ],
            [
              135.6784375,
              35.01125
            ],
            [
              135.6784375,
              35.01104167
            ],
            [
              135.6784375,
              35.01083333
            ],
            [
              135.67875,
              35.01083333
            ]
          ]
        ],
        "type": "Polygon"
      },
      "properties": {
        "A31b_101": 2,
        "_ablepath_aoi_id": "arashiyama",
        "_ablepath_display_only": true,
        "_ablepath_geometry_transform": "NONE_WHOLE_SOURCE_FEATURE_INTERSECTION_SELECTION",
        "_ablepath_layer_id": "A31b-10",
        "_ablepath_source_feature_index": 149473,
        "_ablepath_source_member": "10_計画規模/A31b-10-25_10_5235.geojson"
      },
      "type": "Feature"
    },
    {
      "geometry": {
        "coordinates": [
          [
            [
              135.68125,
              35.00875
            ],
            [
              135.68125,
              35.00895833
            ],
            [
              135.6809375,
              35.00895833
            ],
            [
              135.6809375,
              35.00875
            ],
            [
              135.680625,
              35.00875
            ],
            [
              135.680625,
              35.00895833
            ],
            [
              135.680625,
              35.00916667
            ],
            [
              135.680625,
              35.009375
            ],
            [
              135.6809375,
              35.009375
            ],
            [
              135.6809375,
              35.00958333
            ],
            [
              135.680625,
              35.00958333
            ],
            [
              135.680625,
              35.00979167
            ],
            [
              135.680625,
              35.01
            ],
            [
              135.6803125,
              35.01
            ],
            [
              135.6803125,
              35.01020833
            ],
            [
              135.68,
              35.01020833
            ],
            [
              135.68,
              35.01041667
            ],
            [
              135.6796875,
              35.01041667
            ],
            [
              135.6796875,
              35.010625
            ],
            [
              135.679375,
              35.010625
            ],
            [
              135.679375,
              35.01083333
            ],
            [
              135.6790625,
              35.01083333
            ],
            [
              135.67875,
              35.01083333
            ],
            [
              135.67875,
              35.01104167
            ],
            [
              135.6790625,
              35.01104167
            ],
            [
              135.679375,
              35.01104167
            ],
            [
              135.679375,
              35.01125
            ],
            [
              135.6796875,
              35.01125
            ],
            [
              135.6796875,
              35.01145833
            ],
            [
              135.68,
              35.01145833
            ],
            [
              135.6803125,
              35.01145833
            ],
            [
              135.680625,
              35.01145833
            ],
            [
              135.6809375,
              35.01145833
            ],
            [
              135.6809375,
              35.01125
            ],
            [
              135.68125,
              35.01125
            ],
            [
              135.6815625,
              35.01125
            ],
            [
              135.6815625,
              35.01104167
            ],
            [
              135.681875,
              35.01104167
            ],
            [
              135.6821875,
              35.01104167
            ],
            [
              135.6821875,
              35.01125
            ],
            [
              135.6825,
              35.01125
            ],
            [
              135.6828125,
              35.01125
            ],
            [
              135.6828125,
              35.01145833
            ],
            [
              135.683125,
              35.01145833
            ],
            [
              135.6834375,
              35.01145833
            ],
            [
              135.68375,
              35.01145833
            ],
            [
              135.68375,
              35.01125
            ],
            [
              135.68375,
              35.01104167
            ],
            [
              135.6840625,
              35.01104167
            ],
            [
              135.684375,
              35.01104167
            ],
            [
              135.6846875,
              35.01104167
            ],
            [
              135.6846875,
              35.01083333
            ],
            [
              135.6846875,
              35.010625
            ],
            [
              135.6846875,
              35.01041667
            ],
            [
              135.685,
              35.01041667
            ],
            [
              135.685,
              35.01020833
            ],
            [
              135.6846875,
              35.01020833
            ],
            [
              135.6846875,
              35.01
            ],
            [
              135.685,
              35.01
            ],
            [
              135.685,
              35.00979167
            ],
            [
              135.6853125,
              35.00979167
            ],
            [
              135.6853125,
              35.01
            ],
            [
              135.685625,
              35.01
            ],
            [
              135.685625,
              35.00979167
            ],
            [
              135.685625,
              35.00958333
            ],
            [
              135.685625,
              35.009375
            ],
            [
              135.6859375,
              35.009375
            ],
            [
              135.6859375,
              35.00916667
            ],
            [
              135.68625,
              35.00916667
            ],
            [
              135.68625,
              35.00895833
            ],
            [
              135.68625,
              35.00875
            ],
            [
              135.6865625,
              35.00875
            ],
            [
              135.6865625,
              35.00854167
            ],
            [
              135.6865625,
              35.00833333
            ],
            [
              135.6865625,
              35.008125
            ],
            [
              135.6865625,
              35.00791667
            ],
            [
              135.6865625,
              35.00770833
            ],
            [
              135.686875,
              35.00770833
            ],
            [
              135.686875,
              35.0075
            ],
            [
              135.686875,
              35.00729167
            ],
            [
              135.6871875,
              35.00729167
            ],
            [
              135.6871875,
              35.00708333
            ],
            [
              135.6875,
              35.00708333
            ],
            [
              135.6875,
              35.006875
            ],
            [
              135.6875,
              35.00666667
            ],
            [
              135.6875,
              35.00645833
            ],
            [
              135.6871875,
              35.00645833
            ],
            [
              135.686875,
              35.00645833
            ],
            [
              135.686875,
              35.00625
            ],
            [
              135.686875,
              35.00604167
            ],
            [
              135.6871875,
              35.00604167
            ],
            [
              135.6871875,
              35.00583333
            ],
            [
              135.686875,
              35.00583333
            ],
            [
              135.686875,
              35.005625
            ],
            [
              135.686875,
              35.00541667
            ],
            [
              135.6871875,
              35.00541667
            ],
            [
              135.6871875,
              35.00520833
            ],
            [
              135.6871875,
              35.005
            ],
            [
              135.6871875,
              35.00479167
            ],
            [
              135.6871875,
              35.00458333
            ],
            [
              135.6875,
              35.00458333
            ],
            [
              135.6875,
              35.004375
            ],
            [
              135.6875,
              35.00416667
            ],
            [
              135.6875,
              35.00395833
            ],
            [
              135.6875,
              35.00375
            ],
            [
              135.6871875,
              35.00375
            ],
            [
              135.6871875,
              35.00354167
            ],
            [
              135.6871875,
              35.00333333
            ],
            [
              135.6875,
              35.00333333
            ],
            [
              135.6875,
              35.003125
            ],
            [
              135.6875,
              35.00291667
            ],
            [
              135.6875,
              35.00270833
            ],
            [
              135.6875,
              35.0025
            ],
            [
              135.6875,
              35.00229167
            ],
            [
              135.6875,
              35.00208333
            ],
            [
              135.6878125,
              35.00208333
            ],
            [
              135.6878125,
              35.001875
            ],
            [
              135.688125,
              35.001875
            ],
            [
              135.688125,
              35.00166667
            ],
            [
              135.688125,
              35.00145833
            ],
            [
              135.688125,
              35.00125
            ],
            [
              135.688125,
              35.00104167
            ],
            [
              135.688125,
              35.00083333
            ],
            [
              135.688125,
              35.000625
            ],
            [
              135.688125,
              35.00041667
            ],
            [
              135.688125,
              35.00020833
            ],
            [
              135.6884375,
              35.00020833
            ],
            [
              135.6884375,
              35.00041667
            ],
            [
              135.68875,
              35.00041667
            ],
            [
              135.6890625,
              35.00041667
            ],
            [
              135.6890625,
              35.00020833
            ],
            [
              135.6890625,
              35.0
            ],
            [
              135.6890625,
              34.99979167
            ],
            [
              135.689375,
              34.99979167
            ],
            [
              135.689375,
              34.99958333
            ],
            [
              135.6896875,
              34.99958333
            ],
            [
              135.6896875,
              34.999375
            ],
            [
              135.6896875,
              34.99916667
            ],
            [
              135.69,
              34.99916667
            ],
            [
              135.69,
              34.99895833
            ],
            [
              135.69,
              34.99875
            ],
            [
              135.6903125,
              34.99875
            ],
            [
              135.6903125,
              34.99854167
            ],
            [
              135.6903125,
              34.99833333
            ],
            [
              135.6903125,
              34.998125
            ],
            [
              135.690625,
              34.998125
            ],
            [
              135.690625,
              34.99791667
            ],
            [
              135.690625,
              34.99770833
            ],
            [
              135.6909375,
              34.99770833
            ],
            [
              135.6909375,
              34.9975
            ],
            [
              135.69125,
              34.9975
            ],
            [
              135.69125,
              34.99729167
            ],
            [
              135.6915625,
              34.99729167
            ],
            [
              135.6915625,
              34.99708333
            ],
            [
              135.691875,
              34.99708333
            ],
            [
              135.6921875,
              34.99708333
            ],
            [
              135.6925,
              34.99708333
            ],
            [
              135.6928125,
              34.99708333
            ],
            [
              135.693125,
              34.99708333
            ],
            [
              135.6934375,
              34.99708333
            ],
            [
              135.6934375,
              34.996875
            ],
            [
              135.69375,
              34.996875
            ],
            [
              135.69375,
              34.99666667
            ],
            [
              135.6934375,
              34.99666667
            ],
            [
              135.6934375,
              34.99645833
            ],
            [
              135.693125,
              34.99645833
            ],
            [
              135.693125,
              34.99625
            ],
            [
              135.693125,
              34.99604167
            ],
            [
              135.6928125,
              34.99604167
            ],
            [
              135.6928125,
              34.99583333
            ],
            [
              135.6925,
              34.99583333
            ],
            [
              135.6925,
              34.99604167
            ],
            [
              135.6921875,
              34.99604167
            ],
            [
              135.6921875,
              34.99583333
            ],
            [
              135.691875,
              34.99583333
            ],
            [
              135.691875,
              34.99604167
            ],
            [
              135.6915625,
              34.99604167
            ],
            [
              135.69125,
              34.99604167
            ],
            [
              135.6909375,
              34.99604167
            ],
            [
              135.6909375,
              34.99583333
            ],
            [
              135.690625,
              34.99583333
            ],
            [
              135.690625,
              34.995625
            ],
            [
              135.6903125,
              34.995625
            ],
            [
              135.6903125,
              34.99583333
            ],
            [
              135.69,
              34.99583333
            ],
            [
              135.6896875,
              34.99583333
            ],
            [
              135.689375,
              34.99583333
            ],
            [
              135.689375,
              34.99604167
            ],
            [
              135.6890625,
              34.99604167
            ],
            [
              135.68875,
              34.99604167
            ],
            [
              135.6884375,
              34.99604167
            ],
            [
              135.688125,
              34.99604167
            ],
            [
              135.6878125,
              34.99604167
            ],
            [
              135.6878125,
              34.99625
            ],
            [
              135.6875,
              34.99625
            ],
            [
              135.6875,
              34.99645833
            ],
            [
              135.6875,
              34.99666667
            ],
            [
              135.6871875,
              34.99666667
            ],
            [
              135.6871875,
              34.996875
            ],
            [
              135.6871875,
              34.99708333
            ],
            [
              135.686875,
              34.99708333
            ],
            [
              135.6865625,
              34.99708333
            ],
            [
              135.6865625,
              34.99729167
            ],
            [
              135.6865625,
              34.9975
            ],
            [
              135.6865625,
              34.99770833
            ],
            [
              135.6865625,
              34.99791667
            ],
            [
              135.6865625,
              34.998125
            ],
            [
              135.6865625,
              34.99833333
            ],
            [
              135.6865625,
              34.99854167
            ],
            [
              135.68625,
              34.99854167
            ],
            [
              135.68625,
              34.99875
            ],
            [
              135.68625,
              34.99895833
            ],
            [
              135.6859375,
              34.99895833
            ],
            [
              135.6859375,
              34.99916667
            ],
            [
              135.6859375,
              34.999375
            ],
            [
              135.6859375,
              34.99958333
            ],
            [
              135.6859375,
              34.99979167
            ],
            [
              135.6859375,
              35.0
            ],
            [
              135.6859375,
              35.00020833
            ],
            [
              135.685625,
              35.00020833
            ],
            [
              135.685625,
              35.00041667
            ],
            [
              135.685625,
              35.000625
            ],
            [
              135.685625,
              35.00083333
            ],
            [
              135.6853125,
              35.00083333
            ],
            [
              135.6853125,
              35.00104167
            ],
            [
              135.685,
              35.00104167
            ],
            [
              135.6846875,
              35.00104167
            ],
            [
              135.684375,
              35.00104167
            ],
            [
              135.684375,
              35.00125
            ],
            [
              135.684375,
              35.00145833
            ],
            [
              135.6840625,
              35.00145833
            ],
            [
              135.6840625,
              35.00166667
            ],
            [
              135.6840625,
              35.001875
            ],
            [
              135.6840625,
              35.00208333
            ],
            [
              135.68375,
              35.00208333
            ],
            [
              135.68375,
              35.00229167
            ],
            [
              135.6834375,
              35.00229167
            ],
            [
              135.6834375,
              35.0025
            ],
            [
              135.6834375,
              35.00270833
            ],
            [
              135.6834375,
              35.00291667
            ],
            [
              135.6834375,
              35.003125
            ],
            [
              135.6834375,
              35.00333333
            ],
            [
              135.6834375,
              35.00354167
            ],
            [
              135.68375,
              35.00354167
            ],
            [
              135.68375,
              35.00375
            ],
            [
              135.68375,
              35.00395833
            ],
            [
              135.6834375,
              35.00395833
            ],
            [
              135.683125,
              35.00395833
            ],
            [
              135.683125,
              35.00416667
            ],
            [
              135.6834375,
              35.00416667
            ],
            [
              135.6834375,
              35.004375
            ],
            [
              135.6834375,
              35.00458333
            ],
            [
              135.683125,
              35.00458333
            ],
            [
              135.683125,
              35.00479167
            ],
            [
              135.6828125,
              35.00479167
            ],
            [
              135.6828125,
              35.005
            ],
            [
              135.683125,
              35.005
            ],
            [
              135.683125,
              35.00520833
            ],
            [
              135.683125,
              35.00541667
            ],
            [
              135.6828125,
              35.00541667
            ],
            [
              135.6828125,
              35.005625
            ],
            [
              135.6825,
              35.005625
            ],
            [
              135.6825,
              35.00583333
            ],
            [
              135.6825,
              35.00604167
            ],
            [
              135.6825,
              35.00625
            ],
            [
              135.6828125,
              35.00625
            ],
            [
              135.6828125,
              35.00604167
            ],
            [
              135.683125,
              35.00604167
            ],
            [
              135.683125,
              35.00625
            ],
            [
              135.683125,
              35.00645833
            ],
            [
              135.683125,
              35.00666667
            ],
            [
              135.6828125,
              35.00666667
            ],
            [
              135.6828125,
              35.006875
            ],
            [
              135.6828125,
              35.00708333
            ],
            [
              135.6828125,
              35.00729167
            ],
            [
              135.6825,
              35.00729167
            ],
            [
              135.6825,
              35.0075
            ],
            [
              135.6828125,
              35.0075
            ],
            [
              135.683125,
              35.0075
            ],
            [
              135.683125,
              35.00770833
            ],
            [
              135.6828125,
              35.00770833
            ],
            [
              135.6825,
              35.00770833
            ],
            [
              135.6821875,
              35.00770833
            ],
            [
              135.6821875,
              35.00791667
            ],
            [
              135.6821875,
              35.008125
            ],
            [
              135.681875,
              35.008125
            ],
            [
              135.6815625,
              35.008125
            ],
            [
              135.6815625,
              35.00833333
            ],
            [
              135.681875,
              35.00833333
            ],
            [
              135.681875,
              35.00854167
            ],
            [
              135.6815625,
              35.00854167
            ],
            [
              135.6815625,
              35.00875
            ],
            [
              135.68125,
              35.00875
            ]
          ],
          [
            [
              135.685,
              35.00833333
            ],
            [
              135.685,
              35.008125
            ],
            [
              135.6853125,
              35.008125
            ],
            [
              135.6853125,
              35.00833333
            ],
            [
              135.685,
              35.00833333
            ]
          ],
          [
            [
              135.6859375,
              35.00479167
            ],
            [
              135.6859375,
              35.00458333
            ],
            [
              135.685625,
              35.00458333
            ],
            [
              135.685625,
              35.004375
            ],
            [
              135.685625,
              35.00416667
            ],
            [
              135.685625,
              35.00395833
            ],
            [
              135.6859375,
              35.00395833
            ],
            [
              135.68625,
              35.00395833
            ],
            [
              135.6865625,
              35.00395833
            ],
            [
              135.686875,
              35.00395833
            ],
            [
              135.686875,
              35.00416667
            ],
            [
              135.6865625,
              35.00416667
            ],
            [
              135.6865625,
              35.004375
            ],
            [
              135.68625,
              35.004375
            ],
            [
              135.68625,
              35.00458333
            ],
            [
              135.68625,
              35.00479167
            ],
            [
              135.6859375,
              35.00479167
            ]
          ],
          [
            [
              135.688125,
              34.99958333
            ],
            [
              135.688125,
              34.999375
            ],
            [
              135.6884375,
              34.999375
            ],
            [
              135.6884375,
              34.99958333
            ],
            [
              135.688125,
              34.99958333
            ],
            [
              135.688125,
              34.99979167
            ],
            [
              135.6878125,
              34.99979167
            ],
            [
              135.6878125,
              34.99958333
            ],
            [
              135.688125,
              34.99958333
            ]
          ]
        ],
        "type": "Polygon"
      },
      "properties": {
        "A31b_101": 2,
        "_ablepath_aoi_id": "arashiyama",
        "_ablepath_display_only": true,
        "_ablepath_geometry_transform": "NONE_WHOLE_SOURCE_FEATURE_INTERSECTION_SELECTION",
        "_ablepath_layer_id": "A31b-10",
        "_ablepath_source_feature_index": 149488,
        "_ablepath_source_member": "10_計画規模/A31b-10-25_10_5235.geojson"
      },
      "type": "Feature"
    },
    {
      "geometry": {
        "coordinates": [
          [
            [
              135.679375,
              35.01125
            ],
            [
              135.6790625,
              35.01125
            ],
            [
              135.67875,
              35.01125
            ],
            [
              135.6784375,
              35.01125
            ],
            [
              135.6784375,
              35.01145833
            ],
            [
              135.67875,
              35.01145833
            ],
            [
              135.6790625,
              35.01145833
            ],
            [
              135.6790625,
              35.01166667
            ],
            [
              135.679375,
              35.01166667
            ],
            [
              135.679375,
              35.01145833
            ],
            [
              135.679375,
              35.01125
            ]
          ]
        ],
        "type": "Polygon"
      },
      "properties": {
        "A31b_101": 2,
        "_ablepath_aoi_id": "arashiyama",
        "_ablepath_display_only": true,
        "_ablepath_geometry_transform": "NONE_WHOLE_SOURCE_FEATURE_INTERSECTION_SELECTION",
        "_ablepath_layer_id": "A31b-10",
        "_ablepath_source_feature_index": 149499,
        "_ablepath_source_member": "10_計画規模/A31b-10-25_10_5235.geojson"
      },
      "type": "Feature"
    },
    {
      "geometry": {
        "coordinates": [
          [
            [
              135.6765625,
              35.01166667
            ],
            [
              135.67625,
              35.01166667
            ],
            [
              135.67625,
              35.011875
            ],
            [
              135.6765625,
              35.011875
            ],
            [
              135.6765625,
              35.01166667
            ]
          ]
        ],
        "type": "Polygon"
      },
      "properties": {
        "A31b_101": 2,
        "_ablepath_aoi_id": "arashiyama",
        "_ablepath_display_only": true,
        "_ablepath_geometry_transform": "NONE_WHOLE_SOURCE_FEATURE_INTERSECTION_SELECTION",
        "_ablepath_layer_id": "A31b-10",
        "_ablepath_source_feature_index": 149512,
        "_ablepath_source_member": "10_計画規模/A31b-10-25_10_5235.geojson"
      },
      "type": "Feature"
    },
    {
      "geometry": {
        "coordinates": [
          [
            [
              135.68375,
              35.01395833
            ],
            [
              135.6834375,
              35.01395833
            ],
            [
              135.6834375,
              35.01416667
            ],
            [
              135.68375,
              35.01416667
            ],
            [
              135.68375,
              35.01395833
            ]
          ]
        ],
        "type": "Polygon"
      },
      "properties": {
        "A31b_101": 2,
        "_ablepath_aoi_id": "arashiyama",
        "_ablepath_display_only": true,
        "_ablepath_geometry_transform": "NONE_WHOLE_SOURCE_FEATURE_INTERSECTION_SELECTION",
        "_ablepath_layer_id": "A31b-10",
        "_ablepath_source_feature_index": 149630,
        "_ablepath_source_member": "10_計画規模/A31b-10-25_10_5235.geojson"
      },
      "type": "Feature"
    },
    {
      "geometry": {
        "coordinates": [
          [
            [
              135.680625,
              35.01416667
            ],
            [
              135.680625,
              35.014375
            ],
            [
              135.6809375,
              35.014375
            ],
            [
              135.6809375,
              35.01416667
            ],
            [
              135.680625,
              35.01416667
            ]
          ]
        ],
        "type": "Polygon"
      },
      "properties": {
        "A31b_101": 2,
        "_ablepath_aoi_id": "arashiyama",
        "_ablepath_display_only": true,
        "_ablepath_geometry_transform": "NONE_WHOLE_SOURCE_FEATURE_INTERSECTION_SELECTION",
        "_ablepath_layer_id": "A31b-10",
        "_ablepath_source_feature_index": 149637,
        "_ablepath_source_member": "10_計画規模/A31b-10-25_10_5235.geojson"
      },
      "type": "Feature"
    },
    {
      "geometry": {
        "coordinates": [
          [
            [
              135.680625,
              35.01416667
            ],
            [
              135.680625,
              35.01395833
            ],
            [
              135.6809375,
              35.01395833
            ],
            [
              135.6809375,
              35.01375
            ],
            [
              135.680625,
              35.01375
            ],
            [
              135.6803125,
              35.01375
            ],
            [
              135.68,
              35.01375
            ],
            [
              135.6796875,
              35.01375
            ],
            [
              135.679375,
              35.01375
            ],
            [
              135.6790625,
              35.01375
            ],
            [
              135.67875,
              35.01375
            ],
            [
              135.6784375,
              35.01375
            ],
            [
              135.678125,
              35.01375
            ],
            [
              135.6778125,
              35.01375
            ],
            [
              135.6778125,
              35.01354167
            ],
            [
              135.6775,
              35.01354167
            ],
            [
              135.6771875,
              35.01354167
            ],
            [
              135.676875,
              35.01354167
            ],
            [
              135.676875,
              35.01375
            ],
            [
              135.676875,
              35.01395833
            ],
            [
              135.6765625,
              35.01395833
            ],
            [
              135.6765625,
              35.01375
            ],
            [
              135.6765625,
              35.01354167
            ],
            [
              135.67625,
              35.01354167
            ],
            [
              135.6759375,
              35.01354167
            ],
            [
              135.6759375,
              35.01333333
            ],
            [
              135.675625,
              35.01333333
            ],
            [
              135.6753125,
              35.01333333
            ],
            [
              135.675,
              35.01333333
            ],
            [
              135.6746875,
              35.01333333
            ],
            [
              135.6746875,
              35.01354167
            ],
            [
              135.675,
              35.01354167
            ],
            [
              135.6753125,
              35.01354167
            ],
            [
              135.675625,
              35.01354167
            ],
            [
              135.675625,
              35.01375
            ],
            [
              135.6759375,
              35.01375
            ],
            [
              135.6759375,
              35.01395833
            ],
            [
              135.6759375,
              35.01416667
            ],
            [
              135.67625,
              35.01416667
            ],
            [
              135.67625,
              35.014375
            ],
            [
              135.6765625,
              35.014375
            ],
            [
              135.676875,
              35.014375
            ],
            [
              135.6771875,
              35.014375
            ],
            [
              135.6775,
              35.014375
            ],
            [
              135.6775,
              35.01458333
            ],
            [
              135.6775,
              35.01479167
            ],
            [
              135.6778125,
              35.01479167
            ],
            [
              135.678125,
              35.01479167
            ],
            [
              135.678125,
              35.01458333
            ],
            [
              135.678125,
              35.014375
            ],
            [
              135.6784375,
              35.014375
            ],
            [
              135.6784375,
              35.01458333
            ],
            [
              135.67875,
              35.01458333
            ],
            [
              135.6790625,
              35.01458333
            ],
            [
              135.6790625,
              35.01479167
            ],
            [
              135.6790625,
              35.015
            ],
            [
              135.679375,
              35.015
            ],
            [
              135.679375,
              35.01479167
            ],
            [
              135.679375,
              35.01458333
            ],
            [
              135.6796875,
              35.01458333
            ],
            [
              135.6796875,
              35.014375
            ],
            [
              135.68,
              35.014375
            ],
            [
              135.6803125,
              35.014375
            ],
            [
              135.6803125,
              35.01416667
            ],
            [
              135.680625,
              35.01416667
            ]
          ]
        ],
        "type": "Polygon"
      },
      "properties": {
        "A31b_101": 2,
        "_ablepath_aoi_id": "arashiyama",
        "_ablepath_display_only": true,
        "_ablepath_geometry_transform": "NONE_WHOLE_SOURCE_FEATURE_INTERSECTION_SELECTION",
        "_ablepath_layer_id": "A31b-10",
        "_ablepath_source_feature_index": 149674,
        "_ablepath_source_member": "10_計画規模/A31b-10-25_10_5235.geojson"
      },
      "type": "Feature"
    },
    {
      "geometry": {
        "coordinates": [
          [
            [
              135.68625,
              35.00458333
            ],
            [
              135.68625,
              35.004375
            ],
            [
              135.6865625,
              35.004375
            ],
            [
              135.6865625,
              35.00416667
            ],
            [
              135.686875,
              35.00416667
            ],
            [
              135.686875,
              35.00395833
            ],
            [
              135.6865625,
              35.00395833
            ],
            [
              135.68625,
              35.00395833
            ],
            [
              135.6859375,
              35.00395833
            ],
            [
              135.685625,
              35.00395833
            ],
            [
              135.685625,
              35.00416667
            ],
            [
              135.685625,
              35.004375
            ],
            [
              135.685625,
              35.00458333
            ],
            [
              135.6859375,
              35.00458333
            ],
            [
              135.6859375,
              35.00479167
            ],
            [
              135.68625,
              35.00479167
            ],
            [
              135.68625,
              35.00458333
            ]
          ]
        ],
        "type": "Polygon"
      },
      "properties": {
        "A31b_101": 3,
        "_ablepath_aoi_id": "arashiyama",
        "_ablepath_display_only": true,
        "_ablepath_geometry_transform": "NONE_WHOLE_SOURCE_FEATURE_INTERSECTION_SELECTION",
        "_ablepath_layer_id": "A31b-10",
        "_ablepath_source_feature_index": 180992,
        "_ablepath_source_member": "10_計画規模/A31b-10-25_10_5235.geojson"
      },
      "type": "Feature"
    },
    {
      "geometry": {
        "coordinates": [
          [
            [
              135.676875,
              35.01354167
            ],
            [
              135.6765625,
              35.01354167
            ],
            [
              135.6765625,
              35.01375
            ],
            [
              135.6765625,
              35.01395833
            ],
            [
              135.676875,
              35.01395833
            ],
            [
              135.676875,
              35.01375
            ],
            [
              135.676875,
              35.01354167
            ]
          ]
        ],
        "type": "Polygon"
      },
      "properties": {
        "A31b_101": 3,
        "_ablepath_aoi_id": "arashiyama",
        "_ablepath_display_only": true,
        "_ablepath_geometry_transform": "NONE_WHOLE_SOURCE_FEATURE_INTERSECTION_SELECTION",
        "_ablepath_layer_id": "A31b-10",
        "_ablepath_source_feature_index": 181053,
        "_ablepath_source_member": "10_計画規模/A31b-10-25_10_5235.geojson"
      },
      "type": "Feature"
    },
    {
      "geometry": {
        "coordinates": [
          [
            [
              135.6884375,
              35.00104167
            ],
            [
              135.6884375,
              35.00083333
            ],
            [
              135.68875,
              35.00083333
            ],
            [
              135.68875,
              35.000625
            ],
            [
              135.6884375,
              35.000625
            ],
            [
              135.688125,
              35.000625
            ],
            [
              135.688125,
              35.00083333
            ],
            [
              135.688125,
              35.00104167
            ],
            [
              135.6884375,
              35.00104167
            ]
          ]
        ],
        "type": "Polygon"
      },
      "properties": {
        "A31b_201": 1,
        "_ablepath_aoi_id": "arashiyama",
        "_ablepath_display_only": true,
        "_ablepath_geometry_transform": "NONE_WHOLE_SOURCE_FEATURE_INTERSECTION_SELECTION",
        "_ablepath_layer_id": "A31b-20",
        "_ablepath_source_feature_index": 104427,
        "_ablepath_source_member": "20_想定最大規模/A31b-20-25_10_5235.geojson"
      },
      "type": "Feature"
    },
    {
      "geometry": {
        "coordinates": [
          [
            [
              135.6840625,
              35.00145833
            ],
            [
              135.684375,
              35.00145833
            ],
            [
              135.684375,
              35.00125
            ],
            [
              135.6840625,
              35.00125
            ],
            [
              135.6840625,
              35.00145833
            ]
          ]
        ],
        "type": "Polygon"
      },
      "properties": {
        "A31b_201": 1,
        "_ablepath_aoi_id": "arashiyama",
        "_ablepath_display_only": true,
        "_ablepath_geometry_transform": "NONE_WHOLE_SOURCE_FEATURE_INTERSECTION_SELECTION",
        "_ablepath_layer_id": "A31b-20",
        "_ablepath_source_feature_index": 104601,
        "_ablepath_source_member": "20_想定最大規模/A31b-20-25_10_5235.geojson"
      },
      "type": "Feature"
    },
    {
      "geometry": {
        "coordinates": [
          [
            [
              135.6840625,
              35.00145833
            ],
            [
              135.68375,
              35.00145833
            ],
            [
              135.68375,
              35.00166667
            ],
            [
              135.68375,
              35.001875
            ],
            [
              135.6840625,
              35.001875
            ],
            [
              135.6840625,
              35.00166667
            ],
            [
              135.6840625,
              35.00145833
            ]
          ]
        ],
        "type": "Polygon"
      },
      "properties": {
        "A31b_201": 1,
        "_ablepath_aoi_id": "arashiyama",
        "_ablepath_display_only": true,
        "_ablepath_geometry_transform": "NONE_WHOLE_SOURCE_FEATURE_INTERSECTION_SELECTION",
        "_ablepath_layer_id": "A31b-20",
        "_ablepath_source_feature_index": 104719,
        "_ablepath_source_member": "20_想定最大規模/A31b-20-25_10_5235.geojson"
      },
      "type": "Feature"
    },
    {
      "geometry": {
        "coordinates": [
          [
            [
              135.6834375,
              35.00354167
            ],
            [
              135.6834375,
              35.00333333
            ],
            [
              135.6834375,
              35.003125
            ],
            [
              135.6834375,
              35.00291667
            ],
            [
              135.6834375,
              35.00270833
            ],
            [
              135.683125,
              35.00270833
            ],
            [
              135.683125,
              35.00291667
            ],
            [
              135.683125,
              35.003125
            ],
            [
              135.683125,
              35.00333333
            ],
            [
              135.683125,
              35.00354167
            ],
            [
              135.6834375,
              35.00354167
            ]
          ]
        ],
        "type": "Polygon"
      },
      "properties": {
        "A31b_201": 1,
        "_ablepath_aoi_id": "arashiyama",
        "_ablepath_display_only": true,
        "_ablepath_geometry_transform": "NONE_WHOLE_SOURCE_FEATURE_INTERSECTION_SELECTION",
        "_ablepath_layer_id": "A31b-20",
        "_ablepath_source_feature_index": 105408,
        "_ablepath_source_member": "20_想定最大規模/A31b-20-25_10_5235.geojson"
      },
      "type": "Feature"
    },
    {
      "geometry": {
        "coordinates": [
          [
            [
              135.6875,
              35.00333333
            ],
            [
              135.6871875,
              35.00333333
            ],
            [
              135.6871875,
              35.00354167
            ],
            [
              135.6871875,
              35.00375
            ],
            [
              135.6875,
              35.00375
            ],
            [
              135.6875,
              35.00354167
            ],
            [
              135.6875,
              35.00333333
            ]
          ]
        ],
        "type": "Polygon"
      },
      "properties": {
        "A31b_201": 1,
        "_ablepath_aoi_id": "arashiyama",
        "_ablepath_display_only": true,
        "_ablepath_geometry_transform": "NONE_WHOLE_SOURCE_FEATURE_INTERSECTION_SELECTION",
        "_ablepath_layer_id": "A31b-20",
        "_ablepath_source_feature_index": 105491,
        "_ablepath_source_member": "20_想定最大規模/A31b-20-25_10_5235.geojson"
      },
      "type": "Feature"
    },
    {
      "geometry": {
        "coordinates": [
          [
            [
              135.6834375,
              35.00354167
            ],
            [
              135.6834375,
              35.00375
            ],
            [
              135.6834375,
              35.00395833
            ],
            [
              135.68375,
              35.00395833
            ],
            [
              135.68375,
              35.00375
            ],
            [
              135.68375,
              35.00354167
            ],
            [
              135.6834375,
              35.00354167
            ]
          ]
        ],
        "type": "Polygon"
      },
      "properties": {
        "A31b_201": 1,
        "_ablepath_aoi_id": "arashiyama",
        "_ablepath_display_only": true,
        "_ablepath_geometry_transform": "NONE_WHOLE_SOURCE_FEATURE_INTERSECTION_SELECTION",
        "_ablepath_layer_id": "A31b-20",
        "_ablepath_source_feature_index": 105622,
        "_ablepath_source_member": "20_想定最大規模/A31b-20-25_10_5235.geojson"
      },
      "type": "Feature"
    },
    {
      "geometry": {
        "coordinates": [
          [
            [
              135.683125,
              35.00458333
            ],
            [
              135.6834375,
              35.00458333
            ],
            [
              135.6834375,
              35.004375
            ],
            [
              135.6834375,
              35.00416667
            ],
            [
              135.683125,
              35.00416667
            ],
            [
              135.683125,
              35.004375
            ],
            [
              135.683125,
              35.00458333
            ]
          ]
        ],
        "type": "Polygon"
      },
      "properties": {
        "A31b_201": 1,
        "_ablepath_aoi_id": "arashiyama",
        "_ablepath_display_only": true,
        "_ablepath_geometry_transform": "NONE_WHOLE_SOURCE_FEATURE_INTERSECTION_SELECTION",
        "_ablepath_layer_id": "A31b-20",
        "_ablepath_source_feature_index": 105905,
        "_ablepath_source_member": "20_想定最大規模/A31b-20-25_10_5235.geojson"
      },
      "type": "Feature"
    },
    {
      "geometry": {
        "coordinates": [
          [
            [
              135.6875,
              35.00458333
            ],
            [
              135.6871875,
              35.00458333
            ],
            [
              135.6871875,
              35.00479167
            ],
            [
              135.6871875,
              35.005
            ],
            [
              135.6871875,
              35.00520833
            ],
            [
              135.6875,
              35.00520833
            ],
            [
              135.6875,
              35.005
            ],
            [
              135.6875,
              35.00479167
            ],
            [
              135.6875,
              35.00458333
            ]
          ]
        ],
        "type": "Polygon"
      },
      "properties": {
        "A31b_201": 1,
        "_ablepath_aoi_id": "arashiyama",
        "_ablepath_display_only": true,
        "_ablepath_geometry_transform": "NONE_WHOLE_SOURCE_FEATURE_INTERSECTION_SELECTION",
        "_ablepath_layer_id": "A31b-20",
        "_ablepath_source_feature_index": 106205,
        "_ablepath_source_member": "20_想定最大規模/A31b-20-25_10_5235.geojson"
      },
      "type": "Feature"
    },
    {
      "geometry": {
        "coordinates": [
          [
            [
              135.6875,
              35.00541667
            ],
            [
              135.6871875,
              35.00541667
            ],
            [
              135.6871875,
              35.005625
            ],
            [
              135.6871875,
              35.00583333
            ],
            [
              135.6875,
              35.00583333
            ],
            [
              135.6875,
              35.005625
            ],
            [
              135.6875,
              35.00541667
            ]
          ]
        ],
        "type": "Polygon"
      },
      "properties": {
        "A31b_201": 1,
        "_ablepath_aoi_id": "arashiyama",
        "_ablepath_display_only": true,
        "_ablepath_geometry_transform": "NONE_WHOLE_SOURCE_FEATURE_INTERSECTION_SELECTION",
        "_ablepath_layer_id": "A31b-20",
        "_ablepath_source_feature_index": 106459,
        "_ablepath_source_member": "20_想定最大規模/A31b-20-25_10_5235.geojson"
      },
      "type": "Feature"
    },
    {
      "geometry": {
        "coordinates": [
          [
            [
              135.6871875,
              35.00604167
            ],
            [
              135.686875,
              35.00604167
            ],
            [
              135.686875,
              35.00625
            ],
            [
              135.6871875,
              35.00625
            ],
            [
              135.6871875,
              35.00604167
            ]
          ]
        ],
        "type": "Polygon"
      },
      "properties": {
        "A31b_201": 1,
        "_ablepath_aoi_id": "arashiyama",
        "_ablepath_display_only": true,
        "_ablepath_geometry_transform": "NONE_WHOLE_SOURCE_FEATURE_INTERSECTION_SELECTION",
        "_ablepath_layer_id": "A31b-20",
        "_ablepath_source_feature_index": 106659,
        "_ablepath_source_member": "20_想定最大規模/A31b-20-25_10_5235.geojson"
      },
      "type": "Feature"
    },
    {
      "geometry": {
        "coordinates": [
          [
            [
              135.683125,
              35.00458333
            ],
            [
              135.6828125,
              35.00458333
            ],
            [
              135.6825,
              35.00458333
            ],
            [
              135.6825,
              35.00479167
            ],
            [
              135.6825,
              35.005
            ],
            [
              135.6821875,
              35.005
            ],
            [
              135.6821875,
              35.00520833
            ],
            [
              135.681875,
              35.00520833
            ],
            [
              135.681875,
              35.00541667
            ],
            [
              135.681875,
              35.005625
            ],
            [
              135.681875,
              35.00583333
            ],
            [
              135.681875,
              35.00604167
            ],
            [
              135.6815625,
              35.00604167
            ],
            [
              135.6815625,
              35.00625
            ],
            [
              135.68125,
              35.00625
            ],
            [
              135.68125,
              35.00645833
            ],
            [
              135.68125,
              35.00666667
            ],
            [
              135.6815625,
              35.00666667
            ],
            [
              135.6815625,
              35.006875
            ],
            [
              135.6815625,
              35.00708333
            ],
            [
              135.6815625,
              35.00729167
            ],
            [
              135.681875,
              35.00729167
            ],
            [
              135.6821875,
              35.00729167
            ],
            [
              135.6821875,
              35.00708333
            ],
            [
              135.6821875,
              35.006875
            ],
            [
              135.681875,
              35.006875
            ],
            [
              135.681875,
              35.00666667
            ],
            [
              135.6821875,
              35.00666667
            ],
            [
              135.6825,
              35.00666667
            ],
            [
              135.6825,
              35.00645833
            ],
            [
              135.6825,
              35.00625
            ],
            [
              135.6821875,
              35.00625
            ],
            [
              135.6821875,
              35.00604167
            ],
            [
              135.6825,
              35.00604167
            ],
            [
              135.6825,
              35.00583333
            ],
            [
              135.6825,
              35.005625
            ],
            [
              135.6825,
              35.00541667
            ],
            [
              135.6828125,
              35.00541667
            ],
            [
              135.6828125,
              35.00520833
            ],
            [
              135.6828125,
              35.005
            ],
            [
              135.6828125,
              35.00479167
            ],
            [
              135.683125,
              35.00479167
            ],
            [
              135.683125,
              35.00458333
            ]
          ]
        ],
        "type": "Polygon"
      },
      "properties": {
        "A31b_201": 1,
        "_ablepath_aoi_id": "arashiyama",
        "_ablepath_display_only": true,
        "_ablepath_geometry_transform": "NONE_WHOLE_SOURCE_FEATURE_INTERSECTION_SELECTION",
        "_ablepath_layer_id": "A31b-20",
        "_ablepath_source_feature_index": 107100,
        "_ablepath_source_member": "20_想定最大規模/A31b-20-25_10_5235.geojson"
      },
      "type": "Feature"
    },
    {
      "geometry": {
        "coordinates": [
          [
            [
              135.6815625,
              35.00729167
            ],
            [
              135.68125,
              35.00729167
            ],
            [
              135.68125,
              35.0075
            ],
            [
              135.6815625,
              35.0075
            ],
            [
              135.6815625,
              35.00729167
            ]
          ]
        ],
        "type": "Polygon"
      },
      "properties": {
        "A31b_201": 1,
        "_ablepath_aoi_id": "arashiyama",
        "_ablepath_display_only": true,
        "_ablepath_geometry_transform": "NONE_WHOLE_SOURCE_FEATURE_INTERSECTION_SELECTION",
        "_ablepath_layer_id": "A31b-20",
        "_ablepath_source_feature_index": 107180,
        "_ablepath_source_member": "20_想定最大規模/A31b-20-25_10_5235.geojson"
      },
      "type": "Feature"
    },
    {
      "geometry": {
        "coordinates": [
          [
            [
              135.68125,
              35.0075
            ],
            [
              135.6809375,
              35.0075
            ],
            [
              135.6809375,
              35.00770833
            ],
            [
              135.6809375,
              35.00791667
            ],
            [
              135.680625,
              35.00791667
            ],
            [
              135.680625,
              35.008125
            ],
            [
              135.6809375,
              35.008125
            ],
            [
              135.68125,
              35.008125
            ],
            [
              135.68125,
              35.00791667
            ],
            [
              135.68125,
              35.00770833
            ],
            [
              135.68125,
              35.0075
            ]
          ]
        ],
        "type": "Polygon"
      },
      "properties": {
        "A31b_201": 1,
        "_ablepath_aoi_id": "arashiyama",
        "_ablepath_display_only": true,
        "_ablepath_geometry_transform": "NONE_WHOLE_SOURCE_FEATURE_INTERSECTION_SELECTION",
        "_ablepath_layer_id": "A31b-20",
        "_ablepath_source_feature_index": 107526,
        "_ablepath_source_member": "20_想定最大規模/A31b-20-25_10_5235.geojson"
      },
      "type": "Feature"
    },
    {
      "geometry": {
        "coordinates": [
          [
            [
              135.6853125,
              35.008125
            ],
            [
              135.685,
              35.008125
            ],
            [
              135.685,
              35.00833333
            ],
            [
              135.6853125,
              35.00833333
            ],
            [
              135.6853125,
              35.008125
            ]
          ]
        ],
        "type": "Polygon"
      },
      "properties": {
        "A31b_201": 1,
        "_ablepath_aoi_id": "arashiyama",
        "_ablepath_display_only": true,
        "_ablepath_geometry_transform": "NONE_WHOLE_SOURCE_FEATURE_INTERSECTION_SELECTION",
        "_ablepath_layer_id": "A31b-20",
        "_ablepath_source_feature_index": 107618,
        "_ablepath_source_member": "20_想定最大規模/A31b-20-25_10_5235.geojson"
      },
      "type": "Feature"
    },
    {
      "geometry": {
        "coordinates": [
          [
            [
              135.680625,
              35.00854167
            ],
            [
              135.6803125,
              35.00854167
            ],
            [
              135.6803125,
              35.00875
            ],
            [
              135.680625,
              35.00875
            ],
            [
              135.680625,
              35.00854167
            ]
          ]
        ],
        "type": "Polygon"
      },
      "properties": {
        "A31b_201": 1,
        "_ablepath_aoi_id": "arashiyama",
        "_ablepath_display_only": true,
        "_ablepath_geometry_transform": "NONE_WHOLE_SOURCE_FEATURE_INTERSECTION_SELECTION",
        "_ablepath_layer_id": "A31b-20",
        "_ablepath_source_feature_index": 107815,
        "_ablepath_source_member": "20_想定最大規模/A31b-20-25_10_5235.geojson"
      },
      "type": "Feature"
    },
    {
      "geometry": {
        "coordinates": [
          [
            [
              135.6803125,
              35.00916667
            ],
            [
              135.68,
              35.00916667
            ],
            [
              135.68,
              35.009375
            ],
            [
              135.68,
              35.00958333
            ],
            [
              135.6803125,
              35.00958333
            ],
            [
              135.6803125,
              35.009375
            ],
            [
              135.6803125,
              35.00916667
            ]
          ]
        ],
        "type": "Polygon"
      },
      "properties": {
        "A31b_201": 1,
        "_ablepath_aoi_id": "arashiyama",
        "_ablepath_display_only": true,
        "_ablepath_geometry_transform": "NONE_WHOLE_SOURCE_FEATURE_INTERSECTION_SELECTION",
        "_ablepath_layer_id": "A31b-20",
        "_ablepath_source_feature_index": 108164,
        "_ablepath_source_member": "20_想定最大規模/A31b-20-25_10_5235.geojson"
      },
      "type": "Feature"
    },
    {
      "geometry": {
        "coordinates": [
          [
            [
              135.6803125,
              35.00979167
            ],
            [
              135.68,
              35.00979167
            ],
            [
              135.68,
              35.01
            ],
            [
              135.6803125,
              35.01
            ],
            [
              135.6803125,
              35.00979167
            ]
          ]
        ],
        "type": "Polygon"
      },
      "properties": {
        "A31b_201": 1,
        "_ablepath_aoi_id": "arashiyama",
        "_ablepath_display_only": true,
        "_ablepath_geometry_transform": "NONE_WHOLE_SOURCE_FEATURE_INTERSECTION_SELECTION",
        "_ablepath_layer_id": "A31b-20",
        "_ablepath_source_feature_index": 108356,
        "_ablepath_source_member": "20_想定最大規模/A31b-20-25_10_5235.geojson"
      },
      "type": "Feature"
    },
    {
      "geometry": {
        "coordinates": [
          [
            [
              135.67875,
              35.01041667
            ],
            [
              135.67875,
              35.01020833
            ],
            [
              135.6784375,
              35.01020833
            ],
            [
              135.6784375,
              35.01041667
            ],
            [
              135.67875,
              35.01041667
            ]
          ]
        ],
        "type": "Polygon"
      },
      "properties": {
        "A31b_201": 1,
        "_ablepath_aoi_id": "arashiyama",
        "_ablepath_display_only": true,
        "_ablepath_geometry_transform": "NONE_WHOLE_SOURCE_FEATURE_INTERSECTION_SELECTION",
        "_ablepath_layer_id": "A31b-20",
        "_ablepath_source_feature_index": 108570,
        "_ablepath_source_member": "20_想定最大規模/A31b-20-25_10_5235.geojson"
      },
      "type": "Feature"
    },
    {
      "geometry": {
        "coordinates": [
          [
            [
              135.67875,
              35.01041667
            ],
            [
              135.67875,
              35.010625
            ],
            [
              135.6790625,
              35.010625
            ],
            [
              135.679375,
              35.010625
            ],
            [
              135.6796875,
              35.010625
            ],
            [
              135.6796875,
              35.01041667
            ],
            [
              135.679375,
              35.01041667
            ],
            [
              135.6790625,
              35.01041667
            ],
            [
              135.67875,
              35.01041667
            ]
          ]
        ],
        "type": "Polygon"
      },
      "properties": {
        "A31b_201": 1,
        "_ablepath_aoi_id": "arashiyama",
        "_ablepath_display_only": true,
        "_ablepath_geometry_transform": "NONE_WHOLE_SOURCE_FEATURE_INTERSECTION_SELECTION",
        "_ablepath_layer_id": "A31b-20",
        "_ablepath_source_feature_index": 108669,
        "_ablepath_source_member": "20_想定最大規模/A31b-20-25_10_5235.geojson"
      },
      "type": "Feature"
    },
    {
      "geometry": {
        "coordinates": [
          [
            [
              135.679375,
              35.01104167
            ],
            [
              135.6790625,
              35.01104167
            ],
            [
              135.6790625,
              35.01125
            ],
            [
              135.679375,
              35.01125
            ],
            [
              135.679375,
              35.01104167
            ]
          ]
        ],
        "type": "Polygon"
      },
      "properties": {
        "A31b_201": 1,
        "_ablepath_aoi_id": "arashiyama",
        "_ablepath_display_only": true,
        "_ablepath_geometry_transform": "NONE_WHOLE_SOURCE_FEATURE_INTERSECTION_SELECTION",
        "_ablepath_layer_id": "A31b-20",
        "_ablepath_source_feature_index": 108979,
        "_ablepath_source_member": "20_想定最大規模/A31b-20-25_10_5235.geojson"
      },
      "type": "Feature"
    },
    {
      "geometry": {
        "coordinates": [
          [
            [
              135.6821875,
              35.01104167
            ],
            [
              135.681875,
              35.01104167
            ],
            [
              135.681875,
              35.01125
            ],
            [
              135.6821875,
              35.01125
            ],
            [
              135.6821875,
              35.01104167
            ]
          ]
        ],
        "type": "Polygon"
      },
      "properties": {
        "A31b_201": 1,
        "_ablepath_aoi_id": "arashiyama",
        "_ablepath_display_only": true,
        "_ablepath_geometry_transform": "NONE_WHOLE_SOURCE_FEATURE_INTERSECTION_SELECTION",
        "_ablepath_layer_id": "A31b-20",
        "_ablepath_source_feature_index": 108980,
        "_ablepath_source_member": "20_想定最大規模/A31b-20-25_10_5235.geojson"
      },
      "type": "Feature"
    },
    {
      "geometry": {
        "coordinates": [
          [
            [
              135.6875,
              35.01291667
            ],
            [
              135.6875,
              35.013125
            ],
            [
              135.6878125,
              35.013125
            ],
            [
              135.688125,
              35.013125
            ],
            [
              135.688125,
              35.01291667
            ],
            [
              135.6878125,
              35.01291667
            ],
            [
              135.6875,
              35.01291667
            ]
          ]
        ],
        "type": "Polygon"
      },
      "properties": {
        "A31b_201": 1,
        "_ablepath_aoi_id": "arashiyama",
        "_ablepath_display_only": true,
        "_ablepath_geometry_transform": "NONE_WHOLE_SOURCE_FEATURE_INTERSECTION_SELECTION",
        "_ablepath_layer_id": "A31b-20",
        "_ablepath_source_feature_index": 109882,
        "_ablepath_source_member": "20_想定最大規模/A31b-20-25_10_5235.geojson"
      },
      "type": "Feature"
    },
    {
      "geometry": {
        "coordinates": [
          [
            [
              135.6740625,
              35.01333333
            ],
            [
              135.67375,
              35.01333333
            ],
            [
              135.67375,
              35.01354167
            ],
            [
              135.6740625,
              35.01354167
            ],
            [
              135.674375,
              35.01354167
            ],
            [
              135.674375,
              35.01333333
            ],
            [
              135.6740625,
              35.01333333
            ]
          ]
        ],
        "type": "Polygon"
      },
      "properties": {
        "A31b_201": 1,
        "_ablepath_aoi_id": "arashiyama",
        "_ablepath_display_only": true,
        "_ablepath_geometry_transform": "NONE_WHOLE_SOURCE_FEATURE_INTERSECTION_SELECTION",
        "_ablepath_layer_id": "A31b-20",
        "_ablepath_source_feature_index": 110129,
        "_ablepath_source_member": "20_想定最大規模/A31b-20-25_10_5235.geojson"
      },
      "type": "Feature"
    },
    {
      "geometry": {
        "coordinates": [
          [
            [
              135.685625,
              35.01354167
            ],
            [
              135.6859375,
              35.01354167
            ],
            [
              135.6859375,
              35.01333333
            ],
            [
              135.685625,
              35.01333333
            ],
            [
              135.685625,
              35.01354167
            ]
          ]
        ],
        "type": "Polygon"
      },
      "properties": {
        "A31b_201": 1,
        "_ablepath_aoi_id": "arashiyama",
        "_ablepath_display_only": true,
        "_ablepath_geometry_transform": "NONE_WHOLE_SOURCE_FEATURE_INTERSECTION_SELECTION",
        "_ablepath_layer_id": "A31b-20",
        "_ablepath_source_feature_index": 110130,
        "_ablepath_source_member": "20_想定最大規模/A31b-20-25_10_5235.geojson"
      },
      "type": "Feature"
    },
    {
      "geometry": {
        "coordinates": [
          [
            [
              135.6871875,
              35.01291667
            ],
            [
              135.686875,
              35.01291667
            ],
            [
              135.686875,
              35.013125
            ],
            [
              135.686875,
              35.01333333
            ],
            [
              135.6865625,
              35.01333333
            ],
            [
              135.6865625,
              35.01354167
            ],
            [
              135.686875,
              35.01354167
            ],
            [
              135.6871875,
              35.01354167
            ],
            [
              135.6871875,
              35.01333333
            ],
            [
              135.6871875,
              35.013125
            ],
            [
              135.6871875,
              35.01291667
            ]
          ]
        ],
        "type": "Polygon"
      },
      "properties": {
        "A31b_201": 1,
        "_ablepath_aoi_id": "arashiyama",
        "_ablepath_display_only": true,
        "_ablepath_geometry_transform": "NONE_WHOLE_SOURCE_FEATURE_INTERSECTION_SELECTION",
        "_ablepath_layer_id": "A31b-20",
        "_ablepath_source_feature_index": 110131,
        "_ablepath_source_member": "20_想定最大規模/A31b-20-25_10_5235.geojson"
      },
      "type": "Feature"
    },
    {
      "geometry": {
        "coordinates": [
          [
            [
              135.6753125,
              35.01375
            ],
            [
              135.675625,
              35.01375
            ],
            [
              135.675625,
              35.01354167
            ],
            [
              135.6753125,
              35.01354167
            ],
            [
              135.6753125,
              35.01375
            ]
          ]
        ],
        "type": "Polygon"
      },
      "properties": {
        "A31b_201": 1,
        "_ablepath_aoi_id": "arashiyama",
        "_ablepath_display_only": true,
        "_ablepath_geometry_transform": "NONE_WHOLE_SOURCE_FEATURE_INTERSECTION_SELECTION",
        "_ablepath_layer_id": "A31b-20",
        "_ablepath_source_feature_index": 110249,
        "_ablepath_source_member": "20_想定最大規模/A31b-20-25_10_5235.geojson"
      },
      "type": "Feature"
    },
    {
      "geometry": {
        "coordinates": [
          [
            [
              135.6753125,
              35.01375
            ],
            [
              135.675,
              35.01375
            ],
            [
              135.675,
              35.01395833
            ],
            [
              135.675,
              35.01416667
            ],
            [
              135.6753125,
              35.01416667
            ],
            [
              135.6753125,
              35.01395833
            ],
            [
              135.6753125,
              35.01375
            ]
          ]
        ],
        "type": "Polygon"
      },
      "properties": {
        "A31b_201": 1,
        "_ablepath_aoi_id": "arashiyama",
        "_ablepath_display_only": true,
        "_ablepath_geometry_transform": "NONE_WHOLE_SOURCE_FEATURE_INTERSECTION_SELECTION",
        "_ablepath_layer_id": "A31b-20",
        "_ablepath_source_feature_index": 110540,
        "_ablepath_source_member": "20_想定最大規模/A31b-20-25_10_5235.geojson"
      },
      "type": "Feature"
    },
    {
      "geometry": {
        "coordinates": [
          [
            [
              135.675625,
              35.01375
            ],
            [
              135.675625,
              35.01395833
            ],
            [
              135.675625,
              35.01416667
            ],
            [
              135.6759375,
              35.01416667
            ],
            [
              135.6759375,
              35.01395833
            ],
            [
              135.6759375,
              35.01375
            ],
            [
              135.675625,
              35.01375
            ]
          ]
        ],
        "type": "Polygon"
      },
      "properties": {
        "A31b_201": 1,
        "_ablepath_aoi_id": "arashiyama",
        "_ablepath_display_only": true,
        "_ablepath_geometry_transform": "NONE_WHOLE_SOURCE_FEATURE_INTERSECTION_SELECTION",
        "_ablepath_layer_id": "A31b-20",
        "_ablepath_source_feature_index": 110541,
        "_ablepath_source_member": "20_想定最大規模/A31b-20-25_10_5235.geojson"
      },
      "type": "Feature"
    },
    {
      "geometry": {
        "coordinates": [
          [
            [
              135.6815625,
              35.01395833
            ],
            [
              135.68125,
              35.01395833
            ],
            [
              135.68125,
              35.01416667
            ],
            [
              135.6815625,
              35.01416667
            ],
            [
              135.6815625,
              35.01395833
            ]
          ]
        ],
        "type": "Polygon"
      },
      "properties": {
        "A31b_201": 1,
        "_ablepath_aoi_id": "arashiyama",
        "_ablepath_display_only": true,
        "_ablepath_geometry_transform": "NONE_WHOLE_SOURCE_FEATURE_INTERSECTION_SELECTION",
        "_ablepath_layer_id": "A31b-20",
        "_ablepath_source_feature_index": 110542,
        "_ablepath_source_member": "20_想定最大規模/A31b-20-25_10_5235.geojson"
      },
      "type": "Feature"
    },
    {
      "geometry": {
        "coordinates": [
          [
            [
              135.6765625,
              35.014375
            ],
            [
              135.67625,
              35.014375
            ],
            [
              135.67625,
              35.01458333
            ],
            [
              135.6765625,
              35.01458333
            ],
            [
              135.6765625,
              35.014375
            ]
          ]
        ],
        "type": "Polygon"
      },
      "properties": {
        "A31b_201": 1,
        "_ablepath_aoi_id": "arashiyama",
        "_ablepath_display_only": true,
        "_ablepath_geometry_transform": "NONE_WHOLE_SOURCE_FEATURE_INTERSECTION_SELECTION",
        "_ablepath_layer_id": "A31b-20",
        "_ablepath_source_feature_index": 110739,
        "_ablepath_source_member": "20_想定最大規模/A31b-20-25_10_5235.geojson"
      },
      "type": "Feature"
    },
    {
      "geometry": {
        "coordinates": [
          [
            [
              135.68,
              35.015
            ],
            [
              135.68,
              35.01479167
            ],
            [
              135.68,
              35.01458333
            ],
            [
              135.6796875,
              35.01458333
            ],
            [
              135.6796875,
              35.01479167
            ],
            [
              135.679375,
              35.01479167
            ],
            [
              135.679375,
              35.015
            ],
            [
              135.6796875,
              35.015
            ],
            [
              135.68,
              35.015
            ]
          ]
        ],
        "type": "Polygon"
      },
      "properties": {
        "A31b_201": 1,
        "_ablepath_aoi_id": "arashiyama",
        "_ablepath_display_only": true,
        "_ablepath_geometry_transform": "NONE_WHOLE_SOURCE_FEATURE_INTERSECTION_SELECTION",
        "_ablepath_layer_id": "A31b-20",
        "_ablepath_source_feature_index": 110964,
        "_ablepath_source_member": "20_想定最大規模/A31b-20-25_10_5235.geojson"
      },
      "type": "Feature"
    },
    {
      "geometry": {
        "coordinates": [
          [
            [
              135.6790625,
              35.01520833
            ],
            [
              135.6790625,
              35.015
            ],
            [
              135.67875,
              35.015
            ],
            [
              135.67875,
              35.01479167
            ],
            [
              135.6784375,
              35.01479167
            ],
            [
              135.6784375,
              35.01458333
            ],
            [
              135.678125,
              35.01458333
            ],
            [
              135.678125,
              35.01479167
            ],
            [
              135.678125,
              35.015
            ],
            [
              135.6778125,
              35.015
            ],
            [
              135.6775,
              35.015
            ],
            [
              135.6775,
              35.01520833
            ],
            [
              135.6771875,
              35.01520833
            ],
            [
              135.6771875,
              35.01541667
            ],
            [
              135.6775,
              35.01541667
            ],
            [
              135.6778125,
              35.01541667
            ],
            [
              135.678125,
              35.01541667
            ],
            [
              135.6784375,
              35.01541667
            ],
            [
              135.67875,
              35.01541667
            ],
            [
              135.6790625,
              35.01541667
            ],
            [
              135.6790625,
              35.01520833
            ]
          ]
        ],
        "type": "Polygon"
      },
      "properties": {
        "A31b_201": 1,
        "_ablepath_aoi_id": "arashiyama",
        "_ablepath_display_only": true,
        "_ablepath_geometry_transform": "NONE_WHOLE_SOURCE_FEATURE_INTERSECTION_SELECTION",
        "_ablepath_layer_id": "A31b-20",
        "_ablepath_source_feature_index": 111222,
        "_ablepath_source_member": "20_想定最大規模/A31b-20-25_10_5235.geojson"
      },
      "type": "Feature"
    },
    {
      "geometry": {
        "coordinates": [
          [
            [
              135.6815625,
              35.01520833
            ],
            [
              135.6815625,
              35.015
            ],
            [
              135.68125,
              35.015
            ],
            [
              135.6809375,
              35.015
            ],
            [
              135.680625,
              35.015
            ],
            [
              135.6803125,
              35.015
            ],
            [
              135.68,
              35.015
            ],
            [
              135.68,
              35.01520833
            ],
            [
              135.6803125,
              35.01520833
            ],
            [
              135.6803125,
              35.01541667
            ],
            [
              135.6803125,
              35.015625
            ],
            [
              135.6803125,
              35.01583333
            ],
            [
              135.680625,
              35.01583333
            ],
            [
              135.680625,
              35.015625
            ],
            [
              135.680625,
              35.01541667
            ],
            [
              135.680625,
              35.01520833
            ],
            [
              135.6809375,
              35.01520833
            ],
            [
              135.68125,
              35.01520833
            ],
            [
              135.6815625,
              35.01520833
            ]
          ]
        ],
        "type": "Polygon"
      },
      "properties": {
        "A31b_201": 1,
        "_ablepath_aoi_id": "arashiyama",
        "_ablepath_display_only": true,
        "_ablepath_geometry_transform": "NONE_WHOLE_SOURCE_FEATURE_INTERSECTION_SELECTION",
        "_ablepath_layer_id": "A31b-20",
        "_ablepath_source_feature_index": 111425,
        "_ablepath_source_member": "20_想定最大規模/A31b-20-25_10_5235.geojson"
      },
      "type": "Feature"
    },
    {
      "geometry": {
        "coordinates": [
          [
            [
              135.6909375,
              35.01333333
            ],
            [
              135.6909375,
              35.01354167
            ],
            [
              135.690625,
              35.01354167
            ],
            [
              135.690625,
              35.01333333
            ],
            [
              135.6909375,
              35.01333333
            ],
            [
              135.6909375,
              35.013125
            ],
            [
              135.690625,
              35.013125
            ],
            [
              135.690625,
              35.01291667
            ],
            [
              135.6903125,
              35.01291667
            ],
            [
              135.6903125,
              35.013125
            ],
            [
              135.69,
              35.013125
            ],
            [
              135.69,
              35.01291667
            ],
            [
              135.6903125,
              35.01291667
            ],
            [
              135.6903125,
              35.01270833
            ],
            [
              135.690625,
              35.01270833
            ],
            [
              135.6909375,
              35.01270833
            ],
            [
              135.6909375,
              35.0125
            ],
            [
              135.690625,
              35.0125
            ],
            [
              135.690625,
              35.01229167
            ],
            [
              135.690625,
              35.01208333
            ],
            [
              135.6909375,
              35.01208333
            ],
            [
              135.69125,
              35.01208333
            ],
            [
              135.6915625,
              35.01208333
            ],
            [
              135.6915625,
              35.011875
            ],
            [
              135.6915625,
              35.01166667
            ],
            [
              135.6915625,
              35.01145833
            ],
            [
              135.691875,
              35.01145833
            ],
            [
              135.6921875,
              35.01145833
            ],
            [
              135.6921875,
              35.01125
            ],
            [
              135.691875,
              35.01125
            ],
            [
              135.6915625,
              35.01125
            ],
            [
              135.69125,
              35.01125
            ],
            [
              135.69125,
              35.01104167
            ],
            [
              135.69125,
              35.01083333
            ],
            [
              135.6909375,
              35.01083333
            ],
            [
              135.6909375,
              35.01104167
            ],
            [
              135.6909375,
              35.01125
            ],
            [
              135.6909375,
              35.01145833
            ],
            [
              135.6909375,
              35.01166667
            ],
            [
              135.6909375,
              35.011875
            ],
            [
              135.690625,
              35.011875
            ],
            [
              135.6903125,
              35.011875
            ],
            [
              135.6903125,
              35.01208333
            ],
            [
              135.69,
              35.01208333
            ],
            [
              135.69,
              35.011875
            ],
            [
              135.69,
              35.01166667
            ],
            [
              135.69,
              35.01145833
            ],
            [
              135.69,
              35.01125
            ],
            [
              135.6903125,
              35.01125
            ],
            [
              135.6903125,
              35.01104167
            ],
            [
              135.6903125,
              35.01083333
            ],
            [
              135.69,
              35.01083333
            ],
            [
              135.69,
              35.01104167
            ],
            [
              135.6896875,
              35.01104167
            ],
            [
              135.6896875,
              35.01125
            ],
            [
              135.689375,
              35.01125
            ],
            [
              135.689375,
              35.01145833
            ],
            [
              135.6890625,
              35.01145833
            ],
            [
              135.6890625,
              35.01166667
            ],
            [
              135.6890625,
              35.011875
            ],
            [
              135.68875,
              35.011875
            ],
            [
              135.6884375,
              35.011875
            ],
            [
              135.6884375,
              35.01208333
            ],
            [
              135.688125,
              35.01208333
            ],
            [
              135.6878125,
              35.01208333
            ],
            [
              135.6878125,
              35.01229167
            ],
            [
              135.6875,
              35.01229167
            ],
            [
              135.6875,
              35.0125
            ],
            [
              135.6871875,
              35.0125
            ],
            [
              135.6871875,
              35.01270833
            ],
            [
              135.6871875,
              35.01291667
            ],
            [
              135.6875,
              35.01291667
            ],
            [
              135.6875,
              35.01270833
            ],
            [
              135.6878125,
              35.01270833
            ],
            [
              135.6878125,
              35.0125
            ],
            [
              135.688125,
              35.0125
            ],
            [
              135.688125,
              35.01229167
            ],
            [
              135.6884375,
              35.01229167
            ],
            [
              135.68875,
              35.01229167
            ],
            [
              135.68875,
              35.01208333
            ],
            [
              135.6890625,
              35.01208333
            ],
            [
              135.689375,
              35.01208333
            ],
            [
              135.689375,
              35.01229167
            ],
            [
              135.689375,
              35.0125
            ],
            [
              135.689375,
              35.01270833
            ],
            [
              135.689375,
              35.01291667
            ],
            [
              135.689375,
              35.013125
            ],
            [
              135.6890625,
              35.013125
            ],
            [
              135.68875,
              35.013125
            ],
            [
              135.6884375,
              35.013125
            ],
            [
              135.688125,
              35.013125
            ],
            [
              135.688125,
              35.01333333
            ],
            [
              135.688125,
              35.01354167
            ],
            [
              135.688125,
              35.01375
            ],
            [
              135.6884375,
              35.01375
            ],
            [
              135.68875,
              35.01375
            ],
            [
              135.68875,
              35.01395833
            ],
            [
              135.6884375,
              35.01395833
            ],
            [
              135.688125,
              35.01395833
            ],
            [
              135.688125,
              35.01416667
            ],
            [
              135.688125,
              35.014375
            ],
            [
              135.6878125,
              35.014375
            ],
            [
              135.6875,
              35.014375
            ],
            [
              135.6871875,
              35.014375
            ],
            [
              135.686875,
              35.014375
            ],
            [
              135.686875,
              35.01416667
            ],
            [
              135.6865625,
              35.01416667
            ],
            [
              135.68625,
              35.01416667
            ],
            [
              135.68625,
              35.01395833
            ],
            [
              135.6859375,
              35.01395833
            ],
            [
              135.685625,
              35.01395833
            ],
            [
              135.6853125,
              35.01395833
            ],
            [
              135.6853125,
              35.01375
            ],
            [
              135.685625,
              35.01375
            ],
            [
              135.685625,
              35.01354167
            ],
            [
              135.6853125,
              35.01354167
            ],
            [
              135.685,
              35.01354167
            ],
            [
              135.6846875,
              35.01354167
            ],
            [
              135.6846875,
              35.01375
            ],
            [
              135.684375,
              35.01375
            ],
            [
              135.6840625,
              35.01375
            ],
            [
              135.6840625,
              35.01395833
            ],
            [
              135.6840625,
              35.01416667
            ],
            [
              135.68375,
              35.01416667
            ],
            [
              135.68375,
              35.014375
            ],
            [
              135.6834375,
              35.014375
            ],
            [
              135.6834375,
              35.01416667
            ],
            [
              135.6834375,
              35.01395833
            ],
            [
              135.683125,
              35.01395833
            ],
            [
              135.6828125,
              35.01395833
            ],
            [
              135.6825,
              35.01395833
            ],
            [
              135.6825,
              35.01416667
            ],
            [
              135.6821875,
              35.01416667
            ],
            [
              135.6821875,
              35.014375
            ],
            [
              135.6821875,
              35.01458333
            ],
            [
              135.6821875,
              35.01479167
            ],
            [
              135.6821875,
              35.015
            ],
            [
              135.681875,
              35.015
            ],
            [
              135.681875,
              35.01520833
            ],
            [
              135.6815625,
              35.01520833
            ],
            [
              135.6815625,
              35.01541667
            ],
            [
              135.681875,
              35.01541667
            ],
            [
              135.6821875,
              35.01541667
            ],
            [
              135.6825,
              35.01541667
            ],
            [
              135.6828125,
              35.01541667
            ],
            [
              135.683125,
              35.01541667
            ],
            [
              135.6834375,
              35.01541667
            ],
            [
              135.68375,
              35.01541667
            ],
            [
              135.6840625,
              35.01541667
            ],
            [
              135.684375,
              35.01541667
            ],
            [
              135.684375,
              35.015625
            ],
            [
              135.6846875,
              35.015625
            ],
            [
              135.6846875,
              35.01583333
            ],
            [
              135.685,
              35.01583333
            ],
            [
              135.6853125,
              35.01583333
            ],
            [
              135.685625,
              35.01583333
            ],
            [
              135.685625,
              35.015625
            ],
            [
              135.685625,
              35.01541667
            ],
            [
              135.6859375,
              35.01541667
            ],
            [
              135.68625,
              35.01541667
            ],
            [
              135.68625,
              35.015625
            ],
            [
              135.6865625,
              35.015625
            ],
            [
              135.6865625,
              35.01541667
            ],
            [
              135.6865625,
              35.01520833
            ],
            [
              135.6865625,
              35.015
            ],
            [
              135.6865625,
              35.01479167
            ],
            [
              135.6865625,
              35.01458333
            ],
            [
              135.686875,
              35.01458333
            ],
            [
              135.6871875,
              35.01458333
            ],
            [
              135.6871875,
              35.01479167
            ],
            [
              135.6875,
              35.01479167
            ],
            [
              135.6878125,
              35.01479167
            ],
            [
              135.688125,
              35.01479167
            ],
            [
              135.6884375,
              35.01479167
            ],
            [
              135.6884375,
              35.01458333
            ],
            [
              135.68875,
              35.01458333
            ],
            [
              135.6890625,
              35.01458333
            ],
            [
              135.689375,
              35.01458333
            ],
            [
              135.689375,
              35.01479167
            ],
            [
              135.6896875,
              35.01479167
            ],
            [
              135.6896875,
              35.015
            ],
            [
              135.6896875,
              35.01520833
            ],
            [
              135.69,
              35.01520833
            ],
            [
              135.69,
              35.015
            ],
            [
              135.69,
              35.01479167
            ],
            [
              135.69,
              35.01458333
            ],
            [
              135.6903125,
              35.01458333
            ],
            [
              135.690625,
              35.01458333
            ],
            [
              135.6909375,
              35.01458333
            ],
            [
              135.69125,
              35.01458333
            ],
            [
              135.6915625,
              35.01458333
            ],
            [
              135.6915625,
              35.014375
            ],
            [
              135.6915625,
              35.01416667
            ],
            [
              135.6915625,
              35.01395833
            ],
            [
              135.6915625,
              35.01375
            ],
            [
              135.6915625,
              35.01354167
            ],
            [
              135.6915625,
              35.01333333
            ],
            [
              135.69125,
              35.01333333
            ],
            [
              135.6909375,
              35.01333333
            ]
          ],
          [
            [
              135.689375,
              35.01395833
            ],
            [
              135.6890625,
              35.01395833
            ],
            [
              135.6890625,
              35.01375
            ],
            [
              135.689375,
              35.01375
            ],
            [
              135.689375,
              35.01354167
            ],
            [
              135.6896875,
              35.01354167
            ],
            [
              135.6896875,
              35.01375
            ],
            [
              135.69,
              35.01375
            ],
            [
              135.69,
              35.01354167
            ],
            [
              135.6903125,
              35.01354167
            ],
            [
              135.6903125,
              35.01375
            ],
            [
              135.6903125,
              35.01395833
            ],
            [
              135.6903125,
              35.01416667
            ],
            [
              135.69,
              35.01416667
            ],
            [
              135.6896875,
              35.01416667
            ],
            [
              135.6896875,
              35.014375
            ],
            [
              135.689375,
              35.014375
            ],
            [
              135.689375,
              35.01416667
            ],
            [
              135.689375,
              35.01395833
            ]
          ],
          [
            [
              135.685625,
              35.01458333
            ],
            [
              135.685625,
              35.01479167
            ],
            [
              135.6853125,
              35.01479167
            ],
            [
              135.6853125,
              35.015
            ],
            [
              135.6853125,
              35.01520833
            ],
            [
              135.685,
              35.01520833
            ],
            [
              135.685,
              35.015
            ],
            [
              135.685,
              35.01479167
            ],
            [
              135.685,
              35.01458333
            ],
            [
              135.6853125,
              35.01458333
            ],
            [
              135.685625,
              35.01458333
            ]
          ]
        ],
        "type": "Polygon"
      },
      "properties": {
        "A31b_201": 1,
        "_ablepath_aoi_id": "arashiyama",
        "_ablepath_display_only": true,
        "_ablepath_geometry_transform": "NONE_WHOLE_SOURCE_FEATURE_INTERSECTION_SELECTION",
        "_ablepath_layer_id": "A31b-20",
        "_ablepath_source_feature_index": 111426,
        "_ablepath_source_member": "20_想定最大規模/A31b-20-25_10_5235.geojson"
      },
      "type": "Feature"
    },
    {
      "geometry": {
        "coordinates": [
          [
            [
              135.679375,
              35.01166667
            ],
            [
              135.679375,
              35.01145833
            ],
            [
              135.6796875,
              35.01145833
            ],
            [
              135.68,
              35.01145833
            ],
            [
              135.6803125,
              35.01145833
            ],
            [
              135.680625,
              35.01145833
            ],
            [
              135.6809375,
              35.01145833
            ],
            [
              135.6809375,
              35.01125
            ],
            [
              135.68125,
              35.01125
            ],
            [
              135.6815625,
              35.01125
            ],
            [
              135.681875,
              35.01125
            ],
            [
              135.681875,
              35.01104167
            ],
            [
              135.6821875,
              35.01104167
            ],
            [
              135.6821875,
              35.01125
            ],
            [
              135.6825,
              35.01125
            ],
            [
              135.6828125,
              35.01125
            ],
            [
              135.6828125,
              35.01145833
            ],
            [
              135.683125,
              35.01145833
            ],
            [
              135.6834375,
              35.01145833
            ],
            [
              135.68375,
              35.01145833
            ],
            [
              135.68375,
              35.01125
            ],
            [
              135.6840625,
              35.01125
            ],
            [
              135.6840625,
              35.01104167
            ],
            [
              135.684375,
              35.01104167
            ],
            [
              135.6846875,
              35.01104167
            ],
            [
              135.6846875,
              35.01083333
            ],
            [
              135.6846875,
              35.010625
            ],
            [
              135.685,
              35.010625
            ],
            [
              135.685,
              35.01041667
            ],
            [
              135.685,
              35.01020833
            ],
            [
              135.685,
              35.01
            ],
            [
              135.6853125,
              35.01
            ],
            [
              135.685625,
              35.01
            ],
            [
              135.685625,
              35.00979167
            ],
            [
              135.685625,
              35.00958333
            ],
            [
              135.685625,
              35.009375
            ],
            [
              135.6859375,
              35.009375
            ],
            [
              135.6859375,
              35.00916667
            ],
            [
              135.68625,
              35.00916667
            ],
            [
              135.68625,
              35.00895833
            ],
            [
              135.68625,
              35.00875
            ],
            [
              135.6865625,
              35.00875
            ],
            [
              135.6865625,
              35.00854167
            ],
            [
              135.6865625,
              35.00833333
            ],
            [
              135.6865625,
              35.008125
            ],
            [
              135.6865625,
              35.00791667
            ],
            [
              135.6865625,
              35.00770833
            ],
            [
              135.686875,
              35.00770833
            ],
            [
              135.686875,
              35.0075
            ],
            [
              135.686875,
              35.00729167
            ],
            [
              135.6871875,
              35.00729167
            ],
            [
              135.6871875,
              35.00708333
            ],
            [
              135.6875,
              35.00708333
            ],
            [
              135.6875,
              35.006875
            ],
            [
              135.6875,
              35.00666667
            ],
            [
              135.6875,
              35.00645833
            ],
            [
              135.6875,
              35.00625
            ],
            [
              135.6875,
              35.00604167
            ],
            [
              135.6875,
              35.00583333
            ],
            [
              135.6871875,
              35.00583333
            ],
            [
              135.686875,
              35.00583333
            ],
            [
              135.686875,
              35.005625
            ],
            [
              135.686875,
              35.00541667
            ],
            [
              135.6871875,
              35.00541667
            ],
            [
              135.6871875,
              35.00520833
            ],
            [
              135.6871875,
              35.005
            ],
            [
              135.6871875,
              35.00479167
            ],
            [
              135.6871875,
              35.00458333
            ],
            [
              135.6875,
              35.00458333
            ],
            [
              135.6875,
              35.004375
            ],
            [
              135.6875,
              35.00416667
            ],
            [
              135.6875,
              35.00395833
            ],
            [
              135.6875,
              35.00375
            ],
            [
              135.6871875,
              35.00375
            ],
            [
              135.6871875,
              35.00354167
            ],
            [
              135.6871875,
              35.00333333
            ],
            [
              135.6875,
              35.00333333
            ],
            [
              135.6875,
              35.003125
            ],
            [
              135.6875,
              35.00291667
            ],
            [
              135.6875,
              35.00270833
            ],
            [
              135.6875,
              35.0025
            ],
            [
              135.6875,
              35.00229167
            ],
            [
              135.6875,
              35.00208333
            ],
            [
              135.6878125,
              35.00208333
            ],
            [
              135.6878125,
              35.001875
            ],
            [
              135.688125,
              35.001875
            ],
            [
              135.688125,
              35.00166667
            ],
            [
              135.688125,
              35.00145833
            ],
            [
              135.688125,
              35.00125
            ],
            [
              135.688125,
              35.00104167
            ],
            [
              135.688125,
              35.00083333
            ],
            [
              135.688125,
              35.000625
            ],
            [
              135.6884375,
              35.000625
            ],
            [
              135.68875,
              35.000625
            ],
            [
              135.68875,
              35.00041667
            ],
            [
              135.6890625,
              35.00041667
            ],
            [
              135.6890625,
              35.00020833
            ],
            [
              135.6890625,
              35.0
            ],
            [
              135.6890625,
              34.99979167
            ],
            [
              135.689375,
              34.99979167
            ],
            [
              135.689375,
              34.99958333
            ],
            [
              135.6896875,
              34.99958333
            ],
            [
              135.6896875,
              34.999375
            ],
            [
              135.6896875,
              34.99916667
            ],
            [
              135.69,
              34.99916667
            ],
            [
              135.69,
              34.99895833
            ],
            [
              135.69,
              34.99875
            ],
            [
              135.6903125,
              34.99875
            ],
            [
              135.6903125,
              34.99854167
            ],
            [
              135.6903125,
              34.99833333
            ],
            [
              135.6903125,
              34.998125
            ],
            [
              135.690625,
              34.998125
            ],
            [
              135.690625,
              34.99791667
            ],
            [
              135.690625,
              34.99770833
            ],
            [
              135.6909375,
              34.99770833
            ],
            [
              135.6909375,
              34.9975
            ],
            [
              135.69125,
              34.9975
            ],
            [
              135.69125,
              34.99729167
            ],
            [
              135.6915625,
              34.99729167
            ],
            [
              135.6915625,
              34.99708333
            ],
            [
              135.691875,
              34.99708333
            ],
            [
              135.6921875,
              34.99708333
            ],
            [
              135.6925,
              34.99708333
            ],
            [
              135.6928125,
              34.99708333
            ],
            [
              135.693125,
              34.99708333
            ],
            [
              135.6934375,
              34.99708333
            ],
            [
              135.6934375,
              34.996875
            ],
            [
              135.69375,
              34.996875
            ],
            [
              135.69375,
              34.99666667
            ],
            [
              135.6934375,
              34.99666667
            ],
            [
              135.6934375,
              34.99645833
            ],
            [
              135.693125,
              34.99645833
            ],
            [
              135.693125,
              34.99625
            ],
            [
              135.693125,
              34.99604167
            ],
            [
              135.6928125,
              34.99604167
            ],
            [
              135.6928125,
              34.99583333
            ],
            [
              135.6925,
              34.99583333
            ],
            [
              135.6925,
              34.99604167
            ],
            [
              135.6921875,
              34.99604167
            ],
            [
              135.6921875,
              34.99583333
            ],
            [
              135.691875,
              34.99583333
            ],
            [
              135.6915625,
              34.99583333
            ],
            [
              135.6915625,
              34.99604167
            ],
            [
              135.69125,
              34.99604167
            ],
            [
              135.69125,
              34.99583333
            ],
            [
              135.6909375,
              34.99583333
            ],
            [
              135.690625,
              34.99583333
            ],
            [
              135.690625,
              34.995625
            ],
            [
              135.6903125,
              34.995625
            ],
            [
              135.69,
              34.995625
            ],
            [
              135.69,
              34.99583333
            ],
            [
              135.6896875,
              34.99583333
            ],
            [
              135.689375,
              34.99583333
            ],
            [
              135.6890625,
              34.99583333
            ],
            [
              135.6890625,
              34.99604167
            ],
            [
              135.68875,
              34.99604167
            ],
            [
              135.6884375,
              34.99604167
            ],
            [
              135.688125,
              34.99604167
            ],
            [
              135.6878125,
              34.99604167
            ],
            [
              135.6878125,
              34.99625
            ],
            [
              135.6875,
              34.99625
            ],
            [
              135.6875,
              34.99645833
            ],
            [
              135.6875,
              34.99666667
            ],
            [
              135.6871875,
              34.99666667
            ],
            [
              135.6871875,
              34.996875
            ],
            [
              135.6871875,
              34.99708333
            ],
            [
              135.686875,
              34.99708333
            ],
            [
              135.6865625,
              34.99708333
            ],
            [
              135.6865625,
              34.99729167
            ],
            [
              135.6865625,
              34.9975
            ],
            [
              135.6865625,
              34.99770833
            ],
            [
              135.6865625,
              34.99791667
            ],
            [
              135.6865625,
              34.998125
            ],
            [
              135.6865625,
              34.99833333
            ],
            [
              135.68625,
              34.99833333
            ],
            [
              135.68625,
              34.99854167
            ],
            [
              135.68625,
              34.99875
            ],
            [
              135.68625,
              34.99895833
            ],
            [
              135.6859375,
              34.99895833
            ],
            [
              135.6859375,
              34.99916667
            ],
            [
              135.6859375,
              34.999375
            ],
            [
              135.6859375,
              34.99958333
            ],
            [
              135.6859375,
              34.99979167
            ],
            [
              135.6859375,
              35.0
            ],
            [
              135.685625,
              35.0
            ],
            [
              135.685625,
              35.00020833
            ],
            [
              135.685625,
              35.00041667
            ],
            [
              135.685625,
              35.000625
            ],
            [
              135.6853125,
              35.000625
            ],
            [
              135.6853125,
              35.00083333
            ],
            [
              135.685,
              35.00083333
            ],
            [
              135.685,
              35.00104167
            ],
            [
              135.6846875,
              35.00104167
            ],
            [
              135.684375,
              35.00104167
            ],
            [
              135.684375,
              35.00125
            ],
            [
              135.684375,
              35.00145833
            ],
            [
              135.6840625,
              35.00145833
            ],
            [
              135.6840625,
              35.00166667
            ],
            [
              135.6840625,
              35.001875
            ],
            [
              135.68375,
              35.001875
            ],
            [
              135.68375,
              35.00208333
            ],
            [
              135.68375,
              35.00229167
            ],
            [
              135.6834375,
              35.00229167
            ],
            [
              135.6834375,
              35.0025
            ],
            [
              135.6834375,
              35.00270833
            ],
            [
              135.6834375,
              35.00291667
            ],
            [
              135.6834375,
              35.003125
            ],
            [
              135.6834375,
              35.00333333
            ],
            [
              135.6834375,
              35.00354167
            ],
            [
              135.68375,
              35.00354167
            ],
            [
              135.68375,
              35.00375
            ],
            [
              135.68375,
              35.00395833
            ],
            [
              135.6834375,
              35.00395833
            ],
            [
              135.683125,
              35.00395833
            ],
            [
              135.683125,
              35.00416667
            ],
            [
              135.6834375,
              35.00416667
            ],
            [
              135.6834375,
              35.004375
            ],
            [
              135.6834375,
              35.00458333
            ],
            [
              135.683125,
              35.00458333
            ],
            [
              135.683125,
              35.00479167
            ],
            [
              135.6828125,
              35.00479167
            ],
            [
              135.6828125,
              35.005
            ],
            [
              135.6828125,
              35.00520833
            ],
            [
              135.6828125,
              35.00541667
            ],
            [
              135.6825,
              35.00541667
            ],
            [
              135.6825,
              35.005625
            ],
            [
              135.6825,
              35.00583333
            ],
            [
              135.6825,
              35.00604167
            ],
            [
              135.6821875,
              35.00604167
            ],
            [
              135.6821875,
              35.00625
            ],
            [
              135.6825,
              35.00625
            ],
            [
              135.6825,
              35.00645833
            ],
            [
              135.6825,
              35.00666667
            ],
            [
              135.6821875,
              35.00666667
            ],
            [
              135.681875,
              35.00666667
            ],
            [
              135.681875,
              35.006875
            ],
            [
              135.6821875,
              35.006875
            ],
            [
              135.6821875,
              35.00708333
            ],
            [
              135.6821875,
              35.00729167
            ],
            [
              135.681875,
              35.00729167
            ],
            [
              135.6815625,
              35.00729167
            ],
            [
              135.6815625,
              35.0075
            ],
            [
              135.68125,
              35.0075
            ],
            [
              135.68125,
              35.00770833
            ],
            [
              135.68125,
              35.00791667
            ],
            [
              135.68125,
              35.008125
            ],
            [
              135.6809375,
              35.008125
            ],
            [
              135.680625,
              35.008125
            ],
            [
              135.680625,
              35.00833333
            ],
            [
              135.680625,
              35.00854167
            ],
            [
              135.680625,
              35.00875
            ],
            [
              135.6803125,
              35.00875
            ],
            [
              135.6803125,
              35.00895833
            ],
            [
              135.6803125,
              35.00916667
            ],
            [
              135.6803125,
              35.009375
            ],
            [
              135.6803125,
              35.00958333
            ],
            [
              135.6803125,
              35.00979167
            ],
            [
              135.6803125,
              35.01
            ],
            [
              135.68,
              35.01
            ],
            [
              135.68,
              35.01020833
            ],
            [
              135.68,
              35.01041667
            ],
            [
              135.6796875,
              35.01041667
            ],
            [
              135.6796875,
              35.010625
            ],
            [
              135.679375,
              35.010625
            ],
            [
              135.6790625,
              35.010625
            ],
            [
              135.67875,
              35.010625
            ],
            [
              135.67875,
              35.01041667
            ],
            [
              135.6784375,
              35.01041667
            ],
            [
              135.678125,
              35.01041667
            ],
            [
              135.678125,
              35.010625
            ],
            [
              135.6778125,
              35.010625
            ],
            [
              135.6778125,
              35.01083333
            ],
            [
              135.6775,
              35.01083333
            ],
            [
              135.6775,
              35.01104167
            ],
            [
              135.6775,
              35.01125
            ],
            [
              135.6778125,
              35.01125
            ],
            [
              135.678125,
              35.01125
            ],
            [
              135.6784375,
              35.01125
            ],
            [
              135.6784375,
              35.01145833
            ],
            [
              135.67875,
              35.01145833
            ],
            [
              135.6790625,
              35.01145833
            ],
            [
              135.6790625,
              35.01166667
            ],
            [
              135.679375,
              35.01166667
            ]
          ],
          [
            [
              135.6790625,
              35.01125
            ],
            [
              135.6790625,
              35.01104167
            ],
            [
              135.679375,
              35.01104167
            ],
            [
              135.679375,
              35.01125
            ],
            [
              135.6790625,
              35.01125
            ]
          ],
          [
            [
              135.685,
              35.00833333
            ],
            [
              135.685,
              35.008125
            ],
            [
              135.6853125,
              35.008125
            ],
            [
              135.6853125,
              35.00833333
            ],
            [
              135.685,
              35.00833333
            ]
          ],
          [
            [
              135.686875,
              35.00625
            ],
            [
              135.686875,
              35.00604167
            ],
            [
              135.6871875,
              35.00604167
            ],
            [
              135.6871875,
              35.00625
            ],
            [
              135.686875,
              35.00625
            ]
          ],
          [
            [
              135.68625,
              35.005625
            ],
            [
              135.68625,
              35.00541667
            ],
            [
              135.6865625,
              35.00541667
            ],
            [
              135.6865625,
              35.005625
            ],
            [
              135.68625,
              35.005625
            ]
          ],
          [
            [
              135.6859375,
              35.00479167
            ],
            [
              135.6859375,
              35.00458333
            ],
            [
              135.685625,
              35.00458333
            ],
            [
              135.685625,
              35.004375
            ],
            [
              135.685625,
              35.00416667
            ],
            [
              135.685625,
              35.00395833
            ],
            [
              135.6859375,
              35.00395833
            ],
            [
              135.6859375,
              35.00375
            ],
            [
              135.6859375,
              35.00354167
            ],
            [
              135.68625,
              35.00354167
            ],
            [
              135.68625,
              35.00375
            ],
            [
              135.6865625,
              35.00375
            ],
            [
              135.6865625,
              35.00354167
            ],
            [
              135.686875,
              35.00354167
            ],
            [
              135.686875,
              35.00375
            ],
            [
              135.686875,
              35.00395833
            ],
            [
              135.686875,
              35.00416667
            ],
            [
              135.686875,
              35.004375
            ],
            [
              135.6865625,
              35.004375
            ],
            [
              135.6865625,
              35.00458333
            ],
            [
              135.6865625,
              35.00479167
            ],
            [
              135.6865625,
              35.005
            ],
            [
              135.68625,
              35.005
            ],
            [
              135.6859375,
              35.005
            ],
            [
              135.6859375,
              35.00479167
            ]
          ],
          [
            [
              135.688125,
              34.99958333
            ],
            [
              135.688125,
              34.999375
            ],
            [
              135.6884375,
              34.999375
            ],
            [
              135.6884375,
              34.99958333
            ],
            [
              135.688125,
              34.99958333
            ],
            [
              135.688125,
              34.99979167
            ],
            [
              135.688125,
              35.0
            ],
            [
              135.6878125,
              35.0
            ],
            [
              135.6878125,
              34.99979167
            ],
            [
              135.6878125,
              34.99958333
            ],
            [
              135.688125,
              34.99958333
            ]
          ]
        ],
        "type": "Polygon"
      },
      "properties": {
        "A31b_201": 2,
        "_ablepath_aoi_id": "arashiyama",
        "_ablepath_display_only": true,
        "_ablepath_geometry_transform": "NONE_WHOLE_SOURCE_FEATURE_INTERSECTION_SELECTION",
        "_ablepath_layer_id": "A31b-20",
        "_ablepath_source_feature_index": 261953,
        "_ablepath_source_member": "20_想定最大規模/A31b-20-25_10_5235.geojson"
      },
      "type": "Feature"
    },
    {
      "geometry": {
        "coordinates": [
          [
            [
              135.6765625,
              35.01166667
            ],
            [
              135.67625,
              35.01166667
            ],
            [
              135.67625,
              35.011875
            ],
            [
              135.6765625,
              35.011875
            ],
            [
              135.6765625,
              35.01166667
            ]
          ]
        ],
        "type": "Polygon"
      },
      "properties": {
        "A31b_201": 2,
        "_ablepath_aoi_id": "arashiyama",
        "_ablepath_display_only": true,
        "_ablepath_geometry_transform": "NONE_WHOLE_SOURCE_FEATURE_INTERSECTION_SELECTION",
        "_ablepath_layer_id": "A31b-20",
        "_ablepath_source_feature_index": 262012,
        "_ablepath_source_member": "20_想定最大規模/A31b-20-25_10_5235.geojson"
      },
      "type": "Feature"
    },
    {
      "geometry": {
        "coordinates": [
          [
            [
              135.68375,
              35.014375
            ],
            [
              135.68375,
              35.01416667
            ],
            [
              135.6840625,
              35.01416667
            ],
            [
              135.6840625,
              35.01395833
            ],
            [
              135.6840625,
              35.01375
            ],
            [
              135.68375,
              35.01375
            ],
            [
              135.68375,
              35.01395833
            ],
            [
              135.6834375,
              35.01395833
            ],
            [
              135.6834375,
              35.01416667
            ],
            [
              135.6834375,
              35.014375
            ],
            [
              135.68375,
              35.014375
            ]
          ]
        ],
        "type": "Polygon"
      },
      "properties": {
        "A31b_201": 2,
        "_ablepath_aoi_id": "arashiyama",
        "_ablepath_display_only": true,
        "_ablepath_geometry_transform": "NONE_WHOLE_SOURCE_FEATURE_INTERSECTION_SELECTION",
        "_ablepath_layer_id": "A31b-20",
        "_ablepath_source_feature_index": 262664,
        "_ablepath_source_member": "20_想定最大規模/A31b-20-25_10_5235.geojson"
      },
      "type": "Feature"
    },
    {
      "geometry": {
        "coordinates": [
          [
            [
              135.688125,
              35.01416667
            ],
            [
              135.688125,
              35.01395833
            ],
            [
              135.6884375,
              35.01395833
            ],
            [
              135.68875,
              35.01395833
            ],
            [
              135.68875,
              35.01375
            ],
            [
              135.6884375,
              35.01375
            ],
            [
              135.688125,
              35.01375
            ],
            [
              135.688125,
              35.01354167
            ],
            [
              135.688125,
              35.01333333
            ],
            [
              135.688125,
              35.013125
            ],
            [
              135.6878125,
              35.013125
            ],
            [
              135.6875,
              35.013125
            ],
            [
              135.6875,
              35.01291667
            ],
            [
              135.6871875,
              35.01291667
            ],
            [
              135.6871875,
              35.013125
            ],
            [
              135.6871875,
              35.01333333
            ],
            [
              135.6871875,
              35.01354167
            ],
            [
              135.686875,
              35.01354167
            ],
            [
              135.6865625,
              35.01354167
            ],
            [
              135.68625,
              35.01354167
            ],
            [
              135.6859375,
              35.01354167
            ],
            [
              135.685625,
              35.01354167
            ],
            [
              135.685625,
              35.01375
            ],
            [
              135.6853125,
              35.01375
            ],
            [
              135.6853125,
              35.01395833
            ],
            [
              135.685625,
              35.01395833
            ],
            [
              135.6859375,
              35.01395833
            ],
            [
              135.68625,
              35.01395833
            ],
            [
              135.68625,
              35.01416667
            ],
            [
              135.6865625,
              35.01416667
            ],
            [
              135.686875,
              35.01416667
            ],
            [
              135.686875,
              35.014375
            ],
            [
              135.6871875,
              35.014375
            ],
            [
              135.6875,
              35.014375
            ],
            [
              135.6878125,
              35.014375
            ],
            [
              135.688125,
              35.014375
            ],
            [
              135.688125,
              35.01416667
            ]
          ]
        ],
        "type": "Polygon"
      },
      "properties": {
        "A31b_201": 2,
        "_ablepath_aoi_id": "arashiyama",
        "_ablepath_display_only": true,
        "_ablepath_geometry_transform": "NONE_WHOLE_SOURCE_FEATURE_INTERSECTION_SELECTION",
        "_ablepath_layer_id": "A31b-20",
        "_ablepath_source_feature_index": 262665,
        "_ablepath_source_member": "20_想定最大規模/A31b-20-25_10_5235.geojson"
      },
      "type": "Feature"
    },
    {
      "geometry": {
        "coordinates": [
          [
            [
              135.6815625,
              35.01395833
            ],
            [
              135.6815625,
              35.01416667
            ],
            [
              135.68125,
              35.01416667
            ],
            [
              135.68125,
              35.01395833
            ],
            [
              135.6815625,
              35.01395833
            ],
            [
              135.6815625,
              35.01375
            ],
            [
              135.68125,
              35.01375
            ],
            [
              135.6809375,
              35.01375
            ],
            [
              135.680625,
              35.01375
            ],
            [
              135.6803125,
              35.01375
            ],
            [
              135.68,
              35.01375
            ],
            [
              135.6796875,
              35.01375
            ],
            [
              135.679375,
              35.01375
            ],
            [
              135.6790625,
              35.01375
            ],
            [
              135.67875,
              35.01375
            ],
            [
              135.6784375,
              35.01375
            ],
            [
              135.678125,
              35.01375
            ],
            [
              135.6778125,
              35.01375
            ],
            [
              135.6778125,
              35.01354167
            ],
            [
              135.6775,
              35.01354167
            ],
            [
              135.6771875,
              35.01354167
            ],
            [
              135.676875,
              35.01354167
            ],
            [
              135.676875,
              35.01375
            ],
            [
              135.676875,
              35.01395833
            ],
            [
              135.6765625,
              35.01395833
            ],
            [
              135.6765625,
              35.01375
            ],
            [
              135.6765625,
              35.01354167
            ],
            [
              135.67625,
              35.01354167
            ],
            [
              135.6759375,
              35.01354167
            ],
            [
              135.6759375,
              35.01333333
            ],
            [
              135.675625,
              35.01333333
            ],
            [
              135.6753125,
              35.01333333
            ],
            [
              135.675,
              35.01333333
            ],
            [
              135.6746875,
              35.01333333
            ],
            [
              135.674375,
              35.01333333
            ],
            [
              135.674375,
              35.01354167
            ],
            [
              135.6746875,
              35.01354167
            ],
            [
              135.6746875,
              35.01375
            ],
            [
              135.675,
              35.01375
            ],
            [
              135.6753125,
              35.01375
            ],
            [
              135.6753125,
              35.01354167
            ],
            [
              135.675625,
              35.01354167
            ],
            [
              135.675625,
              35.01375
            ],
            [
              135.6759375,
              35.01375
            ],
            [
              135.6759375,
              35.01395833
            ],
            [
              135.6759375,
              35.01416667
            ],
            [
              135.6759375,
              35.014375
            ],
            [
              135.67625,
              35.014375
            ],
            [
              135.6765625,
              35.014375
            ],
            [
              135.6765625,
              35.01458333
            ],
            [
              135.676875,
              35.01458333
            ],
            [
              135.6771875,
              35.01458333
            ],
            [
              135.6771875,
              35.01479167
            ],
            [
              135.6771875,
              35.015
            ],
            [
              135.6771875,
              35.01520833
            ],
            [
              135.6775,
              35.01520833
            ],
            [
              135.6775,
              35.015
            ],
            [
              135.6778125,
              35.015
            ],
            [
              135.678125,
              35.015
            ],
            [
              135.678125,
              35.01479167
            ],
            [
              135.678125,
              35.01458333
            ],
            [
              135.6784375,
              35.01458333
            ],
            [
              135.6784375,
              35.01479167
            ],
            [
              135.67875,
              35.01479167
            ],
            [
              135.67875,
              35.015
            ],
            [
              135.6790625,
              35.015
            ],
            [
              135.6790625,
              35.01520833
            ],
            [
              135.679375,
              35.01520833
            ],
            [
              135.679375,
              35.015
            ],
            [
              135.679375,
              35.01479167
            ],
            [
              135.6796875,
              35.01479167
            ],
            [
              135.6796875,
              35.01458333
            ],
            [
              135.68,
              35.01458333
            ],
            [
              135.68,
              35.01479167
            ],
            [
              135.68,
              35.015
            ],
            [
              135.6803125,
              35.015
            ],
            [
              135.680625,
              35.015
            ],
            [
              135.6809375,
              35.015
            ],
            [
              135.68125,
              35.015
            ],
            [
              135.6815625,
              35.015
            ],
            [
              135.6815625,
              35.01520833
            ],
            [
              135.681875,
              35.01520833
            ],
            [
              135.681875,
              35.015
            ],
            [
              135.6821875,
              35.015
            ],
            [
              135.6821875,
              35.01479167
            ],
            [
              135.6821875,
              35.01458333
            ],
            [
              135.6821875,
              35.014375
            ],
            [
              135.6821875,
              35.01416667
            ],
            [
              135.6825,
              35.01416667
            ],
            [
              135.6825,
              35.01395833
            ],
            [
              135.6821875,
              35.01395833
            ],
            [
              135.681875,
              35.01395833
            ],
            [
              135.6815625,
              35.01395833
            ]
          ]
        ],
        "type": "Polygon"
      },
      "properties": {
        "A31b_201": 2,
        "_ablepath_aoi_id": "arashiyama",
        "_ablepath_display_only": true,
        "_ablepath_geometry_transform": "NONE_WHOLE_SOURCE_FEATURE_INTERSECTION_SELECTION",
        "_ablepath_layer_id": "A31b-20",
        "_ablepath_source_feature_index": 262902,
        "_ablepath_source_member": "20_想定最大規模/A31b-20-25_10_5235.geojson"
      },
      "type": "Feature"
    },
    {
      "geometry": {
        "coordinates": [
          [
            [
              135.688125,
              34.99958333
            ],
            [
              135.6878125,
              34.99958333
            ],
            [
              135.6878125,
              34.99979167
            ],
            [
              135.6878125,
              35.0
            ],
            [
              135.688125,
              35.0
            ],
            [
              135.688125,
              34.99979167
            ],
            [
              135.688125,
              34.99958333
            ]
          ]
        ],
        "type": "Polygon"
      },
      "properties": {
        "A31b_201": 3,
        "_ablepath_aoi_id": "arashiyama",
        "_ablepath_display_only": true,
        "_ablepath_geometry_transform": "NONE_WHOLE_SOURCE_FEATURE_INTERSECTION_SELECTION",
        "_ablepath_layer_id": "A31b-20",
        "_ablepath_source_feature_index": 348278,
        "_ablepath_source_member": "20_想定最大規模/A31b-20-25_10_5235.geojson"
      },
      "type": "Feature"
    },
    {
      "geometry": {
        "coordinates": [
          [
            [
              135.6865625,
              35.00458333
            ],
            [
              135.6865625,
              35.004375
            ],
            [
              135.686875,
              35.004375
            ],
            [
              135.686875,
              35.00416667
            ],
            [
              135.686875,
              35.00395833
            ],
            [
              135.686875,
              35.00375
            ],
            [
              135.686875,
              35.00354167
            ],
            [
              135.6865625,
              35.00354167
            ],
            [
              135.6865625,
              35.00375
            ],
            [
              135.68625,
              35.00375
            ],
            [
              135.68625,
              35.00354167
            ],
            [
              135.6859375,
              35.00354167
            ],
            [
              135.6859375,
              35.00375
            ],
            [
              135.6859375,
              35.00395833
            ],
            [
              135.685625,
              35.00395833
            ],
            [
              135.685625,
              35.00416667
            ],
            [
              135.685625,
              35.004375
            ],
            [
              135.685625,
              35.00458333
            ],
            [
              135.6859375,
              35.00458333
            ],
            [
              135.6859375,
              35.00479167
            ],
            [
              135.6859375,
              35.005
            ],
            [
              135.68625,
              35.005
            ],
            [
              135.6865625,
              35.005
            ],
            [
              135.6865625,
              35.00479167
            ],
            [
              135.6865625,
              35.00458333
            ]
          ]
        ],
        "type": "Polygon"
      },
      "properties": {
        "A31b_201": 3,
        "_ablepath_aoi_id": "arashiyama",
        "_ablepath_display_only": true,
        "_ablepath_geometry_transform": "NONE_WHOLE_SOURCE_FEATURE_INTERSECTION_SELECTION",
        "_ablepath_layer_id": "A31b-20",
        "_ablepath_source_feature_index": 348499,
        "_ablepath_source_member": "20_想定最大規模/A31b-20-25_10_5235.geojson"
      },
      "type": "Feature"
    },
    {
      "geometry": {
        "coordinates": [
          [
            [
              135.6865625,
              35.00541667
            ],
            [
              135.68625,
              35.00541667
            ],
            [
              135.68625,
              35.005625
            ],
            [
              135.6865625,
              35.005625
            ],
            [
              135.6865625,
              35.00541667
            ]
          ]
        ],
        "type": "Polygon"
      },
      "properties": {
        "A31b_201": 3,
        "_ablepath_aoi_id": "arashiyama",
        "_ablepath_display_only": true,
        "_ablepath_geometry_transform": "NONE_WHOLE_SOURCE_FEATURE_INTERSECTION_SELECTION",
        "_ablepath_layer_id": "A31b-20",
        "_ablepath_source_feature_index": 348525,
        "_ablepath_source_member": "20_想定最大規模/A31b-20-25_10_5235.geojson"
      },
      "type": "Feature"
    },
    {
      "geometry": {
        "coordinates": [
          [
            [
              135.676875,
              35.01354167
            ],
            [
              135.6765625,
              35.01354167
            ],
            [
              135.6765625,
              35.01375
            ],
            [
              135.6765625,
              35.01395833
            ],
            [
              135.676875,
              35.01395833
            ],
            [
              135.676875,
              35.01375
            ],
            [
              135.676875,
              35.01354167
            ]
          ]
        ],
        "type": "Polygon"
      },
      "properties": {
        "A31b_201": 3,
        "_ablepath_aoi_id": "arashiyama",
        "_ablepath_display_only": true,
        "_ablepath_geometry_transform": "NONE_WHOLE_SOURCE_FEATURE_INTERSECTION_SELECTION",
        "_ablepath_layer_id": "A31b-20",
        "_ablepath_source_feature_index": 349114,
        "_ablepath_source_member": "20_想定最大規模/A31b-20-25_10_5235.geojson"
      },
      "type": "Feature"
    },
    {
      "geometry": {
        "coordinates": [
          [
            [
              135.6884375,
              35.00020833
            ],
            [
              135.688125,
              35.00020833
            ],
            [
              135.688125,
              35.00041667
            ],
            [
              135.688125,
              35.000625
            ],
            [
              135.6884375,
              35.000625
            ],
            [
              135.68875,
              35.000625
            ],
            [
              135.68875,
              35.00041667
            ],
            [
              135.68875,
              35.00020833
            ],
            [
              135.6884375,
              35.00020833
            ]
          ]
        ],
        "type": "Polygon"
      },
      "properties": {
        "A31b_301": 1,
        "_ablepath_aoi_id": "arashiyama",
        "_ablepath_display_only": true,
        "_ablepath_geometry_transform": "NONE_WHOLE_SOURCE_FEATURE_INTERSECTION_SELECTION",
        "_ablepath_layer_id": "A31b-30",
        "_ablepath_source_feature_index": 7112,
        "_ablepath_source_member": "30_浸水継続時間/A31b-30-25_10_5235.geojson"
      },
      "type": "Feature"
    },
    {
      "geometry": {
        "coordinates": [
          [
            [
              135.688125,
              35.00083333
            ],
            [
              135.6878125,
              35.00083333
            ],
            [
              135.6878125,
              35.00104167
            ],
            [
              135.688125,
              35.00104167
            ],
            [
              135.688125,
              35.00083333
            ]
          ]
        ],
        "type": "Polygon"
      },
      "properties": {
        "A31b_301": 1,
        "_ablepath_aoi_id": "arashiyama",
        "_ablepath_display_only": true,
        "_ablepath_geometry_transform": "NONE_WHOLE_SOURCE_FEATURE_INTERSECTION_SELECTION",
        "_ablepath_layer_id": "A31b-30",
        "_ablepath_source_feature_index": 7122,
        "_ablepath_source_member": "30_浸水継続時間/A31b-30-25_10_5235.geojson"
      },
      "type": "Feature"
    },
    {
      "geometry": {
        "coordinates": [
          [
            [
              135.684375,
              35.00145833
            ],
            [
              135.6846875,
              35.00145833
            ],
            [
              135.685,
              35.00145833
            ],
            [
              135.685,
              35.00125
            ],
            [
              135.6853125,
              35.00125
            ],
            [
              135.6853125,
              35.00104167
            ],
            [
              135.685625,
              35.00104167
            ],
            [
              135.685625,
              35.00083333
            ],
            [
              135.6859375,
              35.00083333
            ],
            [
              135.6859375,
              35.000625
            ],
            [
              135.6859375,
              35.00041667
            ],
            [
              135.6859375,
              35.00020833
            ],
            [
              135.685625,
              35.00020833
            ],
            [
              135.685625,
              35.00041667
            ],
            [
              135.685625,
              35.000625
            ],
            [
              135.6853125,
              35.000625
            ],
            [
              135.6853125,
              35.00083333
            ],
            [
              135.685,
              35.00083333
            ],
            [
              135.685,
              35.00104167
            ],
            [
              135.6846875,
              35.00104167
            ],
            [
              135.684375,
              35.00104167
            ],
            [
              135.684375,
              35.00125
            ],
            [
              135.684375,
              35.00145833
            ]
          ]
        ],
        "type": "Polygon"
      },
      "properties": {
        "A31b_301": 1,
        "_ablepath_aoi_id": "arashiyama",
        "_ablepath_display_only": true,
        "_ablepath_geometry_transform": "NONE_WHOLE_SOURCE_FEATURE_INTERSECTION_SELECTION",
        "_ablepath_layer_id": "A31b-30",
        "_ablepath_source_feature_index": 7126,
        "_ablepath_source_member": "30_浸水継続時間/A31b-30-25_10_5235.geojson"
      },
      "type": "Feature"
    },
    {
      "geometry": {
        "coordinates": [
          [
            [
              135.684375,
              35.00145833
            ],
            [
              135.6840625,
              35.00145833
            ],
            [
              135.6840625,
              35.00166667
            ],
            [
              135.6840625,
              35.001875
            ],
            [
              135.684375,
              35.001875
            ],
            [
              135.684375,
              35.00166667
            ],
            [
              135.684375,
              35.00145833
            ]
          ]
        ],
        "type": "Polygon"
      },
      "properties": {
        "A31b_301": 1,
        "_ablepath_aoi_id": "arashiyama",
        "_ablepath_display_only": true,
        "_ablepath_geometry_transform": "NONE_WHOLE_SOURCE_FEATURE_INTERSECTION_SELECTION",
        "_ablepath_layer_id": "A31b-30",
        "_ablepath_source_feature_index": 7139,
        "_ablepath_source_member": "30_浸水継続時間/A31b-30-25_10_5235.geojson"
      },
      "type": "Feature"
    },
    {
      "geometry": {
        "coordinates": [
          [
            [
              135.6875,
              35.00375
            ],
            [
              135.6871875,
              35.00375
            ],
            [
              135.6871875,
              35.00395833
            ],
            [
              135.6871875,
              35.00416667
            ],
            [
              135.6871875,
              35.004375
            ],
            [
              135.6871875,
              35.00458333
            ],
            [
              135.6875,
              35.00458333
            ],
            [
              135.6875,
              35.004375
            ],
            [
              135.6875,
              35.00416667
            ],
            [
              135.6875,
              35.00395833
            ],
            [
              135.6875,
              35.00375
            ]
          ]
        ],
        "type": "Polygon"
      },
      "properties": {
        "A31b_301": 1,
        "_ablepath_aoi_id": "arashiyama",
        "_ablepath_display_only": true,
        "_ablepath_geometry_transform": "NONE_WHOLE_SOURCE_FEATURE_INTERSECTION_SELECTION",
        "_ablepath_layer_id": "A31b-30",
        "_ablepath_source_feature_index": 7236,
        "_ablepath_source_member": "30_浸水継続時間/A31b-30-25_10_5235.geojson"
      },
      "type": "Feature"
    },
    {
      "geometry": {
        "coordinates": [
          [
            [
              135.6871875,
              35.00479167
            ],
            [
              135.686875,
              35.00479167
            ],
            [
              135.686875,
              35.005
            ],
            [
              135.686875,
              35.00520833
            ],
            [
              135.686875,
              35.00541667
            ],
            [
              135.6871875,
              35.00541667
            ],
            [
              135.6871875,
              35.00520833
            ],
            [
              135.6871875,
              35.005
            ],
            [
              135.6871875,
              35.00479167
            ]
          ]
        ],
        "type": "Polygon"
      },
      "properties": {
        "A31b_301": 1,
        "_ablepath_aoi_id": "arashiyama",
        "_ablepath_display_only": true,
        "_ablepath_geometry_transform": "NONE_WHOLE_SOURCE_FEATURE_INTERSECTION_SELECTION",
        "_ablepath_layer_id": "A31b-30",
        "_ablepath_source_feature_index": 7270,
        "_ablepath_source_member": "30_浸水継続時間/A31b-30-25_10_5235.geojson"
      },
      "type": "Feature"
    },
    {
      "geometry": {
        "coordinates": [
          [
            [
              135.6846875,
              35.005625
            ],
            [
              135.684375,
              35.005625
            ],
            [
              135.684375,
              35.00583333
            ],
            [
              135.6846875,
              35.00583333
            ],
            [
              135.6846875,
              35.005625
            ]
          ]
        ],
        "type": "Polygon"
      },
      "properties": {
        "A31b_301": 1,
        "_ablepath_aoi_id": "arashiyama",
        "_ablepath_display_only": true,
        "_ablepath_geometry_transform": "NONE_WHOLE_SOURCE_FEATURE_INTERSECTION_SELECTION",
        "_ablepath_layer_id": "A31b-30",
        "_ablepath_source_feature_index": 7283,
        "_ablepath_source_member": "30_浸水継続時間/A31b-30-25_10_5235.geojson"
      },
      "type": "Feature"
    },
    {
      "geometry": {
        "coordinates": [
          [
            [
              135.6875,
              35.00625
            ],
            [
              135.6875,
              35.00604167
            ],
            [
              135.6875,
              35.00583333
            ],
            [
              135.6871875,
              35.00583333
            ],
            [
              135.686875,
              35.00583333
            ],
            [
              135.6865625,
              35.00583333
            ],
            [
              135.6865625,
              35.00604167
            ],
            [
              135.6865625,
              35.00625
            ],
            [
              135.6865625,
              35.00645833
            ],
            [
              135.686875,
              35.00645833
            ],
            [
              135.6871875,
              35.00645833
            ],
            [
              135.6871875,
              35.00666667
            ],
            [
              135.6875,
              35.00666667
            ],
            [
              135.6875,
              35.00645833
            ],
            [
              135.6875,
              35.00625
            ]
          ],
          [
            [
              135.686875,
              35.00625
            ],
            [
              135.686875,
              35.00604167
            ],
            [
              135.6871875,
              35.00604167
            ],
            [
              135.6871875,
              35.00625
            ],
            [
              135.686875,
              35.00625
            ]
          ]
        ],
        "type": "Polygon"
      },
      "properties": {
        "A31b_301": 1,
        "_ablepath_aoi_id": "arashiyama",
        "_ablepath_display_only": true,
        "_ablepath_geometry_transform": "NONE_WHOLE_SOURCE_FEATURE_INTERSECTION_SELECTION",
        "_ablepath_layer_id": "A31b-30",
        "_ablepath_source_feature_index": 7308,
        "_ablepath_source_member": "30_浸水継続時間/A31b-30-25_10_5235.geojson"
      },
      "type": "Feature"
    },
    {
      "geometry": {
        "coordinates": [
          [
            [
              135.6865625,
              35.0075
            ],
            [
              135.6865625,
              35.00729167
            ],
            [
              135.686875,
              35.00729167
            ],
            [
              135.686875,
              35.00708333
            ],
            [
              135.686875,
              35.006875
            ],
            [
              135.6865625,
              35.006875
            ],
            [
              135.68625,
              35.006875
            ],
            [
              135.6859375,
              35.006875
            ],
            [
              135.6859375,
              35.00708333
            ],
            [
              135.6859375,
              35.00729167
            ],
            [
              135.6859375,
              35.0075
            ],
            [
              135.68625,
              35.0075
            ],
            [
              135.6865625,
              35.0075
            ]
          ]
        ],
        "type": "Polygon"
      },
      "properties": {
        "A31b_301": 1,
        "_ablepath_aoi_id": "arashiyama",
        "_ablepath_display_only": true,
        "_ablepath_geometry_transform": "NONE_WHOLE_SOURCE_FEATURE_INTERSECTION_SELECTION",
        "_ablepath_layer_id": "A31b-30",
        "_ablepath_source_feature_index": 7327,
        "_ablepath_source_member": "30_浸水継続時間/A31b-30-25_10_5235.geojson"
      },
      "type": "Feature"
    },
    {
      "geometry": {
        "coordinates": [
          [
            [
              135.6846875,
              35.0075
            ],
            [
              135.684375,
              35.0075
            ],
            [
              135.684375,
              35.00770833
            ],
            [
              135.6846875,
              35.00770833
            ],
            [
              135.6846875,
              35.0075
            ]
          ]
        ],
        "type": "Polygon"
      },
      "properties": {
        "A31b_301": 1,
        "_ablepath_aoi_id": "arashiyama",
        "_ablepath_display_only": true,
        "_ablepath_geometry_transform": "NONE_WHOLE_SOURCE_FEATURE_INTERSECTION_SELECTION",
        "_ablepath_layer_id": "A31b-30",
        "_ablepath_source_feature_index": 7333,
        "_ablepath_source_member": "30_浸水継続時間/A31b-30-25_10_5235.geojson"
      },
      "type": "Feature"
    },
    {
      "geometry": {
        "coordinates": [
          [
            [
              135.685,
              35.00854167
            ],
            [
              135.6853125,
              35.00854167
            ],
            [
              135.685625,
              35.00854167
            ],
            [
              135.685625,
              35.00833333
            ],
            [
              135.685625,
              35.008125
            ],
            [
              135.6853125,
              35.008125
            ],
            [
              135.6853125,
              35.00833333
            ],
            [
              135.685,
              35.00833333
            ],
            [
              135.685,
              35.00854167
            ]
          ]
        ],
        "type": "Polygon"
      },
      "properties": {
        "A31b_301": 1,
        "_ablepath_aoi_id": "arashiyama",
        "_ablepath_display_only": true,
        "_ablepath_geometry_transform": "NONE_WHOLE_SOURCE_FEATURE_INTERSECTION_SELECTION",
        "_ablepath_layer_id": "A31b-30",
        "_ablepath_source_feature_index": 7374,
        "_ablepath_source_member": "30_浸水継続時間/A31b-30-25_10_5235.geojson"
      },
      "type": "Feature"
    },
    {
      "geometry": {
        "coordinates": [
          [
            [
              135.6834375,
              35.00916667
            ],
            [
              135.68375,
              35.00916667
            ],
            [
              135.68375,
              35.00895833
            ],
            [
              135.6834375,
              35.00895833
            ],
            [
              135.6834375,
              35.00916667
            ]
          ]
        ],
        "type": "Polygon"
      },
      "properties": {
        "A31b_301": 1,
        "_ablepath_aoi_id": "arashiyama",
        "_ablepath_display_only": true,
        "_ablepath_geometry_transform": "NONE_WHOLE_SOURCE_FEATURE_INTERSECTION_SELECTION",
        "_ablepath_layer_id": "A31b-30",
        "_ablepath_source_feature_index": 7405,
        "_ablepath_source_member": "30_浸水継続時間/A31b-30-25_10_5235.geojson"
      },
      "type": "Feature"
    },
    {
      "geometry": {
        "coordinates": [
          [
            [
              135.6834375,
              35.00916667
            ],
            [
              135.683125,
              35.00916667
            ],
            [
              135.683125,
              35.009375
            ],
            [
              135.6834375,
              35.009375
            ],
            [
              135.6834375,
              35.00916667
            ]
          ]
        ],
        "type": "Polygon"
      },
      "properties": {
        "A31b_301": 1,
        "_ablepath_aoi_id": "arashiyama",
        "_ablepath_display_only": true,
        "_ablepath_geometry_transform": "NONE_WHOLE_SOURCE_FEATURE_INTERSECTION_SELECTION",
        "_ablepath_layer_id": "A31b-30",
        "_ablepath_source_feature_index": 7408,
        "_ablepath_source_member": "30_浸水継続時間/A31b-30-25_10_5235.geojson"
      },
      "type": "Feature"
    },
    {
      "geometry": {
        "coordinates": [
          [
            [
              135.685,
              35.00854167
            ],
            [
              135.6846875,
              35.00854167
            ],
            [
              135.6846875,
              35.00875
            ],
            [
              135.6846875,
              35.00895833
            ],
            [
              135.685,
              35.00895833
            ],
            [
              135.6853125,
              35.00895833
            ],
            [
              135.6853125,
              35.00916667
            ],
            [
              135.6853125,
              35.009375
            ],
            [
              135.685625,
              35.009375
            ],
            [
              135.6859375,
              35.009375
            ],
            [
              135.6859375,
              35.00916667
            ],
            [
              135.68625,
              35.00916667
            ],
            [
              135.68625,
              35.00895833
            ],
            [
              135.6859375,
              35.00895833
            ],
            [
              135.685625,
              35.00895833
            ],
            [
              135.685625,
              35.00875
            ],
            [
              135.6853125,
              35.00875
            ],
            [
              135.685,
              35.00875
            ],
            [
              135.685,
              35.00854167
            ]
          ]
        ],
        "type": "Polygon"
      },
      "properties": {
        "A31b_301": 1,
        "_ablepath_aoi_id": "arashiyama",
        "_ablepath_display_only": true,
        "_ablepath_geometry_transform": "NONE_WHOLE_SOURCE_FEATURE_INTERSECTION_SELECTION",
        "_ablepath_layer_id": "A31b-30",
        "_ablepath_source_feature_index": 7409,
        "_ablepath_source_member": "30_浸水継続時間/A31b-30-25_10_5235.geojson"
      },
      "type": "Feature"
    },
    {
      "geometry": {
        "coordinates": [
          [
            [
              135.683125,
              35.009375
            ],
            [
              135.6828125,
              35.009375
            ],
            [
              135.6828125,
              35.00958333
            ],
            [
              135.683125,
              35.00958333
            ],
            [
              135.683125,
              35.009375
            ]
          ]
        ],
        "type": "Polygon"
      },
      "properties": {
        "A31b_301": 1,
        "_ablepath_aoi_id": "arashiyama",
        "_ablepath_display_only": true,
        "_ablepath_geometry_transform": "NONE_WHOLE_SOURCE_FEATURE_INTERSECTION_SELECTION",
        "_ablepath_layer_id": "A31b-30",
        "_ablepath_source_feature_index": 7421,
        "_ablepath_source_member": "30_浸水継続時間/A31b-30-25_10_5235.geojson"
      },
      "type": "Feature"
    },
    {
      "geometry": {
        "coordinates": [
          [
            [
              135.6828125,
              35.00958333
            ],
            [
              135.6825,
              35.00958333
            ],
            [
              135.6825,
              35.00979167
            ],
            [
              135.6828125,
              35.00979167
            ],
            [
              135.6828125,
              35.00958333
            ]
          ]
        ],
        "type": "Polygon"
      },
      "properties": {
        "A31b_301": 1,
        "_ablepath_aoi_id": "arashiyama",
        "_ablepath_display_only": true,
        "_ablepath_geometry_transform": "NONE_WHOLE_SOURCE_FEATURE_INTERSECTION_SELECTION",
        "_ablepath_layer_id": "A31b-30",
        "_ablepath_source_feature_index": 7432,
        "_ablepath_source_member": "30_浸水継続時間/A31b-30-25_10_5235.geojson"
      },
      "type": "Feature"
    },
    {
      "geometry": {
        "coordinates": [
          [
            [
              135.6840625,
              35.001875
            ],
            [
              135.68375,
              35.001875
            ],
            [
              135.68375,
              35.00208333
            ],
            [
              135.68375,
              35.00229167
            ],
            [
              135.6834375,
              35.00229167
            ],
            [
              135.6834375,
              35.0025
            ],
            [
              135.6834375,
              35.00270833
            ],
            [
              135.6834375,
              35.00291667
            ],
            [
              135.6834375,
              35.003125
            ],
            [
              135.6834375,
              35.00333333
            ],
            [
              135.6834375,
              35.00354167
            ],
            [
              135.68375,
              35.00354167
            ],
            [
              135.68375,
              35.00375
            ],
            [
              135.68375,
              35.00395833
            ],
            [
              135.6834375,
              35.00395833
            ],
            [
              135.683125,
              35.00395833
            ],
            [
              135.683125,
              35.00416667
            ],
            [
              135.6834375,
              35.00416667
            ],
            [
              135.6834375,
              35.004375
            ],
            [
              135.6834375,
              35.00458333
            ],
            [
              135.683125,
              35.00458333
            ],
            [
              135.683125,
              35.00479167
            ],
            [
              135.6828125,
              35.00479167
            ],
            [
              135.6828125,
              35.005
            ],
            [
              135.6828125,
              35.00520833
            ],
            [
              135.6828125,
              35.00541667
            ],
            [
              135.6825,
              35.00541667
            ],
            [
              135.6825,
              35.005625
            ],
            [
              135.6825,
              35.00583333
            ],
            [
              135.6825,
              35.00604167
            ],
            [
              135.6821875,
              35.00604167
            ],
            [
              135.6821875,
              35.00625
            ],
            [
              135.6825,
              35.00625
            ],
            [
              135.6825,
              35.00645833
            ],
            [
              135.6825,
              35.00666667
            ],
            [
              135.6821875,
              35.00666667
            ],
            [
              135.681875,
              35.00666667
            ],
            [
              135.681875,
              35.006875
            ],
            [
              135.6821875,
              35.006875
            ],
            [
              135.6821875,
              35.00708333
            ],
            [
              135.6821875,
              35.00729167
            ],
            [
              135.681875,
              35.00729167
            ],
            [
              135.6815625,
              35.00729167
            ],
            [
              135.6815625,
              35.0075
            ],
            [
              135.68125,
              35.0075
            ],
            [
              135.68125,
              35.00770833
            ],
            [
              135.68125,
              35.00791667
            ],
            [
              135.68125,
              35.008125
            ],
            [
              135.6809375,
              35.008125
            ],
            [
              135.680625,
              35.008125
            ],
            [
              135.680625,
              35.00833333
            ],
            [
              135.680625,
              35.00854167
            ],
            [
              135.680625,
              35.00875
            ],
            [
              135.6803125,
              35.00875
            ],
            [
              135.6803125,
              35.00895833
            ],
            [
              135.6803125,
              35.00916667
            ],
            [
              135.6803125,
              35.009375
            ],
            [
              135.6803125,
              35.00958333
            ],
            [
              135.6803125,
              35.00979167
            ],
            [
              135.6803125,
              35.01
            ],
            [
              135.680625,
              35.01
            ],
            [
              135.6809375,
              35.01
            ],
            [
              135.6809375,
              35.00979167
            ],
            [
              135.68125,
              35.00979167
            ],
            [
              135.6815625,
              35.00979167
            ],
            [
              135.6815625,
              35.00958333
            ],
            [
              135.68125,
              35.00958333
            ],
            [
              135.68125,
              35.009375
            ],
            [
              135.68125,
              35.00916667
            ],
            [
              135.6815625,
              35.00916667
            ],
            [
              135.6815625,
              35.00895833
            ],
            [
              135.681875,
              35.00895833
            ],
            [
              135.681875,
              35.00875
            ],
            [
              135.681875,
              35.00854167
            ],
            [
              135.6821875,
              35.00854167
            ],
            [
              135.6825,
              35.00854167
            ],
            [
              135.6828125,
              35.00854167
            ],
            [
              135.6828125,
              35.00833333
            ],
            [
              135.6828125,
              35.008125
            ],
            [
              135.683125,
              35.008125
            ],
            [
              135.683125,
              35.00791667
            ],
            [
              135.6834375,
              35.00791667
            ],
            [
              135.6834375,
              35.00770833
            ],
            [
              135.6834375,
              35.0075
            ],
            [
              135.68375,
              35.0075
            ],
            [
              135.68375,
              35.00729167
            ],
            [
              135.68375,
              35.00708333
            ],
            [
              135.6840625,
              35.00708333
            ],
            [
              135.6840625,
              35.006875
            ],
            [
              135.6840625,
              35.00666667
            ],
            [
              135.6840625,
              35.00645833
            ],
            [
              135.68375,
              35.00645833
            ],
            [
              135.68375,
              35.00625
            ],
            [
              135.6840625,
              35.00625
            ],
            [
              135.6840625,
              35.00604167
            ],
            [
              135.6840625,
              35.00583333
            ],
            [
              135.6840625,
              35.005625
            ],
            [
              135.6840625,
              35.00541667
            ],
            [
              135.684375,
              35.00541667
            ],
            [
              135.6846875,
              35.00541667
            ],
            [
              135.6846875,
              35.00520833
            ],
            [
              135.6846875,
              35.005
            ],
            [
              135.685,
              35.005
            ],
            [
              135.685,
              35.00479167
            ],
            [
              135.685,
              35.00458333
            ],
            [
              135.6846875,
              35.00458333
            ],
            [
              135.684375,
              35.00458333
            ],
            [
              135.684375,
              35.004375
            ],
            [
              135.6846875,
              35.004375
            ],
            [
              135.6846875,
              35.00416667
            ],
            [
              135.684375,
              35.00416667
            ],
            [
              135.684375,
              35.00395833
            ],
            [
              135.6840625,
              35.00395833
            ],
            [
              135.6840625,
              35.00375
            ],
            [
              135.684375,
              35.00375
            ],
            [
              135.684375,
              35.00354167
            ],
            [
              135.684375,
              35.00333333
            ],
            [
              135.6846875,
              35.00333333
            ],
            [
              135.6846875,
              35.003125
            ],
            [
              135.684375,
              35.003125
            ],
            [
              135.6840625,
              35.003125
            ],
            [
              135.6840625,
              35.00291667
            ],
            [
              135.684375,
              35.00291667
            ],
            [
              135.684375,
              35.00270833
            ],
            [
              135.6840625,
              35.00270833
            ],
            [
              135.68375,
              35.00270833
            ],
            [
              135.68375,
              35.0025
            ],
            [
              135.6840625,
              35.0025
            ],
            [
              135.6840625,
              35.00229167
            ],
            [
              135.6840625,
              35.00208333
            ],
            [
              135.6840625,
              35.001875
            ]
          ]
        ],
        "type": "Polygon"
      },
      "properties": {
        "A31b_301": 1,
        "_ablepath_aoi_id": "arashiyama",
        "_ablepath_display_only": true,
        "_ablepath_geometry_transform": "NONE_WHOLE_SOURCE_FEATURE_INTERSECTION_SELECTION",
        "_ablepath_layer_id": "A31b-30",
        "_ablepath_source_feature_index": 7437,
        "_ablepath_source_member": "30_浸水継続時間/A31b-30-25_10_5235.geojson"
      },
      "type": "Feature"
    },
    {
      "geometry": {
        "coordinates": [
          [
            [
              135.6825,
              35.00979167
            ],
            [
              135.6821875,
              35.00979167
            ],
            [
              135.6821875,
              35.01
            ],
            [
              135.6825,
              35.01
            ],
            [
              135.6825,
              35.00979167
            ]
          ]
        ],
        "type": "Polygon"
      },
      "properties": {
        "A31b_301": 1,
        "_ablepath_aoi_id": "arashiyama",
        "_ablepath_display_only": true,
        "_ablepath_geometry_transform": "NONE_WHOLE_SOURCE_FEATURE_INTERSECTION_SELECTION",
        "_ablepath_layer_id": "A31b-30",
        "_ablepath_source_feature_index": 7438,
        "_ablepath_source_member": "30_浸水継続時間/A31b-30-25_10_5235.geojson"
      },
      "type": "Feature"
    },
    {
      "geometry": {
        "coordinates": [
          [
            [
              135.681875,
              35.01
            ],
            [
              135.6815625,
              35.01
            ],
            [
              135.6815625,
              35.01020833
            ],
            [
              135.681875,
              35.01020833
            ],
            [
              135.681875,
              35.01
            ]
          ]
        ],
        "type": "Polygon"
      },
      "properties": {
        "A31b_301": 1,
        "_ablepath_aoi_id": "arashiyama",
        "_ablepath_display_only": true,
        "_ablepath_geometry_transform": "NONE_WHOLE_SOURCE_FEATURE_INTERSECTION_SELECTION",
        "_ablepath_layer_id": "A31b-30",
        "_ablepath_source_feature_index": 7452,
        "_ablepath_source_member": "30_浸水継続時間/A31b-30-25_10_5235.geojson"
      },
      "type": "Feature"
    },
    {
      "geometry": {
        "coordinates": [
          [
            [
              135.68375,
              35.01041667
            ],
            [
              135.6840625,
              35.01041667
            ],
            [
              135.684375,
              35.01041667
            ],
            [
              135.684375,
              35.01020833
            ],
            [
              135.684375,
              35.01
            ],
            [
              135.6840625,
              35.01
            ],
            [
              135.6840625,
              35.01020833
            ],
            [
              135.68375,
              35.01020833
            ],
            [
              135.68375,
              35.01041667
            ]
          ]
        ],
        "type": "Polygon"
      },
      "properties": {
        "A31b_301": 1,
        "_ablepath_aoi_id": "arashiyama",
        "_ablepath_display_only": true,
        "_ablepath_geometry_transform": "NONE_WHOLE_SOURCE_FEATURE_INTERSECTION_SELECTION",
        "_ablepath_layer_id": "A31b-30",
        "_ablepath_source_feature_index": 7467,
        "_ablepath_source_member": "30_浸水継続時間/A31b-30-25_10_5235.geojson"
      },
      "type": "Feature"
    },
    {
      "geometry": {
        "coordinates": [
          [
            [
              135.678125,
              35.010625
            ],
            [
              135.6784375,
              35.010625
            ],
            [
              135.6784375,
              35.01041667
            ],
            [
              135.678125,
              35.01041667
            ],
            [
              135.678125,
              35.010625
            ]
          ]
        ],
        "type": "Polygon"
      },
      "properties": {
        "A31b_301": 1,
        "_ablepath_aoi_id": "arashiyama",
        "_ablepath_display_only": true,
        "_ablepath_geometry_transform": "NONE_WHOLE_SOURCE_FEATURE_INTERSECTION_SELECTION",
        "_ablepath_layer_id": "A31b-30",
        "_ablepath_source_feature_index": 7471,
        "_ablepath_source_member": "30_浸水継続時間/A31b-30-25_10_5235.geojson"
      },
      "type": "Feature"
    },
    {
      "geometry": {
        "coordinates": [
          [
            [
              135.6803125,
              35.01
            ],
            [
              135.68,
              35.01
            ],
            [
              135.68,
              35.01020833
            ],
            [
              135.68,
              35.01041667
            ],
            [
              135.6796875,
              35.01041667
            ],
            [
              135.6796875,
              35.010625
            ],
            [
              135.68,
              35.010625
            ],
            [
              135.6803125,
              35.010625
            ],
            [
              135.6803125,
              35.01041667
            ],
            [
              135.6803125,
              35.01020833
            ],
            [
              135.6803125,
              35.01
            ]
          ]
        ],
        "type": "Polygon"
      },
      "properties": {
        "A31b_301": 1,
        "_ablepath_aoi_id": "arashiyama",
        "_ablepath_display_only": true,
        "_ablepath_geometry_transform": "NONE_WHOLE_SOURCE_FEATURE_INTERSECTION_SELECTION",
        "_ablepath_layer_id": "A31b-30",
        "_ablepath_source_feature_index": 7472,
        "_ablepath_source_member": "30_浸水継続時間/A31b-30-25_10_5235.geojson"
      },
      "type": "Feature"
    },
    {
      "geometry": {
        "coordinates": [
          [
            [
              135.685,
              35.01020833
            ],
            [
              135.685,
              35.01
            ],
            [
              135.6853125,
              35.01
            ],
            [
              135.685625,
              35.01
            ],
            [
              135.685625,
              35.00979167
            ],
            [
              135.685625,
              35.00958333
            ],
            [
              135.6853125,
              35.00958333
            ],
            [
              135.685,
              35.00958333
            ],
            [
              135.685,
              35.00979167
            ],
            [
              135.6846875,
              35.00979167
            ],
            [
              135.6846875,
              35.01
            ],
            [
              135.6846875,
              35.01020833
            ],
            [
              135.6846875,
              35.01041667
            ],
            [
              135.6846875,
              35.010625
            ],
            [
              135.685,
              35.010625
            ],
            [
              135.685,
              35.01041667
            ],
            [
              135.685,
              35.01020833
            ]
          ]
        ],
        "type": "Polygon"
      },
      "properties": {
        "A31b_301": 1,
        "_ablepath_aoi_id": "arashiyama",
        "_ablepath_display_only": true,
        "_ablepath_geometry_transform": "NONE_WHOLE_SOURCE_FEATURE_INTERSECTION_SELECTION",
        "_ablepath_layer_id": "A31b-30",
        "_ablepath_source_feature_index": 7473,
        "_ablepath_source_member": "30_浸水継続時間/A31b-30-25_10_5235.geojson"
      },
      "type": "Feature"
    },
    {
      "geometry": {
        "coordinates": [
          [
            [
              135.68375,
              35.01041667
            ],
            [
              135.6834375,
              35.01041667
            ],
            [
              135.6834375,
              35.010625
            ],
            [
              135.683125,
              35.010625
            ],
            [
              135.683125,
              35.01083333
            ],
            [
              135.6834375,
              35.01083333
            ],
            [
              135.68375,
              35.01083333
            ],
            [
              135.68375,
              35.010625
            ],
            [
              135.68375,
              35.01041667
            ]
          ]
        ],
        "type": "Polygon"
      },
      "properties": {
        "A31b_301": 1,
        "_ablepath_aoi_id": "arashiyama",
        "_ablepath_display_only": true,
        "_ablepath_geometry_transform": "NONE_WHOLE_SOURCE_FEATURE_INTERSECTION_SELECTION",
        "_ablepath_layer_id": "A31b-30",
        "_ablepath_source_feature_index": 7482,
        "_ablepath_source_member": "30_浸水継続時間/A31b-30-25_10_5235.geojson"
      },
      "type": "Feature"
    },
    {
      "geometry": {
        "coordinates": [
          [
            [
              135.681875,
              35.01104167
            ],
            [
              135.6821875,
              35.01104167
            ],
            [
              135.6821875,
              35.01083333
            ],
            [
              135.681875,
              35.01083333
            ],
            [
              135.681875,
              35.01104167
            ]
          ]
        ],
        "type": "Polygon"
      },
      "properties": {
        "A31b_301": 1,
        "_ablepath_aoi_id": "arashiyama",
        "_ablepath_display_only": true,
        "_ablepath_geometry_transform": "NONE_WHOLE_SOURCE_FEATURE_INTERSECTION_SELECTION",
        "_ablepath_layer_id": "A31b-30",
        "_ablepath_source_feature_index": 7496,
        "_ablepath_source_member": "30_浸水継続時間/A31b-30-25_10_5235.geojson"
      },
      "type": "Feature"
    },
    {
      "geometry": {
        "coordinates": [
          [
            [
              135.6821875,
              35.01104167
            ],
            [
              135.6821875,
              35.01125
            ],
            [
              135.6825,
              35.01125
            ],
            [
              135.6828125,
              35.01125
            ],
            [
              135.6828125,
              35.01104167
            ],
            [
              135.6825,
              35.01104167
            ],
            [
              135.6821875,
              35.01104167
            ]
          ]
        ],
        "type": "Polygon"
      },
      "properties": {
        "A31b_301": 1,
        "_ablepath_aoi_id": "arashiyama",
        "_ablepath_display_only": true,
        "_ablepath_geometry_transform": "NONE_WHOLE_SOURCE_FEATURE_INTERSECTION_SELECTION",
        "_ablepath_layer_id": "A31b-30",
        "_ablepath_source_feature_index": 7500,
        "_ablepath_source_member": "30_浸水継続時間/A31b-30-25_10_5235.geojson"
      },
      "type": "Feature"
    },
    {
      "geometry": {
        "coordinates": [
          [
            [
              135.681875,
              35.01104167
            ],
            [
              135.6815625,
              35.01104167
            ],
            [
              135.68125,
              35.01104167
            ],
            [
              135.6809375,
              35.01104167
            ],
            [
              135.680625,
              35.01104167
            ],
            [
              135.680625,
              35.01125
            ],
            [
              135.6803125,
              35.01125
            ],
            [
              135.6803125,
              35.01145833
            ],
            [
              135.680625,
              35.01145833
            ],
            [
              135.6809375,
              35.01145833
            ],
            [
              135.6809375,
              35.01125
            ],
            [
              135.68125,
              35.01125
            ],
            [
              135.6815625,
              35.01125
            ],
            [
              135.681875,
              35.01125
            ],
            [
              135.681875,
              35.01104167
            ]
          ]
        ],
        "type": "Polygon"
      },
      "properties": {
        "A31b_301": 1,
        "_ablepath_aoi_id": "arashiyama",
        "_ablepath_display_only": true,
        "_ablepath_geometry_transform": "NONE_WHOLE_SOURCE_FEATURE_INTERSECTION_SELECTION",
        "_ablepath_layer_id": "A31b-30",
        "_ablepath_source_feature_index": 7512,
        "_ablepath_source_member": "30_浸水継続時間/A31b-30-25_10_5235.geojson"
      },
      "type": "Feature"
    },
    {
      "geometry": {
        "coordinates": [
          [
            [
              135.6828125,
              35.01125
            ],
            [
              135.6828125,
              35.01145833
            ],
            [
              135.683125,
              35.01145833
            ],
            [
              135.6834375,
              35.01145833
            ],
            [
              135.68375,
              35.01145833
            ],
            [
              135.68375,
              35.01125
            ],
            [
              135.6840625,
              35.01125
            ],
            [
              135.6840625,
              35.01104167
            ],
            [
              135.68375,
              35.01104167
            ],
            [
              135.6834375,
              35.01104167
            ],
            [
              135.6834375,
              35.01125
            ],
            [
              135.683125,
              35.01125
            ],
            [
              135.6828125,
              35.01125
            ]
          ]
        ],
        "type": "Polygon"
      },
      "properties": {
        "A31b_301": 1,
        "_ablepath_aoi_id": "arashiyama",
        "_ablepath_display_only": true,
        "_ablepath_geometry_transform": "NONE_WHOLE_SOURCE_FEATURE_INTERSECTION_SELECTION",
        "_ablepath_layer_id": "A31b-30",
        "_ablepath_source_feature_index": 7513,
        "_ablepath_source_member": "30_浸水継続時間/A31b-30-25_10_5235.geojson"
      },
      "type": "Feature"
    },
    {
      "geometry": {
        "coordinates": [
          [
            [
              135.679375,
              35.01104167
            ],
            [
              135.679375,
              35.01125
            ],
            [
              135.6790625,
              35.01125
            ],
            [
              135.6790625,
              35.01104167
            ],
            [
              135.679375,
              35.01104167
            ],
            [
              135.679375,
              35.01083333
            ],
            [
              135.6796875,
              35.01083333
            ],
            [
              135.6796875,
              35.010625
            ],
            [
              135.679375,
              35.010625
            ],
            [
              135.6790625,
              35.010625
            ],
            [
              135.67875,
              35.010625
            ],
            [
              135.6784375,
              35.010625
            ],
            [
              135.6784375,
              35.01083333
            ],
            [
              135.678125,
              35.01083333
            ],
            [
              135.678125,
              35.010625
            ],
            [
              135.6778125,
              35.010625
            ],
            [
              135.6778125,
              35.01083333
            ],
            [
              135.6775,
              35.01083333
            ],
            [
              135.6775,
              35.01104167
            ],
            [
              135.6775,
              35.01125
            ],
            [
              135.6778125,
              35.01125
            ],
            [
              135.678125,
              35.01125
            ],
            [
              135.6784375,
              35.01125
            ],
            [
              135.6784375,
              35.01145833
            ],
            [
              135.67875,
              35.01145833
            ],
            [
              135.6790625,
              35.01145833
            ],
            [
              135.6790625,
              35.01166667
            ],
            [
              135.679375,
              35.01166667
            ],
            [
              135.679375,
              35.01145833
            ],
            [
              135.6796875,
              35.01145833
            ],
            [
              135.6796875,
              35.01125
            ],
            [
              135.6796875,
              35.01104167
            ],
            [
              135.679375,
              35.01104167
            ]
          ]
        ],
        "type": "Polygon"
      },
      "properties": {
        "A31b_301": 1,
        "_ablepath_aoi_id": "arashiyama",
        "_ablepath_display_only": true,
        "_ablepath_geometry_transform": "NONE_WHOLE_SOURCE_FEATURE_INTERSECTION_SELECTION",
        "_ablepath_layer_id": "A31b-30",
        "_ablepath_source_feature_index": 7536,
        "_ablepath_source_member": "30_浸水継続時間/A31b-30-25_10_5235.geojson"
      },
      "type": "Feature"
    },
    {
      "geometry": {
        "coordinates": [
          [
            [
              135.6765625,
              35.01166667
            ],
            [
              135.67625,
              35.01166667
            ],
            [
              135.67625,
              35.011875
            ],
            [
              135.6765625,
              35.011875
            ],
            [
              135.6765625,
              35.01166667
            ]
          ]
        ],
        "type": "Polygon"
      },
      "properties": {
        "A31b_301": 1,
        "_ablepath_aoi_id": "arashiyama",
        "_ablepath_display_only": true,
        "_ablepath_geometry_transform": "NONE_WHOLE_SOURCE_FEATURE_INTERSECTION_SELECTION",
        "_ablepath_layer_id": "A31b-30",
        "_ablepath_source_feature_index": 7544,
        "_ablepath_source_member": "30_浸水継続時間/A31b-30-25_10_5235.geojson"
      },
      "type": "Feature"
    },
    {
      "geometry": {
        "coordinates": [
          [
            [
              135.6746875,
              35.01333333
            ],
            [
              135.674375,
              35.01333333
            ],
            [
              135.674375,
              35.01354167
            ],
            [
              135.6746875,
              35.01354167
            ],
            [
              135.6746875,
              35.01375
            ],
            [
              135.675,
              35.01375
            ],
            [
              135.6753125,
              35.01375
            ],
            [
              135.6753125,
              35.01354167
            ],
            [
              135.6753125,
              35.01333333
            ],
            [
              135.675,
              35.01333333
            ],
            [
              135.6746875,
              35.01333333
            ]
          ]
        ],
        "type": "Polygon"
      },
      "properties": {
        "A31b_301": 1,
        "_ablepath_aoi_id": "arashiyama",
        "_ablepath_display_only": true,
        "_ablepath_geometry_transform": "NONE_WHOLE_SOURCE_FEATURE_INTERSECTION_SELECTION",
        "_ablepath_layer_id": "A31b-30",
        "_ablepath_source_feature_index": 7647,
        "_ablepath_source_member": "30_浸水継続時間/A31b-30-25_10_5235.geojson"
      },
      "type": "Feature"
    },
    {
      "geometry": {
        "coordinates": [
          [
            [
              135.6775,
              35.01354167
            ],
            [
              135.6771875,
              35.01354167
            ],
            [
              135.6771875,
              35.01375
            ],
            [
              135.6775,
              35.01375
            ],
            [
              135.6778125,
              35.01375
            ],
            [
              135.6778125,
              35.01354167
            ],
            [
              135.6775,
              35.01354167
            ]
          ]
        ],
        "type": "Polygon"
      },
      "properties": {
        "A31b_301": 1,
        "_ablepath_aoi_id": "arashiyama",
        "_ablepath_display_only": true,
        "_ablepath_geometry_transform": "NONE_WHOLE_SOURCE_FEATURE_INTERSECTION_SELECTION",
        "_ablepath_layer_id": "A31b-30",
        "_ablepath_source_feature_index": 7648,
        "_ablepath_source_member": "30_浸水継続時間/A31b-30-25_10_5235.geojson"
      },
      "type": "Feature"
    },
    {
      "geometry": {
        "coordinates": [
          [
            [
              135.68375,
              35.014375
            ],
            [
              135.68375,
              35.01416667
            ],
            [
              135.6840625,
              35.01416667
            ],
            [
              135.6840625,
              35.01395833
            ],
            [
              135.6840625,
              35.01375
            ],
            [
              135.68375,
              35.01375
            ],
            [
              135.68375,
              35.01395833
            ],
            [
              135.6834375,
              35.01395833
            ],
            [
              135.6834375,
              35.01416667
            ],
            [
              135.6834375,
              35.014375
            ],
            [
              135.68375,
              35.014375
            ]
          ]
        ],
        "type": "Polygon"
      },
      "properties": {
        "A31b_301": 1,
        "_ablepath_aoi_id": "arashiyama",
        "_ablepath_display_only": true,
        "_ablepath_geometry_transform": "NONE_WHOLE_SOURCE_FEATURE_INTERSECTION_SELECTION",
        "_ablepath_layer_id": "A31b-30",
        "_ablepath_source_feature_index": 7681,
        "_ablepath_source_member": "30_浸水継続時間/A31b-30-25_10_5235.geojson"
      },
      "type": "Feature"
    },
    {
      "geometry": {
        "coordinates": [
          [
            [
              135.688125,
              35.01416667
            ],
            [
              135.688125,
              35.01395833
            ],
            [
              135.6884375,
              35.01395833
            ],
            [
              135.68875,
              35.01395833
            ],
            [
              135.68875,
              35.01375
            ],
            [
              135.6884375,
              35.01375
            ],
            [
              135.688125,
              35.01375
            ],
            [
              135.688125,
              35.01354167
            ],
            [
              135.688125,
              35.01333333
            ],
            [
              135.688125,
              35.013125
            ],
            [
              135.6878125,
              35.013125
            ],
            [
              135.6875,
              35.013125
            ],
            [
              135.6875,
              35.01291667
            ],
            [
              135.6871875,
              35.01291667
            ],
            [
              135.6871875,
              35.013125
            ],
            [
              135.6871875,
              35.01333333
            ],
            [
              135.6871875,
              35.01354167
            ],
            [
              135.686875,
              35.01354167
            ],
            [
              135.6865625,
              35.01354167
            ],
            [
              135.68625,
              35.01354167
            ],
            [
              135.6859375,
              35.01354167
            ],
            [
              135.685625,
              35.01354167
            ],
            [
              135.685625,
              35.01375
            ],
            [
              135.6853125,
              35.01375
            ],
            [
              135.6853125,
              35.01395833
            ],
            [
              135.685625,
              35.01395833
            ],
            [
              135.6859375,
              35.01395833
            ],
            [
              135.68625,
              35.01395833
            ],
            [
              135.68625,
              35.01416667
            ],
            [
              135.6865625,
              35.01416667
            ],
            [
              135.686875,
              35.01416667
            ],
            [
              135.686875,
              35.014375
            ],
            [
              135.6871875,
              35.014375
            ],
            [
              135.6875,
              35.014375
            ],
            [
              135.6878125,
              35.014375
            ],
            [
              135.688125,
              35.014375
            ],
            [
              135.688125,
              35.01416667
            ]
          ]
        ],
        "type": "Polygon"
      },
      "properties": {
        "A31b_301": 1,
        "_ablepath_aoi_id": "arashiyama",
        "_ablepath_display_only": true,
        "_ablepath_geometry_transform": "NONE_WHOLE_SOURCE_FEATURE_INTERSECTION_SELECTION",
        "_ablepath_layer_id": "A31b-30",
        "_ablepath_source_feature_index": 7682,
        "_ablepath_source_member": "30_浸水継続時間/A31b-30-25_10_5235.geojson"
      },
      "type": "Feature"
    },
    {
      "geometry": {
        "coordinates": [
          [
            [
              135.6815625,
              35.01395833
            ],
            [
              135.6815625,
              35.01416667
            ],
            [
              135.68125,
              35.01416667
            ],
            [
              135.68125,
              35.01395833
            ],
            [
              135.6815625,
              35.01395833
            ],
            [
              135.6815625,
              35.01375
            ],
            [
              135.68125,
              35.01375
            ],
            [
              135.6809375,
              35.01375
            ],
            [
              135.680625,
              35.01375
            ],
            [
              135.6803125,
              35.01375
            ],
            [
              135.6803125,
              35.01395833
            ],
            [
              135.68,
              35.01395833
            ],
            [
              135.6796875,
              35.01395833
            ],
            [
              135.679375,
              35.01395833
            ],
            [
              135.6790625,
              35.01395833
            ],
            [
              135.6790625,
              35.01375
            ],
            [
              135.67875,
              35.01375
            ],
            [
              135.67875,
              35.01395833
            ],
            [
              135.6784375,
              35.01395833
            ],
            [
              135.6784375,
              35.01416667
            ],
            [
              135.678125,
              35.01416667
            ],
            [
              135.6778125,
              35.01416667
            ],
            [
              135.6778125,
              35.014375
            ],
            [
              135.6775,
              35.014375
            ],
            [
              135.6775,
              35.01416667
            ],
            [
              135.6775,
              35.01395833
            ],
            [
              135.6771875,
              35.01395833
            ],
            [
              135.676875,
              35.01395833
            ],
            [
              135.6765625,
              35.01395833
            ],
            [
              135.67625,
              35.01395833
            ],
            [
              135.67625,
              35.01375
            ],
            [
              135.67625,
              35.01354167
            ],
            [
              135.6759375,
              35.01354167
            ],
            [
              135.675625,
              35.01354167
            ],
            [
              135.675625,
              35.01375
            ],
            [
              135.6759375,
              35.01375
            ],
            [
              135.6759375,
              35.01395833
            ],
            [
              135.6759375,
              35.01416667
            ],
            [
              135.6759375,
              35.014375
            ],
            [
              135.67625,
              35.014375
            ],
            [
              135.6765625,
              35.014375
            ],
            [
              135.6765625,
              35.01458333
            ],
            [
              135.676875,
              35.01458333
            ],
            [
              135.6771875,
              35.01458333
            ],
            [
              135.6771875,
              35.01479167
            ],
            [
              135.6771875,
              35.015
            ],
            [
              135.6771875,
              35.01520833
            ],
            [
              135.6775,
              35.01520833
            ],
            [
              135.6775,
              35.015
            ],
            [
              135.6778125,
              35.015
            ],
            [
              135.678125,
              35.015
            ],
            [
              135.678125,
              35.01479167
            ],
            [
              135.678125,
              35.01458333
            ],
            [
              135.6784375,
              35.01458333
            ],
            [
              135.6784375,
              35.01479167
            ],
            [
              135.67875,
              35.01479167
            ],
            [
              135.67875,
              35.015
            ],
            [
              135.6790625,
              35.015
            ],
            [
              135.6790625,
              35.01520833
            ],
            [
              135.679375,
              35.01520833
            ],
            [
              135.679375,
              35.015
            ],
            [
              135.679375,
              35.01479167
            ],
            [
              135.6796875,
              35.01479167
            ],
            [
              135.6796875,
              35.01458333
            ],
            [
              135.68,
              35.01458333
            ],
            [
              135.68,
              35.01479167
            ],
            [
              135.68,
              35.015
            ],
            [
              135.6803125,
              35.015
            ],
            [
              135.680625,
              35.015
            ],
            [
              135.6809375,
              35.015
            ],
            [
              135.68125,
              35.015
            ],
            [
              135.6815625,
              35.015
            ],
            [
              135.6815625,
              35.01520833
            ],
            [
              135.681875,
              35.01520833
            ],
            [
              135.681875,
              35.015
            ],
            [
              135.6821875,
              35.015
            ],
            [
              135.6821875,
              35.01479167
            ],
            [
              135.6821875,
              35.01458333
            ],
            [
              135.6821875,
              35.014375
            ],
            [
              135.6821875,
              35.01416667
            ],
            [
              135.6825,
              35.01416667
            ],
            [
              135.6825,
              35.01395833
            ],
            [
              135.6821875,
              35.01395833
            ],
            [
              135.681875,
              35.01395833
            ],
            [
              135.6815625,
              35.01395833
            ]
          ]
        ],
        "type": "Polygon"
      },
      "properties": {
        "A31b_301": 1,
        "_ablepath_aoi_id": "arashiyama",
        "_ablepath_display_only": true,
        "_ablepath_geometry_transform": "NONE_WHOLE_SOURCE_FEATURE_INTERSECTION_SELECTION",
        "_ablepath_layer_id": "A31b-30",
        "_ablepath_source_feature_index": 7745,
        "_ablepath_source_member": "30_浸水継続時間/A31b-30-25_10_5235.geojson"
      },
      "type": "Feature"
    },
    {
      "geometry": {
        "coordinates": [
          [
            [
              135.6784375,
              35.010625
            ],
            [
              135.67875,
              35.010625
            ],
            [
              135.67875,
              35.01041667
            ],
            [
              135.6784375,
              35.01041667
            ],
            [
              135.6784375,
              35.010625
            ]
          ]
        ],
        "type": "Polygon"
      },
      "properties": {
        "A31b_301": 2,
        "_ablepath_aoi_id": "arashiyama",
        "_ablepath_display_only": true,
        "_ablepath_geometry_transform": "NONE_WHOLE_SOURCE_FEATURE_INTERSECTION_SELECTION",
        "_ablepath_layer_id": "A31b-30",
        "_ablepath_source_feature_index": 19788,
        "_ablepath_source_member": "30_浸水継続時間/A31b-30-25_10_5235.geojson"
      },
      "type": "Feature"
    },
    {
      "geometry": {
        "coordinates": [
          [
            [
              135.6784375,
              35.010625
            ],
            [
              135.678125,
              35.010625
            ],
            [
              135.678125,
              35.01083333
            ],
            [
              135.6784375,
              35.01083333
            ],
            [
              135.6784375,
              35.010625
            ]
          ]
        ],
        "type": "Polygon"
      },
      "properties": {
        "A31b_301": 2,
        "_ablepath_aoi_id": "arashiyama",
        "_ablepath_display_only": true,
        "_ablepath_geometry_transform": "NONE_WHOLE_SOURCE_FEATURE_INTERSECTION_SELECTION",
        "_ablepath_layer_id": "A31b-30",
        "_ablepath_source_feature_index": 19794,
        "_ablepath_source_member": "30_浸水継続時間/A31b-30-25_10_5235.geojson"
      },
      "type": "Feature"
    },
    {
      "geometry": {
        "coordinates": [
          [
            [
              135.685,
              35.00854167
            ],
            [
              135.685,
              35.00833333
            ],
            [
              135.685,
              35.008125
            ],
            [
              135.6853125,
              35.008125
            ],
            [
              135.685625,
              35.008125
            ],
            [
              135.685625,
              35.00833333
            ],
            [
              135.685625,
              35.00854167
            ],
            [
              135.6853125,
              35.00854167
            ],
            [
              135.685,
              35.00854167
            ],
            [
              135.685,
              35.00875
            ],
            [
              135.6853125,
              35.00875
            ],
            [
              135.685625,
              35.00875
            ],
            [
              135.685625,
              35.00895833
            ],
            [
              135.6859375,
              35.00895833
            ],
            [
              135.68625,
              35.00895833
            ],
            [
              135.68625,
              35.00875
            ],
            [
              135.6865625,
              35.00875
            ],
            [
              135.6865625,
              35.00854167
            ],
            [
              135.6865625,
              35.00833333
            ],
            [
              135.6865625,
              35.008125
            ],
            [
              135.6865625,
              35.00791667
            ],
            [
              135.6865625,
              35.00770833
            ],
            [
              135.686875,
              35.00770833
            ],
            [
              135.686875,
              35.0075
            ],
            [
              135.686875,
              35.00729167
            ],
            [
              135.6865625,
              35.00729167
            ],
            [
              135.6865625,
              35.0075
            ],
            [
              135.68625,
              35.0075
            ],
            [
              135.6859375,
              35.0075
            ],
            [
              135.6859375,
              35.00729167
            ],
            [
              135.6859375,
              35.00708333
            ],
            [
              135.6859375,
              35.006875
            ],
            [
              135.68625,
              35.006875
            ],
            [
              135.6865625,
              35.006875
            ],
            [
              135.686875,
              35.006875
            ],
            [
              135.686875,
              35.00708333
            ],
            [
              135.686875,
              35.00729167
            ],
            [
              135.6871875,
              35.00729167
            ],
            [
              135.6871875,
              35.00708333
            ],
            [
              135.6875,
              35.00708333
            ],
            [
              135.6875,
              35.006875
            ],
            [
              135.6875,
              35.00666667
            ],
            [
              135.6871875,
              35.00666667
            ],
            [
              135.6871875,
              35.00645833
            ],
            [
              135.686875,
              35.00645833
            ],
            [
              135.6865625,
              35.00645833
            ],
            [
              135.6865625,
              35.00625
            ],
            [
              135.6865625,
              35.00604167
            ],
            [
              135.6865625,
              35.00583333
            ],
            [
              135.686875,
              35.00583333
            ],
            [
              135.686875,
              35.005625
            ],
            [
              135.686875,
              35.00541667
            ],
            [
              135.686875,
              35.00520833
            ],
            [
              135.686875,
              35.005
            ],
            [
              135.686875,
              35.00479167
            ],
            [
              135.6871875,
              35.00479167
            ],
            [
              135.6871875,
              35.00458333
            ],
            [
              135.6871875,
              35.004375
            ],
            [
              135.6871875,
              35.00416667
            ],
            [
              135.6871875,
              35.00395833
            ],
            [
              135.6871875,
              35.00375
            ],
            [
              135.6871875,
              35.00354167
            ],
            [
              135.6871875,
              35.00333333
            ],
            [
              135.6875,
              35.00333333
            ],
            [
              135.6875,
              35.003125
            ],
            [
              135.6875,
              35.00291667
            ],
            [
              135.6875,
              35.00270833
            ],
            [
              135.6875,
              35.0025
            ],
            [
              135.6875,
              35.00229167
            ],
            [
              135.6875,
              35.00208333
            ],
            [
              135.6878125,
              35.00208333
            ],
            [
              135.6878125,
              35.001875
            ],
            [
              135.688125,
              35.001875
            ],
            [
              135.688125,
              35.00166667
            ],
            [
              135.688125,
              35.00145833
            ],
            [
              135.688125,
              35.00125
            ],
            [
              135.688125,
              35.00104167
            ],
            [
              135.6878125,
              35.00104167
            ],
            [
              135.6878125,
              35.00083333
            ],
            [
              135.688125,
              35.00083333
            ],
            [
              135.688125,
              35.000625
            ],
            [
              135.688125,
              35.00041667
            ],
            [
              135.688125,
              35.00020833
            ],
            [
              135.6884375,
              35.00020833
            ],
            [
              135.68875,
              35.00020833
            ],
            [
              135.68875,
              35.00041667
            ],
            [
              135.6890625,
              35.00041667
            ],
            [
              135.6890625,
              35.00020833
            ],
            [
              135.6890625,
              35.0
            ],
            [
              135.6890625,
              34.99979167
            ],
            [
              135.689375,
              34.99979167
            ],
            [
              135.689375,
              34.99958333
            ],
            [
              135.6896875,
              34.99958333
            ],
            [
              135.6896875,
              34.999375
            ],
            [
              135.6896875,
              34.99916667
            ],
            [
              135.69,
              34.99916667
            ],
            [
              135.69,
              34.99895833
            ],
            [
              135.69,
              34.99875
            ],
            [
              135.6903125,
              34.99875
            ],
            [
              135.6903125,
              34.99854167
            ],
            [
              135.6903125,
              34.99833333
            ],
            [
              135.6903125,
              34.998125
            ],
            [
              135.690625,
              34.998125
            ],
            [
              135.690625,
              34.99791667
            ],
            [
              135.690625,
              34.99770833
            ],
            [
              135.6909375,
              34.99770833
            ],
            [
              135.6909375,
              34.9975
            ],
            [
              135.69125,
              34.9975
            ],
            [
              135.69125,
              34.99729167
            ],
            [
              135.6915625,
              34.99729167
            ],
            [
              135.6915625,
              34.99708333
            ],
            [
              135.691875,
              34.99708333
            ],
            [
              135.6921875,
              34.99708333
            ],
            [
              135.6925,
              34.99708333
            ],
            [
              135.6928125,
              34.99708333
            ],
            [
              135.693125,
              34.99708333
            ],
            [
              135.6934375,
              34.99708333
            ],
            [
              135.6934375,
              34.996875
            ],
            [
              135.69375,
              34.996875
            ],
            [
              135.69375,
              34.99666667
            ],
            [
              135.6934375,
              34.99666667
            ],
            [
              135.6934375,
              34.99645833
            ],
            [
              135.693125,
              34.99645833
            ],
            [
              135.6928125,
              34.99645833
            ],
            [
              135.6928125,
              34.99625
            ],
            [
              135.6925,
              34.99625
            ],
            [
              135.6925,
              34.99604167
            ],
            [
              135.6921875,
              34.99604167
            ],
            [
              135.691875,
              34.99604167
            ],
            [
              135.691875,
              34.99625
            ],
            [
              135.6915625,
              34.99625
            ],
            [
              135.69125,
              34.99625
            ],
            [
              135.6909375,
              34.99625
            ],
            [
              135.6909375,
              34.99604167
            ],
            [
              135.690625,
              34.99604167
            ],
            [
              135.6903125,
              34.99604167
            ],
            [
              135.69,
              34.99604167
            ],
            [
              135.69,
              34.99625
            ],
            [
              135.6896875,
              34.99625
            ],
            [
              135.689375,
              34.99625
            ],
            [
              135.689375,
              34.99645833
            ],
            [
              135.6890625,
              34.99645833
            ],
            [
              135.68875,
              34.99645833
            ],
            [
              135.6884375,
              34.99645833
            ],
            [
              135.688125,
              34.99645833
            ],
            [
              135.688125,
              34.99666667
            ],
            [
              135.6878125,
              34.99666667
            ],
            [
              135.6878125,
              34.996875
            ],
            [
              135.6878125,
              34.99708333
            ],
            [
              135.6875,
              34.99708333
            ],
            [
              135.6875,
              34.99729167
            ],
            [
              135.6875,
              34.9975
            ],
            [
              135.6871875,
              34.9975
            ],
            [
              135.686875,
              34.9975
            ],
            [
              135.686875,
              34.99770833
            ],
            [
              135.686875,
              34.99791667
            ],
            [
              135.6871875,
              34.99791667
            ],
            [
              135.6875,
              34.99791667
            ],
            [
              135.6875,
              34.998125
            ],
            [
              135.6875,
              34.99833333
            ],
            [
              135.6871875,
              34.99833333
            ],
            [
              135.6871875,
              34.99854167
            ],
            [
              135.6875,
              34.99854167
            ],
            [
              135.6875,
              34.99875
            ],
            [
              135.6875,
              34.99895833
            ],
            [
              135.6871875,
              34.99895833
            ],
            [
              135.6871875,
              34.99875
            ],
            [
              135.686875,
              34.99875
            ],
            [
              135.686875,
              34.99895833
            ],
            [
              135.6865625,
              34.99895833
            ],
            [
              135.68625,
              34.99895833
            ],
            [
              135.68625,
              34.99916667
            ],
            [
              135.68625,
              34.999375
            ],
            [
              135.6859375,
              34.999375
            ],
            [
              135.6859375,
              34.99958333
            ],
            [
              135.6859375,
              34.99979167
            ],
            [
              135.6859375,
              35.0
            ],
            [
              135.6859375,
              35.00020833
            ],
            [
              135.6859375,
              35.00041667
            ],
            [
              135.6859375,
              35.000625
            ],
            [
              135.6859375,
              35.00083333
            ],
            [
              135.685625,
              35.00083333
            ],
            [
              135.685625,
              35.00104167
            ],
            [
              135.6853125,
              35.00104167
            ],
            [
              135.6853125,
              35.00125
            ],
            [
              135.685,
              35.00125
            ],
            [
              135.685,
              35.00145833
            ],
            [
              135.6846875,
              35.00145833
            ],
            [
              135.684375,
              35.00145833
            ],
            [
              135.684375,
              35.00166667
            ],
            [
              135.684375,
              35.001875
            ],
            [
              135.6840625,
              35.001875
            ],
            [
              135.6840625,
              35.00208333
            ],
            [
              135.6840625,
              35.00229167
            ],
            [
              135.6840625,
              35.0025
            ],
            [
              135.68375,
              35.0025
            ],
            [
              135.68375,
              35.00270833
            ],
            [
              135.6840625,
              35.00270833
            ],
            [
              135.684375,
              35.00270833
            ],
            [
              135.684375,
              35.00291667
            ],
            [
              135.6840625,
              35.00291667
            ],
            [
              135.6840625,
              35.003125
            ],
            [
              135.684375,
              35.003125
            ],
            [
              135.6846875,
              35.003125
            ],
            [
              135.6846875,
              35.00333333
            ],
            [
              135.684375,
              35.00333333
            ],
            [
              135.684375,
              35.00354167
            ],
            [
              135.684375,
              35.00375
            ],
            [
              135.6840625,
              35.00375
            ],
            [
              135.6840625,
              35.00395833
            ],
            [
              135.684375,
              35.00395833
            ],
            [
              135.684375,
              35.00416667
            ],
            [
              135.6846875,
              35.00416667
            ],
            [
              135.6846875,
              35.004375
            ],
            [
              135.684375,
              35.004375
            ],
            [
              135.684375,
              35.00458333
            ],
            [
              135.6846875,
              35.00458333
            ],
            [
              135.685,
              35.00458333
            ],
            [
              135.685,
              35.00479167
            ],
            [
              135.685,
              35.005
            ],
            [
              135.6846875,
              35.005
            ],
            [
              135.6846875,
              35.00520833
            ],
            [
              135.6846875,
              35.00541667
            ],
            [
              135.684375,
              35.00541667
            ],
            [
              135.6840625,
              35.00541667
            ],
            [
              135.6840625,
              35.005625
            ],
            [
              135.6840625,
              35.00583333
            ],
            [
              135.6840625,
              35.00604167
            ],
            [
              135.6840625,
              35.00625
            ],
            [
              135.68375,
              35.00625
            ],
            [
              135.68375,
              35.00645833
            ],
            [
              135.6840625,
              35.00645833
            ],
            [
              135.6840625,
              35.00666667
            ],
            [
              135.6840625,
              35.006875
            ],
            [
              135.6840625,
              35.00708333
            ],
            [
              135.68375,
              35.00708333
            ],
            [
              135.68375,
              35.00729167
            ],
            [
              135.68375,
              35.0075
            ],
            [
              135.6834375,
              35.0075
            ],
            [
              135.6834375,
              35.00770833
            ],
            [
              135.6834375,
              35.00791667
            ],
            [
              135.683125,
              35.00791667
            ],
            [
              135.683125,
              35.008125
            ],
            [
              135.6828125,
              35.008125
            ],
            [
              135.6828125,
              35.00833333
            ],
            [
              135.6828125,
              35.00854167
            ],
            [
              135.6825,
              35.00854167
            ],
            [
              135.6821875,
              35.00854167
            ],
            [
              135.681875,
              35.00854167
            ],
            [
              135.681875,
              35.00875
            ],
            [
              135.681875,
              35.00895833
            ],
            [
              135.6815625,
              35.00895833
            ],
            [
              135.6815625,
              35.00916667
            ],
            [
              135.68125,
              35.00916667
            ],
            [
              135.68125,
              35.009375
            ],
            [
              135.68125,
              35.00958333
            ],
            [
              135.6815625,
              35.00958333
            ],
            [
              135.6815625,
              35.00979167
            ],
            [
              135.68125,
              35.00979167
            ],
            [
              135.6809375,
              35.00979167
            ],
            [
              135.6809375,
              35.01
            ],
            [
              135.680625,
              35.01
            ],
            [
              135.6803125,
              35.01
            ],
            [
              135.6803125,
              35.01020833
            ],
            [
              135.6803125,
              35.01041667
            ],
            [
              135.6803125,
              35.010625
            ],
            [
              135.68,
              35.010625
            ],
            [
              135.6796875,
              35.010625
            ],
            [
              135.6796875,
              35.01083333
            ],
            [
              135.679375,
              35.01083333
            ],
            [
              135.679375,
              35.01104167
            ],
            [
              135.6796875,
              35.01104167
            ],
            [
              135.6796875,
              35.01125
            ],
            [
              135.6796875,
              35.01145833
            ],
            [
              135.68,
              35.01145833
            ],
            [
              135.6803125,
              35.01145833
            ],
            [
              135.6803125,
              35.01125
            ],
            [
              135.680625,
              35.01125
            ],
            [
              135.680625,
              35.01104167
            ],
            [
              135.6809375,
              35.01104167
            ],
            [
              135.68125,
              35.01104167
            ],
            [
              135.6815625,
              35.01104167
            ],
            [
              135.681875,
              35.01104167
            ],
            [
              135.681875,
              35.01083333
            ],
            [
              135.6821875,
              35.01083333
            ],
            [
              135.6821875,
              35.01104167
            ],
            [
              135.6825,
              35.01104167
            ],
            [
              135.6828125,
              35.01104167
            ],
            [
              135.6828125,
              35.01125
            ],
            [
              135.683125,
              35.01125
            ],
            [
              135.6834375,
              35.01125
            ],
            [
              135.6834375,
              35.01104167
            ],
            [
              135.68375,
              35.01104167
            ],
            [
              135.6840625,
              35.01104167
            ],
            [
              135.684375,
              35.01104167
            ],
            [
              135.6846875,
              35.01104167
            ],
            [
              135.6846875,
              35.01083333
            ],
            [
              135.6846875,
              35.010625
            ],
            [
              135.6846875,
              35.01041667
            ],
            [
              135.6846875,
              35.01020833
            ],
            [
              135.6846875,
              35.01
            ],
            [
              135.6846875,
              35.00979167
            ],
            [
              135.685,
              35.00979167
            ],
            [
              135.685,
              35.00958333
            ],
            [
              135.6853125,
              35.00958333
            ],
            [
              135.685625,
              35.00958333
            ],
            [
              135.685625,
              35.009375
            ],
            [
              135.6853125,
              35.009375
            ],
            [
              135.6853125,
              35.00916667
            ],
            [
              135.6853125,
              35.00895833
            ],
            [
              135.685,
              35.00895833
            ],
            [
              135.6846875,
              35.00895833
            ],
            [
              135.6846875,
              35.00875
            ],
            [
              135.6846875,
              35.00854167
            ],
            [
              135.685,
              35.00854167
            ]
          ],
          [
            [
              135.6834375,
              35.00916667
            ],
            [
              135.6834375,
              35.009375
            ],
            [
              135.683125,
              35.009375
            ],
            [
              135.683125,
              35.00958333
            ],
            [
              135.6828125,
              35.00958333
            ],
            [
              135.6828125,
              35.00979167
            ],
            [
              135.6825,
              35.00979167
            ],
            [
              135.6825,
              35.01
            ],
            [
              135.6821875,
              35.01
            ],
            [
              135.6821875,
              35.00979167
            ],
            [
              135.6825,
              35.00979167
            ],
            [
              135.6825,
              35.00958333
            ],
            [
              135.6828125,
              35.00958333
            ],
            [
              135.6828125,
              35.009375
            ],
            [
              135.683125,
              35.009375
            ],
            [
              135.683125,
              35.00916667
            ],
            [
              135.6834375,
              35.00916667
            ],
            [
              135.6834375,
              35.00895833
            ],
            [
              135.68375,
              35.00895833
            ],
            [
              135.68375,
              35.00916667
            ],
            [
              135.6834375,
              35.00916667
            ]
          ],
          [
            [
              135.681875,
              35.01
            ],
            [
              135.681875,
              35.01020833
            ],
            [
              135.6815625,
              35.01020833
            ],
            [
              135.6815625,
              35.01
            ],
            [
              135.681875,
              35.01
            ]
          ],
          [
            [
              135.68375,
              35.01041667
            ],
            [
              135.68375,
              35.010625
            ],
            [
              135.68375,
              35.01083333
            ],
            [
              135.6834375,
              35.01083333
            ],
            [
              135.683125,
              35.01083333
            ],
            [
              135.683125,
              35.010625
            ],
            [
              135.6834375,
              35.010625
            ],
            [
              135.6834375,
              35.01041667
            ],
            [
              135.68375,
              35.01041667
            ],
            [
              135.68375,
              35.01020833
            ],
            [
              135.6840625,
              35.01020833
            ],
            [
              135.6840625,
              35.01
            ],
            [
              135.684375,
              35.01
            ],
            [
              135.684375,
              35.01020833
            ],
            [
              135.684375,
              35.01041667
            ],
            [
              135.6840625,
              35.01041667
            ],
            [
              135.68375,
              35.01041667
            ]
          ],
          [
            [
              135.684375,
              35.00770833
            ],
            [
              135.684375,
              35.0075
            ],
            [
              135.6846875,
              35.0075
            ],
            [
              135.6846875,
              35.00770833
            ],
            [
              135.684375,
              35.00770833
            ]
          ],
          [
            [
              135.684375,
              35.00583333
            ],
            [
              135.684375,
              35.005625
            ],
            [
              135.6846875,
              35.005625
            ],
            [
              135.6846875,
              35.00583333
            ],
            [
              135.684375,
              35.00583333
            ]
          ]
        ],
        "type": "Polygon"
      },
      "properties": {
        "A31b_301": 2,
        "_ablepath_aoi_id": "arashiyama",
        "_ablepath_display_only": true,
        "_ablepath_geometry_transform": "NONE_WHOLE_SOURCE_FEATURE_INTERSECTION_SELECTION",
        "_ablepath_layer_id": "A31b-30",
        "_ablepath_source_feature_index": 19814,
        "_ablepath_source_member": "30_浸水継続時間/A31b-30-25_10_5235.geojson"
      },
      "type": "Feature"
    },
    {
      "geometry": {
        "coordinates": [
          [
            [
              135.675625,
              35.01333333
            ],
            [
              135.6753125,
              35.01333333
            ],
            [
              135.6753125,
              35.01354167
            ],
            [
              135.675625,
              35.01354167
            ],
            [
              135.6759375,
              35.01354167
            ],
            [
              135.6759375,
              35.01333333
            ],
            [
              135.675625,
              35.01333333
            ]
          ]
        ],
        "type": "Polygon"
      },
      "properties": {
        "A31b_301": 2,
        "_ablepath_aoi_id": "arashiyama",
        "_ablepath_display_only": true,
        "_ablepath_geometry_transform": "NONE_WHOLE_SOURCE_FEATURE_INTERSECTION_SELECTION",
        "_ablepath_layer_id": "A31b-30",
        "_ablepath_source_feature_index": 19887,
        "_ablepath_source_member": "30_浸水継続時間/A31b-30-25_10_5235.geojson"
      },
      "type": "Feature"
    },
    {
      "geometry": {
        "coordinates": [
          [
            [
              135.679375,
              35.01375
            ],
            [
              135.6790625,
              35.01375
            ],
            [
              135.6790625,
              35.01395833
            ],
            [
              135.679375,
              35.01395833
            ],
            [
              135.6796875,
              35.01395833
            ],
            [
              135.68,
              35.01395833
            ],
            [
              135.6803125,
              35.01395833
            ],
            [
              135.6803125,
              35.01375
            ],
            [
              135.68,
              35.01375
            ],
            [
              135.6796875,
              35.01375
            ],
            [
              135.679375,
              35.01375
            ]
          ]
        ],
        "type": "Polygon"
      },
      "properties": {
        "A31b_301": 2,
        "_ablepath_aoi_id": "arashiyama",
        "_ablepath_display_only": true,
        "_ablepath_geometry_transform": "NONE_WHOLE_SOURCE_FEATURE_INTERSECTION_SELECTION",
        "_ablepath_layer_id": "A31b-30",
        "_ablepath_source_feature_index": 19892,
        "_ablepath_source_member": "30_浸水継続時間/A31b-30-25_10_5235.geojson"
      },
      "type": "Feature"
    },
    {
      "geometry": {
        "coordinates": [
          [
            [
              135.6778125,
              35.014375
            ],
            [
              135.6778125,
              35.01416667
            ],
            [
              135.678125,
              35.01416667
            ],
            [
              135.6784375,
              35.01416667
            ],
            [
              135.6784375,
              35.01395833
            ],
            [
              135.67875,
              35.01395833
            ],
            [
              135.67875,
              35.01375
            ],
            [
              135.6784375,
              35.01375
            ],
            [
              135.678125,
              35.01375
            ],
            [
              135.6778125,
              35.01375
            ],
            [
              135.6775,
              35.01375
            ],
            [
              135.6771875,
              35.01375
            ],
            [
              135.6771875,
              35.01354167
            ],
            [
              135.676875,
              35.01354167
            ],
            [
              135.6765625,
              35.01354167
            ],
            [
              135.67625,
              35.01354167
            ],
            [
              135.67625,
              35.01375
            ],
            [
              135.67625,
              35.01395833
            ],
            [
              135.6765625,
              35.01395833
            ],
            [
              135.676875,
              35.01395833
            ],
            [
              135.6771875,
              35.01395833
            ],
            [
              135.6775,
              35.01395833
            ],
            [
              135.6775,
              35.01416667
            ],
            [
              135.6775,
              35.014375
            ],
            [
              135.6778125,
              35.014375
            ]
          ]
        ],
        "type": "Polygon"
      },
      "properties": {
        "A31b_301": 2,
        "_ablepath_aoi_id": "arashiyama",
        "_ablepath_display_only": true,
        "_ablepath_geometry_transform": "NONE_WHOLE_SOURCE_FEATURE_INTERSECTION_SELECTION",
        "_ablepath_layer_id": "A31b-30",
        "_ablepath_source_feature_index": 19906,
        "_ablepath_source_member": "30_浸水継続時間/A31b-30-25_10_5235.geojson"
      },
      "type": "Feature"
    },
    {
      "geometry": {
        "coordinates": [
          [
            [
              135.68062,
              35.01146
            ],
            [
              135.68062,
              35.01125
            ],
            [
              135.68094,
              35.01125
            ],
            [
              135.68094,
              35.01104
            ],
            [
              135.68062,
              35.01104
            ],
            [
              135.68062,
              35.01083
            ],
            [
              135.68031,
              35.01083
            ],
            [
              135.68,
              35.01083
            ],
            [
              135.68,
              35.01104
            ],
            [
              135.67969,
              35.01104
            ],
            [
              135.67969,
              35.01125
            ],
            [
              135.67937,
              35.01125
            ],
            [
              135.67937,
              35.01146
            ],
            [
              135.67969,
              35.01146
            ],
            [
              135.68,
              35.01146
            ],
            [
              135.68031,
              35.01146
            ],
            [
              135.68062,
              35.01146
            ]
          ]
        ],
        "type": "Polygon"
      },
      "properties": {
        "A31b_401": 1,
        "_ablepath_aoi_id": "arashiyama",
        "_ablepath_display_only": true,
        "_ablepath_geometry_transform": "NONE_WHOLE_SOURCE_FEATURE_INTERSECTION_SELECTION",
        "_ablepath_layer_id": "A31b-41",
        "_ablepath_source_feature_index": 657,
        "_ablepath_source_member": "41_家屋倒壊等氾濫想定区域_氾濫流/A31b-41-25_10_5235.geojson"
      },
      "type": "Feature"
    },
    {
      "geometry": {
        "coordinates": [
          [
            [
              135.6875,
              35.00625
            ],
            [
              135.6875,
              35.00604
            ],
            [
              135.68781,
              35.00604
            ],
            [
              135.68781,
              35.00583
            ],
            [
              135.68781,
              35.00563
            ],
            [
              135.68781,
              35.00542
            ],
            [
              135.68781,
              35.00521
            ],
            [
              135.68781,
              35.005
            ],
            [
              135.68781,
              35.00479
            ],
            [
              135.68781,
              35.00458
            ],
            [
              135.6875,
              35.00458
            ],
            [
              135.6875,
              35.00438
            ],
            [
              135.6875,
              35.00417
            ],
            [
              135.6875,
              35.00396
            ],
            [
              135.6875,
              35.00375
            ],
            [
              135.68781,
              35.00375
            ],
            [
              135.68781,
              35.00354
            ],
            [
              135.68781,
              35.00333
            ],
            [
              135.68781,
              35.00312
            ],
            [
              135.68781,
              35.00292
            ],
            [
              135.68781,
              35.00271
            ],
            [
              135.68813,
              35.00271
            ],
            [
              135.68813,
              35.0025
            ],
            [
              135.68813,
              35.00229
            ],
            [
              135.68813,
              35.00208
            ],
            [
              135.68813,
              35.00187
            ],
            [
              135.68844,
              35.00187
            ],
            [
              135.68844,
              35.00167
            ],
            [
              135.68844,
              35.00146
            ],
            [
              135.68844,
              35.00125
            ],
            [
              135.68875,
              35.00125
            ],
            [
              135.68875,
              35.00104
            ],
            [
              135.68875,
              35.00083
            ],
            [
              135.68906,
              35.00083
            ],
            [
              135.68906,
              35.00062
            ],
            [
              135.68906,
              35.00042
            ],
            [
              135.68906,
              35.00021
            ],
            [
              135.68938,
              35.00021
            ],
            [
              135.68938,
              35.0
            ],
            [
              135.68938,
              34.99979
            ],
            [
              135.68969,
              34.99979
            ],
            [
              135.68969,
              34.99958
            ],
            [
              135.68969,
              34.99938
            ],
            [
              135.69,
              34.99938
            ],
            [
              135.69,
              34.99917
            ],
            [
              135.69031,
              34.99917
            ],
            [
              135.69031,
              34.99896
            ],
            [
              135.69063,
              34.99896
            ],
            [
              135.69063,
              34.99875
            ],
            [
              135.69094,
              34.99875
            ],
            [
              135.69094,
              34.99854
            ],
            [
              135.69125,
              34.99854
            ],
            [
              135.69125,
              34.99833
            ],
            [
              135.69125,
              34.99813
            ],
            [
              135.69156,
              34.99813
            ],
            [
              135.69156,
              34.99792
            ],
            [
              135.69188,
              34.99792
            ],
            [
              135.69188,
              34.99771
            ],
            [
              135.69219,
              34.99771
            ],
            [
              135.69219,
              34.9975
            ],
            [
              135.6925,
              34.9975
            ],
            [
              135.6925,
              34.99729
            ],
            [
              135.69281,
              34.99729
            ],
            [
              135.69313,
              34.99729
            ],
            [
              135.69344,
              34.99729
            ],
            [
              135.69375,
              34.99729
            ],
            [
              135.69375,
              34.99708
            ],
            [
              135.69406,
              34.99708
            ],
            [
              135.69406,
              34.99688
            ],
            [
              135.69438,
              34.99688
            ],
            [
              135.69438,
              34.99708
            ],
            [
              135.69469,
              34.99708
            ],
            [
              135.695,
              34.99708
            ],
            [
              135.69531,
              34.99708
            ],
            [
              135.69563,
              34.99708
            ],
            [
              135.69594,
              34.99708
            ],
            [
              135.69625,
              34.99708
            ],
            [
              135.69625,
              34.99729
            ],
            [
              135.69656,
              34.99729
            ],
            [
              135.69688,
              34.99729
            ],
            [
              135.69719,
              34.99729
            ],
            [
              135.6975,
              34.99729
            ],
            [
              135.6975,
              34.9975
            ],
            [
              135.69781,
              34.9975
            ],
            [
              135.69813,
              34.9975
            ],
            [
              135.69844,
              34.9975
            ],
            [
              135.69875,
              34.9975
            ],
            [
              135.69875,
              34.99771
            ],
            [
              135.69906,
              34.99771
            ],
            [
              135.69938,
              34.99771
            ],
            [
              135.69969,
              34.99771
            ],
            [
              135.69969,
              34.99792
            ],
            [
              135.7,
              34.99792
            ],
            [
              135.70031,
              34.99792
            ],
            [
              135.70063,
              34.99792
            ],
            [
              135.70094,
              34.99792
            ],
            [
              135.70125,
              34.99792
            ],
            [
              135.70156,
              34.99792
            ],
            [
              135.70188,
              34.99792
            ],
            [
              135.70219,
              34.99792
            ],
            [
              135.7025,
              34.99792
            ],
            [
              135.7025,
              34.99771
            ],
            [
              135.70281,
              34.99771
            ],
            [
              135.70281,
              34.9975
            ],
            [
              135.70313,
              34.9975
            ],
            [
              135.70344,
              34.9975
            ],
            [
              135.70344,
              34.99729
            ],
            [
              135.70375,
              34.99729
            ],
            [
              135.70375,
              34.99708
            ],
            [
              135.70375,
              34.99688
            ],
            [
              135.70406,
              34.99688
            ],
            [
              135.70406,
              34.99667
            ],
            [
              135.70437,
              34.99667
            ],
            [
              135.70437,
              34.99646
            ],
            [
              135.70437,
              34.99625
            ],
            [
              135.70469,
              34.99625
            ],
            [
              135.70469,
              34.99604
            ],
            [
              135.70469,
              34.99583
            ],
            [
              135.70437,
              34.99583
            ],
            [
              135.70406,
              34.99583
            ],
            [
              135.70375,
              34.99583
            ],
            [
              135.70344,
              34.99583
            ],
            [
              135.70344,
              34.99604
            ],
            [
              135.70313,
              34.99604
            ],
            [
              135.70313,
              34.99625
            ],
            [
              135.70281,
              34.99625
            ],
            [
              135.70281,
              34.99646
            ],
            [
              135.7025,
              34.99646
            ],
            [
              135.7025,
              34.99667
            ],
            [
              135.70219,
              34.99667
            ],
            [
              135.70219,
              34.99688
            ],
            [
              135.70219,
              34.99708
            ],
            [
              135.70188,
              34.99708
            ],
            [
              135.70188,
              34.99729
            ],
            [
              135.70188,
              34.9975
            ],
            [
              135.70156,
              34.9975
            ],
            [
              135.70156,
              34.99729
            ],
            [
              135.70125,
              34.99729
            ],
            [
              135.70094,
              34.99729
            ],
            [
              135.70094,
              34.99708
            ],
            [
              135.70063,
              34.99708
            ],
            [
              135.70031,
              34.99708
            ],
            [
              135.7,
              34.99708
            ],
            [
              135.7,
              34.99688
            ],
            [
              135.69969,
              34.99688
            ],
            [
              135.69938,
              34.99688
            ],
            [
              135.69938,
              34.99667
            ],
            [
              135.69906,
              34.99667
            ],
            [
              135.69875,
              34.99667
            ],
            [
              135.69844,
              34.99667
            ],
            [
              135.69844,
              34.99646
            ],
            [
              135.69813,
              34.99646
            ],
            [
              135.69781,
              34.99646
            ],
            [
              135.69781,
              34.99625
            ],
            [
              135.6975,
              34.99625
            ],
            [
              135.69719,
              34.99625
            ],
            [
              135.69688,
              34.99625
            ],
            [
              135.69656,
              34.99625
            ],
            [
              135.69625,
              34.99625
            ],
            [
              135.69625,
              34.99646
            ],
            [
              135.69594,
              34.99646
            ],
            [
              135.69563,
              34.99646
            ],
            [
              135.69531,
              34.99646
            ],
            [
              135.695,
              34.99646
            ],
            [
              135.69469,
              34.99646
            ],
            [
              135.69469,
              34.99625
            ],
            [
              135.69438,
              34.99625
            ],
            [
              135.69406,
              34.99625
            ],
            [
              135.69375,
              34.99625
            ],
            [
              135.69344,
              34.99625
            ],
            [
              135.69313,
              34.99625
            ],
            [
              135.69313,
              34.99604
            ],
            [
              135.69281,
              34.99604
            ],
            [
              135.6925,
              34.99604
            ],
            [
              135.69219,
              34.99604
            ],
            [
              135.69188,
              34.99604
            ],
            [
              135.69156,
              34.99604
            ],
            [
              135.69156,
              34.99625
            ],
            [
              135.69156,
              34.99646
            ],
            [
              135.69125,
              34.99646
            ],
            [
              135.69125,
              34.99667
            ],
            [
              135.69094,
              34.99667
            ],
            [
              135.69094,
              34.99688
            ],
            [
              135.69063,
              34.99688
            ],
            [
              135.69063,
              34.99708
            ],
            [
              135.69031,
              34.99708
            ],
            [
              135.69031,
              34.99729
            ],
            [
              135.69031,
              34.9975
            ],
            [
              135.69,
              34.9975
            ],
            [
              135.69,
              34.99771
            ],
            [
              135.68969,
              34.99771
            ],
            [
              135.68969,
              34.99792
            ],
            [
              135.68938,
              34.99792
            ],
            [
              135.68938,
              34.99813
            ],
            [
              135.68938,
              34.99833
            ],
            [
              135.68906,
              34.99833
            ],
            [
              135.68906,
              34.99854
            ],
            [
              135.68875,
              34.99854
            ],
            [
              135.68875,
              34.99875
            ],
            [
              135.68844,
              34.99875
            ],
            [
              135.68844,
              34.99896
            ],
            [
              135.68844,
              34.99917
            ],
            [
              135.68813,
              34.99917
            ],
            [
              135.68813,
              34.99938
            ],
            [
              135.68813,
              34.99958
            ],
            [
              135.68813,
              34.99979
            ],
            [
              135.68781,
              34.99979
            ],
            [
              135.68781,
              35.0
            ],
            [
              135.68781,
              35.00021
            ],
            [
              135.6875,
              35.00021
            ],
            [
              135.6875,
              35.00042
            ],
            [
              135.6875,
              35.00062
            ],
            [
              135.6875,
              35.00083
            ],
            [
              135.68719,
              35.00083
            ],
            [
              135.68719,
              35.00104
            ],
            [
              135.68719,
              35.00125
            ],
            [
              135.68719,
              35.00146
            ],
            [
              135.68719,
              35.00167
            ],
            [
              135.68687,
              35.00167
            ],
            [
              135.68687,
              35.00187
            ],
            [
              135.68687,
              35.00208
            ],
            [
              135.68687,
              35.00229
            ],
            [
              135.68687,
              35.0025
            ],
            [
              135.68656,
              35.0025
            ],
            [
              135.68656,
              35.00271
            ],
            [
              135.68656,
              35.00292
            ],
            [
              135.68656,
              35.00312
            ],
            [
              135.68656,
              35.00333
            ],
            [
              135.68656,
              35.00354
            ],
            [
              135.68625,
              35.00354
            ],
            [
              135.68625,
              35.00375
            ],
            [
              135.68625,
              35.00396
            ],
            [
              135.68625,
              35.00417
            ],
            [
              135.68625,
              35.00438
            ],
            [
              135.68625,
              35.00458
            ],
            [
              135.68625,
              35.00479
            ],
            [
              135.68625,
              35.005
            ],
            [
              135.68625,
              35.00521
            ],
            [
              135.68625,
              35.00542
            ],
            [
              135.68625,
              35.00563
            ],
            [
              135.68625,
              35.00583
            ],
            [
              135.68625,
              35.00604
            ],
            [
              135.68625,
              35.00625
            ],
            [
              135.68656,
              35.00625
            ],
            [
              135.68656,
              35.00646
            ],
            [
              135.68656,
              35.00667
            ],
            [
              135.68687,
              35.00667
            ],
            [
              135.68687,
              35.00688
            ],
            [
              135.68687,
              35.00708
            ],
            [
              135.68719,
              35.00708
            ],
            [
              135.6875,
              35.00708
            ],
            [
              135.6875,
              35.00688
            ],
            [
              135.6875,
              35.00667
            ],
            [
              135.6875,
              35.00646
            ],
            [
              135.6875,
              35.00625
            ]
          ]
        ],
        "type": "Polygon"
      },
      "properties": {
        "A31b_401": 2,
        "_ablepath_aoi_id": "arashiyama",
        "_ablepath_display_only": true,
        "_ablepath_geometry_transform": "NONE_WHOLE_SOURCE_FEATURE_INTERSECTION_SELECTION",
        "_ablepath_layer_id": "A31b-42",
        "_ablepath_source_feature_index": 1252,
        "_ablepath_source_member": "42_家屋倒壊等氾濫想定区域_河岸侵食/A31b-42-25_10_5235.geojson"
      },
      "type": "Feature"
    },
    {
      "geometry": {
        "coordinates": [
          [
            [
              135.68031,
              35.01083
            ],
            [
              135.68031,
              35.01062
            ],
            [
              135.68,
              35.01062
            ],
            [
              135.67969,
              35.01062
            ],
            [
              135.67937,
              35.01062
            ],
            [
              135.67906,
              35.01062
            ],
            [
              135.67875,
              35.01062
            ],
            [
              135.67844,
              35.01062
            ],
            [
              135.67844,
              35.01083
            ],
            [
              135.67812,
              35.01083
            ],
            [
              135.67781,
              35.01083
            ],
            [
              135.6775,
              35.01083
            ],
            [
              135.6775,
              35.01104
            ],
            [
              135.67781,
              35.01104
            ],
            [
              135.67812,
              35.01104
            ],
            [
              135.67812,
              35.01125
            ],
            [
              135.67844,
              35.01125
            ],
            [
              135.67875,
              35.01125
            ],
            [
              135.67875,
              35.01146
            ],
            [
              135.67906,
              35.01146
            ],
            [
              135.67937,
              35.01146
            ],
            [
              135.67969,
              35.01146
            ],
            [
              135.68,
              35.01146
            ],
            [
              135.68031,
              35.01146
            ],
            [
              135.68062,
              35.01146
            ],
            [
              135.68094,
              35.01146
            ],
            [
              135.68125,
              35.01146
            ],
            [
              135.68125,
              35.01125
            ],
            [
              135.68125,
              35.01104
            ],
            [
              135.68094,
              35.01104
            ],
            [
              135.68062,
              35.01104
            ],
            [
              135.68062,
              35.01083
            ],
            [
              135.68031,
              35.01083
            ]
          ]
        ],
        "type": "Polygon"
      },
      "properties": {
        "A31b_401": 2,
        "_ablepath_aoi_id": "arashiyama",
        "_ablepath_display_only": true,
        "_ablepath_geometry_transform": "NONE_WHOLE_SOURCE_FEATURE_INTERSECTION_SELECTION",
        "_ablepath_layer_id": "A31b-42",
        "_ablepath_source_feature_index": 1255,
        "_ablepath_source_member": "42_家屋倒壊等氾濫想定区域_河岸侵食/A31b-42-25_10_5235.geojson"
      },
      "type": "Feature"
    },
    {
      "geometry": {
        "coordinates": [
          [
            [
              135.68406,
              35.01146
            ],
            [
              135.68406,
              35.01125
            ],
            [
              135.68437,
              35.01125
            ],
            [
              135.68437,
              35.01104
            ],
            [
              135.68469,
              35.01104
            ],
            [
              135.68469,
              35.01083
            ],
            [
              135.685,
              35.01083
            ],
            [
              135.685,
              35.01062
            ],
            [
              135.68531,
              35.01062
            ],
            [
              135.68531,
              35.01042
            ],
            [
              135.68531,
              35.01021
            ],
            [
              135.68562,
              35.01021
            ],
            [
              135.68562,
              35.01
            ],
            [
              135.68531,
              35.01
            ],
            [
              135.685,
              35.01
            ],
            [
              135.685,
              35.01021
            ],
            [
              135.68469,
              35.01021
            ],
            [
              135.68469,
              35.01042
            ],
            [
              135.68437,
              35.01042
            ],
            [
              135.68437,
              35.01062
            ],
            [
              135.68406,
              35.01062
            ],
            [
              135.68406,
              35.01083
            ],
            [
              135.68375,
              35.01083
            ],
            [
              135.68344,
              35.01083
            ],
            [
              135.68344,
              35.01104
            ],
            [
              135.68312,
              35.01104
            ],
            [
              135.68312,
              35.01125
            ],
            [
              135.68281,
              35.01125
            ],
            [
              135.68281,
              35.01146
            ],
            [
              135.68312,
              35.01146
            ],
            [
              135.68344,
              35.01146
            ],
            [
              135.68375,
              35.01146
            ],
            [
              135.68406,
              35.01146
            ]
          ]
        ],
        "type": "Polygon"
      },
      "properties": {
        "A31b_401": 2,
        "_ablepath_aoi_id": "arashiyama",
        "_ablepath_display_only": true,
        "_ablepath_geometry_transform": "NONE_WHOLE_SOURCE_FEATURE_INTERSECTION_SELECTION",
        "_ablepath_layer_id": "A31b-42",
        "_ablepath_source_feature_index": 1256,
        "_ablepath_source_member": "42_家屋倒壊等氾濫想定区域_河岸侵食/A31b-42-25_10_5235.geojson"
      },
      "type": "Feature"
    },
    {
      "geometry": {
        "coordinates": [
          [
            [
              135.68437,
              35.01458
            ],
            [
              135.68437,
              35.01438
            ],
            [
              135.68469,
              35.01438
            ],
            [
              135.685,
              35.01438
            ],
            [
              135.685,
              35.01417
            ],
            [
              135.68531,
              35.01417
            ],
            [
              135.68562,
              35.01417
            ],
            [
              135.68562,
              35.01396
            ],
            [
              135.68594,
              35.01396
            ],
            [
              135.68594,
              35.01375
            ],
            [
              135.68625,
              35.01375
            ],
            [
              135.68625,
              35.01354
            ],
            [
              135.68656,
              35.01354
            ],
            [
              135.68656,
              35.01333
            ],
            [
              135.68687,
              35.01333
            ],
            [
              135.68719,
              35.01333
            ],
            [
              135.68719,
              35.01313
            ],
            [
              135.6875,
              35.01313
            ],
            [
              135.6875,
              35.01292
            ],
            [
              135.68781,
              35.01292
            ],
            [
              135.68781,
              35.01271
            ],
            [
              135.68781,
              35.0125
            ],
            [
              135.68813,
              35.0125
            ],
            [
              135.68813,
              35.01229
            ],
            [
              135.68844,
              35.01229
            ],
            [
              135.68844,
              35.01208
            ],
            [
              135.68844,
              35.01188
            ],
            [
              135.68875,
              35.01188
            ],
            [
              135.68875,
              35.01167
            ],
            [
              135.68906,
              35.01167
            ],
            [
              135.68906,
              35.01146
            ],
            [
              135.68906,
              35.01125
            ],
            [
              135.68938,
              35.01125
            ],
            [
              135.68938,
              35.01104
            ],
            [
              135.68938,
              35.01083
            ],
            [
              135.68969,
              35.01083
            ],
            [
              135.68969,
              35.01062
            ],
            [
              135.68969,
              35.01042
            ],
            [
              135.68969,
              35.01021
            ],
            [
              135.69,
              35.01021
            ],
            [
              135.69,
              35.01
            ],
            [
              135.69,
              35.00979
            ],
            [
              135.69,
              35.00958
            ],
            [
              135.69031,
              35.00958
            ],
            [
              135.69031,
              35.00937
            ],
            [
              135.69031,
              35.00917
            ],
            [
              135.69063,
              35.00917
            ],
            [
              135.69063,
              35.00896
            ],
            [
              135.69094,
              35.00896
            ],
            [
              135.69094,
              35.00875
            ],
            [
              135.69125,
              35.00875
            ],
            [
              135.69125,
              35.00854
            ],
            [
              135.69125,
              35.00833
            ],
            [
              135.69156,
              35.00833
            ],
            [
              135.69156,
              35.00812
            ],
            [
              135.69188,
              35.00812
            ],
            [
              135.69188,
              35.00792
            ],
            [
              135.69188,
              35.00771
            ],
            [
              135.69188,
              35.0075
            ],
            [
              135.69188,
              35.00729
            ],
            [
              135.69188,
              35.00708
            ],
            [
              135.69188,
              35.00688
            ],
            [
              135.69188,
              35.00667
            ],
            [
              135.69188,
              35.00646
            ],
            [
              135.69188,
              35.00625
            ],
            [
              135.69188,
              35.00604
            ],
            [
              135.69188,
              35.00583
            ],
            [
              135.69188,
              35.00563
            ],
            [
              135.69188,
              35.00542
            ],
            [
              135.69188,
              35.00521
            ],
            [
              135.69188,
              35.005
            ],
            [
              135.69188,
              35.00479
            ],
            [
              135.69188,
              35.00458
            ],
            [
              135.69188,
              35.00438
            ],
            [
              135.69188,
              35.00417
            ],
            [
              135.69156,
              35.00417
            ],
            [
              135.69156,
              35.00396
            ],
            [
              135.69156,
              35.00375
            ],
            [
              135.69156,
              35.00354
            ],
            [
              135.69156,
              35.00333
            ],
            [
              135.69156,
              35.00312
            ],
            [
              135.69188,
              35.00312
            ],
            [
              135.69188,
              35.00292
            ],
            [
              135.69188,
              35.00271
            ],
            [
              135.69188,
              35.0025
            ],
            [
              135.69188,
              35.00229
            ],
            [
              135.69188,
              35.00208
            ],
            [
              135.69219,
              35.00208
            ],
            [
              135.69219,
              35.00187
            ],
            [
              135.69219,
              35.00167
            ],
            [
              135.6925,
              35.00167
            ],
            [
              135.6925,
              35.00146
            ],
            [
              135.69281,
              35.00146
            ],
            [
              135.69313,
              35.00146
            ],
            [
              135.69313,
              35.00125
            ],
            [
              135.69344,
              35.00125
            ],
            [
              135.69375,
              35.00125
            ],
            [
              135.69375,
              35.00104
            ],
            [
              135.69406,
              35.00104
            ],
            [
              135.69406,
              35.00083
            ],
            [
              135.69438,
              35.00083
            ],
            [
              135.69469,
              35.00083
            ],
            [
              135.69469,
              35.00062
            ],
            [
              135.695,
              35.00062
            ],
            [
              135.69531,
              35.00062
            ],
            [
              135.69531,
              35.00042
            ],
            [
              135.69563,
              35.00042
            ],
            [
              135.69594,
              35.00042
            ],
            [
              135.69594,
              35.00062
            ],
            [
              135.69625,
              35.00062
            ],
            [
              135.69656,
              35.00062
            ],
            [
              135.69688,
              35.00062
            ],
            [
              135.69688,
              35.00083
            ],
            [
              135.69719,
              35.00083
            ],
            [
              135.6975,
              35.00083
            ],
            [
              135.69781,
              35.00083
            ],
            [
              135.69813,
              35.00083
            ],
            [
              135.69844,
              35.00083
            ],
            [
              135.69875,
              35.00083
            ],
            [
              135.69906,
              35.00083
            ],
            [
              135.69906,
              35.00062
            ],
            [
              135.69938,
              35.00062
            ],
            [
              135.69969,
              35.00062
            ],
            [
              135.69969,
              35.00083
            ],
            [
              135.7,
              35.00083
            ],
            [
              135.70031,
              35.00083
            ],
            [
              135.70063,
              35.00083
            ],
            [
              135.70063,
              35.00104
            ],
            [
              135.70094,
              35.00104
            ],
            [
              135.70125,
              35.00104
            ],
            [
              135.70156,
              35.00104
            ],
            [
              135.70156,
              35.00125
            ],
            [
              135.70188,
              35.00125
            ],
            [
              135.70219,
              35.00125
            ],
            [
              135.7025,
              35.00125
            ],
            [
              135.70281,
              35.00125
            ],
            [
              135.70313,
              35.00125
            ],
            [
              135.70313,
              35.00104
            ],
            [
              135.70344,
              35.00104
            ],
            [
              135.70375,
              35.00104
            ],
            [
              135.70406,
              35.00104
            ],
            [
              135.70437,
              35.00104
            ],
            [
              135.70469,
              35.00104
            ],
            [
              135.705,
              35.00104
            ],
            [
              135.705,
              35.00083
            ],
            [
              135.70531,
              35.00083
            ],
            [
              135.70562,
              35.00083
            ],
            [
              135.70562,
              35.00062
            ],
            [
              135.70594,
              35.00062
            ],
            [
              135.70594,
              35.00042
            ],
            [
              135.70625,
              35.00042
            ],
            [
              135.70656,
              35.00042
            ],
            [
              135.70656,
              35.00021
            ],
            [
              135.70687,
              35.00021
            ],
            [
              135.70687,
              35.0
            ],
            [
              135.70719,
              35.0
            ],
            [
              135.70719,
              34.99979
            ],
            [
              135.70719,
              34.99958
            ],
            [
              135.7075,
              34.99958
            ],
            [
              135.7075,
              34.99938
            ],
            [
              135.70781,
              34.99938
            ],
            [
              135.70781,
              34.99917
            ],
            [
              135.70812,
              34.99917
            ],
            [
              135.70812,
              34.99896
            ],
            [
              135.70844,
              34.99896
            ],
            [
              135.70844,
              34.99875
            ],
            [
              135.70844,
              34.99854
            ],
            [
              135.70875,
              34.99854
            ],
            [
              135.70875,
              34.99833
            ],
            [
              135.70875,
              34.99813
            ],
            [
              135.70906,
              34.99813
            ],
            [
              135.70906,
              34.99792
            ],
            [
              135.70906,
              34.99771
            ],
            [
              135.70937,
              34.99771
            ],
            [
              135.70937,
              34.9975
            ],
            [
              135.70969,
              34.9975
            ],
            [
              135.70969,
              34.99729
            ],
            [
              135.70969,
              34.99708
            ],
            [
              135.70969,
              34.99688
            ],
            [
              135.71,
              34.99688
            ],
            [
              135.71,
              34.99667
            ],
            [
              135.71,
              34.99646
            ],
            [
              135.71,
              34.99625
            ],
            [
              135.71031,
              34.99625
            ],
            [
              135.71031,
              34.99604
            ],
            [
              135.71031,
              34.99583
            ],
            [
              135.71031,
              34.99562
            ],
            [
              135.71062,
              34.99562
            ],
            [
              135.71062,
              34.99542
            ],
            [
              135.71062,
              34.99521
            ],
            [
              135.71062,
              34.995
            ],
            [
              135.71062,
              34.99479
            ],
            [
              135.71094,
              34.99479
            ],
            [
              135.71094,
              34.99458
            ],
            [
              135.71094,
              34.99437
            ],
            [
              135.71094,
              34.99417
            ],
            [
              135.71125,
              34.99417
            ],
            [
              135.71125,
              34.99396
            ],
            [
              135.71156,
              34.99396
            ],
            [
              135.71156,
              34.99375
            ],
            [
              135.71156,
              34.99354
            ],
            [
              135.71187,
              34.99354
            ],
            [
              135.71187,
              34.99333
            ],
            [
              135.71187,
              34.99312
            ],
            [
              135.71219,
              34.99312
            ],
            [
              135.71219,
              34.99292
            ],
            [
              135.71219,
              34.99271
            ],
            [
              135.7125,
              34.99271
            ],
            [
              135.7125,
              34.9925
            ],
            [
              135.7125,
              34.99229
            ],
            [
              135.7125,
              34.99208
            ],
            [
              135.7125,
              34.99188
            ],
            [
              135.7125,
              34.99167
            ],
            [
              135.7125,
              34.99146
            ],
            [
              135.7125,
              34.99125
            ],
            [
              135.7125,
              34.99104
            ],
            [
              135.71281,
              34.99104
            ],
            [
              135.71281,
              34.99083
            ],
            [
              135.71281,
              34.99063
            ],
            [
              135.71281,
              34.99042
            ],
            [
              135.7125,
              34.99042
            ],
            [
              135.7125,
              34.99063
            ],
            [
              135.71219,
              34.99063
            ],
            [
              135.71219,
              34.99083
            ],
            [
              135.71219,
              34.99104
            ],
            [
              135.71219,
              34.99125
            ],
            [
              135.71187,
              34.99125
            ],
            [
              135.71187,
              34.99146
            ],
            [
              135.71187,
              34.99167
            ],
            [
              135.71187,
              34.99188
            ],
            [
              135.71156,
              34.99188
            ],
            [
              135.71156,
              34.99208
            ],
            [
              135.71156,
              34.99229
            ],
            [
              135.71156,
              34.9925
            ],
            [
              135.71125,
              34.9925
            ],
            [
              135.71125,
              34.99271
            ],
            [
              135.71125,
              34.99292
            ],
            [
              135.71125,
              34.99312
            ],
            [
              135.71094,
              34.99312
            ],
            [
              135.71094,
              34.99333
            ],
            [
              135.71094,
              34.99354
            ],
            [
              135.71062,
              34.99354
            ],
            [
              135.71062,
              34.99375
            ],
            [
              135.71062,
              34.99396
            ],
            [
              135.71062,
              34.99417
            ],
            [
              135.71031,
              34.99417
            ],
            [
              135.71031,
              34.99437
            ],
            [
              135.71031,
              34.99458
            ],
            [
              135.71031,
              34.99479
            ],
            [
              135.71,
              34.99479
            ],
            [
              135.71,
              34.995
            ],
            [
              135.71,
              34.99521
            ],
            [
              135.71,
              34.99542
            ],
            [
              135.71,
              34.99562
            ],
            [
              135.70969,
              34.99562
            ],
            [
              135.70969,
              34.99583
            ],
            [
              135.70969,
              34.99604
            ],
            [
              135.70969,
              34.99625
            ],
            [
              135.70937,
              34.99625
            ],
            [
              135.70937,
              34.99646
            ],
            [
              135.70937,
              34.99667
            ],
            [
              135.70937,
              34.99688
            ],
            [
              135.70906,
              34.99688
            ],
            [
              135.70906,
              34.99708
            ],
            [
              135.70906,
              34.99729
            ],
            [
              135.70875,
              34.99729
            ],
            [
              135.70875,
              34.9975
            ],
            [
              135.70875,
              34.99771
            ],
            [
              135.70844,
              34.99771
            ],
            [
              135.70844,
              34.99792
            ],
            [
              135.70844,
              34.99813
            ],
            [
              135.70812,
              34.99813
            ],
            [
              135.70812,
              34.99833
            ],
            [
              135.70812,
              34.99854
            ],
            [
              135.70781,
              34.99854
            ],
            [
              135.70781,
              34.99875
            ],
            [
              135.7075,
              34.99875
            ],
            [
              135.7075,
              34.99896
            ],
            [
              135.70719,
              34.99896
            ],
            [
              135.70719,
              34.99917
            ],
            [
              135.70687,
              34.99917
            ],
            [
              135.70687,
              34.99938
            ],
            [
              135.70656,
              34.99938
            ],
            [
              135.70656,
              34.99958
            ],
            [
              135.70625,
              34.99958
            ],
            [
              135.70594,
              34.99958
            ],
            [
              135.70594,
              34.99979
            ],
            [
              135.70562,
              34.99979
            ],
            [
              135.70531,
              34.99979
            ],
            [
              135.705,
              34.99979
            ],
            [
              135.70469,
              34.99979
            ],
            [
              135.70437,
              34.99979
            ],
            [
              135.70406,
              34.99979
            ],
            [
              135.70406,
              35.0
            ],
            [
              135.70375,
              35.0
            ],
            [
              135.70344,
              35.0
            ],
            [
              135.70313,
              35.0
            ],
            [
              135.70281,
              35.0
            ],
            [
              135.7025,
              35.0
            ],
            [
              135.70219,
              35.0
            ],
            [
              135.70188,
              35.0
            ],
            [
              135.70156,
              35.0
            ],
            [
              135.70125,
              35.0
            ],
            [
              135.70094,
              35.0
            ],
            [
              135.70063,
              35.0
            ],
            [
              135.70063,
              34.99979
            ],
            [
              135.70031,
              34.99979
            ],
            [
              135.7,
              34.99979
            ],
            [
              135.69969,
              34.99979
            ],
            [
              135.69938,
              34.99979
            ],
            [
              135.69906,
              34.99979
            ],
            [
              135.69875,
              34.99979
            ],
            [
              135.69844,
              34.99979
            ],
            [
              135.69844,
              34.99958
            ],
            [
              135.69813,
              34.99958
            ],
            [
              135.69781,
              34.99958
            ],
            [
              135.6975,
              34.99958
            ],
            [
              135.69719,
              34.99958
            ],
            [
              135.69688,
              34.99958
            ],
            [
              135.69656,
              34.99958
            ],
            [
              135.69656,
              34.99938
            ],
            [
              135.69625,
              34.99938
            ],
            [
              135.69594,
              34.99938
            ],
            [
              135.69563,
              34.99938
            ],
            [
              135.69531,
              34.99938
            ],
            [
              135.695,
              34.99938
            ],
            [
              135.69469,
              34.99938
            ],
            [
              135.69469,
              34.99958
            ],
            [
              135.69438,
              34.99958
            ],
            [
              135.69406,
              34.99958
            ],
            [
              135.69406,
              34.99979
            ],
            [
              135.69375,
              34.99979
            ],
            [
              135.69344,
              34.99979
            ],
            [
              135.69313,
              34.99979
            ],
            [
              135.69313,
              35.0
            ],
            [
              135.69281,
              35.0
            ],
            [
              135.6925,
              35.0
            ],
            [
              135.69219,
              35.0
            ],
            [
              135.69219,
              35.00021
            ],
            [
              135.69188,
              35.00021
            ],
            [
              135.69188,
              35.00042
            ],
            [
              135.69188,
              35.00062
            ],
            [
              135.69156,
              35.00062
            ],
            [
              135.69156,
              35.00083
            ],
            [
              135.69125,
              35.00083
            ],
            [
              135.69125,
              35.00104
            ],
            [
              135.69094,
              35.00104
            ],
            [
              135.69094,
              35.00125
            ],
            [
              135.69094,
              35.00146
            ],
            [
              135.69063,
              35.00146
            ],
            [
              135.69063,
              35.00167
            ],
            [
              135.69063,
              35.00187
            ],
            [
              135.69031,
              35.00187
            ],
            [
              135.69031,
              35.00208
            ],
            [
              135.69031,
              35.00229
            ],
            [
              135.69031,
              35.0025
            ],
            [
              135.69031,
              35.00271
            ],
            [
              135.69031,
              35.00292
            ],
            [
              135.69031,
              35.00312
            ],
            [
              135.69031,
              35.00333
            ],
            [
              135.69031,
              35.00354
            ],
            [
              135.69031,
              35.00375
            ],
            [
              135.69031,
              35.00396
            ],
            [
              135.69031,
              35.00417
            ],
            [
              135.69031,
              35.00438
            ],
            [
              135.69031,
              35.00458
            ],
            [
              135.69031,
              35.00479
            ],
            [
              135.69031,
              35.005
            ],
            [
              135.69031,
              35.00521
            ],
            [
              135.69063,
              35.00521
            ],
            [
              135.69063,
              35.00542
            ],
            [
              135.69063,
              35.00563
            ],
            [
              135.69063,
              35.00583
            ],
            [
              135.69063,
              35.00604
            ],
            [
              135.69063,
              35.00625
            ],
            [
              135.69063,
              35.00646
            ],
            [
              135.69063,
              35.00667
            ],
            [
              135.69031,
              35.00667
            ],
            [
              135.69031,
              35.00688
            ],
            [
              135.69031,
              35.00708
            ],
            [
              135.69031,
              35.00729
            ],
            [
              135.69031,
              35.0075
            ],
            [
              135.69031,
              35.00771
            ],
            [
              135.69031,
              35.00792
            ],
            [
              135.69031,
              35.00812
            ],
            [
              135.69,
              35.00812
            ],
            [
              135.69,
              35.00833
            ],
            [
              135.69,
              35.00854
            ],
            [
              135.69,
              35.00875
            ],
            [
              135.69,
              35.00896
            ],
            [
              135.68969,
              35.00896
            ],
            [
              135.68969,
              35.00917
            ],
            [
              135.68969,
              35.00937
            ],
            [
              135.68969,
              35.00958
            ],
            [
              135.68938,
              35.00958
            ],
            [
              135.68938,
              35.00979
            ],
            [
              135.68938,
              35.01
            ],
            [
              135.68906,
              35.01
            ],
            [
              135.68906,
              35.01021
            ],
            [
              135.68906,
              35.01042
            ],
            [
              135.68875,
              35.01042
            ],
            [
              135.68875,
              35.01062
            ],
            [
              135.68875,
              35.01083
            ],
            [
              135.68844,
              35.01083
            ],
            [
              135.68844,
              35.01104
            ],
            [
              135.68813,
              35.01104
            ],
            [
              135.68813,
              35.01125
            ],
            [
              135.68781,
              35.01125
            ],
            [
              135.68781,
              35.01146
            ],
            [
              135.6875,
              35.01146
            ],
            [
              135.6875,
              35.01167
            ],
            [
              135.68719,
              35.01167
            ],
            [
              135.68719,
              35.01188
            ],
            [
              135.68687,
              35.01188
            ],
            [
              135.68656,
              35.01188
            ],
            [
              135.68656,
              35.01208
            ],
            [
              135.68625,
              35.01208
            ],
            [
              135.68625,
              35.01229
            ],
            [
              135.68594,
              35.01229
            ],
            [
              135.68594,
              35.0125
            ],
            [
              135.68562,
              35.0125
            ],
            [
              135.68562,
              35.01271
            ],
            [
              135.68531,
              35.01271
            ],
            [
              135.68531,
              35.01292
            ],
            [
              135.685,
              35.01292
            ],
            [
              135.68469,
              35.01292
            ],
            [
              135.68469,
              35.01313
            ],
            [
              135.68437,
              35.01313
            ],
            [
              135.68437,
              35.01333
            ],
            [
              135.68406,
              35.01333
            ],
            [
              135.68406,
              35.01354
            ],
            [
              135.68375,
              35.01354
            ],
            [
              135.68344,
              35.01354
            ],
            [
              135.68344,
              35.01375
            ],
            [
              135.68312,
              35.01375
            ],
            [
              135.68281,
              35.01375
            ],
            [
              135.6825,
              35.01375
            ],
            [
              135.68219,
              35.01375
            ],
            [
              135.68187,
              35.01375
            ],
            [
              135.68156,
              35.01375
            ],
            [
              135.68125,
              35.01375
            ],
            [
              135.68094,
              35.01375
            ],
            [
              135.68062,
              35.01375
            ],
            [
              135.68031,
              35.01375
            ],
            [
              135.68,
              35.01375
            ],
            [
              135.67969,
              35.01375
            ],
            [
              135.67969,
              35.01354
            ],
            [
              135.67937,
              35.01354
            ],
            [
              135.67906,
              35.01354
            ],
            [
              135.67875,
              35.01354
            ],
            [
              135.67844,
              35.01354
            ],
            [
              135.67812,
              35.01354
            ],
            [
              135.67781,
              35.01354
            ],
            [
              135.6775,
              35.01354
            ],
            [
              135.67719,
              35.01354
            ],
            [
              135.67719,
              35.01333
            ],
            [
              135.67687,
              35.01333
            ],
            [
              135.67656,
              35.01333
            ],
            [
              135.67625,
              35.01333
            ],
            [
              135.67594,
              35.01333
            ],
            [
              135.67562,
              35.01333
            ],
            [
              135.67531,
              35.01333
            ],
            [
              135.675,
              35.01333
            ],
            [
              135.675,
              35.01313
            ],
            [
              135.67469,
              35.01313
            ],
            [
              135.67437,
              35.01313
            ],
            [
              135.67406,
              35.01313
            ],
            [
              135.67375,
              35.01313
            ],
            [
              135.67344,
              35.01313
            ],
            [
              135.67344,
              35.01333
            ],
            [
              135.67375,
              35.01333
            ],
            [
              135.67375,
              35.01354
            ],
            [
              135.67406,
              35.01354
            ],
            [
              135.67437,
              35.01354
            ],
            [
              135.67437,
              35.01375
            ],
            [
              135.67469,
              35.01375
            ],
            [
              135.675,
              35.01375
            ],
            [
              135.67531,
              35.01375
            ],
            [
              135.67531,
              35.01396
            ],
            [
              135.67562,
              35.01396
            ],
            [
              135.67594,
              35.01396
            ],
            [
              135.67625,
              35.01396
            ],
            [
              135.67625,
              35.01417
            ],
            [
              135.67656,
              35.01417
            ],
            [
              135.67687,
              35.01417
            ],
            [
              135.67719,
              35.01417
            ],
            [
              135.67719,
              35.01438
            ],
            [
              135.6775,
              35.01438
            ],
            [
              135.67781,
              35.01438
            ],
            [
              135.67812,
              35.01438
            ],
            [
              135.67844,
              35.01438
            ],
            [
              135.67875,
              35.01438
            ],
            [
              135.67906,
              35.01438
            ],
            [
              135.67906,
              35.01417
            ],
            [
              135.67937,
              35.01417
            ],
            [
              135.67937,
              35.01438
            ],
            [
              135.67969,
              35.01438
            ],
            [
              135.68,
              35.01438
            ],
            [
              135.68031,
              35.01438
            ],
            [
              135.68031,
              35.01458
            ],
            [
              135.68062,
              35.01458
            ],
            [
              135.68094,
              35.01458
            ],
            [
              135.68125,
              35.01458
            ],
            [
              135.68156,
              35.01458
            ],
            [
              135.68187,
              35.01458
            ],
            [
              135.68219,
              35.01458
            ],
            [
              135.6825,
              35.01458
            ],
            [
              135.68281,
              35.01458
            ],
            [
              135.68312,
              35.01458
            ],
            [
              135.68344,
              35.01458
            ],
            [
              135.68375,
              35.01458
            ],
            [
              135.68406,
              35.01458
            ],
            [
              135.68437,
              35.01458
            ]
          ]
        ],
        "type": "Polygon"
      },
      "properties": {
        "A31b_401": 2,
        "_ablepath_aoi_id": "arashiyama",
        "_ablepath_display_only": true,
        "_ablepath_geometry_transform": "NONE_WHOLE_SOURCE_FEATURE_INTERSECTION_SELECTION",
        "_ablepath_layer_id": "A31b-42",
        "_ablepath_source_feature_index": 1264,
        "_ablepath_source_member": "42_家屋倒壊等氾濫想定区域_河岸侵食/A31b-42-25_10_5235.geojson"
      },
      "type": "Feature"
    }
  ],
  "name": "A31b 2025 arashiyama display-only intersection selection",
  "type": "FeatureCollection"
}
