{
  "type": "FeatureCollection",
  "features": [
    {
      "geometry": {
        "coordinates": [
          [
            [
              135.78336499385034,
              35.00042327296223
            ],
            [
              135.78325237791404,
              35.00037527593252
            ],
            [
              135.78321706013492,
              35.000573689809364
            ],
            [
              135.78333033645336,
              35.000637247444004
            ],
            [
              135.78343785315755,
              35.00047936630064
            ],
            [
              135.78336499385034,
              35.00042327296223
            ]
          ]
        ],
        "type": "Polygon"
      },
      "properties": {
        "KINDC": 2,
        "NATURALC": 1,
        "NEWCITYC": 26105,
        "_ablepath_display_only": true,
        "_ablepath_geometry_transform": "NONE_WHOLE_SOURCE_FEATURE_INTERSECTION_SELECTION",
        "source_feature_id": "g_d_rzone:3738",
        "source_layer_id": "g_d_rzone",
        "source_class": "NATURALC=1;KINDC=2",
        "source_id": "kyoto_city_landslide_gis_20260830",
        "scenario_id": "KYOTO_LANDSLIDE_2026_g_d_rzone"
      },
      "type": "Feature"
    },
    {
      "geometry": {
        "coordinates": [
          [
            [
              135.78569209084134,
              34.99563875855729
            ],
            [
              135.78564625832846,
              34.99561262509884
            ],
            [
              135.78543103966155,
              34.99564641070166
            ],
            [
              135.78544543209392,
              34.99570601442787
            ],
            [
              135.7856655929558,
              34.995692691927125
            ],
            [
              135.78569209084134,
              34.99563875855729
            ]
          ]
        ],
        "type": "Polygon"
      },
      "properties": {
        "KINDC": 2,
        "NATURALC": 1,
        "NEWCITYC": 26105,
        "_ablepath_display_only": true,
        "_ablepath_geometry_transform": "NONE_WHOLE_SOURCE_FEATURE_INTERSECTION_SELECTION",
        "source_feature_id": "g_d_rzone:3739",
        "source_layer_id": "g_d_rzone",
        "source_class": "NATURALC=1;KINDC=2",
        "source_id": "kyoto_city_landslide_gis_20260830",
        "scenario_id": "KYOTO_LANDSLIDE_2026_g_d_rzone"
      },
      "type": "Feature"
    },
    {
      "geometry": {
        "coordinates": [
          [
            [
              135.7795930904766,
              35.00161955963036
            ],
            [
              135.779621815991,
              35.00170539576905
            ],
            [
              135.77965636898892,
              35.001779334044926
            ],
            [
              135.77969092845208,
              35.001850883423685
            ],
            [
              135.77972547519457,
              35.00192720155049
            ],
            [
              135.7797687079961,
              35.002008295192276
            ],
            [
              135.77980040269514,
              35.00206555102467
            ],
            [
              135.77984077707524,
              35.00212996224053
            ],
            [
              135.77989557103015,
              35.00221823448136
            ],
            [
              135.77994460787073,
              35.00229218991576
            ],
            [
              135.77998499065518,
              35.00234945243213
            ],
            [
              135.78003693724892,
              35.00242104223302
            ],
            [
              135.78008888576105,
              35.00248785421841
            ],
            [
              135.78016395459318,
              35.002573783178285
            ],
            [
              135.78022642934687,
              35.002645599299896
            ],
            [
              135.78023655911767,
              35.002655398598506
            ],
            [
              135.78028810100662,
              35.00271460134589
            ],
            [
              135.78033719581313,
              35.00276711072868
            ],
            [
              135.78039498489724,
              35.002817264951524
            ],
            [
              135.78046720025208,
              35.00288888221501
            ],
            [
              135.78053074870544,
              35.0029485663207
            ],
            [
              135.78060300243592,
              35.00300589525809
            ],
            [
              135.78068390781468,
              35.00307275931575
            ],
            [
              135.78075617448246,
              35.00312531940359
            ],
            [
              135.78080818756624,
              35.003168305316926
            ],
            [
              135.7808660090191,
              35.003206532912195
            ],
            [
              135.7809324993725,
              35.00325193380299
            ],
            [
              135.78102500281736,
              35.00331643867829
            ],
            [
              135.78112042411203,
              35.00337142019704
            ],
            [
              135.78124186497848,
              35.003443125743615
            ],
            [
              135.78133731654117,
              35.00349095848213
            ],
            [
              135.7814240693027,
              35.00353877548269
            ],
            [
              135.78150215953593,
              35.00357704828257
            ],
            [
              135.78253442264997,
              35.00157249792893
            ],
            [
              135.78263413160082,
              35.001381167974095
            ],
            [
              135.7827993173074,
              35.00126186545771
            ],
            [
              135.78299019528106,
              35.00117085173777
            ],
            [
              135.78319076117816,
              35.00099538716357
            ],
            [
              135.78329463585217,
              35.00083545331332
            ],
            [
              135.78340525971458,
              35.00067929054664
            ],
            [
              135.78343786435045,
              35.000479276173465
            ],
            [
              135.7832297448547,
              35.000362479700506
            ],
            [
              135.7830876157857,
              35.00050105240829
            ],
            [
              135.78293424096404,
              35.00063320439159
            ],
            [
              135.78271741786727,
              35.00072976973459
            ],
            [
              135.7826264231939,
              35.0007705877148
            ],
            [
              135.7823751923767,
              35.00079520750911
            ],
            [
              135.77945391780028,
              35.0011391292632
            ],
            [
              135.7794710502221,
              35.00122972217816
            ],
            [
              135.77949824944312,
              35.00134534018402
            ],
            [
              135.77953274281901,
              35.00144549317029
            ],
            [
              135.77955565993955,
              35.00153608755996
            ],
            [
              135.7795930904766,
              35.00161955963036
            ]
          ]
        ],
        "type": "Polygon"
      },
      "properties": {
        "KINDC": 1,
        "NATURALC": 1,
        "NEWCITYC": 26105,
        "_ablepath_display_only": true,
        "_ablepath_geometry_transform": "NONE_WHOLE_SOURCE_FEATURE_INTERSECTION_SELECTION",
        "source_feature_id": "g_d_yzone:5842",
        "source_layer_id": "g_d_yzone",
        "source_class": "NATURALC=1;KINDC=1",
        "source_id": "kyoto_city_landslide_gis_20260830",
        "scenario_id": "KYOTO_LANDSLIDE_2026_g_d_yzone"
      },
      "type": "Feature"
    },
    {
      "geometry": {
        "coordinates": [
          [
            [
              135.78102343192907,
              34.99645458908303
            ],
            [
              135.78103762348925,
              34.996514427338475
            ],
            [
              135.78105337415752,
              34.99658118269269
            ],
            [
              135.78106197888587,
              34.996612172783806
            ],
            [
              135.78108494714763,
              34.9966837009204
            ],
            [
              135.7811065997655,
              34.9967597520683
            ],
            [
              135.78113821092984,
              34.996847982019986
            ],
            [
              135.78117119607373,
              34.99692216049344
            ],
            [
              135.78120730763706,
              34.99700299745361
            ],
            [
              135.78123898876294,
              34.99706501270246
            ],
            [
              135.7812879666841,
              34.99716042257557
            ],
            [
              135.78134563201107,
              34.99725584807485
            ],
            [
              135.78144747425233,
              34.99717592667897
            ],
            [
              135.78163288072545,
              34.99703426949592
            ],
            [
              135.78181827560488,
              34.99689261200433
            ],
            [
              135.7820180587467,
              34.99680276060361
            ],
            [
              135.7822034524652,
              34.99666109349936
            ],
            [
              135.78239778717463,
              34.99655162468022
            ],
            [
              135.7826013777321,
              34.99647549953851
            ],
            [
              135.78277377052058,
              34.99644414843328
            ],
            [
              135.78299298217067,
              34.996442719501545
            ],
            [
              135.78321064090653,
              34.99649012013461
            ],
            [
              135.78345632165298,
              34.9964463864792
            ],
            [
              135.78370550535064,
              34.99639938622372
            ],
            [
              135.7838522599449,
              34.99635672852012
            ],
            [
              135.7839970389368,
              34.99640715311676
            ],
            [
              135.78411511002193,
              34.99647426136883
            ],
            [
              135.78436611439815,
              34.99625091705023
            ],
            [
              135.78416498108294,
              34.99603452187025
            ],
            [
              135.78385298913796,
              34.996079391968124
            ],
            [
              135.78359995304348,
              34.99615451158944
            ],
            [
              135.78341409638458,
              34.99619049144716
            ],
            [
              135.78322288092443,
              34.996106637798164
            ],
            [
              135.78310220186026,
              34.996048583810584
            ],
            [
              135.78248262887294,
              34.996048115342916
            ],
            [
              135.78227057506197,
              34.99609380945087
            ],
            [
              135.78207242666497,
              34.99614216044797
            ],
            [
              135.78207581809383,
              34.996201744816084
            ],
            [
              135.78185965103398,
              34.99623263766609
            ],
            [
              135.78169994935539,
              34.99627851497892
            ],
            [
              135.78172152727703,
              34.996333363269635
            ],
            [
              135.78166725870844,
              34.99634910454483
            ],
            [
              135.78145274043212,
              34.99638594934823
            ],
            [
              135.78124107584281,
              34.99643303963473
            ],
            [
              135.78114347152157,
              34.996456238883795
            ],
            [
              135.78111021632975,
              34.99643830274122
            ],
            [
              135.78102343192907,
              34.99645458908303
            ]
          ]
        ],
        "type": "Polygon"
      },
      "properties": {
        "KINDC": 1,
        "NATURALC": 1,
        "NEWCITYC": 26105,
        "_ablepath_display_only": true,
        "_ablepath_geometry_transform": "NONE_WHOLE_SOURCE_FEATURE_INTERSECTION_SELECTION",
        "source_feature_id": "g_d_yzone:5843",
        "source_layer_id": "g_d_yzone",
        "source_class": "NATURALC=1;KINDC=1",
        "source_id": "kyoto_city_landslide_gis_20260830",
        "scenario_id": "KYOTO_LANDSLIDE_2026_g_d_yzone"
      },
      "type": "Feature"
    },
    {
      "geometry": {
        "coordinates": [
          [
            [
              135.78237374618007,
              34.99574234284109
            ],
            [
              135.7823792036413,
              34.99586864975221
            ],
            [
              135.78239910223706,
              34.99600928079248
            ],
            [
              135.78242480423177,
              34.996145157046506
            ],
            [
              135.78246206583492,
              34.996290585268916
            ],
            [
              135.78249652567405,
              34.99640026419444
            ],
            [
              135.78253606564155,
              34.99650032809438
            ],
            [
              135.78273440095637,
              34.996416295519346
            ],
            [
              135.7829761995934,
              34.996453789324995
            ],
            [
              135.7832372772985,
              34.996545152074496
            ],
            [
              135.78344726546203,
              34.99649370481293
            ],
            [
              135.78368819689314,
              34.99652875086226
            ],
            [
              135.78387801157004,
              34.996420926715594
            ],
            [
              135.78412829013982,
              34.99648209155287
            ],
            [
              135.78438045914203,
              34.996548558985275
            ],
            [
              135.78455492374042,
              34.996397789238344
            ],
            [
              135.7847293800516,
              34.99624701110782
            ],
            [
              135.78490383349634,
              34.996096246238665
            ],
            [
              135.78507829288574,
              34.99594547661703
            ],
            [
              135.78525275163508,
              34.99579470673863
            ],
            [
              135.7854620332311,
              34.99577478010965
            ],
            [
              135.7856890308359,
              34.995789325135256
            ],
            [
              135.78562904599355,
              34.99554084113377
            ],
            [
              135.78541299294187,
              34.99557161611817
            ],
            [
              135.78515178350028,
              34.995512468300745
            ],
            [
              135.78490588443907,
              34.99546352376684
            ],
            [
              135.78465998348216,
              34.99541457873164
            ],
            [
              135.78441409047238,
              34.99536563952291
            ],
            [
              135.78415948944547,
              34.995313502138316
            ],
            [
              135.78249242350498,
              34.99496499530043
            ],
            [
              135.78246617209473,
              34.99503643770887
            ],
            [
              135.78243328261894,
              34.99513002459616
            ],
            [
              135.78240112692032,
              34.995244349350415
            ],
            [
              135.7823863505282,
              34.9953563226566
            ],
            [
              135.78237732910915,
              34.9954826045232
            ],
            [
              135.78236830766133,
              34.995608886386435
            ],
            [
              135.78237374618007,
              34.99574234284109
            ]
          ]
        ],
        "type": "Polygon"
      },
      "properties": {
        "KINDC": 1,
        "NATURALC": 1,
        "NEWCITYC": 26105,
        "_ablepath_display_only": true,
        "_ablepath_geometry_transform": "NONE_WHOLE_SOURCE_FEATURE_INTERSECTION_SELECTION",
        "source_feature_id": "g_d_yzone:5844",
        "source_layer_id": "g_d_yzone",
        "source_class": "NATURALC=1;KINDC=1",
        "source_id": "kyoto_city_landslide_gis_20260830",
        "scenario_id": "KYOTO_LANDSLIDE_2026_g_d_yzone"
      },
      "type": "Feature"
    },
    {
      "geometry": {
        "coordinates": [
          [
            [
              135.77921119462962,
              34.99481417689193
            ],
            [
              135.77921713633242,
              34.99485827869672
            ],
            [
              135.77922060660842,
              34.9948840427691
            ],
            [
              135.77922655047814,
              34.99492815719747
            ],
            [
              135.77964076751536,
              34.99481346182253
            ],
            [
              135.77981244717867,
              34.99472763405014
            ],
            [
              135.77988725750993,
              34.99470606857048
            ],
            [
              135.78001920778146,
              34.994686824215215
            ],
            [
              135.78001361201598,
              34.99464183332147
            ],
            [
              135.78000939320987,
              34.99460791409854
            ],
            [
              135.77999836792972,
              34.994519267690016
            ],
            [
              135.7798496498848,
              34.99452327738982
            ],
            [
              135.7797075594588,
              34.99457550515563
            ],
            [
              135.77952415432694,
              34.99465757849281
            ],
            [
              135.77926032533202,
              34.99474931426728
            ],
            [
              135.77921119462962,
              34.99481417689193
            ]
          ]
        ],
        "type": "Polygon"
      },
      "properties": {
        "KINDC": 2,
        "NATURALC": 2,
        "NEWCITYC": 26105,
        "_ablepath_display_only": true,
        "_ablepath_geometry_transform": "NONE_WHOLE_SOURCE_FEATURE_INTERSECTION_SELECTION",
        "source_feature_id": "g_k_rzone:7951",
        "source_layer_id": "g_k_rzone",
        "source_class": "NATURALC=2;KINDC=2",
        "source_id": "kyoto_city_landslide_gis_20260830",
        "scenario_id": "KYOTO_LANDSLIDE_2026_g_k_rzone"
      },
      "type": "Feature"
    },
    {
      "geometry": {
        "coordinates": [
          [
            [
              [
                135.78405649011927,
                35.00735927759183
              ],
              [
                135.78401042728885,
                35.00728718438542
              ],
              [
                135.78399022626687,
                35.00729581607569
              ],
              [
                135.78393885442298,
                35.00731776739876
              ],
              [
                135.78398210216176,
                35.007383326272716
              ],
              [
                135.7839953555741,
                35.00741436584529
              ],
              [
                135.78405217785865,
                35.00740799348911
              ],
              [
                135.78406555625267,
                35.007406492902675
              ],
              [
                135.78405649011927,
                35.00735927759183
              ]
            ]
          ],
          [
            [
              [
                135.78445399536412,
                35.00779060023295
              ],
              [
                135.78445525432818,
                35.00777762490269
              ],
              [
                135.78443909267824,
                35.007782569614456
              ],
              [
                135.78441458642172,
                35.00778257477182
              ],
              [
                135.78435078053255,
                35.00778258763802
              ],
              [
                135.78435250529978,
                35.007814231406684
              ],
              [
                135.78439910169223,
                35.00788279887425
              ],
              [
                135.78445447416388,
                35.00786244195206
              ],
              [
                135.78448306187803,
                35.00785193198878
              ],
              [
                135.78445399536412,
                35.00779060023295
              ]
            ]
          ],
          [
            [
              [
                135.78532161396615,
                35.00793285639725
              ],
              [
                135.7851877568851,
                35.007853627352645
              ],
              [
                135.78506141857426,
                35.00785390312194
              ],
              [
                135.7850602464624,
                35.00788271834626
              ],
              [
                135.78508504228836,
                35.0079647104039
              ],
              [
                135.78520166448675,
                35.008029021282255
              ],
              [
                135.78524232013626,
                35.00810928079894
              ],
              [
                135.7855260521797,
                35.0081483365375
              ],
              [
                135.7855380569557,
                35.00821181674459
              ],
              [
                135.785616787723,
                35.00818801277231
              ],
              [
                135.7856603708267,
                35.00817483542251
              ],
              [
                135.7856765699549,
                35.00816140417396
              ],
              [
                135.7856166709777,
                35.00807611757361
              ],
              [
                135.78535525695375,
                35.00797433664831
              ],
              [
                135.78532161396615,
                35.00793285639725
              ]
            ]
          ],
          [
            [
              [
                135.785515431761,
                35.008439343004035
              ],
              [
                135.78547273835812,
                35.00841551471931
              ],
              [
                135.78535425506752,
                35.00839647174457
              ],
              [
                135.7852477937637,
                35.00840157146341
              ],
              [
                135.78511772865005,
                35.00833467756145
              ],
              [
                135.78498339445014,
                35.00827724319777
              ],
              [
                135.78498107695958,
                35.00827647915319
              ],
              [
                135.78497506763637,
                35.008284733186876
              ],
              [
                135.7849773993233,
                35.00828551528611
              ],
              [
                135.7851110563442,
                35.00834423575704
              ],
              [
                135.78524004929682,
                35.008425621606655
              ],
              [
                135.78535048122865,
                35.008438993729975
              ],
              [
                135.7854684824059,
                35.00842407747454
              ],
              [
                135.78550874204223,
                35.00844677191799
              ],
              [
                135.78551518891723,
                35.00843961301598
              ],
              [
                135.785515431761,
                35.008439343004035
              ]
            ]
          ],
          [
            [
              [
                135.78483575099526,
                35.00845100949209
              ],
              [
                135.78473084899295,
                35.00840121108651
              ],
              [
                135.78472715009272,
                35.00840538644671
              ],
              [
                135.7847069709765,
                35.00842816236015
              ],
              [
                135.78469493251342,
                35.00844174960105
              ],
              [
                135.78480752033036,
                35.008494559051606
              ],
              [
                135.78492488817642,
                35.00852326163901
              ],
              [
                135.7849393357526,
                35.00849509916687
              ],
              [
                135.78494431680085,
                35.00848538924211
              ],
              [
                135.78483575099526,
                35.00845100949209
              ]
            ]
          ]
        ],
        "type": "MultiPolygon"
      },
      "properties": {
        "KINDC": 2,
        "NATURALC": 2,
        "NEWCITYC": 26105,
        "_ablepath_display_only": true,
        "_ablepath_geometry_transform": "NONE_WHOLE_SOURCE_FEATURE_INTERSECTION_SELECTION",
        "source_feature_id": "g_k_rzone:8217",
        "source_layer_id": "g_k_rzone",
        "source_class": "NATURALC=2;KINDC=2",
        "source_id": "kyoto_city_landslide_gis_20260830",
        "scenario_id": "KYOTO_LANDSLIDE_2026_g_k_rzone"
      },
      "type": "Feature"
    },
    {
      "geometry": {
        "coordinates": [
          [
            [
              135.7850256974241,
              35.00727548536436
            ],
            [
              135.78514057922357,
              35.007496743715976
            ],
            [
              135.7852368142602,
              35.00762895688391
            ],
            [
              135.78535231939023,
              35.00776676702375
            ],
            [
              135.78545511787877,
              35.00770850644323
            ],
            [
              135.78550879915912,
              35.00768950005806
            ],
            [
              135.78566382293027,
              35.00765492395183
            ],
            [
              135.78584531645518,
              35.007519755104795
            ],
            [
              135.78573738937334,
              35.00738908582878
            ],
            [
              135.78570321480086,
              35.00729560342387
            ],
            [
              135.78568182373976,
              35.00716784082868
            ],
            [
              135.7853520103615,
              35.007172018726216
            ],
            [
              135.7851215868634,
              35.00723759777387
            ],
            [
              135.7850256974241,
              35.00727548536436
            ]
          ]
        ],
        "type": "Polygon"
      },
      "properties": {
        "KINDC": 2,
        "NATURALC": 2,
        "NEWCITYC": 26105,
        "_ablepath_display_only": true,
        "_ablepath_geometry_transform": "NONE_WHOLE_SOURCE_FEATURE_INTERSECTION_SELECTION",
        "source_feature_id": "g_k_rzone:8218",
        "source_layer_id": "g_k_rzone",
        "source_class": "NATURALC=2;KINDC=2",
        "source_id": "kyoto_city_landslide_gis_20260830",
        "scenario_id": "KYOTO_LANDSLIDE_2026_g_k_rzone"
      },
      "type": "Feature"
    },
    {
      "geometry": {
        "coordinates": [
          [
            [
              [
                135.78502593578085,
                35.00559872727154
              ],
              [
                135.78499867222385,
                35.005492894114646
              ],
              [
                135.78496636737214,
                35.00550028844826
              ],
              [
                135.78492224692803,
                35.00551038608287
              ],
              [
                135.78491902937841,
                35.0055111222922
              ],
              [
                135.7849520471249,
                35.0056177463342
              ],
              [
                135.78504982797523,
                35.005814390526766
              ],
              [
                135.78509096888058,
                35.005798278368715
              ],
              [
                135.78510718856347,
                35.005791925573455
              ],
              [
                135.78502593578085,
                35.00559872727154
              ]
            ]
          ],
          [
            [
              [
                135.78504382537045,
                35.004951843785456
              ],
              [
                135.78496190157327,
                35.00464155129316
              ],
              [
                135.78495179160902,
                35.004641877744994
              ],
              [
                135.78500275376027,
                35.0049495840806
              ],
              [
                135.78488994003004,
                35.00508785372061
              ],
              [
                135.78492186370926,
                35.00522646362369
              ],
              [
                135.78500897934066,
                35.005329718241676
              ],
              [
                135.78508114346656,
                35.00551924050098
              ],
              [
                135.7851288108684,
                35.00552530344053
              ],
              [
                135.78517717067783,
                35.005724172314615
              ],
              [
                135.7851317141598,
                35.005868521869054
              ],
              [
                135.78531916981058,
                35.006010731483336
              ],
              [
                135.7854002420146,
                35.00613840226811
              ],
              [
                135.7854269103048,
                35.006127995959815
              ],
              [
                135.78549250181638,
                35.006102399243
              ],
              [
                135.78550362054182,
                35.00609806028081
              ],
              [
                135.78559713623355,
                35.00595272003237
              ],
              [
                135.78577901475754,
                35.005829847076996
              ],
              [
                135.7858450236563,
                35.005804553798455
              ],
              [
                135.7858423458749,
                35.005791557080194
              ],
              [
                135.78581288138594,
                35.005748710482194
              ],
              [
                135.78581226514206,
                35.00567197892218
              ],
              [
                135.78557460956645,
                35.005367670897456
              ],
              [
                135.78556716852387,
                35.005357881303915
              ],
              [
                135.78557048049734,
                35.00531423433993
              ],
              [
                135.78498312657325,
                35.00520228743712
              ],
              [
                135.78494728561097,
                35.00509690422741
              ],
              [
                135.78504382537045,
                35.004951843785456
              ]
            ]
          ],
          [
            [
              [
                135.78484998382757,
                35.0062012162728
              ],
              [
                135.7847518560325,
                35.00592245636543
              ],
              [
                135.7847509524705,
                35.00592024165303
              ],
              [
                135.78473910117674,
                35.00591396533311
              ],
              [
                135.78466829626205,
                35.00569886065844
              ],
              [
                135.784574873195,
                35.005481516209294
              ],
              [
                135.78445403739994,
                35.005338100392564
              ],
              [
                135.7844516607725,
                35.00510469280309
              ],
              [
                135.78440075532862,
                35.00486841618193
              ],
              [
                135.78428504880662,
                35.00465421048909
              ],
              [
                135.7842232446957,
                35.004665536701715
              ],
              [
                135.78406762689116,
                35.00471128907607
              ],
              [
                135.78403925407974,
                35.00471963129417
              ],
              [
                135.78400288157007,
                35.004730324730474
              ],
              [
                135.78410034234727,
                35.004948702697455
              ],
              [
                135.78416608747403,
                35.005132231932045
              ],
              [
                135.78440425951848,
                35.005366470518936
              ],
              [
                135.78442557210224,
                35.005494818287694
              ],
              [
                135.7844812225265,
                35.005722542934976
              ],
              [
                135.78460499523658,
                35.00601433065348
              ],
              [
                135.78461638931628,
                35.00601028794349
              ],
              [
                135.7846650274078,
                35.006244750257274
              ],
              [
                135.78467096740886,
                35.00625328960676
              ],
              [
                135.78474556426906,
                35.00623518516385
              ],
              [
                135.78485370734728,
                35.006208939459924
              ],
              [
                135.78484998382757,
                35.0062012162728
              ]
            ]
          ]
        ],
        "type": "MultiPolygon"
      },
      "properties": {
        "KINDC": 2,
        "NATURALC": 2,
        "NEWCITYC": 26105,
        "_ablepath_display_only": true,
        "_ablepath_geometry_transform": "NONE_WHOLE_SOURCE_FEATURE_INTERSECTION_SELECTION",
        "source_feature_id": "g_k_rzone:8219",
        "source_layer_id": "g_k_rzone",
        "source_class": "NATURALC=2;KINDC=2",
        "source_id": "kyoto_city_landslide_gis_20260830",
        "scenario_id": "KYOTO_LANDSLIDE_2026_g_k_rzone"
      },
      "type": "Feature"
    },
    {
      "geometry": {
        "coordinates": [
          [
            [
              135.7821712043939,
              35.00496273485266
            ],
            [
              135.78227223568214,
              35.005238540748756
            ],
            [
              135.7823499560977,
              35.00540810611406
            ],
            [
              135.7824240698757,
              35.00557857364324
            ],
            [
              135.7825079915748,
              35.0058563877758
            ],
            [
              135.78261727588549,
              35.00586019392293
            ],
            [
              135.78268290561056,
              35.00601967699661
            ],
            [
              135.78268663269245,
              35.00629527581082
            ],
            [
              135.78278333209124,
              35.00649765591874
            ],
            [
              135.78283364579514,
              35.006529434431044
            ],
            [
              135.78270255445094,
              35.00661093975835
            ],
            [
              135.78274425072803,
              35.00677132106909
            ],
            [
              135.78304724963888,
              35.00675289605985
            ],
            [
              135.78326495497214,
              35.00673814747814
            ],
            [
              135.78326480586435,
              35.00672987802397
            ],
            [
              135.78304576799667,
              35.006735599603836
            ],
            [
              135.78275340191558,
              35.00676118869399
            ],
            [
              135.7827139373613,
              35.00661533136472
            ],
            [
              135.7829176405501,
              35.0065308007566
            ],
            [
              135.78289091426868,
              35.006462215964405
            ],
            [
              135.7828249923335,
              35.006264185614214
            ],
            [
              135.78276035421635,
              35.005999226942315
            ],
            [
              135.78266405933837,
              35.00582309654343
            ],
            [
              135.7825810891937,
              35.005797907816
            ],
            [
              135.78248464127407,
              35.00557179496162
            ],
            [
              135.78245826589017,
              35.005396152950524
            ],
            [
              135.78243136027268,
              35.00521888192252
            ],
            [
              135.78239379312424,
              35.00496352261222
            ],
            [
              135.78225349124057,
              35.00496302582024
            ],
            [
              135.7821712043939,
              35.00496273485266
            ]
          ]
        ],
        "type": "Polygon"
      },
      "properties": {
        "KINDC": 2,
        "NATURALC": 2,
        "NEWCITYC": 26105,
        "_ablepath_display_only": true,
        "_ablepath_geometry_transform": "NONE_WHOLE_SOURCE_FEATURE_INTERSECTION_SELECTION",
        "source_feature_id": "g_k_rzone:8220",
        "source_layer_id": "g_k_rzone",
        "source_class": "NATURALC=2;KINDC=2",
        "source_id": "kyoto_city_landslide_gis_20260830",
        "scenario_id": "KYOTO_LANDSLIDE_2026_g_k_rzone"
      },
      "type": "Feature"
    },
    {
      "geometry": {
        "coordinates": [
          [
            [
              [
                135.78387363884167,
                35.003353022313455
              ],
              [
                135.78360987513477,
                35.0032480593195
              ],
              [
                135.7835859247293,
                35.003315415997626
              ],
              [
                135.78357733087498,
                35.00333958443628
              ],
              [
                135.78356752508708,
                35.00336716187931
              ],
              [
                135.78377122568526,
                35.00338140664389
              ],
              [
                135.7837312050068,
                35.00339309684093
              ],
              [
                135.7836960902198,
                35.00354470224487
              ],
              [
                135.7837440541424,
                35.003550852797424
              ],
              [
                135.78380140407884,
                35.00355820818661
              ],
              [
                135.78381901474643,
                35.003417764243665
              ],
              [
                135.78387363884167,
                35.003353022313455
              ]
            ]
          ],
          [
            [
              [
                135.78453376489682,
                35.00364653922223
              ],
              [
                135.7845068922333,
                35.00361899575754
              ],
              [
                135.7844480747291,
                35.00357422434957
              ],
              [
                135.78443891823008,
                35.003609153608885
              ],
              [
                135.78442743551554,
                35.003652959125866
              ],
              [
                135.78442733813478,
                35.003653328556005
              ],
              [
                135.78449589471168,
                35.00363237209146
              ],
              [
                135.78452353323397,
                35.00365404924407
              ],
              [
                135.784532948207,
                35.00364713905369
              ],
              [
                135.78453376489682,
                35.00364653922223
              ]
            ]
          ],
          [
            [
              [
                135.78502991883607,
                35.00368190464134
              ],
              [
                135.78512645841306,
                35.003478808300486
              ],
              [
                135.78508194762037,
                35.00339015818323
              ],
              [
                135.78484465421022,
                35.003331878724346
              ],
              [
                135.78473045394392,
                35.00331930357199
              ],
              [
                135.78468514860097,
                35.003239727908316
              ],
              [
                135.78468353785505,
                35.00323898314068
              ],
              [
                135.78468286125096,
                35.003231696252435
              ],
              [
                135.784615504588,
                35.00317201837788
              ],
              [
                135.7844048335208,
                35.00289828324809
              ],
              [
                135.78436994018858,
                35.00283951026904
              ],
              [
                135.7840999406278,
                35.00293130403293
              ],
              [
                135.78392218332226,
                35.00306622552622
              ],
              [
                135.7838325177079,
                35.003109570875424
              ],
              [
                135.78376471144267,
                35.00314235019405
              ],
              [
                135.7839312407109,
                35.003271169429794
              ],
              [
                135.78406601916572,
                35.00340006627934
              ],
              [
                135.7841887504206,
                35.00358466598274
              ],
              [
                135.78426503469376,
                35.003613178078965
              ],
              [
                135.78426579691353,
                35.00361538262838
              ],
              [
                135.78424755366188,
                35.00361061387734
              ],
              [
                135.78426061178033,
                35.003641151874405
              ],
              [
                135.7842628080938,
                35.003646289654355
              ],
              [
                135.78430438498816,
                35.00363443437423
              ],
              [
                135.78430280854403,
                35.003627297332606
              ],
              [
                135.78442119778458,
                35.003671546293944
              ],
              [
                135.78443774843453,
                35.00360904245364
              ],
              [
                135.78446169631366,
                35.00351860434435
              ],
              [
                135.78456934157808,
                35.00363245738543
              ],
              [
                135.78477353476595,
                35.00366893792536
              ],
              [
                135.78500251416435,
                35.00373955745523
              ],
              [
                135.78502991883607,
                35.00368190464134
              ]
            ]
          ],
          [
            [
              [
                135.78470146704302,
                35.003882624591874
              ],
              [
                135.78466600339948,
                35.0037845375508
              ],
              [
                135.7846621870495,
                35.00378678535952
              ],
              [
                135.78465218751182,
                35.00379267405771
              ],
              [
                135.78463164305472,
                35.003893415740514
              ],
              [
                135.78468011300026,
                35.00388592486285
              ],
              [
                135.78470146704302,
                35.003882624591874
              ]
            ]
          ],
          [
            [
              [
                135.7842611156168,
                35.00404687684981
              ],
              [
                135.78443053801624,
                35.003998465056775
              ],
              [
                135.7846088479356,
                35.004021848411206
              ],
              [
                135.78460964012635,
                35.00398963034813
              ],
              [
                135.7844277329629,
                35.00396100215972
              ],
              [
                135.7842616655876,
                35.00401349456006
              ],
              [
                135.78426164980905,
                35.00401449696758
              ],
              [
                135.7842611156168,
                35.00404687684981
              ]
            ]
          ]
        ],
        "type": "MultiPolygon"
      },
      "properties": {
        "KINDC": 2,
        "NATURALC": 2,
        "NEWCITYC": 26105,
        "_ablepath_display_only": true,
        "_ablepath_geometry_transform": "NONE_WHOLE_SOURCE_FEATURE_INTERSECTION_SELECTION",
        "source_feature_id": "g_k_rzone:8221",
        "source_layer_id": "g_k_rzone",
        "source_class": "NATURALC=2;KINDC=2",
        "source_id": "kyoto_city_landslide_gis_20260830",
        "scenario_id": "KYOTO_LANDSLIDE_2026_g_k_rzone"
      },
      "type": "Feature"
    },
    {
      "geometry": {
        "coordinates": [
          [
            [
              [
                135.7821881128135,
                35.001545227763735
              ],
              [
                135.7821554089248,
                35.00153295504763
              ],
              [
                135.7821209492588,
                35.001561861978935
              ],
              [
                135.78209859363923,
                35.00159023441997
              ],
              [
                135.7821290450498,
                35.001615740310754
              ],
              [
                135.78213511303412,
                35.00162082287766
              ],
              [
                135.7821676691836,
                35.001582201879856
              ],
              [
                135.78219474421306,
                35.00154771690467
              ],
              [
                135.78218815002413,
                35.001545242254025
              ],
              [
                135.7821881128135,
                35.001545227763735
              ]
            ]
          ],
          [
            [
              [
                135.78274167236907,
                35.001993838002186
              ],
              [
                135.78272452259753,
                35.001903412294205
              ],
              [
                135.7827195263423,
                35.00190359446346
              ],
              [
                135.78270120673332,
                35.0019079942054
              ],
              [
                135.7826543887256,
                35.001919239177546
              ],
              [
                135.78270418646443,
                35.00200006588015
              ],
              [
                135.7827489215865,
                35.002236772187295
              ],
              [
                135.7828028702056,
                35.00226763142416
              ],
              [
                135.78280504756597,
                35.002285697193706
              ],
              [
                135.78286972619546,
                35.00247872499498
              ],
              [
                135.7829141998278,
                35.00246711876641
              ],
              [
                135.78294113221176,
                35.002460089477594
              ],
              [
                135.78287826974704,
                35.00227333379155
              ],
              [
                135.78285653733855,
                35.002244569544295
              ],
              [
                135.78280666172066,
                35.00221051379042
              ],
              [
                135.78274167236907,
                35.001993838002186
              ]
            ]
          ],
          [
            [
              [
                135.7831101219464,
                35.0028428757532
              ],
              [
                135.78311655537007,
                35.0027842627874
              ],
              [
                135.78317578635097,
                35.00275528714349
              ],
              [
                135.78315131195907,
                35.00267236308512
              ],
              [
                135.78313002708157,
                35.00264248907551
              ],
              [
                135.78306387543117,
                35.00265859374803
              ],
              [
                135.783001601293,
                35.00267375516543
              ],
              [
                135.78304873986835,
                35.00271055002336
              ],
              [
                135.78307092553663,
                35.0027399181284
              ],
              [
                135.783052297815,
                35.00274891667672
              ],
              [
                135.78310017283982,
                35.00283463836451
              ],
              [
                135.78305379497897,
                35.00281841465126
              ],
              [
                135.78306536728095,
                35.00284508281396
              ],
              [
                135.7831101219464,
                35.0028428757532
              ]
            ]
          ]
        ],
        "type": "MultiPolygon"
      },
      "properties": {
        "KINDC": 2,
        "NATURALC": 2,
        "NEWCITYC": 26105,
        "_ablepath_display_only": true,
        "_ablepath_geometry_transform": "NONE_WHOLE_SOURCE_FEATURE_INTERSECTION_SELECTION",
        "source_feature_id": "g_k_rzone:8222",
        "source_layer_id": "g_k_rzone",
        "source_class": "NATURALC=2;KINDC=2",
        "source_id": "kyoto_city_landslide_gis_20260830",
        "scenario_id": "KYOTO_LANDSLIDE_2026_g_k_rzone"
      },
      "type": "Feature"
    },
    {
      "geometry": {
        "coordinates": [
          [
            [
              135.78231283819042,
              35.001230327819556
            ],
            [
              135.78222228591844,
              35.00128251473841
            ],
            [
              135.78207612984443,
              35.00135983035531
            ],
            [
              135.78197240858907,
              35.001388921191946
            ],
            [
              135.78184922810996,
              35.00140557272904
            ],
            [
              135.78184586589802,
              35.00142536479641
            ],
            [
              135.78197960801427,
              35.001477938171945
            ],
            [
              135.7821219337564,
              35.00143307146483
            ],
            [
              135.7822720177333,
              35.00133994833013
            ],
            [
              135.7823451080533,
              35.00128028211248
            ],
            [
              135.7823715803678,
              35.001273927325045
            ],
            [
              135.782354235406,
              35.001235909134465
            ],
            [
              135.78235293021123,
              35.00122198898065
            ],
            [
              135.78231283819042,
              35.001230327819556
            ]
          ]
        ],
        "type": "Polygon"
      },
      "properties": {
        "KINDC": 2,
        "NATURALC": 2,
        "NEWCITYC": 26105,
        "_ablepath_display_only": true,
        "_ablepath_geometry_transform": "NONE_WHOLE_SOURCE_FEATURE_INTERSECTION_SELECTION",
        "source_feature_id": "g_k_rzone:8223",
        "source_layer_id": "g_k_rzone",
        "source_class": "NATURALC=2;KINDC=2",
        "source_id": "kyoto_city_landslide_gis_20260830",
        "scenario_id": "KYOTO_LANDSLIDE_2026_g_k_rzone"
      },
      "type": "Feature"
    },
    {
      "geometry": {
        "coordinates": [
          [
            [
              [
                135.78341733253023,
                34.99956506642066
              ],
              [
                135.78340490459027,
                34.99940591199604
              ],
              [
                135.78340082584,
                34.99939264136876
              ],
              [
                135.7831645511215,
                34.99937911217753
              ],
              [
                135.78314627974208,
                34.99936088514149
              ],
              [
                135.78293721507632,
                34.999362618244795
              ],
              [
                135.78298648713195,
                34.99915367943486
              ],
              [
                135.7829245288613,
                34.99897680722289
              ],
              [
                135.782871453273,
                34.99877508196622
              ],
              [
                135.78284913566677,
                34.998779498923064
              ],
              [
                135.78280464513162,
                34.998788304236186
              ],
              [
                135.78285230516545,
                34.99898472008334
              ],
              [
                135.78291934244567,
                34.999153599952834
              ],
              [
                135.78286228845525,
                34.9993899899477
              ],
              [
                135.78296620174666,
                34.99946924112662
              ],
              [
                135.78296966242823,
                34.999458907435866
              ],
              [
                135.78296545973325,
                34.99950629658742
              ],
              [
                135.78298200549676,
                34.9995108849081
              ],
              [
                135.78297300828856,
                34.99963521148514
              ],
              [
                135.78301943050326,
                34.99974019148644
              ],
              [
                135.78306067932945,
                34.99989637210972
              ],
              [
                135.78314332097065,
                34.99988276060688
              ],
              [
                135.78331070632666,
                34.9998551905119
              ],
              [
                135.78346242466816,
                34.999678601550194
              ],
              [
                135.78341733253023,
                34.99956506642066
              ]
            ]
          ],
          [
            [
              [
                135.78243357389943,
                34.99969892829081
              ],
              [
                135.78243139096907,
                34.99969875039456
              ],
              [
                135.78229249928467,
                34.99971685805417
              ],
              [
                135.782209264631,
                34.99972770941185
              ],
              [
                135.78223536805586,
                34.999896386380975
              ],
              [
                135.7821937550392,
                35.00002046146353
              ],
              [
                135.7822283133954,
                35.00003509664853
              ],
              [
                135.78246247569507,
                34.99988833415383
              ],
              [
                135.78243357389943,
                34.99969892829081
              ]
            ]
          ]
        ],
        "type": "MultiPolygon"
      },
      "properties": {
        "KINDC": 2,
        "NATURALC": 2,
        "NEWCITYC": 26105,
        "_ablepath_display_only": true,
        "_ablepath_geometry_transform": "NONE_WHOLE_SOURCE_FEATURE_INTERSECTION_SELECTION",
        "source_feature_id": "g_k_rzone:8224",
        "source_layer_id": "g_k_rzone",
        "source_class": "NATURALC=2;KINDC=2",
        "source_id": "kyoto_city_landslide_gis_20260830",
        "scenario_id": "KYOTO_LANDSLIDE_2026_g_k_rzone"
      },
      "type": "Feature"
    },
    {
      "geometry": {
        "coordinates": [
          [
            [
              135.78009234669992,
              34.999390962600096
            ],
            [
              135.7801023327373,
              34.99963001484532
            ],
            [
              135.78013138605618,
              34.999853317754
            ],
            [
              135.78016403921325,
              35.00007467007264
            ],
            [
              135.7801924943278,
              35.0001956882305
            ],
            [
              135.78017681603671,
              35.000374700151895
            ],
            [
              135.78019291873892,
              35.00060519584488
            ],
            [
              135.78022301620226,
              35.00081516151806
            ],
            [
              135.7802948595258,
              35.001038773484495
            ],
            [
              135.78034422664572,
              35.001107899286446
            ],
            [
              135.78038188145234,
              35.00109823513191
            ],
            [
              135.7803849686481,
              35.00109744291501
            ],
            [
              135.78041379407966,
              35.00100587583964
            ],
            [
              135.78033320670184,
              35.000800367690985
            ],
            [
              135.78026709711486,
              35.000600694769844
            ],
            [
              135.78025657594858,
              35.00037390702481
            ],
            [
              135.78038327253424,
              35.00022539714104
            ],
            [
              135.78031852884644,
              35.000022248824294
            ],
            [
              135.7802749894707,
              34.999841274477156
            ],
            [
              135.78025794862543,
              34.99961538899534
            ],
            [
              135.78020283706945,
              34.99946120432461
            ],
            [
              135.78038880674177,
              34.99947273626575
            ],
            [
              135.78064429620892,
              34.99943110037196
            ],
            [
              135.7806447137168,
              34.999420385335576
            ],
            [
              135.78064615202277,
              34.999383485300164
            ],
            [
              135.78039159575096,
              34.99938424566502
            ],
            [
              135.78009234669992,
              34.999390962600096
            ]
          ]
        ],
        "type": "Polygon"
      },
      "properties": {
        "KINDC": 2,
        "NATURALC": 2,
        "NEWCITYC": 26105,
        "_ablepath_display_only": true,
        "_ablepath_geometry_transform": "NONE_WHOLE_SOURCE_FEATURE_INTERSECTION_SELECTION",
        "source_feature_id": "g_k_rzone:8225",
        "source_layer_id": "g_k_rzone",
        "source_class": "NATURALC=2;KINDC=2",
        "source_id": "kyoto_city_landslide_gis_20260830",
        "scenario_id": "KYOTO_LANDSLIDE_2026_g_k_rzone"
      },
      "type": "Feature"
    },
    {
      "geometry": {
        "coordinates": [
          [
            [
              135.7840526310559,
              34.99889039563602
            ],
            [
              135.78409552439737,
              34.998962028938976
            ],
            [
              135.78410503784085,
              34.99897791626498
            ],
            [
              135.78426062833742,
              34.99908367676007
            ],
            [
              135.7843791030979,
              34.99913124785802
            ],
            [
              135.78445214130014,
              34.99904207779129
            ],
            [
              135.78452268448328,
              34.99883811346516
            ],
            [
              135.78457329189337,
              34.99868481608494
            ],
            [
              135.78460632500472,
              34.99857784387492
            ],
            [
              135.7846269697991,
              34.99850143480636
            ],
            [
              135.7843659567624,
              34.99844093074693
            ],
            [
              135.78433137936173,
              34.99843032300721
            ],
            [
              135.78430337854843,
              34.998421732717226
            ],
            [
              135.784239308375,
              34.99840207676043
            ],
            [
              135.78419455778578,
              34.99849004214968
            ],
            [
              135.78416946163617,
              34.99861145911705
            ],
            [
              135.7841830961658,
              34.99877389608695
            ],
            [
              135.7841520090554,
              34.99885546275932
            ],
            [
              135.7840526310559,
              34.99889039563602
            ]
          ]
        ],
        "type": "Polygon"
      },
      "properties": {
        "KINDC": 2,
        "NATURALC": 2,
        "NEWCITYC": 26105,
        "_ablepath_display_only": true,
        "_ablepath_geometry_transform": "NONE_WHOLE_SOURCE_FEATURE_INTERSECTION_SELECTION",
        "source_feature_id": "g_k_rzone:8226",
        "source_layer_id": "g_k_rzone",
        "source_class": "NATURALC=2;KINDC=2",
        "source_id": "kyoto_city_landslide_gis_20260830",
        "scenario_id": "KYOTO_LANDSLIDE_2026_g_k_rzone"
      },
      "type": "Feature"
    },
    {
      "geometry": {
        "coordinates": [
          [
            [
              [
                135.78267738150967,
                34.99661777519838
              ],
              [
                135.78267623132746,
                34.99661774248936
              ],
              [
                135.78266269014128,
                34.996624705556734
              ],
              [
                135.78264392401226,
                34.99663435466893
              ],
              [
                135.78272389340637,
                34.99669923521899
              ],
              [
                135.782759471394,
                34.99677027627638
              ],
              [
                135.78277288045166,
                34.99676647442382
              ],
              [
                135.78273423129673,
                34.99669478782898
              ],
              [
                135.78268668592636,
                34.99661804336467
              ],
              [
                135.78267738150967,
                34.99661777519838
              ]
            ]
          ],
          [
            [
              [
                135.78219121849992,
                34.99679362126801
              ],
              [
                135.78222464934993,
                34.996792535471826
              ],
              [
                135.78225904205468,
                34.996795581935594
              ],
              [
                135.78227169073054,
                34.99671696562553
              ],
              [
                135.78228042683506,
                34.996678261273665
              ],
              [
                135.7822135554112,
                34.996631622676084
              ],
              [
                135.7821960131019,
                34.996630029855744
              ],
              [
                135.78215044603172,
                34.99662589327564
              ],
              [
                135.78213986062863,
                34.99662493224204
              ],
              [
                135.78212009743632,
                34.996704473301804
              ],
              [
                135.78212497690018,
                34.99679577321181
              ],
              [
                135.78219121849992,
                34.99679362126801
              ]
            ]
          ]
        ],
        "type": "MultiPolygon"
      },
      "properties": {
        "KINDC": 2,
        "NATURALC": 2,
        "NEWCITYC": 26105,
        "_ablepath_display_only": true,
        "_ablepath_geometry_transform": "NONE_WHOLE_SOURCE_FEATURE_INTERSECTION_SELECTION",
        "source_feature_id": "g_k_rzone:8227",
        "source_layer_id": "g_k_rzone",
        "source_class": "NATURALC=2;KINDC=2",
        "source_id": "kyoto_city_landslide_gis_20260830",
        "scenario_id": "KYOTO_LANDSLIDE_2026_g_k_rzone"
      },
      "type": "Feature"
    },
    {
      "geometry": {
        "coordinates": [
          [
            [
              [
                135.78383814927432,
                34.994662995132984
              ],
              [
                135.7839907966173,
                34.99457192876186
              ],
              [
                135.7841118035834,
                34.994513290488044
              ],
              [
                135.78416056433113,
                34.99430197834086
              ],
              [
                135.78431093135998,
                34.994341465930795
              ],
              [
                135.78436199074412,
                34.994418381900694
              ],
              [
                135.78452132493027,
                34.994483605962884
              ],
              [
                135.78466490969808,
                34.99448656964776
              ],
              [
                135.7849044002594,
                34.99447238313311
              ],
              [
                135.78506965240777,
                34.994458938266206
              ],
              [
                135.78502959300818,
                34.99430618408138
              ],
              [
                135.78502014414167,
                34.99431559043965
              ],
              [
                135.78499034041093,
                34.994319572650426
              ],
              [
                135.78497450433616,
                34.994321688304574
              ],
              [
                135.78499799672466,
                34.99440162920047
              ],
              [
                135.78490378726667,
                34.99438846309356
              ],
              [
                135.78469447518685,
                34.99437740601708
              ],
              [
                135.78455653355422,
                34.99439818994919
              ],
              [
                135.7844442018613,
                34.99429855365761
              ],
              [
                135.78437515354221,
                34.9942781578322
              ],
              [
                135.78398542952016,
                34.99408427861677
              ],
              [
                135.78394982878947,
                34.99444837309945
              ],
              [
                135.7838991341069,
                34.99447957117135
              ],
              [
                135.7838033689043,
                34.994618558232176
              ],
              [
                135.78372621585774,
                34.994642437836085
              ],
              [
                135.7837704764496,
                34.99443402598466
              ],
              [
                135.78376855338115,
                34.99418223865628
              ],
              [
                135.78349579329162,
                34.99408033330801
              ],
              [
                135.7833455554823,
                34.994086920088435
              ],
              [
                135.78326340780114,
                34.99409905151585
              ],
              [
                135.78323290411043,
                34.99408016530009
              ],
              [
                135.7831955395895,
                34.99412067474883
              ],
              [
                135.78316199926556,
                34.99415703883483
              ],
              [
                135.78323140765448,
                34.9942077389826
              ],
              [
                135.78335280056766,
                34.99417682332442
              ],
              [
                135.7834746607402,
                34.99419057001818
              ],
              [
                135.78366354401746,
                34.9942257675773
              ],
              [
                135.7836411886413,
                34.994445245244755
              ],
              [
                135.78367319785693,
                34.99470638305953
              ],
              [
                135.78383814927432,
                34.994662995132984
              ]
            ]
          ],
          [
            [
              [
                135.7853739099185,
                34.99417706329549
              ],
              [
                135.78534615873238,
                34.994057012041615
              ],
              [
                135.7852864313385,
                34.994065680454405
              ],
              [
                135.78514541467067,
                34.99412280067258
              ],
              [
                135.78511582452757,
                34.99413478566201
              ],
              [
                135.7850663394496,
                34.9941548306454
              ],
              [
                135.7851118842141,
                34.99423912230268
              ],
              [
                135.7852262881959,
                34.994515284336906
              ],
              [
                135.78530310008742,
                34.99467174900645
              ],
              [
                135.7853696573112,
                34.994883702744275
              ],
              [
                135.78540879270747,
                34.99488255944537
              ],
              [
                135.78541739995413,
                34.99465544873499
              ],
              [
                135.78541870160748,
                34.99450426242167
              ],
              [
                135.7853739099185,
                34.99417706329549
              ]
            ]
          ],
          [
            [
              [
                135.78412319593681,
                34.99474793872033
              ],
              [
                135.7842616601231,
                34.99468692080304
              ],
              [
                135.78446114171686,
                34.994693564694145
              ],
              [
                135.78467079156997,
                34.99468971873283
              ],
              [
                135.78467564862459,
                34.99469148792272
              ],
              [
                135.78475157947395,
                34.99477324637172
              ],
              [
                135.7852742733581,
                34.99473194972332
              ],
              [
                135.78527129059927,
                34.994714675845934
              ],
              [
                135.78526523116201,
                34.99467959876053
              ],
              [
                135.7847840356247,
                34.9947349066048
              ],
              [
                135.78482980620868,
                34.994562573961026
              ],
              [
                135.78478177082224,
                34.99451329818106
              ],
              [
                135.78445991098374,
                34.99457635038749
              ],
              [
                135.78421065309124,
                34.99454245306671
              ],
              [
                135.7840431411887,
                34.99462660422412
              ],
              [
                135.78379574371982,
                34.994756300421614
              ],
              [
                135.78356878845892,
                34.99486836550409
              ],
              [
                135.78359336114872,
                34.99491656955672
              ],
              [
                135.7836163121739,
                34.994961593925844
              ],
              [
                135.78386839140472,
                34.99486734871478
              ],
              [
                135.78412319593681,
                34.99474793872033
              ]
            ]
          ],
          [
            [
              [
                135.7862312922201,
                34.99431244372764
              ],
              [
                135.78620954574592,
                34.99427469594693
              ],
              [
                135.78575382607443,
                34.99436991741118
              ],
              [
                135.78558314479488,
                34.994423799978016
              ],
              [
                135.78556125058128,
                34.99443985709526
              ],
              [
                135.78549858839204,
                34.994485812532034
              ],
              [
                135.78558421691753,
                34.994557920209616
              ],
              [
                135.78563703027592,
                34.99476007486851
              ],
              [
                135.7856931137635,
                34.99496185214508
              ],
              [
                135.78561957563588,
                34.99499259232404
              ],
              [
                135.78538836451705,
                34.99500881508115
              ],
              [
                135.7852746907378,
                34.99522309233706
              ],
              [
                135.78530832221713,
                34.9954465312003
              ],
              [
                135.78538350559612,
                34.99544290769842
              ],
              [
                135.785405902184,
                34.99544182766065
              ],
              [
                135.7855042718688,
                34.99539685938273
              ],
              [
                135.78550089247034,
                34.99523389519586
              ],
              [
                135.7855322294941,
                34.99518398195766
              ],
              [
                135.78566369031492,
                34.995129149497046
              ],
              [
                135.7856674257722,
                34.9951279309912
              ],
              [
                135.7857973078774,
                34.99499656151124
              ],
              [
                135.78612643306934,
                34.99465828376911
              ],
              [
                135.7862312922201,
                34.99431244372764
              ]
            ]
          ],
          [
            [
              [
                135.78469618133957,
                34.995040213778815
              ],
              [
                135.7847164451672,
                34.995009763728525
              ],
              [
                135.7849546878523,
                34.99502552361421
              ],
              [
                135.78519108000478,
                34.995072870047316
              ],
              [
                135.7852036052709,
                34.995055823734596
              ],
              [
                135.78522827100082,
                34.995022255982676
              ],
              [
                135.784959587838,
                34.995000000798825
              ],
              [
                135.78466041205428,
                34.99494398399233
              ],
              [
                135.7846062782135,
                34.995019668415274
              ],
              [
                135.7846399254136,
                34.995117617165306
              ],
              [
                135.78464450041218,
                34.99529188976029
              ],
              [
                135.78468702331742,
                34.99537938544177
              ],
              [
                135.78494614809077,
                34.995507330916894
              ],
              [
                135.7851993392098,
                34.995601407850856
              ],
              [
                135.78538318762097,
                34.995659546206035
              ],
              [
                135.78540773840774,
                34.99562389040863
              ],
              [
                135.78541921764875,
                34.99560721814019
              ],
              [
                135.78523632963962,
                34.99553372676405
              ],
              [
                135.7850047075262,
                34.99541159643158
              ],
              [
                135.78476054815184,
                34.99531005378611
              ],
              [
                135.78473083977636,
                34.99527915093273
              ],
              [
                135.78470445132714,
                34.99510997173954
              ],
              [
                135.78469618133957,
                34.995040213778815
              ]
            ]
          ],
          [
            [
              [
                135.78527090568628,
                34.99567109384249
              ],
              [
                135.7851768775955,
                34.99566298913251
              ],
              [
                135.78506508595706,
                34.99581381758396
              ],
              [
                135.78502558397386,
                34.99587538128572
              ],
              [
                135.78504838530512,
                34.99595208193965
              ],
              [
                135.78496689187773,
                34.99597061972865
              ],
              [
                135.7849556390533,
                34.99608788040451
              ],
              [
                135.78472588711094,
                34.99615182840321
              ],
              [
                135.78473994451926,
                34.99618149102413
              ],
              [
                135.78474117017504,
                34.99618407591457
              ],
              [
                135.78499648679747,
                34.99611414592342
              ],
              [
                135.785014444469,
                34.99600003424032
              ],
              [
                135.78510455581542,
                34.9959769952996
              ],
              [
                135.78512027085642,
                34.99589892498778
              ],
              [
                135.7851487739596,
                34.99585377202018
              ],
              [
                135.78524031332935,
                34.99574487750324
              ],
              [
                135.7852981569825,
                34.995720551723984
              ],
              [
                135.78529344646188,
                34.99571340103008
              ],
              [
                135.78529357558295,
                34.99570548723513
              ],
              [
                135.78527090568628,
                34.99567109384249
              ]
            ]
          ]
        ],
        "type": "MultiPolygon"
      },
      "properties": {
        "KINDC": 2,
        "NATURALC": 2,
        "NEWCITYC": 26105,
        "_ablepath_display_only": true,
        "_ablepath_geometry_transform": "NONE_WHOLE_SOURCE_FEATURE_INTERSECTION_SELECTION",
        "source_feature_id": "g_k_rzone:8228",
        "source_layer_id": "g_k_rzone",
        "source_class": "NATURALC=2;KINDC=2",
        "source_id": "kyoto_city_landslide_gis_20260830",
        "scenario_id": "KYOTO_LANDSLIDE_2026_g_k_rzone"
      },
      "type": "Feature"
    },
    {
      "geometry": {
        "coordinates": [
          [
            [
              135.77859711070258,
              34.99647529798826
            ],
            [
              135.77867342466402,
              34.99648676503469
            ],
            [
              135.77872860437208,
              34.996497839236454
            ],
            [
              135.77875929247574,
              34.99645954655469
            ],
            [
              135.77886391431326,
              34.99644481691086
            ],
            [
              135.7788327475216,
              34.99621640289389
            ],
            [
              135.7788059418795,
              34.9962042382752
            ],
            [
              135.7788022348346,
              34.996204612843535
            ],
            [
              135.77875107038446,
              34.99620978059949
            ],
            [
              135.77879909474663,
              34.99640344837361
            ],
            [
              135.77868162524464,
              34.9963904279717
            ],
            [
              135.77859711070258,
              34.99647529798826
            ]
          ]
        ],
        "type": "Polygon"
      },
      "properties": {
        "KINDC": 2,
        "NATURALC": 2,
        "NEWCITYC": 26105,
        "_ablepath_display_only": true,
        "_ablepath_geometry_transform": "NONE_WHOLE_SOURCE_FEATURE_INTERSECTION_SELECTION",
        "source_feature_id": "g_k_rzone:8229",
        "source_layer_id": "g_k_rzone",
        "source_class": "NATURALC=2;KINDC=2",
        "source_id": "kyoto_city_landslide_gis_20260830",
        "scenario_id": "KYOTO_LANDSLIDE_2026_g_k_rzone"
      },
      "type": "Feature"
    },
    {
      "geometry": {
        "coordinates": [
          [
            [
              [
                135.78128849247057,
                34.99461488305536
              ],
              [
                135.7813964439574,
                34.994594784443564
              ],
              [
                135.7817543328561,
                34.99459566993316
              ],
              [
                135.78191308710066,
                34.99462530354552
              ],
              [
                135.7819179235931,
                34.99461869452641
              ],
              [
                135.7817734053407,
                34.99452989855242
              ],
              [
                135.78139318894418,
                34.99452818683392
              ],
              [
                135.78128444626293,
                34.994530300549705
              ],
              [
                135.78109300219666,
                34.994528397760135
              ],
              [
                135.7808207074676,
                34.994532173142446
              ],
              [
                135.78058613156202,
                34.994434244389836
              ],
              [
                135.78059800867027,
                34.99418751038167
              ],
              [
                135.780593988693,
                34.99418655206361
              ],
              [
                135.78055504311982,
                34.99418316605928
              ],
              [
                135.78051344857192,
                34.99446871060866
              ],
              [
                135.7808162068732,
                34.994546301001954
              ],
              [
                135.7810851659955,
                34.99462520173945
              ],
              [
                135.78128849247057,
                34.99461488305536
              ]
            ]
          ],
          [
            [
              [
                135.78272628056624,
                34.99496951845675
              ],
              [
                135.7827356181066,
                34.99492816570997
              ],
              [
                135.7826429824073,
                34.99499255701741
              ],
              [
                135.78264633081352,
                34.99500101521485
              ],
              [
                135.7827425386562,
                34.995021677882384
              ],
              [
                135.7827277861301,
                34.9949743467315
              ],
              [
                135.78272628056624,
                34.99496951845675
              ]
            ]
          ],
          [
            [
              [
                135.78203118187125,
                34.9950723302917
              ],
              [
                135.78203022883682,
                34.995064469546904
              ],
              [
                135.78186635289194,
                34.99507138338232
              ],
              [
                135.78186719947092,
                34.995080963044444
              ],
              [
                135.781867285623,
                34.99508193588763
              ],
              [
                135.78203118187125,
                34.9950723302917
              ]
            ]
          ],
          [
            [
              [
                135.78158983460435,
                34.99520457363779
              ],
              [
                135.78158553028038,
                34.99519640306446
              ],
              [
                135.7815160488425,
                34.995206648576705
              ],
              [
                135.781521078769,
                34.995219613585235
              ],
              [
                135.78152580513552,
                34.99523179737249
              ],
              [
                135.78159374654058,
                34.99521199798765
              ],
              [
                135.78158983460435,
                34.99520457363779
              ]
            ]
          ],
          [
            [
              [
                135.78297410210965,
                34.99503735397755
              ],
              [
                135.78293485865504,
                34.995035818925956
              ],
              [
                135.78290447734673,
                34.99516214287852
              ],
              [
                135.78278121724176,
                34.99516195305069
              ],
              [
                135.7827927464096,
                34.99520699860383
              ],
              [
                135.7828134258843,
                34.99528778676574
              ],
              [
                135.7828144312743,
                34.99528829879752
              ],
              [
                135.78295512454955,
                34.99519777938238
              ],
              [
                135.78297410210965,
                34.99503735397755
              ]
            ]
          ],
          [
            [
              [
                135.78350263211894,
                34.995919891354504
              ],
              [
                135.78350236887175,
                34.99591918503248
              ],
              [
                135.78336997009686,
                34.99594937894164
              ],
              [
                135.7832998583115,
                34.99595547847828
              ],
              [
                135.78329999417485,
                34.99595713202042
              ],
              [
                135.78330222865281,
                34.99598426400553
              ],
              [
                135.78337771292607,
                34.995989728220515
              ],
              [
                135.78351229169402,
                34.99594583852069
              ],
              [
                135.78350263211894,
                34.995919891354504
              ]
            ]
          ],
          [
            [
              [
                135.78248679825379,
                34.99591315442936
              ],
              [
                135.78248679399113,
                34.99591310934813
              ],
              [
                135.7822056334475,
                34.99593835221659
              ],
              [
                135.78204044273338,
                34.99600542365565
              ],
              [
                135.78204909827892,
                34.99601695099199
              ],
              [
                135.78221073311266,
                34.995952756069684
              ],
              [
                135.78249546574534,
                34.99592474125272
              ],
              [
                135.78248679825379,
                34.99591315442936
              ]
            ]
          ],
          [
            [
              [
                135.7823300050718,
                34.99615137854782
              ],
              [
                135.7823263370919,
                34.99613948876804
              ],
              [
                135.7820841454372,
                34.996181705619286
              ],
              [
                135.78209472406567,
                34.99621743731944
              ],
              [
                135.78210200197253,
                34.996242018196824
              ],
              [
                135.78210626144494,
                34.99625640431908
              ],
              [
                135.78234045615486,
                34.99618525747347
              ],
              [
                135.7823398913465,
                34.99618342737424
              ],
              [
                135.7823300050718,
                34.99615137854782
              ]
            ]
          ],
          [
            [
              [
                135.78405156933803,
                34.99598672967836
              ],
              [
                135.78405132718513,
                34.99598549783686
              ],
              [
                135.78379965984314,
                34.99609101794657
              ],
              [
                135.78373296357842,
                34.99615379575289
              ],
              [
                135.78362189352785,
                34.996169058084924
              ],
              [
                135.78359112955872,
                34.996302405774316
              ],
              [
                135.7836155728175,
                34.99633419017121
              ],
              [
                135.7836156110313,
                34.996334238918806
              ],
              [
                135.78364017112736,
                34.99636617496615
              ],
              [
                135.78368285439944,
                34.99622599912035
              ],
              [
                135.7837480633876,
                34.996173518912016
              ],
              [
                135.78382484161298,
                34.99614191482354
              ],
              [
                135.78405606624156,
                34.9960096918589
              ],
              [
                135.78405156933803,
                34.99598672967836
              ]
            ]
          ],
          [
            [
              [
                135.78163796001422,
                34.996368002591865
              ],
              [
                135.7816251793402,
                34.996340628044024
              ],
              [
                135.78162448545785,
                34.99633914297314
              ],
              [
                135.7815602994111,
                34.99632807912319
              ],
              [
                135.78149998247608,
                34.996346757253626
              ],
              [
                135.7815057014042,
                34.996357709612354
              ],
              [
                135.7815096993147,
                34.99636536579659
              ],
              [
                135.78156894542224,
                34.99634730504592
              ],
              [
                135.78163796001422,
                34.996368002591865
              ]
            ]
          ]
        ],
        "type": "MultiPolygon"
      },
      "properties": {
        "KINDC": 2,
        "NATURALC": 2,
        "NEWCITYC": 26105,
        "_ablepath_display_only": true,
        "_ablepath_geometry_transform": "NONE_WHOLE_SOURCE_FEATURE_INTERSECTION_SELECTION",
        "source_feature_id": "g_k_rzone:8230",
        "source_layer_id": "g_k_rzone",
        "source_class": "NATURALC=2;KINDC=2",
        "source_id": "kyoto_city_landslide_gis_20260830",
        "scenario_id": "KYOTO_LANDSLIDE_2026_g_k_rzone"
      },
      "type": "Feature"
    },
    {
      "geometry": {
        "coordinates": [
          [
            [
              135.77927693007726,
              34.99221837179318
            ],
            [
              135.77938176493225,
              34.99196707225065
            ],
            [
              135.77964763313327,
              34.991841882602714
            ],
            [
              135.7799419801376,
              34.991735273758934
            ],
            [
              135.77993026875447,
              34.99170709143002
            ],
            [
              135.77992912808602,
              34.991704348885804
            ],
            [
              135.77962877774215,
              34.9918099101091
            ],
            [
              135.77933886154736,
              34.99192573478574
            ],
            [
              135.77915357093008,
              34.99215719530101
            ],
            [
              135.7792220288541,
              34.992191929140496
            ],
            [
              135.7792590085616,
              34.99221069201915
            ],
            [
              135.77927117979647,
              34.992216866697554
            ],
            [
              135.77926388055963,
              34.99221495763019
            ],
            [
              135.77922329800018,
              34.99220434021692
            ],
            [
              135.77926253114848,
              34.99240258855425
            ],
            [
              135.7793150672034,
              34.99239403353173
            ],
            [
              135.77934590848784,
              34.99238901069279
            ],
            [
              135.77934777919717,
              34.99238789716835
            ],
            [
              135.7793182307543,
              34.99222917619713
            ],
            [
              135.77927828855954,
              34.992218726738685
            ],
            [
              135.77927693007726,
              34.99221837179318
            ]
          ]
        ],
        "type": "Polygon"
      },
      "properties": {
        "KINDC": 2,
        "NATURALC": 2,
        "NEWCITYC": 26105,
        "_ablepath_display_only": true,
        "_ablepath_geometry_transform": "NONE_WHOLE_SOURCE_FEATURE_INTERSECTION_SELECTION",
        "source_feature_id": "g_k_rzone:8231",
        "source_layer_id": "g_k_rzone",
        "source_class": "NATURALC=2;KINDC=2",
        "source_id": "kyoto_city_landslide_gis_20260830",
        "scenario_id": "KYOTO_LANDSLIDE_2026_g_k_rzone"
      },
      "type": "Feature"
    },
    {
      "geometry": {
        "coordinates": [
          [
            [
              [
                135.78265288057867,
                34.990941725465206
              ],
              [
                135.78286534409648,
                34.99079840276137
              ],
              [
                135.78274279189722,
                34.99064470598238
              ],
              [
                135.78269804351572,
                34.99054342115662
              ],
              [
                135.7827796714626,
                34.990437700065584
              ],
              [
                135.78272100239968,
                34.99042315799765
              ],
              [
                135.7826825096658,
                34.99041361642805
              ],
              [
                135.78263641486373,
                34.99043056633971
              ],
              [
                135.78264566869072,
                34.99054584792229
              ],
              [
                135.78268356486322,
                34.99066425028794
              ],
              [
                135.78273094255928,
                34.99077413897102
              ],
              [
                135.7826541929195,
                34.99082609410403
              ],
              [
                135.78256957215376,
                34.99079495716731
              ],
              [
                135.78245739531306,
                34.99076914808474
              ],
              [
                135.78238800146212,
                34.99063765570657
              ],
              [
                135.78225488018842,
                34.99051395853272
              ],
              [
                135.7822285314299,
                34.99052294583464
              ],
              [
                135.78219233367614,
                34.99053529147792
              ],
              [
                135.7822463789838,
                34.99069295233909
              ],
              [
                135.7823905671899,
                34.99085237308458
              ],
              [
                135.78254325450237,
                34.99085263403684
              ],
              [
                135.78265288057867,
                34.990941725465206
              ]
            ]
          ],
          [
            [
              [
                135.7818517906038,
                34.99097502156078
              ],
              [
                135.78161137118303,
                34.990908696192434
              ],
              [
                135.78157163864628,
                34.990945222705186
              ],
              [
                135.78184839390124,
                34.99098279426551
              ],
              [
                135.7818517906038,
                34.99097502156078
              ]
            ]
          ],
          [
            [
              [
                135.7813961008966,
                34.991413371462286
              ],
              [
                135.7815965290996,
                34.99135666265011
              ],
              [
                135.78177524726215,
                34.991387706202424
              ],
              [
                135.7818368469243,
                34.991384150618586
              ],
              [
                135.78188877455406,
                34.9913865751256
              ],
              [
                135.78193786022211,
                34.9913928807546
              ],
              [
                135.78198883646323,
                34.99139841178774
              ],
              [
                135.78202943103054,
                34.991401592953096
              ],
              [
                135.78205573871745,
                34.991399123269744
              ],
              [
                135.782239850048,
                34.99130231274147
              ],
              [
                135.78240940280713,
                34.9912427499329
              ],
              [
                135.78256250354778,
                34.991165237948906
              ],
              [
                135.78255641007058,
                34.991147707815436
              ],
              [
                135.78255402704207,
                34.991140850552014
              ],
              [
                135.78237977470303,
                34.99119192408552
              ],
              [
                135.7822226384744,
                34.99126726596683
              ],
              [
                135.78203014432657,
                34.991258966836206
              ],
              [
                135.78183669532802,
                34.99122206105554
              ],
              [
                135.78159209015175,
                34.991205837388584
              ],
              [
                135.78134473893758,
                34.99128061645521
              ],
              [
                135.78114883289382,
                34.991440124321954
              ],
              [
                135.78115138125028,
                34.991445325003724
              ],
              [
                135.78115694537044,
                34.99145667736181
              ],
              [
                135.78115703906548,
                34.99145686954435
              ],
              [
                135.7813961008966,
                34.991413371462286
              ]
            ]
          ],
          [
            [
              [
                135.7801557292911,
                34.991708935042126
              ],
              [
                135.7803965411841,
                34.99162956709894
              ],
              [
                135.78067403087041,
                34.99167089729709
              ],
              [
                135.7808885380694,
                34.99160823201762
              ],
              [
                135.78100175408466,
                34.991476910536
              ],
              [
                135.78103750120482,
                34.99151142478725
              ],
              [
                135.781034197878,
                34.99149355795283
              ],
              [
                135.78101073176177,
                34.991448692607364
              ],
              [
                135.78101570389194,
                34.991433064631615
              ],
              [
                135.7809908044956,
                34.99141059198109
              ],
              [
                135.780839829328,
                34.99154186963924
              ],
              [
                135.7806667734503,
                34.991623751593984
              ],
              [
                135.78038557694268,
                34.991569319883304
              ],
              [
                135.78013826851563,
                34.99166619796365
              ],
              [
                135.78013952569097,
                34.99167535108827
              ],
              [
                135.78013999738548,
                34.991678791060274
              ],
              [
                135.7801557292911,
                34.991708935042126
              ]
            ]
          ]
        ],
        "type": "MultiPolygon"
      },
      "properties": {
        "KINDC": 2,
        "NATURALC": 2,
        "NEWCITYC": 26105,
        "_ablepath_display_only": true,
        "_ablepath_geometry_transform": "NONE_WHOLE_SOURCE_FEATURE_INTERSECTION_SELECTION",
        "source_feature_id": "g_k_rzone:8232",
        "source_layer_id": "g_k_rzone",
        "source_class": "NATURALC=2;KINDC=2",
        "source_id": "kyoto_city_landslide_gis_20260830",
        "scenario_id": "KYOTO_LANDSLIDE_2026_g_k_rzone"
      },
      "type": "Feature"
    },
    {
      "geometry": {
        "coordinates": [
          [
            [
              [
                135.78788783186815,
                34.98944382417164
              ],
              [
                135.78787799443512,
                34.98943859647062
              ],
              [
                135.78781408746173,
                34.98951513615245
              ],
              [
                135.78772781904297,
                34.98960094171023
              ],
              [
                135.78773806658324,
                34.98960558328137
              ],
              [
                135.78773864209123,
                34.98960584391174
              ],
              [
                135.7878239950186,
                34.98952120775991
              ],
              [
                135.78788810753298,
                34.98944396979041
              ],
              [
                135.78788783186815,
                34.98944382417164
              ]
            ]
          ],
          [
            [
              [
                135.78739948889336,
                34.989734497396206
              ],
              [
                135.78738791779142,
                34.989733368322064
              ],
              [
                135.787409443111,
                34.98983522107887
              ],
              [
                135.78737468659966,
                34.98984301925715
              ],
              [
                135.78737788581805,
                34.989851668182794
              ],
              [
                135.7874226844361,
                34.989839848987586
              ],
              [
                135.78739953269994,
                34.989734501078836
              ],
              [
                135.78739948889336,
                34.989734497396206
              ]
            ]
          ],
          [
            [
              [
                135.7865109272191,
                34.989982068380314
              ],
              [
                135.78666087303844,
                34.98981820617794
              ],
              [
                135.78669244856417,
                34.98978000134075
              ],
              [
                135.78676592431538,
                34.98968180765005
              ],
              [
                135.78690705529866,
                34.989626229915565
              ],
              [
                135.78690631351253,
                34.98961447160265
              ],
              [
                135.78690624511987,
                34.98961338791208
              ],
              [
                135.7868999342733,
                34.98960080128705
              ],
              [
                135.78674990447473,
                34.989667289236635
              ],
              [
                135.78664969318646,
                34.98974269898837
              ],
              [
                135.78657957697655,
                34.989740817884545
              ],
              [
                135.78647309729362,
                34.98991756366661
              ],
              [
                135.7862963829764,
                34.98990757633955
              ],
              [
                135.78584378260223,
                34.98985962640419
              ],
              [
                135.78556428270667,
                34.99005406848519
              ],
              [
                135.78531222094372,
                34.99022564389595
              ],
              [
                135.78506091418768,
                34.9904097046108
              ],
              [
                135.7851251852147,
                34.990462117323084
              ],
              [
                135.78519056470725,
                34.990515435237995
              ],
              [
                135.7852843692126,
                34.99053140128257
              ],
              [
                135.78549340268717,
                34.99036924063254
              ],
              [
                135.7856905182175,
                34.99017226082498
              ],
              [
                135.78588930051782,
                34.99004449781867
              ],
              [
                135.78634229146488,
                34.99004076232165
              ],
              [
                135.7865109272191,
                34.989982068380314
              ]
            ]
          ]
        ],
        "type": "MultiPolygon"
      },
      "properties": {
        "KINDC": 2,
        "NATURALC": 2,
        "NEWCITYC": 26105,
        "_ablepath_display_only": true,
        "_ablepath_geometry_transform": "NONE_WHOLE_SOURCE_FEATURE_INTERSECTION_SELECTION",
        "source_feature_id": "g_k_rzone:8233",
        "source_layer_id": "g_k_rzone",
        "source_class": "NATURALC=2;KINDC=2",
        "source_id": "kyoto_city_landslide_gis_20260830",
        "scenario_id": "KYOTO_LANDSLIDE_2026_g_k_rzone"
      },
      "type": "Feature"
    },
    {
      "geometry": {
        "coordinates": [
          [
            [
              [
                135.78465562507392,
                34.989721264479655
              ],
              [
                135.78497319050538,
                34.98962591239954
              ],
              [
                135.78496637373848,
                34.989612960583536
              ],
              [
                135.78493680245543,
                34.989556779794356
              ],
              [
                135.78493633909594,
                34.989553850087894
              ],
              [
                135.78489235670756,
                34.98927576781535
              ],
              [
                135.78493295965538,
                34.98886787721504
              ],
              [
                135.7849752620094,
                34.988705968243444
              ],
              [
                135.78482315504033,
                34.98866502610142
              ],
              [
                135.78425420208688,
                34.98942641291722
              ],
              [
                135.78399386475172,
                34.98965391180524
              ],
              [
                135.783792591322,
                34.989690585156374
              ],
              [
                135.78373770780064,
                34.989625427205354
              ],
              [
                135.78349046898842,
                34.98959308253679
              ],
              [
                135.78325195255437,
                34.98957131188917
              ],
              [
                135.78321039461065,
                34.98962017234722
              ],
              [
                135.78318649730147,
                34.989727373401
              ],
              [
                135.78317954136466,
                34.989758580789065
              ],
              [
                135.78317440118946,
                34.9897816357939
              ],
              [
                135.78342051017054,
                34.989810583242075
              ],
              [
                135.78365507624065,
                34.989860658178095
              ],
              [
                135.78374298264848,
                34.98994136860327
              ],
              [
                135.78405356909687,
                34.989872664861565
              ],
              [
                135.7843387647587,
                34.989754228741525
              ],
              [
                135.78465562507392,
                34.989721264479655
              ]
            ]
          ],
          [
            [
              [
                135.78500383413672,
                34.98964023608268
              ],
              [
                135.78499631396235,
                34.989636140896145
              ],
              [
                135.78493494090216,
                34.989707314368985
              ],
              [
                135.78483033681323,
                34.98981523096296
              ],
              [
                135.78481714057233,
                34.9899545879105
              ],
              [
                135.7848920282281,
                34.99001101038561
              ],
              [
                135.7848963188981,
                34.990010605112836
              ],
              [
                135.78492976332794,
                34.99000744790607
              ],
              [
                135.78489831450423,
                34.989945785534104
              ],
              [
                135.78492341566223,
                34.9898448758524
              ],
              [
                135.78500602152948,
                34.98975675263148
              ],
              [
                135.78507856450364,
                34.989680920251885
              ],
              [
                135.78504319503114,
                34.98966166437545
              ],
              [
                135.78500383413672,
                34.98964023608268
              ]
            ]
          ],
          [
            [
              [
                135.78487807087933,
                34.99017502127037
              ],
              [
                135.78477648764027,
                34.990075214060205
              ],
              [
                135.7847296726967,
                34.99011726230044
              ],
              [
                135.78469671977965,
                34.99017449066715
              ],
              [
                135.78469687416592,
                34.99017577103247
              ],
              [
                135.78483818814212,
                34.99021898484357
              ],
              [
                135.7850060380935,
                34.990286675397655
              ],
              [
                135.7850070536667,
                34.990285788343776
              ],
              [
                135.78503433474458,
                34.990261943111115
              ],
              [
                135.78487807087933,
                34.99017502127037
              ]
            ]
          ],
          [
            [
              [
                135.78361659040422,
                34.99057284509735
              ],
              [
                135.78358805210812,
                34.99053436084038
              ],
              [
                135.78336886942947,
                34.99064220438346
              ],
              [
                135.78322258936518,
                34.99082484400116
              ],
              [
                135.78301445124484,
                34.99089298412173
              ],
              [
                135.782845911425,
                34.99103730695938
              ],
              [
                135.78274532110504,
                34.99123262307537
              ],
              [
                135.78279173560693,
                34.99124948523329
              ],
              [
                135.78279279340845,
                34.99125087178782
              ],
              [
                135.78281178575037,
                34.991275789114866
              ],
              [
                135.78299139653754,
                34.991089510846486
              ],
              [
                135.78308621508032,
                34.991008518896855
              ],
              [
                135.78334092228633,
                34.99092275594143
              ],
              [
                135.78353830732235,
                34.99074653384527
              ],
              [
                135.7836701041321,
                34.99063424151172
              ],
              [
                135.7836602483282,
                34.990610647732254
              ],
              [
                135.78361659040422,
                34.99057284509735
              ]
            ]
          ]
        ],
        "type": "MultiPolygon"
      },
      "properties": {
        "KINDC": 2,
        "NATURALC": 2,
        "NEWCITYC": 26105,
        "_ablepath_display_only": true,
        "_ablepath_geometry_transform": "NONE_WHOLE_SOURCE_FEATURE_INTERSECTION_SELECTION",
        "source_feature_id": "g_k_rzone:8235",
        "source_layer_id": "g_k_rzone",
        "source_class": "NATURALC=2;KINDC=2",
        "source_id": "kyoto_city_landslide_gis_20260830",
        "scenario_id": "KYOTO_LANDSLIDE_2026_g_k_rzone"
      },
      "type": "Feature"
    },
    {
      "geometry": {
        "coordinates": [
          [
            [
              [
                135.78177520059512,
                34.99742745531779
              ],
              [
                135.78196231028858,
                34.99740114310928
              ],
              [
                135.78201839953047,
                34.99742036675421
              ],
              [
                135.7823128507952,
                34.99739124479528
              ],
              [
                135.7823120535286,
                34.9973799767716
              ],
              [
                135.78231154663877,
                34.997372819979816
              ],
              [
                135.78203602152652,
                34.997353130571994
              ],
              [
                135.78196505024076,
                34.99733626099474
              ],
              [
                135.78177117447268,
                34.99735570535283
              ],
              [
                135.7816036085553,
                34.997354825276204
              ],
              [
                135.78155245847577,
                34.99720596967323
              ],
              [
                135.7815104245691,
                34.99720042480107
              ],
              [
                135.78151039281167,
                34.997200420236545
              ],
              [
                135.78147843505394,
                34.99720816856071
              ],
              [
                135.7814560164949,
                34.99721360464607
              ],
              [
                135.7815531132902,
                34.99741880382568
              ],
              [
                135.78177520059512,
                34.99742745531779
              ]
            ]
          ],
          [
            [
              [
                135.7836605440454,
                34.997220341451936
              ],
              [
                135.78356813848234,
                34.997034335626054
              ],
              [
                135.78334458580227,
                34.99699011181971
              ],
              [
                135.78312333151737,
                34.997005759354074
              ],
              [
                135.78306114288412,
                34.99705324775667
              ],
              [
                135.78306316284588,
                34.99710187044602
              ],
              [
                135.78306584620248,
                34.997166450371424
              ],
              [
                135.78331230097965,
                34.99707507290912
              ],
              [
                135.78350151510782,
                34.99711358601831
              ],
              [
                135.78357099571159,
                34.99730224011499
              ],
              [
                135.783743664929,
                34.99734373065953
              ],
              [
                135.78382352804243,
                34.99757584232041
              ],
              [
                135.7838570695869,
                34.9975894340357
              ],
              [
                135.78386200530716,
                34.9977413372074
              ],
              [
                135.78385289288207,
                34.99778424365872
              ],
              [
                135.7838294068075,
                34.997905676958155
              ],
              [
                135.78383550049716,
                34.99790758630818
              ],
              [
                135.78385357469253,
                34.99791324727922
              ],
              [
                135.78385370932838,
                34.99791328988812
              ],
              [
                135.78389224813185,
                34.99778834780878
              ],
              [
                135.78389653777904,
                34.99774306550484
              ],
              [
                135.78392278144548,
                34.99755690060682
              ],
              [
                135.78388927934947,
                34.99753580512877
              ],
              [
                135.7837776354536,
                34.99731705531754
              ],
              [
                135.7836605440454,
                34.997220341451936
              ]
            ]
          ],
          [
            [
              [
                135.78222592879376,
                34.9984458414164
              ],
              [
                135.78224972769198,
                34.998407433637986
              ],
              [
                135.78197710889793,
                34.998431498624576
              ],
              [
                135.78196564110715,
                34.99832614287455
              ],
              [
                135.78214609016575,
                34.99821456084695
              ],
              [
                135.7821320743413,
                34.998021869567815
              ],
              [
                135.78218066437063,
                34.997924840315186
              ],
              [
                135.78230571014657,
                34.99769949115277
              ],
              [
                135.78234928876046,
                34.997845401269224
              ],
              [
                135.78234897070828,
                34.997845948793824
              ],
              [
                135.78235226516102,
                34.99785536967057
              ],
              [
                135.78256260525256,
                34.99778251643862
              ],
              [
                135.78255384591822,
                34.997687126845165
              ],
              [
                135.7825217091899,
                34.99764281783499
              ],
              [
                135.78252886777238,
                34.99760451811032
              ],
              [
                135.7827208449034,
                34.997538441421185
              ],
              [
                135.7828392128408,
                34.99773516233486
              ],
              [
                135.78306269272738,
                34.99774162879661
              ],
              [
                135.78306423700062,
                34.99772517338686
              ],
              [
                135.78306698517085,
                34.99769587415625
              ],
              [
                135.78306797599927,
                34.9976853106781
              ],
              [
                135.7828606819184,
                34.997685246582925
              ],
              [
                135.7827344461913,
                34.99751045162766
              ],
              [
                135.78247858105084,
                34.99757499496605
              ],
              [
                135.78247806593018,
                34.99764297943511
              ],
              [
                135.782464851085,
                34.9976706165147
              ],
              [
                135.78248618891715,
                34.997756082715
              ],
              [
                135.782365181621,
                34.99781798085
              ],
              [
                135.7823155127526,
                34.997665982997304
              ],
              [
                135.7821093994381,
                34.99779206808118
              ],
              [
                135.78191955822504,
                34.99802633971236
              ],
              [
                135.78195561489898,
                34.998199778210065
              ],
              [
                135.7819040987585,
                34.99830944074271
              ],
              [
                135.78189153927516,
                34.998455370037206
              ],
              [
                135.78221570126578,
                34.99852928040785
              ],
              [
                135.78222248005142,
                34.99847397917305
              ],
              [
                135.78222592879376,
                34.9984458414164
              ]
            ]
          ],
          [
            [
              [
                135.7839227898784,
                34.99865437298714
              ],
              [
                135.78395895007435,
                34.99854378711157
              ],
              [
                135.7840340868152,
                34.99837679607377
              ],
              [
                135.78411387544378,
                34.9983034175676
              ],
              [
                135.7841167274886,
                34.99827823101378
              ],
              [
                135.78391124518257,
                34.99794344647998
              ],
              [
                135.78388785446418,
                34.99793903360632
              ],
              [
                135.78387504333355,
                34.997936616490726
              ],
              [
                135.78386312265866,
                34.99797135601705
              ],
              [
                135.78378035377227,
                34.99797289528235
              ],
              [
                135.7835104216522,
                34.997951319778785
              ],
              [
                135.78323567973973,
                34.997937465207
              ],
              [
                135.7832335196562,
                34.99797516991105
              ],
              [
                135.7832326216168,
                34.99799085030907
              ],
              [
                135.7835060353427,
                34.99799744657375
              ],
              [
                135.78377936775294,
                34.99801914803911
              ],
              [
                135.78384794305413,
                34.998015590349745
              ],
              [
                135.78380662684845,
                34.99813598765252
              ],
              [
                135.78383198480893,
                34.998147200239714
              ],
              [
                135.78365211696212,
                34.99822493375107
              ],
              [
                135.7836633242843,
                34.99848169284777
              ],
              [
                135.7836343166908,
                34.9984989268701
              ],
              [
                135.78349698878117,
                34.99858635646081
              ],
              [
                135.78350347473298,
                34.99861279827374
              ],
              [
                135.78369150674953,
                34.998574855168776
              ],
              [
                135.78371339250197,
                34.99856423786704
              ],
              [
                135.7837927411068,
                34.99865833238471
              ],
              [
                135.7838090204714,
                34.998759165733425
              ],
              [
                135.78366367401588,
                34.99882084691944
              ],
              [
                135.7836823283343,
                34.9988571607857
              ],
              [
                135.78368978679484,
                34.9988716805561
              ],
              [
                135.7839096457423,
                34.99879734101542
              ],
              [
                135.7839227898784,
                34.99865437298714
              ]
            ]
          ],
          [
            [
              [
                135.78342700749917,
                34.998688852457676
              ],
              [
                135.78340170566804,
                34.99868872528292
              ],
              [
                135.78338878541507,
                34.99876800558663
              ],
              [
                135.78338444046125,
                34.998795485505084
              ],
              [
                135.7833899566397,
                34.99882575053657
              ],
              [
                135.7833135909255,
                34.99889268463919
              ],
              [
                135.78328196890985,
                34.99891667404432
              ],
              [
                135.7833151133767,
                34.9989327054819
              ],
              [
                135.78332055448342,
                34.99893533757442
              ],
              [
                135.78333958581993,
                34.9989071203244
              ],
              [
                135.7834132157649,
                34.99883445607876
              ],
              [
                135.7834185818987,
                34.99879859970449
              ],
              [
                135.78342151795417,
                34.99876988946697
              ],
              [
                135.78342700749917,
                34.998688852457676
              ]
            ]
          ]
        ],
        "type": "MultiPolygon"
      },
      "properties": {
        "KINDC": 2,
        "NATURALC": 2,
        "NEWCITYC": 26105,
        "_ablepath_display_only": true,
        "_ablepath_geometry_transform": "NONE_WHOLE_SOURCE_FEATURE_INTERSECTION_SELECTION",
        "source_feature_id": "g_k_rzone:9598",
        "source_layer_id": "g_k_rzone",
        "source_class": "NATURALC=2;KINDC=2",
        "source_id": "kyoto_city_landslide_gis_20260830",
        "scenario_id": "KYOTO_LANDSLIDE_2026_g_k_rzone"
      },
      "type": "Feature"
    },
    {
      "geometry": {
        "coordinates": [
          [
            [
              [
                135.77901000260772,
                34.99482730136159
              ],
              [
                135.77900545589713,
                34.994769622310564
              ],
              [
                135.77892018402449,
                34.99481259979289
              ],
              [
                135.77868849701292,
                34.99479126441368
              ],
              [
                135.7785228182406,
                34.99466925904188
              ],
              [
                135.77834425958667,
                34.994547615757604
              ],
              [
                135.77797993931742,
                34.994368710984276
              ],
              [
                135.77783103985624,
                34.99435803470213
              ],
              [
                135.77762770834707,
                34.99428362363177
              ],
              [
                135.7774737344962,
                34.99420834173026
              ],
              [
                135.7774473041133,
                34.994166725500904
              ],
              [
                135.7773781235376,
                34.99418412598613
              ],
              [
                135.77734254281683,
                34.99419307455598
              ],
              [
                135.777309081058,
                34.99420149062626
              ],
              [
                135.77719635681234,
                34.99422984154149
              ],
              [
                135.77727406484888,
                34.99436719809912
              ],
              [
                135.77749837413967,
                34.994486632567884
              ],
              [
                135.77775610281398,
                34.994578762717005
              ],
              [
                135.7778907586259,
                34.994614056575834
              ],
              [
                135.77818343298543,
                34.99473807711849
              ],
              [
                135.7783556255456,
                34.9948294267643
              ],
              [
                135.77858520633217,
                34.99499991199515
              ],
              [
                135.77895865353727,
                34.99503306172913
              ],
              [
                135.7790671018829,
                34.99500336722238
              ],
              [
                135.77903885479213,
                34.994916268771604
              ],
              [
                135.77902013824283,
                34.99485855401518
              ],
              [
                135.77901000260772,
                34.99482730136159
              ]
            ]
          ],
          [
            [
              [
                135.77994917473055,
                34.99438796655983
              ],
              [
                135.77982213355833,
                34.99437863045613
              ],
              [
                135.7796307713791,
                34.994449313850126
              ],
              [
                135.77943175569945,
                34.99453397208081
              ],
              [
                135.77940570388785,
                34.99463337965825
              ],
              [
                135.7793702615399,
                34.99465772080791
              ],
              [
                135.7793215987923,
                34.99469114098222
              ],
              [
                135.77928573056835,
                34.994715774311196
              ],
              [
                135.77921119462962,
                34.99481417689193
              ],
              [
                135.77921713633242,
                34.99485827869672
              ],
              [
                135.77922060660842,
                34.9948840427691
              ],
              [
                135.7792478910218,
                34.99508657472647
              ],
              [
                135.7797343368506,
                34.99497259630775
              ],
              [
                135.7799052022349,
                34.994887803622404
              ],
              [
                135.7799413517699,
                34.99487712811308
              ],
              [
                135.78004153834934,
                34.99486636760316
              ],
              [
                135.78001361201598,
                34.99464183332147
              ],
              [
                135.78000939320987,
                34.99460791409854
              ],
              [
                135.77999778454318,
                34.99451457897773
              ],
              [
                135.77998217669207,
                34.99447392494957
              ],
              [
                135.7799586490788,
                34.99441264440437
              ],
              [
                135.77994917473055,
                34.99438796655983
              ]
            ]
          ]
        ],
        "type": "MultiPolygon"
      },
      "properties": {
        "KINDC": 1,
        "NATURALC": 2,
        "NEWCITYC": 26105,
        "_ablepath_display_only": true,
        "_ablepath_geometry_transform": "NONE_WHOLE_SOURCE_FEATURE_INTERSECTION_SELECTION",
        "source_feature_id": "g_k_yzone:8091",
        "source_layer_id": "g_k_yzone",
        "source_class": "NATURALC=2;KINDC=1",
        "source_id": "kyoto_city_landslide_gis_20260830",
        "scenario_id": "KYOTO_LANDSLIDE_2026_g_k_yzone"
      },
      "type": "Feature"
    },
    {
      "geometry": {
        "coordinates": [
          [
            [
              [
                135.78423836831456,
                35.00732789269929
              ],
              [
                135.78416889398468,
                35.00718272711982
              ],
              [
                135.78408813901376,
                35.00724365000729
              ],
              [
                135.78405656484347,
                35.00726746928281
              ],
              [
                135.78399022626687,
                35.00729581607569
              ],
              [
                135.78386965732426,
                35.007347335036904
              ],
              [
                135.783913136733,
                35.00740644252454
              ],
              [
                135.78391756425566,
                35.00742308974512
              ],
              [
                135.78405217785865,
                35.00740799348911
              ],
              [
                135.78412128585165,
                35.007400243874635
              ],
              [
                135.78420606716185,
                35.007390736272626
              ],
              [
                135.7842298451171,
                35.007388069623644
              ],
              [
                135.78423836831456,
                35.00732789269929
              ]
            ]
          ],
          [
            [
              [
                135.78470300204054,
                35.0077099278518
              ],
              [
                135.78468372779412,
                35.00770772833233
              ],
              [
                135.78461260414497,
                35.007729487143536
              ],
              [
                135.7845810330977,
                35.00773914536261
              ],
              [
                135.78443909267824,
                35.007782569614456
              ],
              [
                135.78441458642172,
                35.00778257477182
              ],
              [
                135.7842568137726,
                35.007782606364856
              ],
              [
                135.78426132936116,
                35.00783293265712
              ],
              [
                135.7843214310357,
                35.00791135288665
              ],
              [
                135.78445447416388,
                35.00786244195206
              ],
              [
                135.7845890799334,
                35.007812955801676
              ],
              [
                135.7846769387415,
                35.007780656051985
              ],
              [
                135.784689112102,
                35.007776181111915
              ],
              [
                135.78470300204054,
                35.0077099278518
              ]
            ]
          ],
          [
            [
              [
                135.78497698926793,
                35.0084217014636
              ],
              [
                135.78499565796605,
                35.0083853115315
              ],
              [
                135.78506192414184,
                35.008415007027615
              ],
              [
                135.78521973535956,
                35.00848871201458
              ],
              [
                135.78534597380036,
                35.00849180920707
              ],
              [
                135.78543039727674,
                35.00850097137089
              ],
              [
                135.78544866197157,
                35.008513495328266
              ],
              [
                135.78551518891723,
                35.00843961301598
              ],
              [
                135.78552760357616,
                35.00842582533034
              ],
              [
                135.78559282606156,
                35.00835339203632
              ],
              [
                135.78553613943672,
                35.008322274107364
              ],
              [
                135.78540289227058,
                35.00827264885986
              ],
              [
                135.78543113146245,
                35.00824414561397
              ],
              [
                135.785616787723,
                35.00818801277231
              ],
              [
                135.7856603708267,
                35.00817483542251
              ],
              [
                135.78571434300906,
                35.008130086176664
              ],
              [
                135.78579151849513,
                35.00806609811176
              ],
              [
                135.7857184879838,
                35.007991801648174
              ],
              [
                135.7854512147421,
                35.00784967970657
              ],
              [
                135.78541709733645,
                35.007829180363224
              ],
              [
                135.78524812362258,
                35.007735382840046
              ],
              [
                135.78502751866176,
                35.00774779142286
              ],
              [
                135.78493227430292,
                35.007798927183224
              ],
              [
                135.7848889840156,
                35.00776808329385
              ],
              [
                135.78483258503746,
                35.00784536914674
              ],
              [
                135.78483256414717,
                35.00784539705531
              ],
              [
                135.7848325201635,
                35.007845457375865
              ],
              [
                135.78477503688237,
                35.007924228704674
              ],
              [
                135.7848798763969,
                35.00797633022066
              ],
              [
                135.78497594910226,
                35.008036227355845
              ],
              [
                135.7849647539152,
                35.0081027495486
              ],
              [
                135.7850399813553,
                35.00813529966223
              ],
              [
                135.78511290270845,
                35.00821344381296
              ],
              [
                135.78504789701438,
                35.00818822457273
              ],
              [
                135.78504584011668,
                35.008187526798174
              ],
              [
                135.78498953619408,
                35.00826485976321
              ],
              [
                135.78498107695958,
                35.00827647915319
              ],
              [
                135.78493612082065,
                35.00833822594116
              ],
              [
                135.78493180449732,
                35.00833550847417
              ],
              [
                135.78483236527384,
                35.008286630319276
              ],
              [
                135.78477324894143,
                35.00835335510456
              ],
              [
                135.7847678247749,
                35.00835947728694
              ],
              [
                135.78472715009272,
                35.00840538644671
              ],
              [
                135.7847069709765,
                35.00842816236015
              ],
              [
                135.78465615445694,
                35.00848551750286
              ],
              [
                135.784777154965,
                35.00854325762256
              ],
              [
                135.78487968753674,
                35.00861137146447
              ],
              [
                135.7849127081107,
                35.00854700371177
              ],
              [
                135.7849393357526,
                35.00849509916687
              ],
              [
                135.78495676996044,
                35.008461115782346
              ],
              [
                135.78497698926793,
                35.0084217014636
              ]
            ],
            [
              [
                135.78517863849936,
                35.008238946470634
              ],
              [
                135.78517699778598,
                35.00823830983336
              ],
              [
                135.78531392921522,
                35.00827459738163
              ],
              [
                135.78526928493966,
                35.00828460225863
              ],
              [
                135.78517863849936,
                35.008238946470634
              ]
            ]
          ]
        ],
        "type": "MultiPolygon"
      },
      "properties": {
        "KINDC": 1,
        "NATURALC": 2,
        "NEWCITYC": 26105,
        "_ablepath_display_only": true,
        "_ablepath_geometry_transform": "NONE_WHOLE_SOURCE_FEATURE_INTERSECTION_SELECTION",
        "source_feature_id": "g_k_yzone:8371",
        "source_layer_id": "g_k_yzone",
        "source_class": "NATURALC=2;KINDC=1",
        "source_id": "kyoto_city_landslide_gis_20260830",
        "scenario_id": "KYOTO_LANDSLIDE_2026_g_k_yzone"
      },
      "type": "Feature"
    },
    {
      "geometry": {
        "coordinates": [
          [
            [
              135.78462775789248,
              35.00743271485387
            ],
            [
              135.78476648805236,
              35.00766846282672
            ],
            [
              135.7848846455291,
              35.00782155623038
            ],
            [
              135.7850039691753,
              35.00796419452669
            ],
            [
              135.78545511787877,
              35.00770850644323
            ],
            [
              135.78550879915912,
              35.00768950005806
            ],
            [
              135.78566382293027,
              35.00765492395183
            ],
            [
              135.78589678647987,
              35.007481421629215
            ],
            [
              135.78598657604968,
              35.00742976345522
            ],
            [
              135.78590355472653,
              35.00733531333744
            ],
            [
              135.785890535714,
              35.00727585372883
            ],
            [
              135.78588629452,
              35.007163577127585
            ],
            [
              135.7857767942981,
              35.007166637335345
            ],
            [
              135.7853520103615,
              35.007172018726216
            ],
            [
              135.7851215868634,
              35.00723759777387
            ],
            [
              135.78462775789248,
              35.00743271485387
            ]
          ]
        ],
        "type": "Polygon"
      },
      "properties": {
        "KINDC": 1,
        "NATURALC": 2,
        "NEWCITYC": 26105,
        "_ablepath_display_only": true,
        "_ablepath_geometry_transform": "NONE_WHOLE_SOURCE_FEATURE_INTERSECTION_SELECTION",
        "source_feature_id": "g_k_yzone:8372",
        "source_layer_id": "g_k_yzone",
        "source_class": "NATURALC=2;KINDC=1",
        "source_id": "kyoto_city_landslide_gis_20260830",
        "scenario_id": "KYOTO_LANDSLIDE_2026_g_k_yzone"
      },
      "type": "Feature"
    },
    {
      "geometry": {
        "coordinates": [
          [
            [
              135.78489938106352,
              35.006197854789924
            ],
            [
              135.7849235713216,
              35.006191984006804
            ],
            [
              135.78498009683685,
              35.00624717841837
            ],
            [
              135.78499754077055,
              35.00629555247493
            ],
            [
              135.7854269103048,
              35.006127995959815
            ],
            [
              135.78549250181638,
              35.006102399243
            ],
            [
              135.78550362054182,
              35.00609806028081
            ],
            [
              135.78559713623355,
              35.00595272003237
            ],
            [
              135.78577901475754,
              35.005829847076996
            ],
            [
              135.78590494028623,
              35.00578159446388
            ],
            [
              135.78599320793836,
              35.00574777188295
            ],
            [
              135.78600425948733,
              35.005743536425165
            ],
            [
              135.7860030461995,
              35.00574118144799
            ],
            [
              135.7859951052436,
              35.00572011991295
            ],
            [
              135.7859852218296,
              35.00564392191195
            ],
            [
              135.7857517094704,
              35.00534584889543
            ],
            [
              135.78574999678733,
              35.00528374626373
            ],
            [
              135.78511164437577,
              35.00512239410506
            ],
            [
              135.78510578976613,
              35.00510760863649
            ],
            [
              135.7851834662286,
              35.00495374427968
            ],
            [
              135.78507445904262,
              35.0046935716792
            ],
            [
              135.7849826668257,
              35.00464435739465
            ],
            [
              135.78497654880564,
              35.00464107782472
            ],
            [
              135.78496190157327,
              35.00464155129316
            ],
            [
              135.78485242644146,
              35.00464508759698
            ],
            [
              135.78487749469693,
              35.00493186461755
            ],
            [
              135.7847949637152,
              35.00507585177236
            ],
            [
              135.78483722771824,
              35.005267555014925
            ],
            [
              135.78472982777404,
              35.0053982987006
            ],
            [
              135.78463074038902,
              35.005293906623386
            ],
            [
              135.78465559692455,
              35.00509430021437
            ],
            [
              135.78459008012237,
              35.00481615057827
            ],
            [
              135.7844845956033,
              35.00461764068942
            ],
            [
              135.78437765629045,
              35.004637238965245
            ],
            [
              135.7842232446957,
              35.004665536701715
            ],
            [
              135.78406762689116,
              35.00471128907607
            ],
            [
              135.78403925407974,
              35.00471963129417
            ],
            [
              135.78371581109835,
              35.0048147231081
            ],
            [
              135.78378614911168,
              35.00503282492195
            ],
            [
              135.78389582425518,
              35.00523883949225
            ],
            [
              135.78432218631147,
              35.005397749987594
            ],
            [
              135.78426593936422,
              35.005528559794655
            ],
            [
              135.78420145152057,
              35.0057864343259
            ],
            [
              135.78434724782298,
              35.00603175098372
            ],
            [
              135.78431812262164,
              35.00603856303371
            ],
            [
              135.7843859019176,
              35.00631044885521
            ],
            [
              135.78439184530217,
              35.00632103005488
            ],
            [
              135.78474556426906,
              35.00623518516385
            ],
            [
              135.78489938106352,
              35.006197854789924
            ]
          ]
        ],
        "type": "Polygon"
      },
      "properties": {
        "KINDC": 1,
        "NATURALC": 2,
        "NEWCITYC": 26105,
        "_ablepath_display_only": true,
        "_ablepath_geometry_transform": "NONE_WHOLE_SOURCE_FEATURE_INTERSECTION_SELECTION",
        "source_feature_id": "g_k_yzone:8373",
        "source_layer_id": "g_k_yzone",
        "source_class": "NATURALC=2;KINDC=1",
        "source_id": "kyoto_city_landslide_gis_20260830",
        "scenario_id": "KYOTO_LANDSLIDE_2026_g_k_yzone"
      },
      "type": "Feature"
    },
    {
      "geometry": {
        "coordinates": [
          [
            [
              135.7824673889419,
              35.00633946352733
            ],
            [
              135.7826496141024,
              35.00654784121008
            ],
            [
              135.78261474082345,
              35.00657705581638
            ],
            [
              135.78265417979154,
              35.00687294214177
            ],
            [
              135.78305478315693,
              35.006836738156174
            ],
            [
              135.78326642851036,
              35.00682001533916
            ],
            [
              135.78326608549045,
              35.006800939613456
            ],
            [
              135.78326480586435,
              35.00672987802397
            ],
            [
              135.78326448085872,
              35.00671186516375
            ],
            [
              135.7832629098667,
              35.00662457658568
            ],
            [
              135.7832628582139,
              35.006621728748435
            ],
            [
              135.7830338939824,
              35.00662340210923
            ],
            [
              135.7828174135381,
              35.00668261659453
            ],
            [
              135.78281899435729,
              35.00665117523418
            ],
            [
              135.7830855988348,
              35.00651838667158
            ],
            [
              135.7830472166071,
              35.00640975579679
            ],
            [
              135.7829731741337,
              35.00622686833509
            ],
            [
              135.7828816265081,
              35.00596216270221
            ],
            [
              135.7827540326723,
              35.005750493605255
            ],
            [
              135.78267940839118,
              35.00572303825917
            ],
            [
              135.78260624052032,
              35.00555134477985
            ],
            [
              135.78259283515087,
              35.00538837906522
            ],
            [
              135.78257699133815,
              35.005211622787385
            ],
            [
              135.7825654553195,
              35.00496413040922
            ],
            [
              135.7824558958277,
              35.00496374210065
            ],
            [
              135.78225349124057,
              35.00496302582024
            ],
            [
              135.78199474240563,
              35.0049621097649
            ],
            [
              135.78189654752737,
              35.00496176119332
            ],
            [
              135.78195276558435,
              35.00530724442405
            ],
            [
              135.7820080004322,
              35.005480837047756
            ],
            [
              135.78206316748785,
              35.005658597018375
            ],
            [
              135.7822758520978,
              35.006067337606666
            ],
            [
              135.7823241503762,
              35.00609461167457
            ],
            [
              135.7824673889419,
              35.00633946352733
            ]
          ]
        ],
        "type": "Polygon"
      },
      "properties": {
        "KINDC": 1,
        "NATURALC": 2,
        "NEWCITYC": 26105,
        "_ablepath_display_only": true,
        "_ablepath_geometry_transform": "NONE_WHOLE_SOURCE_FEATURE_INTERSECTION_SELECTION",
        "source_feature_id": "g_k_yzone:8374",
        "source_layer_id": "g_k_yzone",
        "source_class": "NATURALC=2;KINDC=1",
        "source_id": "kyoto_city_landslide_gis_20260830",
        "scenario_id": "KYOTO_LANDSLIDE_2026_g_k_yzone"
      },
      "type": "Feature"
    },
    {
      "geometry": {
        "coordinates": [
          [
            [
              135.78426013318682,
              35.0041064379844
            ],
            [
              135.78443802936218,
              35.004064164031035
            ],
            [
              135.78459619439147,
              35.00407848700518
            ],
            [
              135.78460841009752,
              35.004039671515365
            ],
            [
              135.78460942556183,
              35.00399834358442
            ],
            [
              135.78465767852944,
              35.00401013028459
            ],
            [
              135.78483038361603,
              35.00410167349562
            ],
            [
              135.78502991883607,
              35.00368190464134
            ],
            [
              135.78512645841306,
              35.003478808300486
            ],
            [
              135.7850457321904,
              35.003318031375194
            ],
            [
              135.7850051920889,
              35.00323728965173
            ],
            [
              135.785005175273,
              35.00323450407671
            ],
            [
              135.78488298912208,
              35.003166790876726
            ],
            [
              135.7848435659038,
              35.0031796958801
            ],
            [
              135.78482669002702,
              35.00312302744912
            ],
            [
              135.784830114286,
              35.00312071763988
            ],
            [
              135.78477015865013,
              35.003075110506614
            ],
            [
              135.78457662677977,
              35.002810468544915
            ],
            [
              135.78455891265565,
              35.00277526441382
            ],
            [
              135.78455428519894,
              35.00277683828273
            ],
            [
              135.78445765797804,
              35.00280968853512
            ],
            [
              135.7840999406278,
              35.00293130403293
            ],
            [
              135.78392218332226,
              35.00306622552622
            ],
            [
              135.7838325177079,
              35.003109570875424
            ],
            [
              135.78375848719983,
              35.003145359034235
            ],
            [
              135.78371942496486,
              35.00316424196902
            ],
            [
              135.78357956941215,
              35.00309817541636
            ],
            [
              135.78359023502534,
              35.00314763560425
            ],
            [
              135.7835987099453,
              35.00318693591415
            ],
            [
              135.78360567498106,
              35.00321923090556
            ],
            [
              135.78336020929672,
              35.003337892717575
            ],
            [
              135.7835270822064,
              35.0034809040711
            ],
            [
              135.78352039782368,
              35.00349970314364
            ],
            [
              135.78353634747722,
              35.00348884362079
            ],
            [
              135.78357225095544,
              35.00351961353941
            ],
            [
              135.78356955220403,
              35.003528472890864
            ],
            [
              135.78358488304005,
              35.003530439287445
            ],
            [
              135.7836021062316,
              35.00354519912428
            ],
            [
              135.78368805455855,
              35.00361570580104
            ],
            [
              135.78386494262733,
              35.00385940358319
            ],
            [
              135.78426148307253,
              35.004024592242914
            ],
            [
              135.78426013318682,
              35.0041064379844
            ]
          ]
        ],
        "type": "Polygon"
      },
      "properties": {
        "KINDC": 1,
        "NATURALC": 2,
        "NEWCITYC": 26105,
        "_ablepath_display_only": true,
        "_ablepath_geometry_transform": "NONE_WHOLE_SOURCE_FEATURE_INTERSECTION_SELECTION",
        "source_feature_id": "g_k_yzone:8375",
        "source_layer_id": "g_k_yzone",
        "source_class": "NATURALC=2;KINDC=1",
        "source_id": "kyoto_city_landslide_gis_20260830",
        "scenario_id": "KYOTO_LANDSLIDE_2026_g_k_yzone"
      },
      "type": "Feature"
    },
    {
      "geometry": {
        "coordinates": [
          [
            [
              [
                135.7824733200115,
                35.00131997472603
              ],
              [
                135.78241800271246,
                35.0012642764535
              ],
              [
                135.78224934312536,
                35.00134982294109
              ],
              [
                135.78206293672633,
                35.00149757580278
              ],
              [
                135.782071725714,
                35.001501551743964
              ],
              [
                135.78205024964203,
                35.00152173138267
              ],
              [
                135.78204244272146,
                35.00154320122614
              ],
              [
                135.7821290450498,
                35.001615740310754
              ],
              [
                135.782182505864,
                35.00166051946687
              ],
              [
                135.7822268729391,
                35.001697681982954
              ],
              [
                135.78225928114384,
                35.0017248266197
              ],
              [
                135.78232707850884,
                35.00161535185533
              ],
              [
                135.78233366553812,
                35.00159984934823
              ],
              [
                135.78228817734916,
                35.00158226210865
              ],
              [
                135.7824052313342,
                35.00150820247774
              ],
              [
                135.78256359005886,
                35.00141086952139
              ],
              [
                135.7825456269425,
                35.00139278177919
              ],
              [
                135.78249426274067,
                35.00134106250506
              ],
              [
                135.7824733200115,
                35.00131997472603
              ]
            ]
          ],
          [
            [
              [
                135.78287667767202,
                35.001978965482905
              ],
              [
                135.78288409487868,
                35.00189759123413
              ],
              [
                135.78283069521262,
                35.0018995393503
              ],
              [
                135.78277464621516,
                35.00190158366699
              ],
              [
                135.7827195263423,
                35.00190359446346
              ],
              [
                135.78270120673332,
                35.0019079942054
              ],
              [
                135.78254555848807,
                35.00194537804983
              ],
              [
                135.78256594649886,
                35.00202713202173
              ],
              [
                135.78266187021353,
                35.00228470443558
              ],
              [
                135.78267198124286,
                35.00231452877606
              ],
              [
                135.78273854940366,
                35.0025129598399
              ],
              [
                135.7829141998278,
                35.00246711876641
              ],
              [
                135.7829806328853,
                35.002449780563985
              ],
              [
                135.78303401852804,
                35.00243584820181
              ],
              [
                135.78308506240091,
                35.0024225264349
              ],
              [
                135.7830266804719,
                35.0022511416998
              ],
              [
                135.78301115987148,
                35.002197071669485
              ],
              [
                135.78294145743314,
                35.00214155526595
              ],
              [
                135.78287667767202,
                35.001978965482905
              ]
            ]
          ],
          [
            [
              [
                135.78333470481869,
                35.002746248780085
              ],
              [
                135.7833080534116,
                35.00264128260574
              ],
              [
                135.78329974406685,
                35.00260117034261
              ],
              [
                135.78321561352507,
                35.002621652096806
              ],
              [
                135.783194688865,
                35.002626746801745
              ],
              [
                135.78306387543117,
                35.00265859374803
              ],
              [
                135.78296975437704,
                35.0026815076754
              ],
              [
                135.78294133248892,
                35.002665098765625
              ],
              [
                135.7829347863444,
                35.00269002084646
              ],
              [
                135.78285145371143,
                35.002710309056674
              ],
              [
                135.78291195831434,
                35.00277694853595
              ],
              [
                135.7829834585134,
                35.002742239935905
              ],
              [
                135.78299300527223,
                35.00277214797727
              ],
              [
                135.78304750954533,
                35.00280393030163
              ],
              [
                135.78306536728095,
                35.00284508281396
              ],
              [
                135.7830816188273,
                35.002882533718
              ],
              [
                135.7831038705338,
                35.00293381128436
              ],
              [
                135.78311845927726,
                35.002967430664825
              ],
              [
                135.783189053985,
                35.00292049908542
              ],
              [
                135.78326107348136,
                35.00287042477619
              ],
              [
                135.78333470481869,
                35.002746248780085
              ]
            ]
          ]
        ],
        "type": "MultiPolygon"
      },
      "properties": {
        "KINDC": 1,
        "NATURALC": 2,
        "NEWCITYC": 26105,
        "_ablepath_display_only": true,
        "_ablepath_geometry_transform": "NONE_WHOLE_SOURCE_FEATURE_INTERSECTION_SELECTION",
        "source_feature_id": "g_k_yzone:8376",
        "source_layer_id": "g_k_yzone",
        "source_class": "NATURALC=2;KINDC=1",
        "source_id": "kyoto_city_landslide_gis_20260830",
        "scenario_id": "KYOTO_LANDSLIDE_2026_g_k_yzone"
      },
      "type": "Feature"
    },
    {
      "geometry": {
        "coordinates": [
          [
            [
              135.78180835379277,
              35.00130121888818
            ],
            [
              135.78185745748087,
              35.001381804003834
            ],
            [
              135.78184922810996,
              35.00140557272904
            ],
            [
              135.78183406196817,
              35.00149485151594
            ],
            [
              135.78199041633778,
              35.00155947942108
            ],
            [
              135.7821696675607,
              35.00150776558496
            ],
            [
              135.78233330877384,
              35.00140775151693
            ],
            [
              135.78239379015378,
              35.00136057147549
            ],
            [
              135.7824098497987,
              35.001357722766315
            ],
            [
              135.78237266198656,
              35.001276294724455
            ],
            [
              135.7823779129617,
              35.00125975312697
            ],
            [
              135.78240771920258,
              35.001242992316016
            ],
            [
              135.78243041345925,
              35.00123105694726
            ],
            [
              135.7824493642903,
              35.001209980258096
            ],
            [
              135.78248208942023,
              35.00112394840051
            ],
            [
              135.78243723373177,
              35.00111251849609
            ],
            [
              135.78234668325604,
              35.00109956610462
            ],
            [
              135.78224962502318,
              35.001118944055044
            ],
            [
              135.78214052526164,
              35.00117024124556
            ],
            [
              135.78200919496646,
              35.0012341136072
            ],
            [
              135.78193485113175,
              35.001249594465676
            ],
            [
              135.78180835379277,
              35.00130121888818
            ]
          ]
        ],
        "type": "Polygon"
      },
      "properties": {
        "KINDC": 1,
        "NATURALC": 2,
        "NEWCITYC": 26105,
        "_ablepath_display_only": true,
        "_ablepath_geometry_transform": "NONE_WHOLE_SOURCE_FEATURE_INTERSECTION_SELECTION",
        "source_feature_id": "g_k_yzone:8377",
        "source_layer_id": "g_k_yzone",
        "source_class": "NATURALC=2;KINDC=1",
        "source_id": "kyoto_city_landslide_gis_20260830",
        "scenario_id": "KYOTO_LANDSLIDE_2026_g_k_yzone"
      },
      "type": "Feature"
    },
    {
      "geometry": {
        "coordinates": [
          [
            [
              135.78261822958584,
              34.999901919778
            ],
            [
              135.78261381697556,
              34.99986207134801
            ],
            [
              135.78276519375373,
              34.999945040607464
            ],
            [
              135.78314332097065,
              34.99988276060688
            ],
            [
              135.78332905468037,
              34.999852168175195
            ],
            [
              135.7833748039949,
              34.99983773793405
            ],
            [
              135.7834394757923,
              34.999817338534875
            ],
            [
              135.78346964232648,
              34.99979535858099
            ],
            [
              135.78364397870772,
              34.999668678229824
            ],
            [
              135.78360296943154,
              34.999533899156724
            ],
            [
              135.7835931698147,
              34.9994057636601
            ],
            [
              135.78356851392078,
              34.99933789479306
            ],
            [
              135.78330418776915,
              34.99929713378934
            ],
            [
              135.78329066743203,
              34.99927235524725
            ],
            [
              135.78306052589062,
              34.99929077323294
            ],
            [
              135.78313127722242,
              34.99916377233198
            ],
            [
              135.78312458036513,
              34.9989619344152
            ],
            [
              135.78302125114283,
              34.998745434463196
            ],
            [
              135.78291473699363,
              34.99876651516345
            ],
            [
              135.78284913566677,
              34.998779498923064
            ],
            [
              135.782796948345,
              34.9987898274745
            ],
            [
              135.78268765986004,
              34.99881145741637
            ],
            [
              135.7827537049861,
              34.999004879069126
            ],
            [
              135.7827709396157,
              34.999159988252266
            ],
            [
              135.78273278543514,
              34.99943901554478
            ],
            [
              135.7828396882172,
              34.99959255162601
            ],
            [
              135.78282425815186,
              34.99960313344042
            ],
            [
              135.78269349246867,
              34.99967960293344
            ],
            [
              135.78252494593326,
              34.999706369591635
            ],
            [
              135.78248820960306,
              34.99970337759887
            ],
            [
              135.78243139096907,
              34.99969875039456
            ],
            [
              135.78229249928467,
              34.99971685805417
            ],
            [
              135.78216593657487,
              34.999733357818094
            ],
            [
              135.78190296639895,
              34.99976764098804
            ],
            [
              135.78193309571617,
              34.999842013316794
            ],
            [
              135.78213090438862,
              34.999993843620885
            ],
            [
              135.7822283133954,
              35.00003509664853
            ],
            [
              135.7822484421663,
              35.00004362101006
            ],
            [
              135.7822996070938,
              35.00002916573177
            ],
            [
              135.7823985063899,
              35.00000122345161
            ],
            [
              135.7824029340811,
              34.99999933469237
            ],
            [
              135.78261822958584,
              34.999901919778
            ]
          ]
        ],
        "type": "Polygon"
      },
      "properties": {
        "KINDC": 1,
        "NATURALC": 2,
        "NEWCITYC": 26105,
        "_ablepath_display_only": true,
        "_ablepath_geometry_transform": "NONE_WHOLE_SOURCE_FEATURE_INTERSECTION_SELECTION",
        "source_feature_id": "g_k_yzone:8378",
        "source_layer_id": "g_k_yzone",
        "source_class": "NATURALC=2;KINDC=1",
        "source_id": "kyoto_city_landslide_gis_20260830",
        "scenario_id": "KYOTO_LANDSLIDE_2026_g_k_yzone"
      },
      "type": "Feature"
    },
    {
      "geometry": {
        "coordinates": [
          [
            [
              135.7799257707803,
              34.99964687152881
            ],
            [
              135.77995525539782,
              34.99986807933918
            ],
            [
              135.7799839280931,
              35.000096759761725
            ],
            [
              135.77998566132476,
              35.00020109558558
            ],
            [
              135.78007447001616,
              35.00037153812245
            ],
            [
              135.780093793129,
              35.00061316832479
            ],
            [
              135.78009582139833,
              35.00083536572348
            ],
            [
              135.7801590081995,
              35.00107667599595
            ],
            [
              135.78027311147682,
              35.00112614978126
            ],
            [
              135.78038188145234,
              35.00109823513191
            ],
            [
              135.78046213646604,
              35.00107763924818
            ],
            [
              135.78056672281605,
              35.00105079863212
            ],
            [
              135.78061322342847,
              35.00098025150896
            ],
            [
              135.78051934773902,
              35.000759943451776
            ],
            [
              135.78044072809243,
              35.00058431638535
            ],
            [
              135.78043729844958,
              35.00040079767794
            ],
            [
              135.78057573110078,
              35.00026795565657
            ],
            [
              135.78048516002318,
              34.99994730804318
            ],
            [
              135.780444036309,
              34.99982321916204
            ],
            [
              135.78043577403704,
              34.9996160037276
            ],
            [
              135.7806841365292,
              34.99957677801651
            ],
            [
              135.7806671226921,
              34.99951978600441
            ],
            [
              135.78065800174528,
              34.99948923398371
            ],
            [
              135.7806438740589,
              34.9994419127589
            ],
            [
              135.7806447137168,
              34.999420385335576
            ],
            [
              135.78064885699018,
              34.99931406697112
            ],
            [
              135.78038967264368,
              34.999280261963804
            ],
            [
              135.77997405825374,
              34.99930322801175
            ],
            [
              135.7799257707803,
              34.99964687152881
            ]
          ]
        ],
        "type": "Polygon"
      },
      "properties": {
        "KINDC": 1,
        "NATURALC": 2,
        "NEWCITYC": 26105,
        "_ablepath_display_only": true,
        "_ablepath_geometry_transform": "NONE_WHOLE_SOURCE_FEATURE_INTERSECTION_SELECTION",
        "source_feature_id": "g_k_yzone:8379",
        "source_layer_id": "g_k_yzone",
        "source_class": "NATURALC=2;KINDC=1",
        "source_id": "kyoto_city_landslide_gis_20260830",
        "scenario_id": "KYOTO_LANDSLIDE_2026_g_k_yzone"
      },
      "type": "Feature"
    },
    {
      "geometry": {
        "coordinates": [
          [
            [
              135.7837186452892,
              34.998590973154315
            ],
            [
              135.7837363040859,
              34.998723348757906
            ],
            [
              135.7839683236358,
              34.998749598041236
            ],
            [
              135.78402671948086,
              34.99884712127429
            ],
            [
              135.78409552439737,
              34.998962028938976
            ],
            [
              135.78410503784085,
              34.99897791626498
            ],
            [
              135.78426062833742,
              34.99908367676007
            ],
            [
              135.784440803971,
              34.9991560216941
            ],
            [
              135.7845392606031,
              34.999195554725866
            ],
            [
              135.78460190525016,
              34.99909725314658
            ],
            [
              135.78467802685887,
              34.99887852170694
            ],
            [
              135.78474284288703,
              34.9987269126724
            ],
            [
              135.78477866527882,
              34.998607277882336
            ],
            [
              135.78479236292586,
              34.99853977292527
            ],
            [
              135.78468691526473,
              34.99851533005101
            ],
            [
              135.7843659567624,
              34.99844093074693
            ],
            [
              135.78433137936173,
              34.99843032300721
            ],
            [
              135.78430337854843,
              34.998421732717226
            ],
            [
              135.78381813349148,
              34.99827286326217
            ],
            [
              135.7837632067092,
              34.99838314793768
            ],
            [
              135.7837186452892,
              34.998590973154315
            ]
          ]
        ],
        "type": "Polygon"
      },
      "properties": {
        "KINDC": 1,
        "NATURALC": 2,
        "NEWCITYC": 26105,
        "_ablepath_display_only": true,
        "_ablepath_geometry_transform": "NONE_WHOLE_SOURCE_FEATURE_INTERSECTION_SELECTION",
        "source_feature_id": "g_k_yzone:8380",
        "source_layer_id": "g_k_yzone",
        "source_class": "NATURALC=2;KINDC=1",
        "source_id": "kyoto_city_landslide_gis_20260830",
        "scenario_id": "KYOTO_LANDSLIDE_2026_g_k_yzone"
      },
      "type": "Feature"
    },
    {
      "geometry": {
        "coordinates": [
          [
            [
              [
                135.78267738150967,
                34.99661777519838
              ],
              [
                135.78267623132746,
                34.99661774248936
              ],
              [
                135.78266269014128,
                34.996624705556734
              ],
              [
                135.78256572425616,
                34.99667456631953
              ],
              [
                135.78263714874453,
                34.99673655322207
              ],
              [
                135.78266930802445,
                34.99679584200598
              ],
              [
                135.782739622564,
                34.996775904704094
              ],
              [
                135.78277288045166,
                34.99676647442382
              ],
              [
                135.78279687006807,
                34.996759671569535
              ],
              [
                135.782873163858,
                34.99673803840136
              ],
              [
                135.7829004424047,
                34.99673030387801
              ],
              [
                135.78284535414986,
                34.996660696461895
              ],
              [
                135.78284270198623,
                34.996622532413085
              ],
              [
                135.78275295717776,
                34.996619949593494
              ],
              [
                135.78273322006623,
                34.99661938240407
              ],
              [
                135.78267738150967,
                34.99661777519838
              ]
            ]
          ],
          [
            [
              [
                135.7824288698982,
                34.996810625479085
              ],
              [
                135.78244732360454,
                34.996779139488005
              ],
              [
                135.78240807486904,
                34.996767286910206
              ],
              [
                135.78239236269366,
                34.99675632930287
              ],
              [
                135.78235277446586,
                34.99672871837058
              ],
              [
                135.7822135554112,
                34.996631622676084
              ],
              [
                135.7821960131019,
                34.996630029855744
              ],
              [
                135.78215044603172,
                34.99662589327564
              ],
              [
                135.78196625785813,
                34.9966091729581
              ],
              [
                135.78195198112383,
                34.996700133773125
              ],
              [
                135.78196024935733,
                34.99680112518944
              ],
              [
                135.78210671559393,
                34.996796366960346
              ],
              [
                135.78219121849992,
                34.99679362126801
              ],
              [
                135.78222464934993,
                34.996792535471826
              ],
              [
                135.7823199494131,
                34.99680097739262
              ],
              [
                135.78236907200244,
                34.996805328523074
              ],
              [
                135.7824288698982,
                34.996810625479085
              ]
            ]
          ]
        ],
        "type": "MultiPolygon"
      },
      "properties": {
        "KINDC": 1,
        "NATURALC": 2,
        "NEWCITYC": 26105,
        "_ablepath_display_only": true,
        "_ablepath_geometry_transform": "NONE_WHOLE_SOURCE_FEATURE_INTERSECTION_SELECTION",
        "source_feature_id": "g_k_yzone:8381",
        "source_layer_id": "g_k_yzone",
        "source_class": "NATURALC=2;KINDC=1",
        "source_id": "kyoto_city_landslide_gis_20260830",
        "scenario_id": "KYOTO_LANDSLIDE_2026_g_k_yzone"
      },
      "type": "Feature"
    },
    {
      "geometry": {
        "coordinates": [
          [
            [
              135.78533228618218,
              34.9957723619824
            ],
            [
              135.78530203167855,
              34.995726433469834
            ],
            [
              135.7853314852982,
              34.995734637566215
            ],
            [
              135.78536391733505,
              34.995687534397895
            ],
            [
              135.78540773840774,
              34.99562389040863
            ],
            [
              135.78544709154232,
              34.99556673541616
            ],
            [
              135.7854857353526,
              34.99551060953952
            ],
            [
              135.78550109411339,
              34.9954883027054
            ],
            [
              135.785404321209,
              34.995441904195644
            ],
            [
              135.785405902184,
              34.99544182766065
            ],
            [
              135.78556942092865,
              34.99536707714782
            ],
            [
              135.78563146823285,
              34.99533871372677
            ],
            [
              135.78566518447545,
              34.995323300388975
            ],
            [
              135.78568439203082,
              34.99526551477636
            ],
            [
              135.78567935295445,
              34.99526042878956
            ],
            [
              135.78572555844966,
              34.99523921757791
            ],
            [
              135.7857404171602,
              34.99523219519154
            ],
            [
              135.78591762931953,
              34.99506546592489
            ],
            [
              135.78629876197354,
              34.994682402325964
            ],
            [
              135.7864215118887,
              34.99429552613875
            ],
            [
              135.78640280156762,
              34.9942343148035
            ],
            [
              135.78629662537185,
              34.994256500692906
            ],
            [
              135.78575382607443,
              34.99436991741118
            ],
            [
              135.78558314479488,
              34.994423799978016
            ],
            [
              135.7855629046113,
              34.99443864393073
            ],
            [
              135.78553791948454,
              34.99416264831278
            ],
            [
              135.78552286087086,
              34.994031368243256
            ],
            [
              135.78548127900916,
              34.994037402251784
            ],
            [
              135.7854149796817,
              34.994047024592206
            ],
            [
              135.7852864313385,
              34.994065680454405
            ],
            [
              135.78514541467067,
              34.99412280067258
            ],
            [
              135.78511582452757,
              34.99413478566201
            ],
            [
              135.78479223062203,
              34.99426585988419
            ],
            [
              135.78468909486514,
              34.99425001754258
            ],
            [
              135.7846131143557,
              34.99425265209076
            ],
            [
              135.78455295156547,
              34.99417698573655
            ],
            [
              135.78447793202815,
              34.994139431566786
            ],
            [
              135.78381462370066,
              34.99381203644968
            ],
            [
              135.78379944119848,
              34.99403970148538
            ],
            [
              135.78353106686603,
              34.99392731719765
            ],
            [
              135.78333254763052,
              34.99392993071758
            ],
            [
              135.7832880354574,
              34.99397580562331
            ],
            [
              135.78327666134408,
              34.99403272501347
            ],
            [
              135.78324421200153,
              34.99406790653582
            ],
            [
              135.7831955395895,
              34.99412067474883
            ],
            [
              135.7831230757583,
              34.99419923753957
            ],
            [
              135.78308783033788,
              34.99423744928103
            ],
            [
              135.78305684417913,
              34.994271043169014
            ],
            [
              135.7831510689028,
              34.99435509169465
            ],
            [
              135.78337282725437,
              34.99429717946305
            ],
            [
              135.78344941965167,
              34.994321372793706
            ],
            [
              135.7835375810547,
              34.99429489421528
            ],
            [
              135.78347272309603,
              34.99443963162336
            ],
            [
              135.78356239341147,
              34.99471928125616
            ],
            [
              135.78351030651916,
              34.99475363814464
            ],
            [
              135.78359336114872,
              34.99491656955672
            ],
            [
              135.7836402157493,
              34.995008486936754
            ],
            [
              135.78365376253834,
              34.99503506213729
            ],
            [
              135.78368259117886,
              34.99509161687951
            ],
            [
              135.78394447658692,
              34.99499559776018
            ],
            [
              135.78420298746607,
              34.99488241705962
            ],
            [
              135.7843190833813,
              34.99483686283519
            ],
            [
              135.78446404063024,
              34.99482047458907
            ],
            [
              135.78460065704223,
              34.99482954246812
            ],
            [
              135.78463499409554,
              34.99486191755717
            ],
            [
              135.7846057852541,
              34.9948578541874
            ],
            [
              135.78449024678042,
              34.99500966169246
            ],
            [
              135.78454781219872,
              34.99512859322044
            ],
            [
              135.78452974585028,
              34.99531450961587
            ],
            [
              135.78458316645063,
              34.99545677558213
            ],
            [
              135.78487327040065,
              34.99561946392078
            ],
            [
              135.7850232025273,
              34.99565455607956
            ],
            [
              135.78495969230292,
              34.99576374979298
            ],
            [
              135.78490696033177,
              34.99585286334701
            ],
            [
              135.78497155040165,
              34.9959071787726
            ],
            [
              135.7848994820626,
              34.995924647837604
            ],
            [
              135.78488918019477,
              34.996045195156924
            ],
            [
              135.78469854910176,
              34.99609414701578
            ],
            [
              135.78473994451926,
              34.99618149102413
            ],
            [
              135.78476652104422,
              34.99623756643136
            ],
            [
              135.78478028485586,
              34.99624129858668
            ],
            [
              135.78488433068821,
              34.99626951065847
            ],
            [
              135.78512684917152,
              34.99619904387728
            ],
            [
              135.78515789290472,
              34.99607882171935
            ],
            [
              135.78525011532753,
              34.99604025584694
            ],
            [
              135.78528643035938,
              34.995948529493226
            ],
            [
              135.7853026703165,
              34.99591940010126
            ],
            [
              135.78533017443954,
              34.99585235758301
            ],
            [
              135.78538449156306,
              34.99585161434652
            ],
            [
              135.78533228618218,
              34.9957723619824
            ]
          ],
          [
            [
              135.7848747601094,
              34.99513933980964
            ],
            [
              135.78493696971506,
              34.9951394121663
            ],
            [
              135.7850423470988,
              34.9951660642128
            ],
            [
              135.78503105024043,
              34.9951938383992
            ],
            [
              135.78504349866742,
              34.99526694999885
            ],
            [
              135.7848751971422,
              34.995200066452014
            ],
            [
              135.7848747601094,
              34.99513933980964
            ]
          ],
          [
            [
              135.7849525014994,
              34.99490608639749
            ],
            [
              135.7851510813997,
              34.99489875023231
            ],
            [
              135.78514041528135,
              34.99492497230985
            ],
            [
              135.78497831455627,
              34.994909676706975
            ],
            [
              135.7849525014994,
              34.99490608639749
            ]
          ],
          [
            [
              135.7848398770447,
              34.99468262554047
            ],
            [
              135.7849361684892,
              34.99461737902115
            ],
            [
              135.78498037737552,
              34.9946558348031
            ],
            [
              135.7848398770447,
              34.99468262554047
            ]
          ]
        ],
        "type": "Polygon"
      },
      "properties": {
        "KINDC": 1,
        "NATURALC": 2,
        "NEWCITYC": 26105,
        "_ablepath_display_only": true,
        "_ablepath_geometry_transform": "NONE_WHOLE_SOURCE_FEATURE_INTERSECTION_SELECTION",
        "source_feature_id": "g_k_yzone:8382",
        "source_layer_id": "g_k_yzone",
        "source_class": "NATURALC=2;KINDC=1",
        "source_id": "kyoto_city_landslide_gis_20260830",
        "scenario_id": "KYOTO_LANDSLIDE_2026_g_k_yzone"
      },
      "type": "Feature"
    },
    {
      "geometry": {
        "coordinates": [
          [
            [
              135.779191768811,
              34.997766587203245
            ],
            [
              135.77921255500328,
              34.99785509633604
            ],
            [
              135.77922010546436,
              34.99788724392525
            ],
            [
              135.77922303531523,
              34.997899719310446
            ],
            [
              135.77924089171697,
              34.997975753051705
            ],
            [
              135.77948086167956,
              34.99792787752209
            ],
            [
              135.77974353056806,
              34.99788686954696
            ],
            [
              135.77972680311365,
              34.997797781912276
            ],
            [
              135.77972291692797,
              34.997777086086614
            ],
            [
              135.77970618842943,
              34.997687995741266
            ],
            [
              135.77943164753268,
              34.99773085983416
            ],
            [
              135.779191768811,
              34.997766587203245
            ]
          ]
        ],
        "type": "Polygon"
      },
      "properties": {
        "KINDC": 1,
        "NATURALC": 2,
        "NEWCITYC": 26105,
        "_ablepath_display_only": true,
        "_ablepath_geometry_transform": "NONE_WHOLE_SOURCE_FEATURE_INTERSECTION_SELECTION",
        "source_feature_id": "g_k_yzone:8383",
        "source_layer_id": "g_k_yzone",
        "source_class": "NATURALC=2;KINDC=1",
        "source_id": "kyoto_city_landslide_gis_20260830",
        "scenario_id": "KYOTO_LANDSLIDE_2026_g_k_yzone"
      },
      "type": "Feature"
    },
    {
      "geometry": {
        "coordinates": [
          [
            [
              [
                135.7780986045704,
                34.9954644499458
              ],
              [
                135.77798912443427,
                34.9954612821423
              ],
              [
                135.7779965151687,
                34.99567726669917
              ],
              [
                135.7781107366593,
                34.99600195131352
              ],
              [
                135.77817837131653,
                34.99599325130503
              ],
              [
                135.77821896985864,
                34.99598802842955
              ],
              [
                135.77823259365974,
                34.99598627651604
              ],
              [
                135.7783133644329,
                34.99597588582799
              ],
              [
                135.7783408279163,
                34.99597235262379
              ],
              [
                135.77823164374183,
                34.99564723660476
              ],
              [
                135.77822191624043,
                34.995468018832526
              ],
              [
                135.7781922770959,
                34.99546716147289
              ],
              [
                135.77811243609662,
                34.995464850238726
              ],
              [
                135.7780986045704,
                34.9954644499458
              ]
            ]
          ],
          [
            [
              [
                135.7789770024081,
                34.99651389800285
              ],
              [
                135.77895720856213,
                34.99627288592169
              ],
              [
                135.77888931741876,
                34.99624207528628
              ],
              [
                135.77886128083733,
                34.99622935222977
              ],
              [
                135.7788059418795,
                34.9962042382752
              ],
              [
                135.7788022348346,
                34.996204612843535
              ],
              [
                135.7787363594533,
                34.99621126645849
              ],
              [
                135.77857889821243,
                34.99622717160967
              ],
              [
                135.7786593092751,
                34.99631546145526
              ],
              [
                135.7786054428159,
                34.996280526755626
              ],
              [
                135.77848202986027,
                34.996458005167156
              ],
              [
                135.7786531203151,
                34.996724556109555
              ],
              [
                135.77853380459655,
                34.996783056772024
              ],
              [
                135.77849088970095,
                34.996820435530296
              ],
              [
                135.778236836331,
                34.99691629307241
              ],
              [
                135.7782923661779,
                34.99700194145992
              ],
              [
                135.77830315032367,
                34.99701857617944
              ],
              [
                135.77831361809817,
                34.99703472172258
              ],
              [
                135.7783287857437,
                34.99705811556602
              ],
              [
                135.77836518463218,
                34.99711425717007
              ],
              [
                135.77869742991135,
                34.99697437972607
              ],
              [
                135.77871306396432,
                34.99691407722755
              ],
              [
                135.7788893362271,
                34.99687453532348
              ],
              [
                135.77890837396686,
                34.99652823625277
              ],
              [
                135.7789770024081,
                34.99651389800285
              ]
            ]
          ]
        ],
        "type": "MultiPolygon"
      },
      "properties": {
        "KINDC": 1,
        "NATURALC": 2,
        "NEWCITYC": 26105,
        "_ablepath_display_only": true,
        "_ablepath_geometry_transform": "NONE_WHOLE_SOURCE_FEATURE_INTERSECTION_SELECTION",
        "source_feature_id": "g_k_yzone:8384",
        "source_layer_id": "g_k_yzone",
        "source_class": "NATURALC=2;KINDC=1",
        "source_id": "kyoto_city_landslide_gis_20260830",
        "scenario_id": "KYOTO_LANDSLIDE_2026_g_k_yzone"
      },
      "type": "Feature"
    },
    {
      "geometry": {
        "coordinates": [
          [
            [
              [
                135.78198543981293,
                34.99452643021626
              ],
              [
                135.78182249613414,
                34.994411138494215
              ],
              [
                135.7813939346504,
                34.99440923892317
              ],
              [
                135.78129408766574,
                34.99440709658885
              ],
              [
                135.78109486139755,
                34.994384738901495
              ],
              [
                135.78085493506453,
                34.99443075440664
              ],
              [
                135.78076704971144,
                34.99436319536491
              ],
              [
                135.78078340714492,
                34.99423173977467
              ],
              [
                135.78076145599854,
                34.99422650314909
              ],
              [
                135.78067819362113,
                34.99420664026914
              ],
              [
                135.780593988693,
                34.99418655206361
              ],
              [
                135.78048951686392,
                34.99417747199447
              ],
              [
                135.78047961290505,
                34.994176611210406
              ],
              [
                135.78041952751803,
                34.99451391907834
              ],
              [
                135.78077712918585,
                34.99466100046913
              ],
              [
                135.78107579498666,
                34.99474176592252
              ],
              [
                135.78130345595844,
                34.994765829068236
              ],
              [
                135.78140876933776,
                34.99473970566312
              ],
              [
                135.78172199011559,
                34.994709612857264
              ],
              [
                135.7818614116679,
                34.99469592037953
              ],
              [
                135.7819179235931,
                34.99461869452641
              ],
              [
                135.78192892801488,
                34.994603656102406
              ],
              [
                135.78196831257236,
                34.99454983503066
              ],
              [
                135.78198543981293,
                34.99452643021626
              ]
            ]
          ],
          [
            [
              [
                135.78219170312332,
                34.99514286740223
              ],
              [
                135.78214735940253,
                34.99501885345354
              ],
              [
                135.78202798185976,
                34.99504593755653
              ],
              [
                135.78202030613286,
                34.99498262871403
              ],
              [
                135.78185884328917,
                34.99498638540972
              ],
              [
                135.78186719947092,
                34.995080963044444
              ],
              [
                135.78186892557721,
                34.995100503750464
              ],
              [
                135.7818737636114,
                34.99515525794145
              ],
              [
                135.78187686912145,
                34.995190413720444
              ],
              [
                135.78204419528,
                34.995179657681284
              ],
              [
                135.78203948798148,
                34.9951408336451
              ],
              [
                135.7820333195139,
                34.99508995610618
              ],
              [
                135.78203185189005,
                34.9950778566172
              ],
              [
                135.7820661274389,
                34.99517152160379
              ],
              [
                135.78207584510878,
                34.99519807838587
              ],
              [
                135.78208864612526,
                34.9952330604507
              ],
              [
                135.7821074322108,
                34.99528439694471
              ],
              [
                135.7821074935491,
                34.99524596099008
              ],
              [
                135.78213592111894,
                34.99521620663671
              ],
              [
                135.78217520095825,
                34.99517509426913
              ],
              [
                135.78219559499732,
                34.99515374884237
              ],
              [
                135.78219170312332,
                34.99514286740223
              ]
            ]
          ],
          [
            [
              [
                135.78158983460435,
                34.99520457363779
              ],
              [
                135.78151261626115,
                34.99505801669759
              ],
              [
                135.78146204169735,
                34.99506744070714
              ],
              [
                135.781521078769,
                34.995219613585235
              ],
              [
                135.78153193179162,
                34.99524758956763
              ],
              [
                135.7815432058918,
                34.99527664897455
              ],
              [
                135.7815652492734,
                34.99533346605246
              ],
              [
                135.7816423912815,
                34.9953043232103
              ],
              [
                135.7816178470863,
                34.9952577396658
              ],
              [
                135.78159881385392,
                34.99522161589445
              ],
              [
                135.78158983460435,
                34.99520457363779
              ]
            ]
          ],
          [
            [
              [
                135.78313389204115,
                34.99527909611857
              ],
              [
                135.78315563938864,
                34.99504445563199
              ],
              [
                135.78308692088774,
                34.99504176728187
              ],
              [
                135.78304621512206,
                34.99504017556523
              ],
              [
                135.78297410210965,
                34.99503735397755
              ],
              [
                135.78286467895825,
                34.99503307374921
              ],
              [
                135.78283696844647,
                34.99510377442082
              ],
              [
                135.78274600849002,
                34.99502440112873
              ],
              [
                135.78275804181462,
                34.995071414600474
              ],
              [
                135.78274830780123,
                34.99504018641428
              ],
              [
                135.7827277861301,
                34.9949743467315
              ],
              [
                135.78272628056624,
                34.99496951845675
              ],
              [
                135.78274907572043,
                34.99486856642569
              ],
              [
                135.782751592997,
                34.99485741701542
              ],
              [
                135.7827690886298,
                34.99477993704201
              ],
              [
                135.7826020681356,
                34.994889206604554
              ],
              [
                135.78261159425992,
                34.99491326953036
              ],
              [
                135.78263600048888,
                34.994974919835535
              ],
              [
                135.7826429824073,
                34.99499255701741
              ],
              [
                135.78265422247947,
                34.99502094917275
              ],
              [
                135.78267691484535,
                34.99507827023581
              ],
              [
                135.78277239986352,
                34.995127505547096
              ],
              [
                135.7827927464096,
                34.99520699860383
              ],
              [
                135.7828134258843,
                34.99528778676574
              ],
              [
                135.78289507804652,
                34.995329365369514
              ],
              [
                135.78298311929183,
                34.99537419703294
              ],
              [
                135.78298823267806,
                34.99537680151148
              ],
              [
                135.78313389204115,
                34.99527909611857
              ]
            ]
          ],
          [
            [
              [
                135.78346223711227,
                34.99581138034168
              ],
              [
                135.7834571527977,
                34.995797722986666
              ],
              [
                135.78334183865132,
                34.99582278280511
              ],
              [
                135.78328949058263,
                34.99582958202719
              ],
              [
                135.7832928757271,
                34.99587068617867
              ],
              [
                135.78329689668806,
                34.99591952248862
              ],
              [
                135.78329999417485,
                34.99595713202042
              ],
              [
                135.7833077410478,
                34.99605120994256
              ],
              [
                135.78339290388266,
                34.99606503634926
              ],
              [
                135.7835353604724,
                34.99600780807698
              ],
              [
                135.78350263211894,
                34.995919891354504
              ],
              [
                135.78348923925654,
                34.99588391676665
              ],
              [
                135.78346223711227,
                34.99581138034168
              ]
            ]
          ],
          [
            [
              [
                135.78195359800094,
                34.99636974633183
              ],
              [
                135.78212981812018,
                34.99633976153278
              ],
              [
                135.7821336206751,
                34.9963488146275
              ],
              [
                135.78236170375348,
                34.99625413286445
              ],
              [
                135.7823398913465,
                34.99618342737424
              ],
              [
                135.7823300050718,
                34.99615137854782
              ],
              [
                135.78230549469566,
                34.99607192483646
              ],
              [
                135.78229019284353,
                34.99602232094633
              ],
              [
                135.7825441969673,
                34.99598988327502
              ],
              [
                135.78248679825379,
                34.99591315442936
              ],
              [
                135.78248679399113,
                34.99591310934813
              ],
              [
                135.78248588814404,
                34.99590436975721
              ],
              [
                135.782477110492,
                34.9958926015399
              ],
              [
                135.7824475409339,
                34.99585295410238
              ],
              [
                135.78241980858039,
                34.9958157709687
              ],
              [
                135.7821671725402,
                34.99583026883942
              ],
              [
                135.7819684857293,
                34.99590960319722
              ],
              [
                135.78197429537633,
                34.99591734104858
              ],
              [
                135.7820260735881,
                34.99598628935601
              ],
              [
                135.78204044273338,
                34.99600542365565
              ],
              [
                135.78205165706615,
                34.99602035774087
              ],
              [
                135.7820370590864,
                34.99602266093638
              ],
              [
                135.7820306489793,
                34.996136440428806
              ],
              [
                135.7818907267621,
                34.996153774140296
              ],
              [
                135.78189081034893,
                34.99615406276147
              ],
              [
                135.7819162469228,
                34.99624144125532
              ],
              [
                135.78191802187266,
                34.99624753839397
              ],
              [
                135.78192575349524,
                34.996274096123216
              ],
              [
                135.78195359800094,
                34.99636974633183
              ]
            ]
          ],
          [
            [
              [
                135.78398527246188,
                34.99592555052607
              ],
              [
                135.7839506552742,
                34.995906742815336
              ],
              [
                135.78371409363655,
                34.99599354983083
              ],
              [
                135.78367037686024,
                34.99605195583565
              ],
              [
                135.7835456275906,
                34.99605973043575
              ],
              [
                135.78348178634644,
                34.99616022627426
              ],
              [
                135.78348895149563,
                34.9961695431451
              ],
              [
                135.78354036855848,
                34.996236400550394
              ],
              [
                135.7836155728175,
                34.99633419017121
              ],
              [
                135.7836156110313,
                34.996334238918806
              ],
              [
                135.78370239245783,
                34.99644708026196
              ],
              [
                135.78381234490453,
                34.99630081216174
              ],
              [
                135.7838097851588,
                34.99624733408991
              ],
              [
                135.78390605094728,
                34.9962332829568
              ],
              [
                135.78406969861166,
                34.99607928810943
              ],
              [
                135.7840603545257,
                34.99603158542379
              ],
              [
                135.78405156933803,
                34.99598672967836
              ],
              [
                135.78404605413235,
                34.995958574108904
              ],
              [
                135.78404207553106,
                34.99595641251349
              ],
              [
                135.78398527246188,
                34.99592555052607
              ]
            ]
          ],
          [
            [
              [
                135.7816008107286,
                34.99651030341889
              ],
              [
                135.78166603984127,
                34.99642814431003
              ],
              [
                135.781674263091,
                34.99644487148611
              ],
              [
                135.78175564173816,
                34.99641885529101
              ],
              [
                135.78174847023706,
                34.99640333167316
              ],
              [
                135.7817151550201,
                34.99633122163412
              ],
              [
                135.78170442066335,
                34.996307986726876
              ],
              [
                135.78168966596485,
                34.99627605169548
              ],
              [
                135.78166549055499,
                34.996223723750134
              ],
              [
                135.78158343340814,
                34.99624994960967
              ],
              [
                135.78156787173114,
                34.99621788690535
              ],
              [
                135.78151644766203,
                34.99623135521195
              ],
              [
                135.78145055800366,
                34.99625210568914
              ],
              [
                135.78148270144578,
                34.99631366286493
              ],
              [
                135.7814938068655,
                34.99633492964491
              ],
              [
                135.7815057014042,
                34.996357709612354
              ],
              [
                135.78153057282546,
                34.99640533856635
              ],
              [
                135.781588999352,
                34.996517228912126
              ],
              [
                135.7816008107286,
                34.99651030341889
              ]
            ]
          ]
        ],
        "type": "MultiPolygon"
      },
      "properties": {
        "KINDC": 1,
        "NATURALC": 2,
        "NEWCITYC": 26105,
        "_ablepath_display_only": true,
        "_ablepath_geometry_transform": "NONE_WHOLE_SOURCE_FEATURE_INTERSECTION_SELECTION",
        "source_feature_id": "g_k_yzone:8385",
        "source_layer_id": "g_k_yzone",
        "source_class": "NATURALC=2;KINDC=1",
        "source_id": "kyoto_city_landslide_gis_20260830",
        "scenario_id": "KYOTO_LANDSLIDE_2026_g_k_yzone"
      },
      "type": "Feature"
    },
    {
      "geometry": {
        "coordinates": [
          [
            [
              [
                135.77934476766933,
                34.992236117989954
              ],
              [
                135.7793755948563,
                34.9921901953117
              ],
              [
                135.77944682741006,
                34.9921445659926
              ],
              [
                135.77947247491437,
                34.99203384685417
              ],
              [
                135.7796839536227,
                34.99190264466276
              ],
              [
                135.7799670616819,
                34.99179562953391
              ],
              [
                135.77995524905862,
                34.99176720362655
              ],
              [
                135.77993026875447,
                34.99170709143002
              ],
              [
                135.77992566909487,
                34.991696024728554
              ],
              [
                135.7799126639324,
                34.991629407572766
              ],
              [
                135.77989969984722,
                34.99156300323686
              ],
              [
                135.77989528772156,
                34.991540402532415
              ],
              [
                135.77955659736136,
                34.991693176303016
              ],
              [
                135.77925816948877,
                34.99182183582555
              ],
              [
                135.7790638345617,
                34.99203062485825
              ],
              [
                135.77907785257108,
                34.992061699783946
              ],
              [
                135.77910195751258,
                34.992115136958
              ],
              [
                135.77911124188938,
                34.99213571824032
              ],
              [
                135.7792220288541,
                34.992191929140496
              ],
              [
                135.7792590085616,
                34.99221069201915
              ],
              [
                135.77927117979647,
                34.992216866697554
              ],
              [
                135.77926388055963,
                34.99221495763019
              ],
              [
                135.7791611494393,
                34.99218808181402
              ],
              [
                135.77913457430503,
                34.992223924696184
              ],
              [
                135.7791149109399,
                34.992236677211345
              ],
              [
                135.77915452194907,
                34.992420176377635
              ],
              [
                135.7793150672034,
                34.99239403353173
              ],
              [
                135.77934590848784,
                34.99238901069279
              ],
              [
                135.7793713270987,
                34.99237387699302
              ],
              [
                135.77934609682345,
                34.99234863047838
              ],
              [
                135.77933554260682,
                34.99231545063202
              ],
              [
                135.77933494861873,
                34.992253507577004
              ],
              [
                135.77934546168817,
                34.992236299545795
              ],
              [
                135.77934476766933,
                34.992236117989954
              ]
            ]
          ],
          [
            [
              [
                135.7792716234903,
                34.993223892395456
              ],
              [
                135.77929138398517,
                34.99309505473804
              ],
              [
                135.7791818410234,
                34.99309522605266
              ],
              [
                135.77916041946966,
                34.993095259206406
              ],
              [
                135.77912018243958,
                34.99309532213068
              ],
              [
                135.77905087541257,
                34.99309543040085
              ],
              [
                135.77903210928054,
                34.99320630709091
              ],
              [
                135.7791083878324,
                34.99321190791965
              ],
              [
                135.77914122071337,
                34.99321431779086
              ],
              [
                135.77916251203385,
                34.99321588091115
              ],
              [
                135.7792716234903,
                34.993223892395456
              ]
            ]
          ]
        ],
        "type": "MultiPolygon"
      },
      "properties": {
        "KINDC": 1,
        "NATURALC": 2,
        "NEWCITYC": 26105,
        "_ablepath_display_only": true,
        "_ablepath_geometry_transform": "NONE_WHOLE_SOURCE_FEATURE_INTERSECTION_SELECTION",
        "source_feature_id": "g_k_yzone:8386",
        "source_layer_id": "g_k_yzone",
        "source_class": "NATURALC=2;KINDC=1",
        "source_id": "kyoto_city_landslide_gis_20260830",
        "scenario_id": "KYOTO_LANDSLIDE_2026_g_k_yzone"
      },
      "type": "Feature"
    },
    {
      "geometry": {
        "coordinates": [
          [
            [
              [
                135.78189627392229,
                34.99087322244267
              ],
              [
                135.78176172581067,
                34.99082046446836
              ],
              [
                135.78173688644398,
                34.99083892074105
              ],
              [
                135.7816625201516,
                34.99084410751953
              ],
              [
                135.781587120678,
                34.99084936721608
              ],
              [
                135.7815695554453,
                34.99085439828629
              ],
              [
                135.78152007394252,
                34.990868571453284
              ],
              [
                135.7814661021736,
                34.990884031032635
              ],
              [
                135.78151424159134,
                34.99099856053322
              ],
              [
                135.78181472109753,
                34.99105985023873
              ],
              [
                135.78184379810492,
                34.99099330979993
              ],
              [
                135.7818517906038,
                34.99097502156078
              ],
              [
                135.7818592056037,
                34.99095805113798
              ],
              [
                135.78189627392229,
                34.99087322244267
              ]
            ]
          ],
          [
            [
              [
                135.7829327906822,
                34.99057904720055
              ],
              [
                135.7828979873104,
                34.99054623176072
              ],
              [
                135.78293832784564,
                34.99047702570515
              ],
              [
                135.78272100239968,
                34.99042315799765
              ],
              [
                135.7826825096658,
                34.99041361642805
              ],
              [
                135.78263389296748,
                34.99043149304614
              ],
              [
                135.78258060636563,
                34.99048256522942
              ],
              [
                135.78253894959937,
                34.99052249077494
              ],
              [
                135.78250924557508,
                34.990550959265214
              ],
              [
                135.78250239585378,
                34.990557624203575
              ],
              [
                135.78239514716864,
                34.99050715058135
              ],
              [
                135.7822856097726,
                34.990506521500784
              ],
              [
                135.7822768334599,
                34.99050647150677
              ],
              [
                135.7822285314299,
                34.99052294583464
              ],
              [
                135.78203869017997,
                34.99058769330946
              ],
              [
                135.78205098419127,
                34.9907814445781
              ],
              [
                135.78231815627612,
                34.99095064623698
              ],
              [
                135.782478277066,
                34.99097748880289
              ],
              [
                135.7826502884395,
                34.9910744771056
              ],
              [
                135.78302350618642,
                34.99082357698692
              ],
              [
                135.7829327906822,
                34.99057904720055
              ]
            ]
          ],
          [
            [
              [
                135.78018995372574,
                34.99177450972508
              ],
              [
                135.78040498553585,
                34.99170965927964
              ],
              [
                135.78057987845764,
                34.99175436669999
              ],
              [
                135.7806419497802,
                34.9917453604696
              ],
              [
                135.7807175223802,
                34.99173384094823
              ],
              [
                135.78080162225896,
                34.99171145690322
              ],
              [
                135.7808847985434,
                34.99168130134077
              ],
              [
                135.78094154393162,
                34.991647989757176
              ],
              [
                135.78096256817173,
                34.99163864606423
              ],
              [
                135.78097253103041,
                34.99156875934593
              ],
              [
                135.78105067785071,
                34.99158267840838
              ],
              [
                135.78104799296702,
                34.991555525719086
              ],
              [
                135.78118559124076,
                34.99151576192741
              ],
              [
                135.781204731273,
                34.99155417571651
              ],
              [
                135.78124955219147,
                34.99155524179101
              ],
              [
                135.78130944083432,
                34.99150271720304
              ],
              [
                135.7813633573066,
                34.991467845284774
              ],
              [
                135.78142670482384,
                34.99143687656989
              ],
              [
                135.78148438168756,
                34.99140822792242
              ],
              [
                135.78153068826666,
                34.991394324007935
              ],
              [
                135.7815873557269,
                34.99138976354813
              ],
              [
                135.78168650016818,
                34.991391496004994
              ],
              [
                135.78176110426568,
                34.99138852185454
              ],
              [
                135.7818368469243,
                34.991384150618586
              ],
              [
                135.78188877455406,
                34.9913865751256
              ],
              [
                135.78193786022211,
                34.9913928807546
              ],
              [
                135.78198883646323,
                34.99139841178774
              ],
              [
                135.78202943103054,
                34.991401592953096
              ],
              [
                135.7820700452328,
                34.99139778051533
              ],
              [
                135.78213147510598,
                34.991377686060034
              ],
              [
                135.78222692486654,
                34.991348328668344
              ],
              [
                135.78232041995517,
                34.99134352291057
              ],
              [
                135.7824342902974,
                34.99132780791385
              ],
              [
                135.78245337567103,
                34.99131049056747
              ],
              [
                135.7825841508835,
                34.991227522503515
              ],
              [
                135.78255641007058,
                34.991147707815436
              ],
              [
                135.78255402704207,
                34.991140850552014
              ],
              [
                135.78254234345772,
                34.991107234443085
              ],
              [
                135.78251221970143,
                34.991020563381284
              ],
              [
                135.78230563271234,
                34.99105767186346
              ],
              [
                135.7821868551025,
                34.991161103850445
              ],
              [
                135.7820582980604,
                34.99112413452902
              ],
              [
                135.78189101575796,
                34.99108843419583
              ],
              [
                135.78158197503853,
                34.99103799743245
              ],
              [
                135.78126500438503,
                34.9911504290884
              ],
              [
                135.78109942484832,
                34.99133931641732
              ],
              [
                135.78110286790192,
                34.99134872859057
              ],
              [
                135.78101434188557,
                34.99137727544324
              ],
              [
                135.78101284231607,
                34.991378073246146
              ],
              [
                135.7809534703046,
                34.99128022036577
              ],
              [
                135.78073429828248,
                34.99142474998524
              ],
              [
                135.7806403166284,
                34.99150675395299
              ],
              [
                135.78035632394486,
                34.99142155707405
              ],
              [
                135.78010827490644,
                34.99153624054453
              ],
              [
                135.78012106910495,
                34.99154088827059
              ],
              [
                135.78013179469514,
                34.991619029308374
              ],
              [
                135.78013952569097,
                34.99167535108827
              ],
              [
                135.78013999738548,
                34.991678791060274
              ],
              [
                135.78016811320353,
                34.991732663489856
              ],
              [
                135.78018995372574,
                34.99177450972508
              ]
            ]
          ]
        ],
        "type": "MultiPolygon"
      },
      "properties": {
        "KINDC": 1,
        "NATURALC": 2,
        "NEWCITYC": 26105,
        "_ablepath_display_only": true,
        "_ablepath_geometry_transform": "NONE_WHOLE_SOURCE_FEATURE_INTERSECTION_SELECTION",
        "source_feature_id": "g_k_yzone:8387",
        "source_layer_id": "g_k_yzone",
        "source_class": "NATURALC=2;KINDC=1",
        "source_id": "kyoto_city_landslide_gis_20260830",
        "scenario_id": "KYOTO_LANDSLIDE_2026_g_k_yzone"
      },
      "type": "Feature"
    },
    {
      "geometry": {
        "coordinates": [
          [
            [
              [
                135.78788783186815,
                34.98944382417164
              ],
              [
                135.7877939666271,
                34.989393948417465
              ],
              [
                135.78773255531578,
                34.989464397559495
              ],
              [
                135.78763826087936,
                34.989560379273186
              ],
              [
                135.78771225735582,
                34.989593893829856
              ],
              [
                135.78773806658324,
                34.98960558328137
              ],
              [
                135.787753028696,
                34.98961235966837
              ],
              [
                135.78777442753113,
                34.98962205094953
              ],
              [
                135.7878489952506,
                34.989655824242575
              ],
              [
                135.7879257760135,
                34.989582037593806
              ],
              [
                135.7879938909345,
                34.98950017839755
              ],
              [
                135.78796072715468,
                34.98948255708415
              ],
              [
                135.7879018655031,
                34.98945128043199
              ],
              [
                135.78788783186815,
                34.98944382417164
              ]
            ]
          ],
          [
            [
              [
                135.78739948889336,
                34.989734497396206
              ],
              [
                135.78729075494118,
                34.98972388501766
              ],
              [
                135.78730716643383,
                34.98978395187043
              ],
              [
                135.78736323206675,
                34.989812056136316
              ],
              [
                135.78737788581805,
                34.989851668182794
              ],
              [
                135.78738361962286,
                34.98986716462832
              ],
              [
                135.78738542646127,
                34.98987204836719
              ],
              [
                135.7874741763442,
                34.989915610577725
              ],
              [
                135.78753953244404,
                34.98987369017957
              ],
              [
                135.78752462458073,
                34.98974671055105
              ],
              [
                135.78748462290253,
                34.989742806575386
              ],
              [
                135.78741584679145,
                34.989736093700444
              ],
              [
                135.78739953269994,
                34.989734501078836
              ],
              [
                135.78739948889336,
                34.989734497396206
              ]
            ]
          ],
          [
            [
              [
                135.78685960959197,
                34.98975577935169
              ],
              [
                135.78691372174845,
                34.98973196817212
              ],
              [
                135.78690965831896,
                34.98966752014477
              ],
              [
                135.78690804535452,
                34.9896419416233
              ],
              [
                135.78690631351253,
                34.98961447160265
              ],
              [
                135.78690624511987,
                34.98961338791208
              ],
              [
                135.78689962804873,
                34.989600190452386
              ],
              [
                135.78683371793252,
                34.989468725623944
              ],
              [
                135.78665969520588,
                34.98958314502583
              ],
              [
                135.78658666636684,
                34.98967457568746
              ],
              [
                135.7864858811801,
                34.98964020561869
              ],
              [
                135.78630839217743,
                34.98971568289699
              ],
              [
                135.78628785862247,
                34.98973179213616
              ],
              [
                135.78578535055624,
                34.98970233348251
              ],
              [
                135.78543256274676,
                34.9899275258926
              ],
              [
                135.78517133651044,
                34.990089196561875
              ],
              [
                135.78489331561556,
                34.99027302666337
              ],
              [
                135.7851251852147,
                34.990462117323084
              ],
              [
                135.78519056470725,
                34.990515435237995
              ],
              [
                135.785377284674,
                34.99054721603855
              ],
              [
                135.78548455575975,
                34.99056547474036
              ],
              [
                135.78564864717114,
                34.99046646732139
              ],
              [
                135.78580679540698,
                34.99027080949756
              ],
              [
                135.78593732511047,
                34.9901956387115
              ],
              [
                135.78640070909015,
                34.99016109635704
              ],
              [
                135.78658765218887,
                34.9900696371292
              ],
              [
                135.78679601119038,
                34.9898831053159
              ],
              [
                135.78682734451664,
                34.98983267694661
              ],
              [
                135.78685960959197,
                34.98975577935169
              ]
            ]
          ]
        ],
        "type": "MultiPolygon"
      },
      "properties": {
        "KINDC": 1,
        "NATURALC": 2,
        "NEWCITYC": 26105,
        "_ablepath_display_only": true,
        "_ablepath_geometry_transform": "NONE_WHOLE_SOURCE_FEATURE_INTERSECTION_SELECTION",
        "source_feature_id": "g_k_yzone:8388",
        "source_layer_id": "g_k_yzone",
        "source_class": "NATURALC=2;KINDC=1",
        "source_id": "kyoto_city_landslide_gis_20260830",
        "scenario_id": "KYOTO_LANDSLIDE_2026_g_k_yzone"
      },
      "type": "Feature"
    },
    {
      "geometry": {
        "coordinates": [
          [
            [
              135.78453820232747,
              34.99012886447115
            ],
            [
              135.78455005920148,
              34.990127540514756
            ],
            [
              135.78453420776933,
              34.99017595212842
            ],
            [
              135.78463988329628,
              34.99029959543051
            ],
            [
              135.78477000243106,
              34.99032980915472
            ],
            [
              135.78483910542292,
              34.990326827865566
            ],
            [
              135.7849482587688,
              34.990319249657134
            ],
            [
              135.78497054016964,
              34.99031770252923
            ],
            [
              135.7850070536667,
              34.990285788343776
            ],
            [
              135.7850836477068,
              34.99021884264998
            ],
            [
              135.78495197555742,
              34.990093468835276
            ],
            [
              135.7849299168433,
              34.99004047273648
            ],
            [
              135.78496901567888,
              34.99002771673545
            ],
            [
              135.78496234326477,
              34.990004372995905
            ],
            [
              135.7849870387151,
              34.99000204135157
            ],
            [
              135.78499705648193,
              34.99000109631899
            ],
            [
              135.78509586565474,
              34.9899917688301
            ],
            [
              135.7850699123694,
              34.98993932207093
            ],
            [
              135.78507537345786,
              34.98989429054501
            ],
            [
              135.7851258257334,
              34.989848546257406
            ],
            [
              135.78522808233797,
              34.98976232010441
            ],
            [
              135.78517591350013,
              34.98973391795233
            ],
            [
              135.78513672317575,
              34.98971258285627
            ],
            [
              135.78504319503114,
              34.98966166437545
            ],
            [
              135.78500383413672,
              34.98964023608268
            ],
            [
              135.78497144979804,
              34.98962260541824
            ],
            [
              135.78496637373848,
              34.989612960583536
            ],
            [
              135.78493680245543,
              34.989556779794356
            ],
            [
              135.78493633909594,
              34.989553850087894
            ],
            [
              135.78489235670756,
              34.98927576781535
            ],
            [
              135.78493295965538,
              34.98886787721504
            ],
            [
              135.78499182020477,
              34.98864259335736
            ],
            [
              135.7849943993724,
              34.98863271868088
            ],
            [
              135.78502769094115,
              34.98855750642796
            ],
            [
              135.78483791976439,
              34.98851348308459
            ],
            [
              135.7841789035319,
              34.98930154407606
            ],
            [
              135.7839264362001,
              34.98949760171779
            ],
            [
              135.78384303127902,
              34.989528906549175
            ],
            [
              135.78381419287777,
              34.989476756376206
            ],
            [
              135.7835295117325,
              34.9894285395863
            ],
            [
              135.783369234441,
              34.989433424565334
            ],
            [
              135.78330641809555,
              34.98950727652181
            ],
            [
              135.78321039461065,
              34.98962017234722
            ],
            [
              135.78318649730147,
              34.989727373401
            ],
            [
              135.78317954136466,
              34.989758580789065
            ],
            [
              135.78312403896274,
              34.99000756222473
            ],
            [
              135.78336625680612,
              34.990037271788616
            ],
            [
              135.7834806483099,
              34.99007580196203
            ],
            [
              135.78364362674196,
              34.990189673574356
            ],
            [
              135.78416498702856,
              34.99008508142123
            ],
            [
              135.78406877013293,
              34.99025137811969
            ],
            [
              135.7839605782671,
              34.990291590565555
            ],
            [
              135.78376304579012,
              34.99035385792257
            ],
            [
              135.7835031501545,
              34.99041986846631
            ],
            [
              135.78320707988917,
              34.99050888706002
            ],
            [
              135.78310840432573,
              34.99070395630628
            ],
            [
              135.78291822284632,
              34.990775276283536
            ],
            [
              135.78269957616766,
              34.99095536719999
            ],
            [
              135.78264504167834,
              34.99119619357082
            ],
            [
              135.78266794686078,
              34.99120451460155
            ],
            [
              135.78279173560693,
              34.99124948523329
            ],
            [
              135.78279279340845,
              34.99125087178782
            ],
            [
              135.7828411224903,
              34.991314277682
            ],
            [
              135.78285320177883,
              34.99132628526765
            ],
            [
              135.7829138309892,
              34.99138655437083
            ],
            [
              135.78292305544636,
              34.99139572441771
            ],
            [
              135.78314060741866,
              34.99117242807877
            ],
            [
              135.78318751047638,
              34.99114568942811
            ],
            [
              135.7834631270808,
              34.9910359140674
            ],
            [
              135.78368347915998,
              34.9908457562648
            ],
            [
              135.7837800851641,
              34.99077032813848
            ],
            [
              135.78395359270561,
              34.99060390421315
            ],
            [
              135.78414032266608,
              34.99051410168913
            ],
            [
              135.78430662657973,
              34.99039905380308
            ],
            [
              135.78440293148623,
              34.990215785046196
            ],
            [
              135.78453820232747,
              34.99012886447115
            ]
          ]
        ],
        "type": "Polygon"
      },
      "properties": {
        "KINDC": 1,
        "NATURALC": 2,
        "NEWCITYC": 26105,
        "_ablepath_display_only": true,
        "_ablepath_geometry_transform": "NONE_WHOLE_SOURCE_FEATURE_INTERSECTION_SELECTION",
        "source_feature_id": "g_k_yzone:8390",
        "source_layer_id": "g_k_yzone",
        "source_class": "NATURALC=2;KINDC=1",
        "source_id": "kyoto_city_landslide_gis_20260830",
        "scenario_id": "KYOTO_LANDSLIDE_2026_g_k_yzone"
      },
      "type": "Feature"
    },
    {
      "geometry": {
        "coordinates": [
          [
            [
              [
                135.78178452245183,
                34.99754581908636
              ],
              [
                135.7819495995401,
                34.99751250702979
              ],
              [
                135.78199641849952,
                34.99752519008273
              ],
              [
                135.78232111189263,
                34.997507947914706
              ],
              [
                135.7823120535286,
                34.9973799767716
              ],
              [
                135.78231034490048,
                34.99735584761895
              ],
              [
                135.7823062898915,
                34.997298553619665
              ],
              [
                135.7823039751469,
                34.99726585308755
              ],
              [
                135.78208003417157,
                34.997229273443175
              ],
              [
                135.78196778355556,
                34.997210271701775
              ],
              [
                135.78176816793902,
                34.997228783541665
              ],
              [
                135.78171411159158,
                34.99724194520367
              ],
              [
                135.78169845254726,
                34.99725718437256
              ],
              [
                135.78163900525664,
                34.99723197057002
              ],
              [
                135.78161658477626,
                34.997222461181096
              ],
              [
                135.7815891011194,
                34.99721080438802
              ],
              [
                135.7815104245691,
                34.99720042480107
              ],
              [
                135.78151039281167,
                34.997200420236545
              ],
              [
                135.78147843505394,
                34.99720816856071
              ],
              [
                135.781339557459,
                34.99724184178475
              ],
              [
                135.78148483490554,
                34.99749585774468
              ],
              [
                135.78178452245183,
                34.99754581908636
              ]
            ]
          ],
          [
            [
              [
                135.7840621671469,
                34.99886429336141
              ],
              [
                135.78409833857202,
                34.99868140944571
              ],
              [
                135.7841291274991,
                34.99859157125242
              ],
              [
                135.78420146718764,
                34.99844623930453
              ],
              [
                135.78425026139195,
                34.998386204182886
              ],
              [
                135.78427734998795,
                34.99832327100439
              ],
              [
                135.78407138000995,
                34.99797366207532
              ],
              [
                135.78396459971944,
                34.99795351441993
              ],
              [
                135.78391124518257,
                34.99794344647998
              ],
              [
                135.78389551705268,
                34.99794047968536
              ],
              [
                135.7838934786943,
                34.99792574691054
              ],
              [
                135.78395781769572,
                34.99794590114137
              ],
              [
                135.78399001457464,
                34.99795598640595
              ],
              [
                135.7840384725421,
                34.99780120879189
              ],
              [
                135.7840374495071,
                34.99774985373298
              ],
              [
                135.78407722225825,
                34.99750283647883
              ],
              [
                135.78404496328434,
                34.997456401981246
              ],
              [
                135.78391200894413,
                34.99720780811567
              ],
              [
                135.7837835595878,
                34.99712684359655
              ],
              [
                135.78366950677554,
                34.996910459351874
              ],
              [
                135.7834043002931,
                34.996862074149554
              ],
              [
                135.78328853319036,
                34.99695158383196
              ],
              [
                135.78328662471506,
                34.99695204378169
              ],
              [
                135.78318338951777,
                34.996976892423625
              ],
              [
                135.7831508884378,
                34.99698471594204
              ],
              [
                135.78306114288412,
                34.99705324775667
              ],
              [
                135.78306316284588,
                34.99710187044602
              ],
              [
                135.78306604916193,
                34.99717132138626
              ],
              [
                135.78307445249428,
                34.99737359512099
              ],
              [
                135.78331873713512,
                34.997185175741244
              ],
              [
                135.78340790511518,
                34.99719612547721
              ],
              [
                135.78344693604856,
                34.99739558624454
              ],
              [
                135.78368592326382,
                34.99738655767739
              ],
              [
                135.78374129961506,
                34.99762819397793
              ],
              [
                135.78376431789468,
                34.99762797625754
              ],
              [
                135.7837514741802,
                34.997734995937925
              ],
              [
                135.78375394073396,
                34.99777309472414
              ],
              [
                135.78375078103164,
                34.99788104844809
              ],
              [
                135.78380549834856,
                34.99789818822666
              ],
              [
                135.78378173283008,
                34.9979009143211
              ],
              [
                135.7835170731018,
                34.99787954294067
              ],
              [
                135.7832406808387,
                34.99785018553296
              ],
              [
                135.7832335196562,
                34.99797516991105
              ],
              [
                135.78323030649335,
                34.99803126365827
              ],
              [
                135.78322755159107,
                34.99807933512529
              ],
              [
                135.78322514689296,
                34.99812131056427
              ],
              [
                135.783258372701,
                34.998122986227706
              ],
              [
                135.78331251780807,
                34.99859078079317
              ],
              [
                135.7835131332373,
                34.99865216563474
              ],
              [
                135.78351783838463,
                34.99867134472018
              ],
              [
                135.78352593499977,
                34.998704353919855
              ],
              [
                135.78349447439618,
                34.998697474577604
              ],
              [
                135.78346255722641,
                34.998690496152406
              ],
              [
                135.78345569882975,
                34.99868899649081
              ],
              [
                135.78342700749917,
                34.998688852457676
              ],
              [
                135.7833174578891,
                34.998688301793194
              ],
              [
                135.78331223314436,
                34.9987635996005
              ],
              [
                135.78330969666067,
                34.998788666800465
              ],
              [
                135.78331138680477,
                34.9987958256986
              ],
              [
                135.78323408720968,
                34.998844239154266
              ],
              [
                135.7832083909302,
                34.998881085992316
              ],
              [
                135.7833151133767,
                34.9989327054819
              ],
              [
                135.78333520160066,
                34.99894242223899
              ],
              [
                135.78336650502607,
                34.99894578740581
              ],
              [
                135.78340830718375,
                34.99895028100779
              ],
              [
                135.78347513391483,
                34.99895746414927
              ],
              [
                135.783471757992,
                34.99895228909004
              ],
              [
                135.78354109907517,
                34.99888620867754
              ],
              [
                135.78357317153444,
                34.998824252729534
              ],
              [
                135.78357644752973,
                34.998772096720046
              ],
              [
                135.78357115590694,
                34.99873349528774
              ],
              [
                135.78366539542748,
                34.99872247780207
              ],
              [
                135.7836277343956,
                34.998750881860495
              ],
              [
                135.7836823283343,
                34.9988571607857
              ],
              [
                135.78369694988345,
                34.998885625562366
              ],
              [
                135.7837297710283,
                34.99891672711243
              ],
              [
                135.78379084439155,
                34.998974599492286
              ],
              [
                135.78380510262065,
                34.99898127684394
              ],
              [
                135.7840621671469,
                34.99886429336141
              ]
            ]
          ],
          [
            [
              [
                135.78244071908932,
                34.99871542217562
              ],
              [
                135.782328377965,
                34.998501021232194
              ],
              [
                135.782198746369,
                34.998667617764234
              ],
              [
                135.78221430273408,
                34.99854068962775
              ],
              [
                135.78222248005142,
                34.99847397917305
              ],
              [
                135.78222592879376,
                34.9984458414164
              ],
              [
                135.78226279281736,
                34.99838634821276
              ],
              [
                135.78229259786033,
                34.998360553770986
              ],
              [
                135.78233637425836,
                34.99832266769267
              ],
              [
                135.7823680854396,
                34.99829522335067
              ],
              [
                135.7823341922633,
                34.99825512732906
              ],
              [
                135.78232405873337,
                34.998026765489314
              ],
              [
                135.78233622481451,
                34.99799433883051
              ],
              [
                135.7823318220811,
                34.99796739766738
              ],
              [
                135.7826876585986,
                34.997843492336884
              ],
              [
                135.78279397278493,
                34.99785909956812
              ],
              [
                135.78298485879827,
                34.99786163422888
              ],
              [
                135.78299204226946,
                34.99785284059288
              ],
              [
                135.78304597212093,
                34.99778681763916
              ],
              [
                135.7830600741674,
                34.99776955261267
              ],
              [
                135.78306423700062,
                34.99772517338686
              ],
              [
                135.78306698517085,
                34.99769587415625
              ],
              [
                135.78307551710333,
                34.99760491467715
              ],
              [
                135.78291291517468,
                34.997617016553534
              ],
              [
                135.78276151876753,
                34.99745473773715
              ],
              [
                135.78240623807187,
                34.99753447307799
              ],
              [
                135.7824040803817,
                34.997646043465394
              ],
              [
                135.782366919721,
                34.99766505740376
              ],
              [
                135.78233415397068,
                34.99760679874431
              ],
              [
                135.78195135104883,
                34.997689762954366
              ],
              [
                135.781695009333,
                34.997984885812336
              ],
              [
                135.78175559603736,
                34.99817244315482
              ],
              [
                135.78181793404164,
                34.99828803642621
              ],
              [
                135.78179831653932,
                34.99851217101148
              ],
              [
                135.78219622795714,
                34.998670853134676
              ],
              [
                135.78219021497753,
                34.9986785814799
              ],
              [
                135.78210410234476,
                34.998909706685296
              ],
              [
                135.7821735426151,
                34.99906580570844
              ],
              [
                135.78214198916484,
                34.999279129192274
              ],
              [
                135.78235846414898,
                34.99923629913654
              ],
              [
                135.78238058679707,
                34.99923192158579
              ],
              [
                135.78247110076381,
                34.9992140138132
              ],
              [
                135.78255120391842,
                34.99919816431577
              ],
              [
                135.78257761668635,
                34.99919293891701
              ],
              [
                135.7825581735943,
                34.99903377904661
              ],
              [
                135.7825282805572,
                34.99884432092171
              ],
              [
                135.7825062411424,
                34.998840470016724
              ],
              [
                135.78248053741018,
                34.9987914154629
              ],
              [
                135.7824745325042,
                34.99877995421153
              ],
              [
                135.78244071908932,
                34.99871542217562
              ]
            ]
          ]
        ],
        "type": "MultiPolygon"
      },
      "properties": {
        "KINDC": 1,
        "NATURALC": 2,
        "NEWCITYC": 26105,
        "_ablepath_display_only": true,
        "_ablepath_geometry_transform": "NONE_WHOLE_SOURCE_FEATURE_INTERSECTION_SELECTION",
        "source_feature_id": "g_k_yzone:9802",
        "source_layer_id": "g_k_yzone",
        "source_class": "NATURALC=2;KINDC=1",
        "source_id": "kyoto_city_landslide_gis_20260830",
        "scenario_id": "KYOTO_LANDSLIDE_2026_g_k_yzone"
      },
      "type": "Feature"
    }
  ]
}
